symbol,datetime,settleTime,fundingRate,price,volume,amount,marketCap,FDV,circRatio,turnoverRatio,fromATH(%),fromATL(%),openInterest,circulation,issue,volume24h
ACX,2025-03-22 15:00:00,1742630400000,-0.009888,0.3521,22209006.0,8341361.1275,214003495.74,352100000.0,0.6078,0.0523,-79.76,904.19,,607791808.4144224,1000000000.0,11187201.74678224
AIOZ,2025-01-26 23:00:00,1737907200000,-0.006322,0.9004,248149.0,2229565.255,1068666074.0,,,,,,,0.0,0.0,0.0
ALICE,2025-04-15 07:00:00,1744675200000,-0.005337,0.451,67157101.0,3030923.4132,45100000.0,45100000.0,1.0,0.2848,-98.94,43.67,,100000000.0,100000000.0,12846150.60294134
AI16Z,2024-12-28 07:00:00,1735344000000,-0.007175,1.154,4704370.0,5105193.011,1269397693.25,1269397693.25,1.0,0.0305,-53.45,66780.8,,1099998001.0844953,1099998001.0844953,38727026.80603525
ALPHA,2024-10-22 23:00:00,1729612800000,-0.013887,0.09386,282812288.0,28108124.96739,87759100.0,93860000.0,0.935,0.0548,-96.79,883.44,,935000000.0,1000000000.0,4809518.13009742
10000LADYS,2025-04-12 23:00:00,1744473600000,-0.009662,0.0004392,1100123.0,479143.8045,32253355.74,39000999.0,0.827,0.0,-37.85,150843380.89,,73436602323.2083,88800088800.0888,581.782703338513
10000LADYS,2025-06-14 23:00:00,1749916800000,-0.005965,0.0004816,574061.0,274737.4101,35367067.68,42766122.77,0.827,0.0,-31.85,165405684.14,,73436602323.2083,88800088800.0888,581.782703338513
AIOT,2025-07-30 15:00:00,1753862400000,-0.005653,0.41164,41887.0,173065.0132,33967160.39,411640000.0,0.0825,3.8971,-79.65,824.5,,82516666.0,1000000000.0,132372737.39640038
AIOT,2025-08-03 03:00:00,1754164800000,-0.005928,0.38444,71641.0,275791.3742,31722707.08,384440000.0,0.0825,4.1728,-81.0,763.41,,82516666.0,1000000000.0,132372737.39640038
AERO,2024-08-28 07:00:00,1724803200000,-0.006576,0.624,21534.0,133374.65,553052306.89,1076496977.63,0.5138,0.2744,-73.23,9614.04,,886301773.8612943,1725155412.872782,151735601.5572145
AERO,2025-02-03 11:00:00,1738555200000,-0.00842,0.848,113800.0,890031.95,751583904.23,1462931790.12,0.5138,0.2019,-63.62,13101.13,,886301773.8612943,1725155412.872782,151735601.5572145
ARKM,2025-03-11 15:00:00,1741680000000,-0.009531,0.5747,1798406.0,10418196.606,129364970.0,574700000.0,0.2251,0.5243,-85.61,100.29,,225100000.0,1000000000.0,67829637.90207024
ALU,2025-08-18 15:00:00,1755504000000,-0.018642,0.028022,11309105.0,3045143.23939,27741780.0,27741780.0,1.0,0.2783,-93.94,1101.2,,990000000.0,990000000.0,7719439.9250401
ALU,2025-08-18 19:00:00,1755518400000,-0.015285,0.026625,4584087.0,1247815.54805,26358750.0,26358750.0,1.0,0.2929,-94.24,1041.31,,990000000.0,990000000.0,7719439.9250401
ALPINE,2025-07-08 03:00:00,1751918400000,-0.006645,0.8069,1998630.0,1701878.2263,15104731.65,32276000.0,0.468,2.4602,-92.97,36.38,,18719459.22168,40000000.0,37160009.69209294
ALPINE,2025-07-08 15:00:00,1751961600000,-0.010069,0.8153,6983720.0,6330199.4083,15261975.1,32612000.0,0.468,2.4348,-92.9,37.8,,18719459.22168,40000000.0,37160009.69209294
ALPINE,2025-07-09 15:00:00,1752048000000,-0.005124,0.8377,1163850.0,988912.3079,15681290.99,33508000.0,0.468,2.3697,-92.7,41.59,,18719459.22168,40000000.0,37160009.69209294
ATA,2024-12-28 23:00:00,1735401600000,-0.025,0.1995,163864417.0,33413839.7579,117264509.59,199500000.0,,,,,,0.0,1000000000.0,0.0
ATA,2024-12-29 07:00:00,1735430400000,-0.00631,0.1788,65965788.0,12012628.0003,105097214.61,178800000.0,,,,,,0.0,1000000000.0,0.0
AEVO,2024-03-20 23:00:00,1710950400000,-0.006214,2.398,1262842.0,2984212.152,2188659933.49,2398000000.0,0.9127,0.0063,-37.95,3463.22,,912702224.1426336,1000000000.0,13834265.94588731
AEVO,2024-03-27 15:00:00,1711526400000,-0.005074,2.776,2792571.0,7919581.825,2533661374.22,2776000000.0,0.9127,0.0055,-28.17,4024.89,,912702224.1426336,1000000000.0,13834265.94588731
AEVO,2024-03-28 07:00:00,1711584000000,-0.008551,3.436,7348590.0,26026830.622,3136044842.15,3436000000.0,0.9127,0.0044,-11.09,5005.59,,912702224.1426336,1000000000.0,13834265.94588731
AEVO,2024-04-21 23:00:00,1713715200000,-0.00678,1.765,2243373.0,4034709.398,1610919425.61,1765000000.0,0.9127,0.0086,-54.33,2522.63,,912702224.1426336,1000000000.0,13834265.94588731
AEVO,2024-05-14 03:00:00,1715630400000,-0.005684,1.099,1744686.0,1882167.528,1003059744.33,1099000000.0,0.9127,0.0138,-71.56,1533.02,,912702224.1426336,1000000000.0,13834265.94588731
ASR,2025-05-04 23:00:00,1746374400000,-0.010053,1.614,2059557.0,3394029.304,12573214.94,16140000.0,,,,,,0.0,10000000.0,0.0
ASR,2025-05-05 07:00:00,1746403200000,-0.010053,1.386,297909.0,426891.286,10797073.06,13860000.0,,,,,,0.0,10000000.0,0.0
10000WEN,2024-02-13 07:00:00,1707782400000,-0.008388,0.737,340264.0,2556268.45,53632739.31,53632739.31,1.0,0.0,141897.19,4269835.38,,72771695.1329,72771695.1329,386.106351652528
10000WEN,2024-02-13 15:00:00,1707811200000,-0.009113,0.76,206931.0,1521259.32,55306488.3,55306488.3,1.0,0.0,146328.59,4403089.81,,72771695.1329,72771695.1329,386.106351652528
10000WEN,2024-02-14 07:00:00,1707868800000,-0.013164,1.064,377035.0,3692360.64,77429083.62,77429083.62,1.0,0.0,204900.02,6164365.73,,72771695.1329,72771695.1329,386.106351652528
10000WEN,2024-02-14 15:00:00,1707897600000,-0.015593,1.069,360658.0,3795193.84,77792942.1,77792942.1,1.0,0.0,205863.37,6193334.08,,72771695.1329,72771695.1329,386.106351652528
10000WEN,2024-02-14 23:00:00,1707926400000,-0.008561,1.069,250167.0,2752533.64,77792942.1,77792942.1,1.0,0.0,205863.37,6193334.08,,72771695.1329,72771695.1329,386.106351652528
ATH,2024-06-15 15:00:00,1718438400000,-0.0056,0.06706,3513205.0,2323512.969,765006332.75,2816520000.0,0.2716,0.0389,-89.57,174.49,,11407789036.0,42000000000.0,29725793.37042542
ATH,2025-03-08 15:00:00,1741420800000,-0.007413,0.03702,1949355.0,721450.8681,422316350.11,1554840000.0,0.2716,0.0704,-94.24,51.53,,11407789036.0,42000000000.0,29725793.37042542
AUDIO,2024-05-24 15:00:00,1716537600000,-0.009058,0.2438,85218807.0,21022412.7842,328937907.79,289552436.39,,,,,,0.0,1187663808.0,0.0
AUDIO,2024-05-24 23:00:00,1716566400000,-0.010716,0.2283,24588719.0,5835378.7752,308025120.38,271143647.37,,,,,,0.0,1187663808.0,0.0
AUDIO,2025-04-22 07:00:00,1745280000000,-0.010033,0.0855,62901415.0,5417734.25074,115357633.78,101545255.58,,,,,,0.0,1187663808.0,0.0
AUDIO,2025-04-22 15:00:00,1745308800000,-0.006093,0.07837,89520192.0,7528048.41626,105737751.57,93077212.63,,,,,,0.0,1187663808.0,0.0
ARCSOL,2025-01-15 07:00:00,1736899200000,-0.0075,0.3798,1159232.0,4002688.18,379799361.56,379799361.56,1.0,0.0012,-40.23,6627.24,,999998319.0,999998319.0,472029.17869881
ARCSOL,2025-01-15 11:00:00,1736913600000,-0.0075,0.3652,676749.0,2460807.452,365199386.1,365199386.1,1.0,0.0013,-42.52,6368.63,,999998319.0,999998319.0,472029.17869881
ARCSOL,2025-01-15 15:00:00,1736928000000,-0.0075,0.3631,636490.0,2257057.643,363099389.63,363099389.63,1.0,0.0013,-42.85,6331.44,,999998319.0,999998319.0,472029.17869881
ARCSOL,2025-01-15 19:00:00,1736942400000,-0.0075,0.4794,2508031.0,10995523.499,479399194.13,479399194.13,1.0,0.001,-24.55,8391.41,,999998319.0,999998319.0,472029.17869881
ARCSOL,2025-01-15 23:00:00,1736956800000,-0.007318,0.4675,1332262.0,6180512.417,467499214.13,467499214.13,1.0,0.001,-26.42,8180.63,,999998319.0,999998319.0,472029.17869881
ARCSOL,2025-02-13 23:00:00,1739462400000,-0.005219,0.318,2687995.0,8233581.271,317999465.44,317999465.44,1.0,0.0015,-49.95,5532.6,,999998319.0,999998319.0,472029.17869881
ARCSOL,2025-02-14 07:00:00,1739491200000,-0.006932,0.3706,998486.0,3681227.709,370599377.02,370599377.02,1.0,0.0013,-41.67,6464.28,,999998319.0,999998319.0,472029.17869881
ARCSOL,2025-02-16 23:00:00,1739721600000,-0.005557,0.2449,1579236.0,4087272.427,244899588.32,244899588.32,1.0,0.0019,-61.46,4237.81,,999998319.0,999998319.0,472029.17869881
ARCSOL,2025-02-17 03:00:00,1739736000000,-0.005406,0.2604,865210.0,2188920.693,260399562.27,260399562.27,1.0,0.0018,-59.02,4512.35,,999998319.0,999998319.0,472029.17869881
ARCSOL,2025-02-17 11:00:00,1739764800000,-0.007795,0.2349,894794.0,2150712.84,234899605.13,234899605.13,1.0,0.002,-63.03,4060.68,,999998319.0,999998319.0,472029.17869881
ARCSOL,2025-02-17 15:00:00,1739779200000,-0.010521,0.234,747838.0,1776462.976,233999606.65,233999606.65,1.0,0.002,-63.17,4044.74,,999998319.0,999998319.0,472029.17869881
A8,2024-07-23 07:00:00,1721692800000,-0.009512,0.2224,104355.0,234960.21,77494205.15,222400000.0,0.3484,0.0818,-55.01,259.17,,348445167.03,1000000000.0,6338766.23862556
A8,2024-07-23 15:00:00,1721721600000,-0.00593,0.2133,101969.0,223539.149,74323354.13,213300000.0,0.3484,0.0853,-56.85,244.48,,348445167.03,1000000000.0,6338766.23862556
A8,2024-07-24 07:00:00,1721779200000,-0.006144,0.1993,113632.0,223259.489,69445121.79,199300000.0,0.3484,0.0913,-59.68,221.87,,348445167.03,1000000000.0,6338766.23862556
A8,2024-07-25 07:00:00,1721865600000,-0.00545,0.1826,151705.0,279239.366,63626087.5,182600000.0,0.3484,0.0996,-63.06,194.9,,348445167.03,1000000000.0,6338766.23862556
A8,2024-12-10 07:00:00,1733788800000,-0.022636,0.33806,1724546.0,6452487.5312,117795373.17,338060000.0,0.3484,0.0538,-31.61,445.96,,348445167.03,1000000000.0,6338766.23862556
A8,2024-12-10 15:00:00,1733817600000,-0.006705,0.3586,1287326.0,4875841.9223,124952436.9,358600000.0,0.3484,0.0507,-27.46,479.13,,348445167.03,1000000000.0,6338766.23862556
A8,2024-12-11 07:00:00,1733875200000,-0.010599,0.35349,429063.0,1507292.2852,123171882.09,353490000.0,0.3484,0.0515,-28.49,470.88,,348445167.03,1000000000.0,6338766.23862556
A8,2024-12-11 15:00:00,1733904000000,-0.007582,0.34974,394266.0,1360812.7846,121865212.72,349740000.0,0.3484,0.052,-29.25,464.83,,348445167.03,1000000000.0,6338766.23862556
A8,2025-01-14 15:00:00,1736841600000,-0.015,0.36257,912459.0,3285686.4454,126335764.21,362570000.0,0.3484,0.0502,-26.65,485.55,,348445167.03,1000000000.0,6338766.23862556
A8,2025-01-14 23:00:00,1736870400000,-0.02,0.36678,297059.0,1111606.5646,127802718.36,366780000.0,0.3484,0.0496,-25.8,492.35,,348445167.03,1000000000.0,6338766.23862556
A8,2025-03-16 07:00:00,1742083200000,-0.02,0.27057,9776774.0,22430143.7127,94278808.84,270570000.0,0.3484,0.0672,-45.27,336.97,,348445167.03,1000000000.0,6338766.23862556
A8,2025-03-16 11:00:00,1742097600000,-0.02,0.26499,4160088.0,10893767.036,92334484.81,264990000.0,0.3484,0.0687,-46.39,327.96,,348445167.03,1000000000.0,6338766.23862556
A8,2025-03-16 15:00:00,1742112000000,-0.02,0.2482,5323204.0,13053624.9768,86484090.46,248200000.0,0.3484,0.0733,-49.79,300.84,,348445167.03,1000000000.0,6338766.23862556
A8,2025-03-16 19:00:00,1742126400000,-0.02,0.21692,4793438.0,11647959.6486,75584725.63,216920000.0,0.3484,0.0839,-56.12,250.32,,348445167.03,1000000000.0,6338766.23862556
A8,2025-03-16 23:00:00,1742140800000,-0.008988,0.22685,2300647.0,5019763.7303,79044786.14,226850000.0,0.3484,0.0802,-54.11,266.36,,348445167.03,1000000000.0,6338766.23862556
A8,2025-03-17 07:00:00,1742169600000,-0.013515,0.21365,1490254.0,3263178.3072,74445309.94,213650000.0,0.3484,0.0851,-56.78,245.04,,348445167.03,1000000000.0,6338766.23862556
A8,2025-05-29 03:00:00,1748462400000,-0.00577,0.15577,8769005.0,14336679.4328,54277303.67,155770000.0,0.3484,0.1168,-68.49,151.57,,348445167.03,1000000000.0,6338766.23862556
A8,2025-05-29 07:00:00,1748476800000,-0.00893,0.16458,1079731.0,1691938.4398,57347105.59,164580000.0,0.3484,0.1105,-66.71,165.79,,348445167.03,1000000000.0,6338766.23862556
A8,2025-07-27 07:00:00,1753574400000,-0.011151,0.1439,172520.0,257194.4794,50141259.54,143900000.0,0.3484,0.1264,-70.89,132.4,,348445167.03,1000000000.0,6338766.23862556
ALT,2025-06-16 19:00:00,1750075200000,-0.010885,0.03556,35858330.0,13563927.5114,142095862.09,355600000.0,0.3996,0.1506,-94.83,58.2,,3995946627.850709,10000000000.0,21393584.6902318
ALT,2025-06-17 19:00:00,1750161600000,-0.005589,0.03508,5750549.0,1983608.6709,140177807.71,350800000.0,0.3996,0.1526,-94.9,56.07,,3995946627.850709,10000000000.0,21393584.6902318
ALT,2025-06-18 11:00:00,1750219200000,-0.00562,0.03771,4321408.0,1640237.437,150687147.34,377100000.0,0.3996,0.142,-94.52,67.77,,3995946627.850709,10000000000.0,21393584.6902318
AKT,2025-03-11 11:00:00,1741665600000,-0.011034,1.185,689800.0,836295.588,327156725.62,,,,,,,0.0,0.0,0.0
AKT,2025-03-12 15:00:00,1741766400000,-0.012409,1.488,2272889.0,3323308.244,410809458.0,,,,,,,0.0,0.0,0.0
AKT,2025-03-24 11:00:00,1742788800000,-0.005526,1.476,526010.0,780157.408,407496478.5,,,,,,,0.0,0.0,0.0
AKT,2025-04-30 23:00:00,1746028800000,-0.00542,1.578,554889.0,862209.158,435656804.25,,,,,,,0.0,0.0,0.0
AKT,2025-05-01 15:00:00,1746086400000,-0.007726,1.688,1978816.0,3393812.585,466025783.0,,,,,,,0.0,0.0,0.0
ARPA,2024-08-19 23:00:00,1724083200000,-0.007694,0.03903,177026674.0,7205030.37772,59309464.94,78060000.0,0.7598,0.3299,-85.82,1019.32,,1519586598.3877385,1999999999.9877384,19568195.62546027
ARPA,2024-08-20 07:00:00,1724112000000,-0.005138,0.04231,113090087.0,4675152.49079,64293708.98,84620000.0,0.7598,0.3044,-84.62,1113.38,,1519586598.3877385,1999999999.9877384,19568195.62546027
ARPA,2024-08-20 15:00:00,1724140800000,-0.008773,0.04045,115887504.0,4665814.09411,61467277.9,80900000.0,0.7598,0.3184,-85.3,1060.04,,1519586598.3877385,1999999999.9877384,19568195.62546027
ARPA,2025-02-02 07:00:00,1738454400000,-0.015743,0.04724,68476968.0,3359057.34453,71785270.91,94480000.0,0.7598,0.2726,-82.83,1254.77,,1519586598.3877385,1999999999.9877384,19568195.62546027
ARPA,2025-02-02 23:00:00,1738512000000,-0.007176,0.04269,62482854.0,2910245.43561,64871151.89,85380000.0,0.7598,0.3016,-84.49,1124.28,,1519586598.3877385,1999999999.9877384,19568195.62546027
ARPA,2025-07-02 07:00:00,1751414400000,-0.005819,0.02161,193383969.0,4432542.38466,32838266.39,43220000.0,0.7598,0.5959,-92.15,519.74,,1519586598.3877385,1999999999.9877384,19568195.62546027
BADGER,2024-08-19 23:00:00,1724083200000,-0.005471,2.748,594479.0,161984.5104,55158889.66,57708000.0,0.9558,0.1121,-96.93,264.72,,20072376.1482086,21000000.0,6185126.69553107
BADGER,2025-04-08 15:00:00,1744099200000,-0.014702,0.863,26738227.0,2317553.5811,17322460.62,18123000.0,0.9558,0.3571,-99.04,14.54,,20072376.1482086,21000000.0,6185126.69553107
BADGER,2025-04-08 19:00:00,1744113600000,-0.005371,0.816,17700567.0,1441222.8939,16379058.94,17136000.0,0.9558,0.3776,-99.09,8.3,,20072376.1482086,21000000.0,6185126.69553107
BADGER,2025-04-22 07:00:00,1745280000000,-0.005336,0.944,4175492.0,397857.1426,18948323.08,19824000.0,0.9558,0.3264,-98.95,25.29,,20072376.1482086,21000000.0,6185126.69553107
BADGER,2025-04-22 15:00:00,1745308800000,-0.00669,0.93,15545295.0,1455857.6564,18667309.82,19530000.0,0.9558,0.3313,-98.96,23.43,,20072376.1482086,21000000.0,6185126.69553107
BADGER,2025-05-18 07:00:00,1747526400000,-0.005562,1.333,8826113.0,1195951.8508,26756477.41,27993000.0,0.9558,0.2312,-98.51,76.92,,20072376.1482086,21000000.0,6185126.69553107
BANK,2025-04-18 19:00:00,1744977600000,-0.00511,0.03968,7296371.0,24583534.933,6929992.18,20160746.67,0.3437,1.5035,-56.76,115.78,,174646980.21999952,508083333.3333333,10418920.50061141
BANK,2025-04-18 23:00:00,1744992000000,-0.00511,0.0466,8272566.0,38932978.77,8138549.28,23676683.33,0.3437,1.2802,-49.22,153.41,,174646980.21999952,508083333.3333333,10418920.50061141
BANK,2025-05-08 03:00:00,1746648000000,-0.007024,0.04527,130288.0,597036.5,7906268.79,23000932.5,0.3437,1.3178,-50.67,146.17,,174646980.21999952,508083333.3333333,10418920.50061141
BANK,2025-05-08 15:00:00,1746691200000,-0.010533,0.05813,643460.0,3699091.575,10152228.96,29534884.17,0.3437,1.0263,-36.66,216.11,,174646980.21999952,508083333.3333333,10418920.50061141
BANK,2025-05-08 23:00:00,1746720000000,-0.005556,0.05962,251724.0,1518203.691,10412452.96,30291928.33,0.3437,1.0006,-35.03,224.21,,174646980.21999952,508083333.3333333,10418920.50061141
BANK,2025-05-10 23:00:00,1746892800000,-0.006288,0.07237,269600.0,1866617.799,12639201.96,36769990.83,0.3437,0.8243,-21.14,293.54,,174646980.21999952,508083333.3333333,10418920.50061141
BABY,2025-04-10 19:00:00,1744286400000,-0.008,0.0829,54393025.0,49303001.4127,213465434.3,854382417.0,0.2498,0.0575,-52.03,117.9,,2574975081.98,10306181146.0,12276755.85062895
BABY,2025-04-10 23:00:00,1744300800000,-0.02,0.07976,22321710.0,17280422.1187,205380012.54,822021008.2,0.2498,0.0598,-53.85,109.65,,2574975081.98,10306181146.0,12276755.85062895
BABY,2025-04-11 03:00:00,1744315200000,-0.00889,0.08346,10773952.0,8764496.5124,214907420.34,860153878.45,0.2498,0.0571,-51.71,119.37,,2574975081.98,10306181146.0,12276755.85062895
BABY,2025-04-11 07:00:00,1744329600000,-0.010802,0.07994,9949780.0,8026362.781,205843508.05,823876120.81,0.2498,0.0596,-53.75,110.12,,2574975081.98,10306181146.0,12276755.85062895
BABY,2025-04-11 11:00:00,1744344000000,-0.009366,0.08178,7924115.0,6358805.7157,210581462.2,842839494.12,0.2498,0.0583,-52.68,114.96,,2574975081.98,10306181146.0,12276755.85062895
BABY,2025-04-11 15:00:00,1744358400000,-0.007935,0.09048,18856884.0,16361988.8749,232983745.42,932503270.09,0.2498,0.0527,-47.65,137.82,,2574975081.98,10306181146.0,12276755.85062895
BABY,2025-04-11 19:00:00,1744372800000,-0.016572,0.09415,22840055.0,21656381.0649,242433903.97,970326954.9,0.2498,0.0506,-45.52,147.47,,2574975081.98,10306181146.0,12276755.85062895
BABY,2025-04-11 23:00:00,1744387200000,-0.005721,0.12158,28390918.0,31135008.9946,313065470.47,1253025503.73,0.2498,0.0392,-29.65,219.57,,2574975081.98,10306181146.0,12276755.85062895
BABY,2025-04-12 03:00:00,1744401600000,-0.006224,0.11193,15873023.0,18426367.2828,288216960.93,1153570855.67,0.2498,0.0426,-35.24,194.2,,2574975081.98,10306181146.0,12276755.85062895
BABY,2025-04-12 15:00:00,1744444800000,-0.01462,0.145,25059495.0,37992447.0776,373371386.89,1494396266.17,0.2498,0.0329,-16.1,281.13,,2574975081.98,10306181146.0,12276755.85062895
BABY,2025-04-13 11:00:00,1744516800000,-0.009139,0.13111,6043389.0,7961827.6598,337604983.0,1351243410.05,0.2498,0.0364,-24.14,244.62,,2574975081.98,10306181146.0,12276755.85062895
BABY,2025-04-13 19:00:00,1744545600000,-0.006157,0.13542,6394759.0,8556717.7496,348703125.6,1395663050.79,0.2498,0.0352,-21.65,255.95,,2574975081.98,10306181146.0,12276755.85062895
AWE,2025-07-02 23:00:00,1751472000000,-0.005728,0.06379,1327217.0,835891.3795,123906989.85,123906989.85,1.0,0.0971,-77.61,999.21,,1942420283.0270672,1942420283.0,12036324.84998838
AWE,2025-07-03 11:00:00,1751515200000,-0.00686,0.06319,1190036.0,767468.4673,122741537.68,122741537.68,1.0,0.0981,-77.82,988.87,,1942420283.0270672,1942420283.0,12036324.84998838
AWE,2025-07-03 15:00:00,1751529600000,-0.006008,0.06181,813101.0,507712.4145,120060997.69,120060997.69,1.0,0.1003,-78.31,965.09,,1942420283.0270672,1942420283.0,12036324.84998838
AWE,2025-07-04 07:00:00,1751587200000,-0.005051,0.05976,298131.0,180807.6296,116079036.11,116079036.11,1.0,0.1037,-79.03,929.77,,1942420283.0270672,1942420283.0,12036324.84998838
AWE,2025-08-04 19:00:00,1754308800000,-0.007637,0.05594,1507873.0,849418.8595,108658990.63,108658990.63,1.0,0.1108,-80.37,863.94,,1942420283.0270672,1942420283.0,12036324.84998838
BEL,2024-04-11 07:00:00,1712793600000,-0.006874,1.9788,8908640.0,18017592.3255,158304000.0,197880000.0,0.8,0.0271,-80.28,904.3,,80000000.0,100000000.0,4290903.48737874
BEL,2024-04-12 15:00:00,1712908800000,-0.0075,1.484,24987397.0,38634815.9778,118720000.0,148400000.0,0.8,0.0361,-85.21,653.18,,80000000.0,100000000.0,4290903.48737874
AGT,2025-05-16 19:00:00,1747396800000,-0.010052,0.0165,3661136.0,5986322.053,26945416.67,82500000.0,0.3266,0.1108,-56.03,273.07,,1633055556.0,5000000000.0,2985662.51269508
AGT,2025-05-16 23:00:00,1747411200000,-0.013634,0.0195,2465179.0,4779711.714,31844583.34,97500000.0,0.3266,0.0938,-48.04,340.9,,1633055556.0,5000000000.0,2985662.51269508
AGT,2025-05-17 03:00:00,1747425600000,-0.016288,0.01751,1395891.0,2562646.862,28594802.79,87550000.0,0.3266,0.1044,-53.34,295.9,,1633055556.0,5000000000.0,2985662.51269508
AGT,2025-05-17 11:00:00,1747454400000,-0.006252,0.019,4239258.0,7949157.438,31028055.56,95000000.0,0.3266,0.0962,-49.37,329.59,,1633055556.0,5000000000.0,2985662.51269508
AGT,2025-05-17 19:00:00,1747483200000,-0.009646,0.0192,5549697.0,10743313.423,31354666.68,96000000.0,0.3266,0.0952,-48.84,334.12,,1633055556.0,5000000000.0,2985662.51269508
AGT,2025-05-17 23:00:00,1747497600000,-0.006902,0.02263,4354586.0,9703149.44,36956047.23,113150000.0,0.3266,0.0808,-39.7,411.67,,1633055556.0,5000000000.0,2985662.51269508
AGT,2025-05-18 11:00:00,1747540800000,-0.010072,0.02753,1159587.0,3166731.243,44958019.46,137650000.0,0.3266,0.0664,-26.64,522.46,,1633055556.0,5000000000.0,2985662.51269508
AGT,2025-05-18 15:00:00,1747555200000,-0.010068,0.02641,849536.0,2270423.036,43128997.23,132050000.0,0.3266,0.0692,-29.63,497.14,,1633055556.0,5000000000.0,2985662.51269508
AGT,2025-05-18 19:00:00,1747569600000,-0.005294,0.0261,839982.0,2179339.339,42622750.01,130500000.0,0.3266,0.07,-30.45,490.13,,1633055556.0,5000000000.0,2985662.51269508
AGT,2025-05-19 15:00:00,1747641600000,-0.006295,0.02862,1097790.0,3026047.197,46738050.01,143100000.0,0.3266,0.0639,-23.74,547.1,,1633055556.0,5000000000.0,2985662.51269508
AGT,2025-05-19 19:00:00,1747656000000,-0.010063,0.03172,3044648.0,9419435.7,51800522.24,158600000.0,0.3266,0.0576,-15.48,617.2,,1633055556.0,5000000000.0,2985662.51269508
AGT,2025-05-19 23:00:00,1747670400000,-0.01006,0.03165,709348.0,2191296.473,51686208.35,158250000.0,0.3266,0.0578,-15.66,615.61,,1633055556.0,5000000000.0,2985662.51269508
AGT,2025-05-20 03:00:00,1747684800000,-0.00881,0.03212,307720.0,979870.375,52453744.46,160600000.0,0.3266,0.0569,-14.41,626.24,,1633055556.0,5000000000.0,2985662.51269508
AGT,2025-05-20 07:00:00,1747699200000,-0.007882,0.03356,197270.0,647723.897,54805344.46,167800000.0,0.3266,0.0545,-10.57,658.8,,1633055556.0,5000000000.0,2985662.51269508
AGT,2025-05-20 11:00:00,1747713600000,-0.010054,0.03235,330143.0,1049103.94,52829347.24,161750000.0,0.3266,0.0565,-13.8,631.44,,1633055556.0,5000000000.0,2985662.51269508
AGT,2025-05-20 15:00:00,1747728000000,-0.010077,0.03277,1609802.0,5037059.975,53515230.57,163850000.0,0.3266,0.0558,-12.68,640.94,,1633055556.0,5000000000.0,2985662.51269508
AGT,2025-07-09 19:00:00,1752062400000,-0.005396,0.00995,1398911.0,1472820.067,16248902.78,49750000.0,0.3266,0.1837,-73.49,124.97,,1633055556.0,5000000000.0,2985662.51269508
10000COQ,2025-02-17 07:00:00,1739750400000,-0.005106,0.01055,148964.0,160475.817,73238100.0,73238100.0,1.0,0.0,163038.46,3295726596.72,,6942000000.0,6942000000.0,440.803364854011
10000COQ,2025-02-18 07:00:00,1739836800000,-0.00765,0.01194,257768.0,307320.545,82887480.0,82887480.0,1.0,0.0,184532.53,3729950303.69,,6942000000.0,6942000000.0,440.803364854011
10000COQ,2025-03-08 07:00:00,1741392000000,-0.005772,0.00892,1199700.0,1050979.723,61922640.0,61922640.0,1.0,0.0,137833.18,2786529012.3,,6942000000.0,6942000000.0,440.803364854011
BERA,2025-02-06 23:00:00,1738857600000,-0.02,7.743,81316972.0,67443597.5405,956843744.58,3918696104.58,0.2442,0.0789,-48.36,674.3,,123575325.4008949,506095325.4008949,75467217.71588942
BERA,2025-02-07 03:00:00,1738872000000,-0.01664,8.585,78138117.0,58412042.1369,1060894168.57,4344828368.57,0.2442,0.0711,-42.74,758.5,,123575325.4008949,506095325.4008949,75467217.71588942
BERA,2025-02-07 07:00:00,1738886400000,-0.010855,8.184,33809661.0,27303717.6206,1011340463.08,4141884143.08,0.2442,0.0746,-45.42,718.4,,123575325.4008949,506095325.4008949,75467217.71588942
BERA,2025-02-07 11:00:00,1738900800000,-0.008107,7.545,21749489.0,16632326.2477,932375830.15,3818489230.15,0.2442,0.0809,-49.68,654.5,,123575325.4008949,506095325.4008949,75467217.71588942
BERA,2025-02-21 07:00:00,1740096000000,-0.006111,8.187,6118159.0,5151542.7025,1011711189.06,4143402429.06,0.2442,0.0746,-45.4,718.7,,123575325.4008949,506095325.4008949,75467217.71588942
BIGTIME,2024-09-05 15:00:00,1725523200000,-0.006426,0.0781,2607480.0,21153323.15,153102150.23,390500000.0,0.3921,0.0869,-92.05,89.29,,1960334830.0382063,5000000000.0,13309038.54206409
BIGTIME,2025-04-03 15:00:00,1743667200000,-0.008903,0.05954,1239427.0,7526825.959,116718335.78,297700000.0,0.3921,0.114,-93.94,44.3,,1960334830.0382063,5000000000.0,13309038.54206409
BIGTIME,2025-04-04 11:00:00,1743739200000,-0.005461,0.05784,195181.0,1143359.896,113385766.57,289200000.0,0.3921,0.1174,-94.11,40.18,,1960334830.0382063,5000000000.0,13309038.54206409
BIGTIME,2025-04-17 23:00:00,1744905600000,-0.005011,0.076,1052884.0,7844338.36,148985447.08,380000000.0,0.3921,0.0893,-92.27,84.2,,1960334830.0382063,5000000000.0,13309038.54206409
BLAST,2025-01-24 15:00:00,1737705600000,-0.005493,0.006704,534987.0,355839.3635,296577883.54,670400000.0,0.4424,0.0327,-98.72,257.24,,44238944441.49544,100000000000.0,9702008.91734285
BLAST,2025-07-04 15:00:00,1751616000000,-0.007571,0.002404,9641692.0,2403794.7666,106350422.44,240400000.0,0.4424,0.0912,-99.54,28.1,,44238944441.49544,100000000000.0,9702008.91734285
BLAST,2025-07-04 23:00:00,1751644800000,-0.009311,0.002449,2556130.0,623350.5715,108341174.94,244900000.0,0.4424,0.0896,-99.53,30.5,,44238944441.49544,100000000000.0,9702008.91734285
BLUR,2024-04-14 07:00:00,1713052800000,-0.007228,0.3861,274246.0,1051216.09,956270584.32,1158300000.0,0.8256,0.0171,-99.16,525.54,,2476743290.1445966,3000000000.0,16344101.16411707
BANANAS31,2025-07-10 19:00:00,1752148800000,-0.02012,0.026178,279893.0,7579966.432,261780000.0,261780000.0,1.0,0.1251,-55.78,8120.24,,10000000000.0,10000000000.0,32749043.19910597
BANANAS31,2025-07-10 23:00:00,1752163200000,-0.02012,0.029249,211443.0,5949001.236,292490000.0,292490000.0,1.0,0.112,-50.59,9084.57,,10000000000.0,10000000000.0,32749043.19910597
BANANAS31,2025-07-29 15:00:00,1753776000000,-0.005538,0.00752,453815.0,3651253.991,75200000.0,75200000.0,1.0,0.4355,-87.3,2261.38,,10000000000.0,10000000000.0,32749043.19910597
BAL,2024-07-02 07:00:00,1719878400000,-0.006246,2.58,5351017.0,1383622.0116,172546311.93,179405592.47,0.9618,0.1656,-96.55,242.61,,66878415.47744587,69537051.34315366,28580746.70413829
BAL,2025-04-08 15:00:00,1744099200000,-0.007444,0.79,15152749.0,1169794.9566,52833948.23,54934270.56,0.9618,0.541,-98.94,4.91,,66878415.47744587,69537051.34315366,28580746.70413829
BAL,2025-04-08 23:00:00,1744128000000,-0.008592,0.762,7090061.0,542032.2284,50961352.59,52987233.12,0.9618,0.5608,-98.98,1.19,,66878415.47744587,69537051.34315366,28580746.70413829
BAL,2025-04-12 15:00:00,1744444800000,-0.005878,0.822,2306839.0,190885.4358,54974057.52,57159456.2,0.9618,0.5199,-98.9,9.16,,66878415.47744587,69537051.34315366,28580746.70413829
BAL,2025-05-01 23:00:00,1746115200000,-0.006425,1.282,27023560.0,3584182.859,85738128.64,89146499.82,0.9618,0.3333,-98.29,70.24,,66878415.47744587,69537051.34315366,28580746.70413829
BAL,2025-05-17 23:00:00,1747497600000,-0.005001,1.209,3773748.0,459742.7535,80856004.31,84070295.07,0.9618,0.3535,-98.38,60.55,,66878415.47744587,69537051.34315366,28580746.70413829
AUCTION,2024-05-29 19:00:00,1716984000000,-0.017642,24.75,568073.0,14317472.68,150733642.48,189111710.79,0.7971,0.0669,-64.92,610.27,,6090248.18100565,7640877.20358214,10080645.22676209
AUCTION,2024-05-30 15:00:00,1717056000000,-0.010332,23.71,283572.0,6852481.68,144399784.37,181165198.5,0.7971,0.0698,-66.4,580.42,,6090248.18100565,7640877.20358214,10080645.22676209
AUCTION,2024-08-21 15:00:00,1724227200000,-0.005687,21.43,328312.0,6901968.28,130514018.52,163743998.47,0.7971,0.0772,-69.63,514.99,,6090248.18100565,7640877.20358214,10080645.22676209
AUCTION,2025-03-16 19:00:00,1742126400000,-0.011615,33.58,644879.0,21520905.18,204510533.92,256580656.5,0.7971,0.0493,-52.41,863.67,,6090248.18100565,7640877.20358214,10080645.22676209
AUCTION,2025-03-20 23:00:00,1742486400000,-0.016678,44.59,514452.0,23267152.71,271564166.39,340706714.51,0.7971,0.0371,-36.8,1179.63,,6090248.18100565,7640877.20358214,10080645.22676209
AUCTION,2025-03-21 07:00:00,1742515200000,-0.009624,46.0,381990.0,17536605.58,280151416.33,351480351.36,0.7971,0.036,-34.8,1220.09,,6090248.18100565,7640877.20358214,10080645.22676209
AUCTION,2025-03-21 11:00:00,1742529600000,-0.005693,44.5,197981.0,8985534.87,271016044.05,340019035.56,0.7971,0.0372,-36.93,1177.04,,6090248.18100565,7640877.20358214,10080645.22676209
AUCTION,2025-03-22 11:00:00,1742616000000,-0.02,59.26,527428.0,29401811.1,360908107.21,452798383.08,0.7971,0.0279,-16.01,1600.62,,6090248.18100565,7640877.20358214,10080645.22676209
AUCTION,2025-03-22 15:00:00,1742630400000,-0.02,60.2,723967.0,42787206.18,366632940.5,459980807.66,0.7971,0.0275,-14.68,1627.6,,6090248.18100565,7640877.20358214,10080645.22676209
AUCTION,2025-03-22 19:00:00,1742644800000,-0.019073,55.98,806935.0,46415374.39,340932093.17,427736305.86,0.7971,0.0296,-20.66,1506.49,,6090248.18100565,7640877.20358214,10080645.22676209
AUCTION,2025-03-22 23:00:00,1742659200000,-0.017024,45.79,886138.0,45811215.88,278872464.21,349875767.15,0.7971,0.0361,-35.1,1214.06,,6090248.18100565,7640877.20358214,10080645.22676209
AUCTION,2025-03-23 03:00:00,1742673600000,-0.016314,31.25,3023325.0,110979623.12,190320255.66,238777412.61,0.7971,0.053,-55.71,796.8,,6090248.18100565,7640877.20358214,10080645.22676209
AUCTION,2025-07-13 15:00:00,1752393600000,-0.005175,12.82,1697319.0,22641421.511,78076981.68,97956045.75,0.7971,0.1291,-81.83,267.9,,6090248.18100565,7640877.20358214,10080645.22676209
BEAMX,2024-05-31 15:00:00,1717142400000,-0.009021,0.029429,590824.0,18676958.213,1455735036.66,1837370431.14,0.7923,0.0084,-33.63,671.64,,49466004168.0,62434008330.0,12198826.54954382
BEAMX,2024-05-31 19:00:00,1717156800000,-0.006738,0.028594,207553.0,6095632.288,1414430923.18,1785238034.19,0.7923,0.0086,-35.51,649.75,,49466004168.0,62434008330.0,12198826.54954382
BMT,2025-03-11 19:00:00,1741694400000,-0.005065,0.0984,7888556.0,9551223.939,39977307.48,98400000.0,0.4063,0.3885,-69.37,44.4,,406273450.0,1000000000.0,15532413.77289861
BMT,2025-03-11 23:00:00,1741708800000,-0.005051,0.1131,2599132.0,2700958.201,45949527.2,113100000.0,0.4063,0.338,-64.79,65.98,,406273450.0,1000000000.0,15532413.77289861
BMT,2025-03-18 11:00:00,1742270400000,-0.016504,0.1942,4988203.0,9980257.669,78898303.99,194200000.0,0.4063,0.1969,-39.55,184.99,,406273450.0,1000000000.0,15532413.77289861
BMT,2025-03-18 15:00:00,1742284800000,-0.008561,0.2638,12824532.0,33822987.7,107174936.11,263800000.0,0.4063,0.1449,-17.88,287.13,,406273450.0,1000000000.0,15532413.77289861
BMT,2025-03-18 19:00:00,1742299200000,-0.006123,0.2747,17105812.0,47871160.145,111603316.72,274700000.0,0.4063,0.1392,-14.49,303.13,,406273450.0,1000000000.0,15532413.77289861
BMT,2025-03-18 23:00:00,1742313600000,-0.02,0.246,6759273.0,17075268.419,99943268.7,246000000.0,0.4063,0.1554,-23.42,261.01,,406273450.0,1000000000.0,15532413.77289861
BOBA,2024-02-08 15:00:00,1707379200000,-0.010509,0.2477,998588.0,249514.4198,42511322.23,123850000.0,0.3432,0.1739,-96.9,269.18,,171624231.86,500000000.0,7391519.4000273
BOBA,2024-03-17 15:00:00,1710662400000,-0.006396,1.0258,696174.0,704293.2244,176052137.04,512900000.0,0.3432,0.042,-87.16,1428.87,,171624231.86,500000000.0,7391519.4000273
BOBA,2025-04-21 15:00:00,1745222400000,-0.012168,0.1064,17378792.0,1917619.6074,18260818.27,53200000.0,0.3432,0.4048,-98.67,58.58,,171624231.86,500000000.0,7391519.4000273
BOBA,2025-05-17 07:00:00,1747440000000,-0.018883,0.1247,8926142.0,1110928.3966,21401541.71,62350000.0,0.3432,0.3454,-98.44,85.85,,171624231.86,500000000.0,7391519.4000273
BOBA,2025-05-17 15:00:00,1747468800000,-0.005092,0.1103,2644224.0,294311.5815,18930152.77,55150000.0,0.3432,0.3905,-98.62,64.39,,171624231.86,500000000.0,7391519.4000273
BOBA,2025-07-01 23:00:00,1751385600000,-0.006082,0.0972,1879598.0,184199.8251,16681875.34,48600000.0,0.3432,0.4431,-98.78,44.87,,171624231.86,500000000.0,7391519.4000273
BRETT,2024-04-28 07:00:00,1714262400000,-0.015,0.0484,1802693.0,7427532.53,479636741.98,,,,,,,0.0,0.0,0.0
BRETT,2024-04-28 15:00:00,1714291200000,-0.013659,0.0477,2527453.0,12261463.97,472699846.96,,,,,,,0.0,0.0,0.0
BOOP,2025-05-02 23:00:00,1746201600000,-0.005071,0.2578,28902838.0,8527738.6597,78507176.92,257798053.92,0.3045,0.0223,-47.2,1115.82,,304527451.19922674,999992451.1992269,1749931.95865168
BOOP,2025-05-03 03:00:00,1746216000000,-0.005061,0.3023,33314646.0,9450104.9171,92058648.5,302297718.0,0.3045,0.019,-38.09,1325.69,,304527451.19922674,999992451.1992269,1749931.95865168
BOOP,2025-05-05 15:00:00,1746432000000,-0.005034,0.2981,17468689.0,5766794.9814,90779633.2,298097749.7,0.3045,0.0193,-38.95,1305.88,,304527451.19922674,999992451.1992269,1749931.95865168
BOOP,2025-05-05 19:00:00,1746446400000,-0.005055,0.2716,34376271.0,9722437.9645,82709655.75,271597949.75,0.3045,0.0212,-44.37,1180.91,,304527451.19922674,999992451.1992269,1749931.95865168
BR,2025-06-24 07:00:00,1750723200000,-0.005228,0.07965,9857052.0,7854964.3,18319500.0,79650000.0,0.23,56.8195,-63.89,104.13,,230000000.0,1000000000.0,1040904133.1857733
BR,2025-07-04 07:00:00,1751587200000,-0.011236,0.12805,3087746.0,3918287.439,29451500.0,128050000.0,0.23,35.343,-41.94,228.16,,230000000.0,1000000000.0,1040904133.1857733
BR,2025-07-04 11:00:00,1751601600000,-0.006125,0.12781,2514248.0,3233122.7894,29396300.0,127810000.0,0.23,35.4094,-42.05,227.55,,230000000.0,1000000000.0,1040904133.1857733
B,2025-05-22 07:00:00,1747872000000,-0.00511,0.24905,14287573.0,22778225.939,249050000.0,249050000.0,1.0,0.1055,-63.61,16564.92,,1000000000.0,1000000000.0,26273076.21509169
B,2025-05-22 11:00:00,1747886400000,-0.010034,0.215,5693270.0,12504028.7033,215000000.0,215000000.0,1.0,0.1222,-68.58,14286.5,,1000000000.0,1000000000.0,26273076.21509169
B,2025-05-22 15:00:00,1747900800000,-0.010005,0.29645,6041341.0,15736406.7835,296450000.0,296450000.0,1.0,0.0886,-56.68,19736.65,,1000000000.0,1000000000.0,26273076.21509169
B,2025-05-22 19:00:00,1747915200000,-0.010007,0.2159,5216677.0,13735395.0189,215900000.0,215900000.0,1.0,0.1217,-68.45,14346.73,,1000000000.0,1000000000.0,26273076.21509169
B,2025-05-22 23:00:00,1747929600000,-0.01002,0.25174,3780267.0,9986033.1616,251740000.0,251740000.0,1.0,0.1044,-63.22,16744.92,,1000000000.0,1000000000.0,26273076.21509169
BLZ,2024-12-18 23:00:00,1734537600000,-0.00671,0.07206,11177945.0,8233319.061,33904552.6,36030000.0,0.941,0.024,-92.12,1087.67,,470504476.7774031,500000000.0,813805.84860143
BAN,2025-01-25 15:00:00,1737792000000,-0.010709,0.079,14255735.0,11179204.887,78996986.86,78996986.86,1.0,0.2454,-80.21,333248.01,,999961859.0,999961859.0,19382415.4387292
BAN,2025-01-25 19:00:00,1737806400000,-0.02,0.0645,18866249.0,13274656.68,64497539.91,64497539.91,1.0,0.3005,-83.85,272063.88,,999961859.0,999961859.0,19382415.4387292
BAN,2025-01-25 23:00:00,1737820800000,-0.02,0.0442,16077111.0,8379591.53,44198314.17,44198314.17,1.0,0.4385,-88.93,186406.1,,999961859.0,999961859.0,19382415.4387292
BAN,2025-01-26 01:00:00,1737828000000,-0.013015,0.0442,16077111.0,8379591.53,44198314.17,44198314.17,1.0,0.4385,-88.93,186406.1,,999961859.0,999961859.0,19382415.4387292
BAN,2025-02-04 19:00:00,1738670400000,-0.02,0.0631,27856553.0,16029757.807,63097593.3,63097593.3,1.0,0.3072,-84.2,266156.44,,999961859.0,999961859.0,19382415.4387292
BAN,2025-02-04 23:00:00,1738684800000,-0.018204,0.0521,13721682.0,8050881.039,52098012.85,52098012.85,1.0,0.372,-86.95,219740.9,,999961859.0,999961859.0,19382415.4387292
BAN,2025-02-05 07:00:00,1738713600000,-0.02,0.0511,9547183.0,5192080.522,51098050.99,51098050.99,1.0,0.3793,-87.2,215521.3,,999961859.0,999961859.0,19382415.4387292
BAN,2025-02-05 23:00:00,1738771200000,-0.00863,0.0595,5666181.0,3315006.613,59497730.61,59497730.61,1.0,0.3258,-85.1,250965.9,,999961859.0,999961859.0,19382415.4387292
BAN,2025-02-09 19:00:00,1739102400000,-0.012028,0.0667,2494028.0,1757431.731,66697456.0,66697456.0,1.0,0.2906,-83.3,281346.99,,999961859.0,999961859.0,19382415.4387292
BAN,2025-02-18 15:00:00,1739865600000,-0.006541,0.0498,24351645.0,16348387.644,49798100.58,49798100.58,1.0,0.3892,-87.53,210035.83,,999961859.0,999961859.0,19382415.4387292
BAN,2025-02-18 19:00:00,1739880000000,-0.006469,0.048,9157120.0,4455421.438,47998169.23,47998169.23,1.0,0.4038,-87.98,202440.56,,999961859.0,999961859.0,19382415.4387292
BAN,2025-02-22 11:00:00,1740196800000,-0.012468,0.1326,40721121.0,47254561.001,132594942.5,132594942.5,1.0,0.1462,-66.79,559418.3,,999961859.0,999961859.0,19382415.4387292
BAN,2025-02-22 15:00:00,1740211200000,-0.02,0.1365,36310880.0,49065765.502,136494793.75,136494793.75,1.0,0.142,-65.81,575874.72,,999961859.0,999961859.0,19382415.4387292
BAN,2025-02-22 19:00:00,1740225600000,-0.02,0.1491,35631769.0,51428902.196,149094313.18,149094313.18,1.0,0.13,-62.66,629041.62,,999961859.0,999961859.0,19382415.4387292
BAN,2025-02-22 23:00:00,1740240000000,-0.02,0.1475,28834455.0,43971533.64,147494374.2,147494374.2,1.0,0.1314,-63.06,622290.26,,999961859.0,999961859.0,19382415.4387292
BAN,2025-02-23 03:00:00,1740254400000,-0.02,0.1501,13697622.0,20028643.852,150094275.04,150094275.04,1.0,0.1291,-62.41,633261.21,,999961859.0,999961859.0,19382415.4387292
BAN,2025-02-23 07:00:00,1740268800000,-0.02,0.1395,10426463.0,15282355.667,139494679.33,139494679.33,1.0,0.1389,-65.06,588533.5,,999961859.0,999961859.0,19382415.4387292
BAN,2025-02-23 11:00:00,1740283200000,-0.011249,0.142,5179647.0,7193464.606,141994583.98,141994583.98,1.0,0.1365,-64.44,599082.49,,999961859.0,999961859.0,19382415.4387292
BAN,2025-02-23 15:00:00,1740297600000,-0.006077,0.1347,9008692.0,11906789.514,134694862.41,134694862.41,1.0,0.1439,-66.26,568279.45,,999961859.0,999961859.0,19382415.4387292
BAN,2025-02-24 11:00:00,1740369600000,-0.02,0.0864,39311194.0,48445502.949,86396704.62,86396704.62,1.0,0.2243,-78.36,364473.01,,999961859.0,999961859.0,19382415.4387292
BAN,2025-02-24 15:00:00,1740384000000,-0.02,0.0767,14543099.0,11693158.458,76697074.59,76697074.59,1.0,0.2527,-80.79,323542.94,,999961859.0,999961859.0,19382415.4387292
ACH,2025-01-27 15:00:00,1737964800000,-0.010227,0.028321,496358426.0,13955926.735205,266246039.3,283210000.0,0.9401,0.0968,-85.66,2017.06,,9401011239.182589,9999999999.999989,25780503.97503813
ACH,2025-01-27 23:00:00,1737993600000,-0.019096,0.037448,1176388651.0,41208981.81809,352049068.88,374480000.0,0.9401,0.0732,-81.04,2699.33,,9401011239.182589,9999999999.999989,25780503.97503813
ACH,2025-01-28 07:00:00,1738022400000,-0.03,0.036128,419722535.0,15365650.007477,339639734.05,361280000.0,0.9401,0.0759,-81.71,2600.65,,9401011239.182589,9999999999.999989,25780503.97503813
ACH,2025-02-18 15:00:00,1739865600000,-0.007162,0.03283,563810619.0,18715197.666061,308635198.98,328300000.0,0.9401,0.0835,-83.38,2354.12,,9401011239.182589,9999999999.999989,25780503.97503813
ACH,2025-02-18 23:00:00,1739894400000,-0.006839,0.035111,927787334.0,33146969.65108,330078905.62,351110000.0,0.9401,0.0781,-82.22,2524.63,,9401011239.182589,9999999999.999989,25780503.97503813
CETUS,2024-02-07 23:00:00,1707321600000,-0.010951,0.11766,329880.0,390747.9205,98092630.41,117660000.0,0.8337,0.1869,-76.1,339.09,,833695652.0,1000000000.0,18329861.75059768
CHZ,2024-10-09 23:00:00,1728489600000,-0.005057,0.07318,155871091.0,11405946.7755,716373599.51,716373599.51,1.0,0.0318,-91.79,1729.15,,9789199228.0,9789199228.0,22789864.87820956
CHZ,2024-10-10 07:00:00,1728518400000,-0.0075,0.06838,96913861.0,6571366.92428,669385443.21,669385443.21,1.0,0.034,-92.33,1609.17,,9789199228.0,9789199228.0,22789864.87820956
B3,2025-02-10 23:00:00,1739203200000,-0.017584,0.004832,28919849.0,17055339.1784,102886182.46,483200000.0,0.2129,0.0389,-74.65,96.85,,21292670212.0,100000000000.0,4006044.52603957
B3,2025-02-11 03:00:00,1739217600000,-0.017418,0.005375,7861459.0,3645425.1811,114448102.39,537500000.0,0.2129,0.035,-71.8,118.97,,21292670212.0,100000000000.0,4006044.52603957
B3,2025-02-11 07:00:00,1739232000000,-0.010893,0.006667,9282695.0,5741402.1768,141958232.3,666700000.0,0.2129,0.0282,-65.02,171.61,,21292670212.0,100000000000.0,4006044.52603957
B3,2025-02-11 11:00:00,1739246400000,-0.018643,0.005375,6187029.0,3511037.3221,114448102.39,537500000.0,0.2129,0.035,-71.8,118.97,,21292670212.0,100000000000.0,4006044.52603957
B3,2025-02-11 23:00:00,1739289600000,-0.009649,0.007618,6297310.0,4446985.4176,162207561.68,761800000.0,0.2129,0.0247,-60.03,210.35,,21292670212.0,100000000000.0,4006044.52603957
B3,2025-02-12 03:00:00,1739304000000,-0.016034,0.013063,10562942.0,10533295.2513,278146150.98,1306300000.0,0.2129,0.0144,-31.46,432.18,,21292670212.0,100000000000.0,4006044.52603957
B3,2025-02-12 07:00:00,1739318400000,-0.018981,0.015705,11283769.0,17277352.2147,334401385.68,1570500000.0,0.2129,0.012,-17.6,539.81,,21292670212.0,100000000000.0,4006044.52603957
B3,2025-02-12 11:00:00,1739332800000,-0.03,0.014775,6263471.0,9037697.0349,314599202.38,1477500000.0,0.2129,0.0127,-22.48,501.92,,21292670212.0,100000000000.0,4006044.52603957
B3,2025-02-12 15:00:00,1739347200000,-0.03,0.0154,13324524.0,17006086.5193,327907121.26,1540000000.0,0.2129,0.0122,-19.2,527.38,,21292670212.0,100000000000.0,4006044.52603957
B3,2025-02-12 19:00:00,1739361600000,-0.028327,0.0124,10560532.0,14567184.2524,264029110.63,1240000000.0,0.2129,0.0152,-34.94,405.17,,21292670212.0,100000000000.0,4006044.52603957
B3,2025-02-12 23:00:00,1739376000000,-0.017537,0.013792,5333998.0,7111078.1902,293668507.56,1379200000.0,0.2129,0.0136,-27.64,461.88,,21292670212.0,100000000000.0,4006044.52603957
B3,2025-02-13 19:00:00,1739448000000,-0.01,0.012805,7607334.0,10417650.7357,272652642.06,1280500000.0,0.2129,0.0147,-32.82,421.67,,21292670212.0,100000000000.0,4006044.52603957
B3,2025-02-14 07:00:00,1739491200000,-0.005279,0.011406,3261037.0,3738668.1787,242864196.44,1140600000.0,0.2129,0.0165,-40.16,364.67,,21292670212.0,100000000000.0,4006044.52603957
B3,2025-02-17 01:00:00,1739728800000,-0.01,0.010398,6336309.0,5897443.8423,221401184.86,1039800000.0,0.2129,0.0181,-45.44,323.61,,21292670212.0,100000000000.0,4006044.52603957
B3,2025-02-17 03:00:00,1739736000000,-0.01,0.009535,6241139.0,6231591.6509,203025610.47,953500000.0,0.2129,0.0197,-49.97,288.45,,21292670212.0,100000000000.0,4006044.52603957
B3,2025-02-17 05:00:00,1739743200000,-0.01,0.009535,6241139.0,6231591.6509,203025610.47,953500000.0,0.2129,0.0197,-49.97,288.45,,21292670212.0,100000000000.0,4006044.52603957
B3,2025-02-17 07:00:00,1739750400000,-0.007544,0.009673,3379958.0,3274940.3731,205963998.96,967300000.0,0.2129,0.0195,-49.25,294.07,,21292670212.0,100000000000.0,4006044.52603957
B3,2025-02-17 09:00:00,1739757600000,-0.00703,0.009673,3379958.0,3274940.3731,205963998.96,967300000.0,0.2129,0.0195,-49.25,294.07,,21292670212.0,100000000000.0,4006044.52603957
B3,2025-03-09 15:00:00,1741507200000,-0.005596,0.006003,6039412.0,3562793.2486,127819899.28,600300000.0,0.2129,0.0313,-68.5,144.56,,21292670212.0,100000000000.0,4006044.52603957
B3,2025-03-09 19:00:00,1741521600000,-0.01,0.005919,4526344.0,2658396.2932,126031314.98,591900000.0,0.2129,0.0318,-68.94,141.14,,21292670212.0,100000000000.0,4006044.52603957
B3,2025-03-11 19:00:00,1741694400000,-0.005803,0.007426,1986863.0,1497800.7446,158119368.99,742600000.0,0.2129,0.0253,-61.04,202.53,,21292670212.0,100000000000.0,4006044.52603957
B3,2025-05-28 11:00:00,1748404800000,-0.005032,0.005254,7615202.0,3848070.4231,111871689.29,525400000.0,0.2129,0.0358,-72.43,114.04,,21292670212.0,100000000000.0,4006044.52603957
B3,2025-05-28 15:00:00,1748419200000,-0.01,0.004725,8401380.0,4196644.5861,100607866.75,472500000.0,0.2129,0.0398,-75.21,92.49,,21292670212.0,100000000000.0,4006044.52603957
AMP,2024-11-18 19:00:00,1731931200000,-0.005018,0.004834,34167.0,162125.408,407418409.55,482045862.55,0.8452,0.0205,-96.01,508.33,,84281838964.50209,99719872269.91672,8335440.10749711
AMP,2024-11-29 23:00:00,1732896000000,-0.005767,0.007502,56215.0,420104.809,632282355.91,748098481.77,0.8452,0.0132,-93.8,844.09,,84281838964.50209,99719872269.91672,8335440.10749711
AMP,2024-11-30 03:00:00,1732910400000,-0.010132,0.007455,34213.0,257189.222,628321109.48,743411647.77,0.8452,0.0133,-93.84,838.17,,84281838964.50209,99719872269.91672,8335440.10749711
AMP,2024-11-30 07:00:00,1732924800000,-0.009432,0.007322,23432.0,170478.792,617111624.9,730148904.76,0.8452,0.0135,-93.95,821.44,,84281838964.50209,99719872269.91672,8335440.10749711
AMP,2024-11-30 11:00:00,1732939200000,-0.006564,0.007377,26338.0,195860.01,621747126.04,735633497.74,0.8452,0.0134,-93.91,828.36,,84281838964.50209,99719872269.91672,8335440.10749711
AMP,2024-11-30 15:00:00,1732953600000,-0.005773,0.007317,29182.0,212375.522,616690215.7,729650305.4,0.8452,0.0135,-93.96,820.81,,84281838964.50209,99719872269.91672,8335440.10749711
AMP,2024-11-30 19:00:00,1732968000000,-0.005928,0.007318,38367.0,280650.607,616774497.54,729750025.27,0.8452,0.0135,-93.96,820.93,,84281838964.50209,99719872269.91672,8335440.10749711
AMP,2024-12-04 11:00:00,1733284800000,-0.005881,0.01229,575427.0,6600073.909,1035823800.87,1225557230.2,0.8452,0.008,-89.85,1446.63,,84281838964.50209,99719872269.91672,8335440.10749711
AMP,2024-12-04 15:00:00,1733299200000,-0.00975,0.011677,628779.0,7846083.563,984159033.59,1164428948.5,0.8452,0.0085,-90.36,1369.49,,84281838964.50209,99719872269.91672,8335440.10749711
AMP,2024-12-04 19:00:00,1733313600000,-0.013316,0.011936,347227.0,4055750.28,1005988029.88,1190256395.41,0.8452,0.0083,-90.14,1402.08,,84281838964.50209,99719872269.91672,8335440.10749711
AMP,2024-12-04 23:00:00,1733328000000,-0.01384,0.011186,255298.0,3038499.951,942776650.66,1115466491.21,0.8452,0.0088,-90.76,1307.7,,84281838964.50209,99719872269.91672,8335440.10749711
AMP,2024-12-05 03:00:00,1733342400000,-0.012474,0.010552,145806.0,1572466.563,889341964.75,1052244092.19,0.8452,0.0094,-91.28,1227.91,,84281838964.50209,99719872269.91672,8335440.10749711
AMP,2024-12-05 07:00:00,1733356800000,-0.010558,0.010094,136994.0,1386100.351,850740882.51,1006572390.69,0.8452,0.0098,-91.66,1170.28,,84281838964.50209,99719872269.91672,8335440.10749711
AMP,2024-12-05 11:00:00,1733371200000,-0.011566,0.010181,70964.0,716355.204,858073402.5,1015248019.58,0.8452,0.0097,-91.59,1181.23,,84281838964.50209,99719872269.91672,8335440.10749711
AMP,2024-12-05 15:00:00,1733385600000,-0.005874,0.011075,147421.0,1641716.203,933421366.53,1104397585.39,0.8452,0.0089,-90.85,1293.73,,84281838964.50209,99719872269.91672,8335440.10749711
AMP,2024-12-05 19:00:00,1733400000000,-0.005559,0.010915,64130.0,696833.619,919936272.3,1088442405.83,0.8452,0.0091,-90.99,1273.6,,84281838964.50209,99719872269.91672,8335440.10749711
AMP,2024-12-05 23:00:00,1733414400000,-0.005054,0.010638,48109.0,528955.65,896590202.9,1060820001.21,0.8452,0.0093,-91.21,1238.74,,84281838964.50209,99719872269.91672,8335440.10749711
AMP,2024-12-06 03:00:00,1733428800000,-0.005733,0.01088,81398.0,903314.643,916986407.93,1084952210.3,0.8452,0.0091,-91.01,1269.19,,84281838964.50209,99719872269.91672,8335440.10749711
AMP,2024-12-06 07:00:00,1733443200000,-0.008081,0.0109,47769.0,516078.931,918672044.71,1086946607.74,0.8452,0.0091,-91.0,1271.71,,84281838964.50209,99719872269.91672,8335440.10749711
AMP,2024-12-07 03:00:00,1733515200000,-0.006574,0.010927,35183.0,387593.347,920947654.37,1089639044.29,0.8452,0.0091,-90.98,1275.11,,84281838964.50209,99719872269.91672,8335440.10749711
AMP,2024-12-07 07:00:00,1733529600000,-0.006872,0.010928,31785.0,345098.108,921031936.2,1089738764.17,0.8452,0.0091,-90.97,1275.23,,84281838964.50209,99719872269.91672,8335440.10749711
AMP,2024-12-07 11:00:00,1733544000000,-0.006888,0.011001,32054.0,352602.524,927184510.45,1097018314.84,0.8452,0.009,-90.91,1284.42,,84281838964.50209,99719872269.91672,8335440.10749711
AMP,2024-12-07 15:00:00,1733558400000,-0.009005,0.010857,44842.0,488321.405,915047925.64,1082658653.23,0.8452,0.0091,-91.03,1266.3,,84281838964.50209,99719872269.91672,8335440.10749711
AMP,2024-12-08 15:00:00,1733644800000,-0.00512,0.010805,50350.0,542133.183,910665270.01,1077473219.88,0.8452,0.0092,-91.08,1259.75,,84281838964.50209,99719872269.91672,8335440.10749711
AMP,2024-12-08 23:00:00,1733673600000,-0.005654,0.012013,121929.0,1469209.906,1012477731.48,1197934825.58,0.8452,0.0082,-90.08,1411.77,,84281838964.50209,99719872269.91672,8335440.10749711
AMP,2024-12-10 03:00:00,1733774400000,-0.005264,0.010131,102252.0,1027471.846,853859310.55,1010262025.97,0.8452,0.0098,-91.63,1174.93,,84281838964.50209,99719872269.91672,8335440.10749711
AMP,2024-12-10 07:00:00,1733788800000,-0.00507,0.010128,21274.0,214404.953,853606465.03,1009962866.35,0.8452,0.0098,-91.64,1174.56,,84281838964.50209,99719872269.91672,8335440.10749711
AMP,2024-12-10 11:00:00,1733803200000,-0.005785,0.009983,28248.0,282947.899,841385598.38,995503484.87,0.8452,0.0099,-91.75,1156.31,,84281838964.50209,99719872269.91672,8335440.10749711
AMP,2024-12-10 15:00:00,1733817600000,-0.00529,0.010192,48733.0,498293.848,859000502.73,1016344938.17,0.8452,0.0097,-91.58,1182.61,,84281838964.50209,99719872269.91672,8335440.10749711
AMP,2024-12-11 11:00:00,1733889600000,-0.00501,0.009264,22284.0,208476.707,780786956.17,923804896.71,0.8452,0.0107,-92.35,1065.83,,84281838964.50209,99719872269.91672,8335440.10749711
AMP,2024-12-17 11:00:00,1734408000000,-0.005338,0.009478,23083.0,219910.638,798823269.71,945144949.37,0.8452,0.0104,-92.17,1092.76,,84281838964.50209,99719872269.91672,8335440.10749711
AMP,2024-12-18 15:00:00,1734508800000,-0.005082,0.009037,32183.0,289697.747,761654978.72,901168485.7,0.8452,0.0109,-92.54,1037.26,,84281838964.50209,99719872269.91672,8335440.10749711
AMP,2024-12-18 19:00:00,1734523200000,-0.005047,0.008942,31523.0,282312.152,753648204.02,891695097.84,0.8452,0.0111,-92.61,1025.3,,84281838964.50209,99719872269.91672,8335440.10749711
AMP,2024-12-18 23:00:00,1734537600000,-0.006007,0.008856,25266.0,224581.111,746399965.87,883119188.82,0.8452,0.0112,-92.69,1014.48,,84281838964.50209,99719872269.91672,8335440.10749711
AMP,2024-12-19 03:00:00,1734552000000,-0.005481,0.008317,48086.0,406335.557,700972054.67,829370177.67,0.8452,0.0119,-93.13,946.65,,84281838964.50209,99719872269.91672,8335440.10749711
AMP,2024-12-21 11:00:00,1734753600000,-0.005038,0.008527,24017.0,201929.162,718671240.85,850311350.85,0.8452,0.0116,-92.96,973.08,,84281838964.50209,99719872269.91672,8335440.10749711
AMP,2024-12-21 15:00:00,1734768000000,-0.00523,0.008272,24206.0,202000.52,697179371.91,824882783.42,0.8452,0.012,-93.17,940.99,,84281838964.50209,99719872269.91672,8335440.10749711
AMP,2024-12-29 11:00:00,1735444800000,-0.005042,0.008118,15063.0,121851.364,684199968.71,809525923.09,0.8452,0.0122,-93.3,921.61,,84281838964.50209,99719872269.91672,8335440.10749711
AMP,2025-04-04 15:00:00,1743753600000,-0.010008,0.003628,383220.0,1403015.267,305774511.76,361783696.6,0.8452,0.0273,-97.0,356.56,,84281838964.50209,99719872269.91672,8335440.10749711
AMP,2025-04-04 19:00:00,1743768000000,-0.00995,0.003656,217398.0,795811.337,308134403.25,364575853.02,0.8452,0.0271,-96.98,360.09,,84281838964.50209,99719872269.91672,8335440.10749711
BID,2025-06-09 19:00:00,1749470400000,-0.01755,0.06112,48448167.0,35069845.3549,16434157.25,61120000.0,0.2689,0.0683,-80.83,188.92,,268883462.899736,1000000000.0,1122097.52936952
BID,2025-06-10 19:00:00,1749556800000,-0.006307,0.06705,2124753.0,1408327.9343,18028636.19,67050000.0,0.2689,0.0622,-78.97,216.95,,268883462.899736,1000000000.0,1122097.52936952
BID,2025-06-16 03:00:00,1750017600000,-0.006851,0.07464,12446784.0,9226772.8649,20069461.67,74640000.0,0.2689,0.0559,-76.59,252.83,,268883462.899736,1000000000.0,1122097.52936952
BID,2025-06-16 07:00:00,1750032000000,-0.013716,0.07479,3625758.0,2678269.7177,20109794.19,74790000.0,0.2689,0.0558,-76.55,253.54,,268883462.899736,1000000000.0,1122097.52936952
BID,2025-06-16 11:00:00,1750046400000,-0.006163,0.08688,6493038.0,5210698.3055,23360595.26,86880000.0,0.2689,0.048,-72.75,310.69,,268883462.899736,1000000000.0,1122097.52936952
BID,2025-06-16 15:00:00,1750060800000,-0.012132,0.08439,10653376.0,9383242.8324,22691075.43,84390000.0,0.2689,0.0495,-73.54,298.92,,268883462.899736,1000000000.0,1122097.52936952
BID,2025-06-19 15:00:00,1750320000000,-0.007842,0.09754,19349618.0,18842321.7336,26226892.97,97540000.0,0.2689,0.0428,-69.41,361.09,,268883462.899736,1000000000.0,1122097.52936952
BID,2025-06-19 19:00:00,1750334400000,-0.019279,0.09393,13747750.0,12683832.318,25256223.67,93930000.0,0.2689,0.0444,-70.54,344.02,,268883462.899736,1000000000.0,1122097.52936952
BID,2025-06-19 23:00:00,1750348800000,-0.012889,0.09673,5592779.0,5244554.0494,26009097.37,96730000.0,0.2689,0.0431,-69.67,357.26,,268883462.899736,1000000000.0,1122097.52936952
BID,2025-06-20 03:00:00,1750363200000,-0.008618,0.09733,3248390.0,3129597.4366,26170427.44,97330000.0,0.2689,0.0429,-69.48,360.09,,268883462.899736,1000000000.0,1122097.52936952
BID,2025-06-20 07:00:00,1750377600000,-0.007623,0.09006,1851135.0,1754027.9058,24215644.67,90060000.0,0.2689,0.0463,-71.76,325.73,,268883462.899736,1000000000.0,1122097.52936952
BID,2025-06-20 15:00:00,1750406400000,-0.013572,0.1022,4992735.0,5059391.709,27479889.91,102200000.0,0.2689,0.0408,-67.95,383.11,,268883462.899736,1000000000.0,1122097.52936952
BID,2025-06-20 19:00:00,1750420800000,-0.008051,0.10028,2768132.0,2815326.9004,26963633.66,100280000.0,0.2689,0.0416,-68.55,374.04,,268883462.899736,1000000000.0,1122097.52936952
BID,2025-06-20 23:00:00,1750435200000,-0.005952,0.09841,1401640.0,1381227.0461,26460821.58,98410000.0,0.2689,0.0424,-69.14,365.2,,268883462.899736,1000000000.0,1122097.52936952
BID,2025-06-23 19:00:00,1750680000000,-0.005928,0.12214,2994783.0,3623568.1819,32841426.16,122140000.0,0.2689,0.0342,-61.7,477.37,,268883462.899736,1000000000.0,1122097.52936952
CKB,2024-02-14 07:00:00,1707868800000,-0.012408,0.009115,3965010.0,35085138.877,429395256.0,436118475.05,0.9846,0.0289,-79.34,337.51,,47108640263.49392,47846239720.04911,12407680.12536601
CKB,2024-09-13 15:00:00,1726214400000,-0.008743,0.01272,4478305.0,54222682.825,599221904.15,608604169.24,0.9846,0.0207,-71.17,510.54,,47108640263.49392,47846239720.04911,12407680.12536601
CKB,2024-09-13 23:00:00,1726243200000,-0.028959,0.013225,1949266.0,25660876.472,623011767.48,632766520.3,0.9846,0.0199,-70.03,534.78,,47108640263.49392,47846239720.04911,12407680.12536601
CKB,2024-09-14 07:00:00,1726272000000,-0.009778,0.013858,1390038.0,19177062.298,652831536.77,663053190.04,0.9846,0.019,-68.59,565.16,,47108640263.49392,47846239720.04911,12407680.12536601
CKB,2024-09-14 15:00:00,1726300800000,-0.009998,0.013923,1050529.0,14472571.364,655893598.39,666163195.62,0.9846,0.0189,-68.45,568.28,,47108640263.49392,47846239720.04911,12407680.12536601
ANIME,2025-01-24 11:00:00,1737691200000,-0.006931,0.0716,93321190.0,6496915.3436,396564093.37,716000000.0,0.5539,0.0459,-61.52,481.7,,5538604656.0,10000000000.0,18211144.9843434
ANIME,2025-02-23 11:00:00,1740283200000,-0.007497,0.0283,31346726.0,880080.393,156742511.76,283000000.0,0.5539,0.1162,-84.79,129.92,,5538604656.0,10000000000.0,18211144.9843434
ANIME,2025-02-24 11:00:00,1740369600000,-0.006755,0.0278,32407431.0,905646.5568,153973209.44,278000000.0,0.5539,0.1183,-85.06,125.85,,5538604656.0,10000000000.0,18211144.9843434
ANIME,2025-04-15 11:00:00,1744689600000,-0.012017,0.0182,53657858.0,971012.7457,100802604.74,182000000.0,0.5539,0.1807,-90.22,47.86,,5538604656.0,10000000000.0,18211144.9843434
ANIME,2025-04-15 15:00:00,1744704000000,-0.006063,0.0193,286400460.0,5590240.4826,106895069.86,193000000.0,0.5539,0.1704,-89.63,56.8,,5538604656.0,10000000000.0,18211144.9843434
ANIME,2025-04-15 19:00:00,1744718400000,-0.011925,0.0194,117402413.0,2286583.0118,107448930.33,194000000.0,0.5539,0.1695,-89.57,57.61,,5538604656.0,10000000000.0,18211144.9843434
ANIME,2025-04-16 11:00:00,1744776000000,-0.015331,0.0204,88640760.0,1846214.5534,112987534.98,204000000.0,0.5539,0.1612,-89.04,65.73,,5538604656.0,10000000000.0,18211144.9843434
ANIME,2025-04-16 15:00:00,1744790400000,-0.007905,0.0184,105640049.0,2017595.6511,101910325.67,184000000.0,0.5539,0.1787,-90.11,49.49,,5538604656.0,10000000000.0,18211144.9843434
ANIME,2025-04-17 11:00:00,1744862400000,-0.008673,0.01712,65193035.0,1127416.2103,94820911.71,171200000.0,0.5539,0.1921,-90.8,39.09,,5538604656.0,10000000000.0,18211144.9843434
ANIME,2025-06-11 15:00:00,1749628800000,-0.007953,0.02952,201940038.0,5920361.00968,163499609.45,295200000.0,0.5539,0.1114,-84.13,139.83,,5538604656.0,10000000000.0,18211144.9843434
ANIME,2025-06-11 19:00:00,1749643200000,-0.00504,0.03107,216961809.0,6531529.14451,172084446.66,310700000.0,0.5539,0.1058,-83.3,152.42,,5538604656.0,10000000000.0,18211144.9843434
ANIME,2025-06-11 23:00:00,1749657600000,-0.00504,0.0303,168633102.0,5129058.86706,167819721.08,303000000.0,0.5539,0.1085,-83.72,146.17,,5538604656.0,10000000000.0,18211144.9843434
ANIME,2025-06-12 03:00:00,1749672000000,-0.008076,0.03051,59072188.0,1781261.47167,168982828.05,305100000.0,0.5539,0.1078,-83.6,147.87,,5538604656.0,10000000000.0,18211144.9843434
ANIME,2025-06-12 07:00:00,1749686400000,-0.006556,0.03107,54574384.0,1677792.63253,172084446.66,310700000.0,0.5539,0.1058,-83.3,152.42,,5538604656.0,10000000000.0,18211144.9843434
ANIME,2025-06-13 03:00:00,1749758400000,-0.009699,0.02669,18246983.0,489921.33705,147825358.27,266900000.0,0.5539,0.1232,-85.66,116.84,,5538604656.0,10000000000.0,18211144.9843434
ANIME,2025-06-14 11:00:00,1749873600000,-0.008127,0.02543,10298720.0,254956.72585,140846716.4,254300000.0,0.5539,0.1293,-86.33,106.6,,5538604656.0,10000000000.0,18211144.9843434
CORE,2025-03-30 15:00:00,1743321600000,-0.011375,0.4734,14742570.0,7163051.624,477643001.64,991190641.8,0.4819,0.0385,-92.68,37.92,,1008962825.5941052,2093769839.0352807,18393053.33219214
BOBBSC,2025-07-01 03:00:00,1751313600000,-0.005464,5.44e-08,2003517.0,1046465.487,22885536.0,22885536.0,1.0,0.0197,-21.35,674805.64,,420690000000000.0,420690000000000.0,449871.42673768
BOBBSC,2025-07-06 03:00:00,1751745600000,-0.006744,6.7e-08,946139.0,627632.117,28186230.0,28186230.0,1.0,0.016,-3.13,831125.7,,420690000000000.0,420690000000000.0,449871.42673768
BOBBSC,2025-07-06 15:00:00,1751788800000,-0.008291,6.69e-08,1135958.0,746921.364,28144161.0,28144161.0,1.0,0.016,-3.27,829885.07,,420690000000000.0,420690000000000.0,449871.42673768
BOBBSC,2025-07-06 19:00:00,1751803200000,-0.00646,6.72e-08,891274.0,591088.868,28270368.0,28270368.0,1.0,0.0159,-2.84,833606.97,,420690000000000.0,420690000000000.0,449871.42673768
BOBBSC,2025-07-07 07:00:00,1751846400000,-0.005721,6.59e-08,528456.0,353901.6,27723471.0,27723471.0,1.0,0.0162,-4.72,817478.71,,420690000000000.0,420690000000000.0,449871.42673768
BOBBSC,2025-07-08 19:00:00,1751976000000,-0.009407,8.58e-08,7708088.0,6557038.564,36095202.0,36095202.0,1.0,0.0125,24.05,1064365.15,,420690000000000.0,420690000000000.0,449871.42673768
BOBBSC,2025-07-08 23:00:00,1751990400000,-0.005321,8.69e-08,6844869.0,5755423.062,36557961.0,36557961.0,1.0,0.0123,25.65,1078012.14,,420690000000000.0,420690000000000.0,449871.42673768
BOBBSC,2025-07-10 03:00:00,1752091200000,-0.006141,8.43e-08,2540205.0,2022820.611,35464167.0,35464167.0,1.0,0.0127,21.89,1045755.62,,420690000000000.0,420690000000000.0,449871.42673768
COMP,2025-04-01 15:00:00,1743494400000,-0.015867,47.33,47426642.0,23887460.8784,446871681.94,473300000.0,0.9442,0.0674,-94.81,85.27,,9441615.9294346,10000000.0,30107087.3483412
COMP,2025-04-01 23:00:00,1743523200000,-0.007665,46.53,9570425.0,4496263.1682,439318389.2,465300000.0,0.9442,0.0685,-94.89,82.14,,9441615.9294346,10000000.0,30107087.3483412
COMP,2025-04-02 15:00:00,1743580800000,-0.006571,43.02,3296788.0,1431629.6427,406178317.28,430200000.0,0.9442,0.0741,-95.28,68.4,,9441615.9294346,10000000.0,30107087.3483412
CROSS,2025-07-04 19:00:00,1751630400000,-0.025075,0.0692,1126207.0,743880.8625,24220000.0,69200000.0,0.35,0.81,-84.39,48.59,,350000000.0,1000000000.0,19617385.4217681
CTC,2025-03-12 15:00:00,1741766400000,-0.006217,0.6275,35395.0,225100.403,295813573.26,344851575.66,0.8578,0.1316,-92.79,401.18,,471416053.0,549564264.0,38941278.67843889
CLANKER,2025-04-28 19:00:00,1745841600000,-0.011201,38.54,136645.0,54397.8789,38540000.0,38540000.0,1.0,0.1284,-80.04,994518.04,,1000000.0,1000000.0,4950014.53106827
CLANKER,2025-05-19 11:00:00,1747627200000,-0.011586,33.34,2031475.0,696524.4107,33340000.0,33340000.0,1.0,0.1485,-82.74,860319.45,,1000000.0,1000000.0,4950014.53106827
CLANKER,2025-06-19 19:00:00,1750334400000,-0.01596,30.18,1291955.0,400837.1849,30180000.0,30180000.0,1.0,0.164,-84.37,778767.99,,1000000.0,1000000.0,4950014.53106827
CLANKER,2025-06-20 19:00:00,1750420800000,-0.005408,31.3,286937.0,92423.2715,31300000.0,31300000.0,1.0,0.1581,-83.79,807672.31,,1000000.0,1000000.0,4950014.53106827
CLANKER,2025-06-24 23:00:00,1750780800000,-0.005335,37.92,388194.0,151791.3134,37920000.0,37920000.0,1.0,0.1305,-80.36,978517.44,,1000000.0,1000000.0,4950014.53106827
CLANKER,2025-06-26 19:00:00,1750939200000,-0.007719,50.83,1657049.0,844448.1929,50830000.0,50830000.0,1.0,0.0974,-73.68,1311691.26,,1000000.0,1000000.0,4950014.53106827
CLANKER,2025-06-26 23:00:00,1750953600000,-0.007315,46.88,556855.0,269305.8578,46880000.0,46880000.0,1.0,0.1056,-75.72,1209751.94,,1000000.0,1000000.0,4950014.53106827
CLANKER,2025-08-18 11:00:00,1755489600000,-0.008027,57.07,646114.0,384757.6862,57070000.0,57070000.0,1.0,0.0867,-70.45,1472729.57,,1000000.0,1000000.0,4950014.53106827
CLANKER,2025-08-19 03:00:00,1755547200000,-0.008135,59.58,275291.0,169102.1054,59580000.0,59580000.0,1.0,0.0831,-69.15,1537506.2,,1000000.0,1000000.0,4950014.53106827
COOKIE,2025-02-10 15:00:00,1739174400000,-0.011332,0.1989,9417719.0,1776606.5194,117941169.91,198886107.43,0.593,0.1305,-74.01,893.65,,592967169.0,999930153.0,15390004.93064201
COOKIE,2025-02-10 19:00:00,1739188800000,-0.007406,0.2532,38911527.0,9694865.9617,150139287.19,253182314.74,0.593,0.1025,-66.91,1164.92,,592967169.0,999930153.0,15390004.93064201
COOKIE,2025-02-10 23:00:00,1739203200000,-0.02,0.2429,21942123.0,5456245.2567,144031725.35,242883034.16,0.593,0.1069,-68.26,1113.47,,592967169.0,999930153.0,15390004.93064201
COOKIE,2025-02-11 03:00:00,1739217600000,-0.011618,0.2309,8686220.0,2097100.8262,136916119.32,230883872.33,0.593,0.1124,-69.82,1053.52,,592967169.0,999930153.0,15390004.93064201
COOKIE,2025-02-11 07:00:00,1739232000000,-0.011666,0.2526,8904756.0,2149954.0022,149783506.89,252582356.65,0.593,0.1027,-66.99,1161.92,,592967169.0,999930153.0,15390004.93064201
COOKIE,2025-02-11 11:00:00,1739246400000,-0.013575,0.2494,15397547.0,3861751.3283,147886011.95,249382580.16,0.593,0.1041,-67.41,1145.94,,592967169.0,999930153.0,15390004.93064201
COOKIE,2025-02-11 15:00:00,1739260800000,-0.012177,0.2352,17923745.0,4383580.0674,139465878.15,235183571.99,0.593,0.1103,-69.26,1075.0,,592967169.0,999930153.0,15390004.93064201
COOKIE,2025-02-11 19:00:00,1739275200000,-0.00511,0.2278,11028416.0,2563035.674,135077921.1,227784088.85,0.593,0.1139,-70.23,1038.03,,592967169.0,999930153.0,15390004.93064201
ARK,2024-09-21 07:00:00,1726876800000,-0.006087,0.4621,2119571.0,10458264.711,88153034.22,88153034.22,1.0,0.0985,-95.77,1433.02,,190766142.0,190766142.0,8679033.93567431
ARK,2024-09-21 23:00:00,1726934400000,-0.007222,0.5289,2713681.0,14419649.158,100896212.5,100896212.5,1.0,0.086,-95.15,1654.62,,190766142.0,190766142.0,8679033.93567431
ARK,2024-12-30 15:00:00,1735545600000,-0.0067,0.5509,319122.0,1833315.985,105093067.63,105093067.63,1.0,0.0826,-94.95,1727.61,,190766142.0,190766142.0,8679033.93567431
ARK,2025-01-08 23:00:00,1736352000000,-0.009859,0.5988,576836.0,3540300.838,114230765.83,114230765.83,1.0,0.076,-94.51,1886.52,,190766142.0,190766142.0,8679033.93567431
ARK,2025-01-09 15:00:00,1736409600000,-0.008052,0.6528,275363.0,1788379.16,124532137.5,124532137.5,1.0,0.0697,-94.02,2065.66,,190766142.0,190766142.0,8679033.93567431
ARK,2025-01-09 23:00:00,1736438400000,-0.006424,0.6402,216055.0,1413986.199,122128484.11,122128484.11,1.0,0.0711,-94.13,2023.86,,190766142.0,190766142.0,8679033.93567431
ARK,2025-02-17 15:00:00,1739779200000,-0.029824,0.5067,2515209.0,12699993.527,96661204.15,96661204.15,1.0,0.0898,-95.36,1580.98,,190766142.0,190766142.0,8679033.93567431
ARK,2025-02-17 23:00:00,1739808000000,-0.028843,0.5259,3343791.0,17116760.198,100323914.08,100323914.08,1.0,0.0865,-95.18,1644.67,,190766142.0,190766142.0,8679033.93567431
ARK,2025-02-18 03:00:00,1739822400000,-0.021382,0.4718,3186253.0,16208185.543,90003465.8,90003465.8,1.0,0.0964,-95.68,1465.2,,190766142.0,190766142.0,8679033.93567431
ARK,2025-02-18 07:00:00,1739836800000,-0.019364,0.4528,2825214.0,12905469.419,86378909.1,86378909.1,1.0,0.1005,-95.85,1402.16,,190766142.0,190766142.0,8679033.93567431
ARK,2025-02-18 11:00:00,1739851200000,-0.014911,0.43,1875356.0,8250272.958,82029441.06,82029441.06,1.0,0.1058,-96.06,1326.52,,190766142.0,190766142.0,8679033.93567431
ARK,2025-02-18 15:00:00,1739865600000,-0.009637,0.4324,851821.0,3676028.941,82487279.8,82487279.8,1.0,0.1052,-96.04,1334.49,,190766142.0,190766142.0,8679033.93567431
ARK,2025-02-18 19:00:00,1739880000000,-0.01442,0.4195,2026206.0,8688430.165,80026396.57,80026396.57,1.0,0.1085,-96.16,1291.69,,190766142.0,190766142.0,8679033.93567431
ARK,2025-02-18 23:00:00,1739894400000,-0.005607,0.4201,331347.0,1386999.008,80140856.25,80140856.25,1.0,0.1083,-96.15,1293.68,,190766142.0,190766142.0,8679033.93567431
ARK,2025-02-19 11:00:00,1739937600000,-0.022369,0.4856,2349349.0,11109721.488,92636038.56,92636038.56,1.0,0.0937,-95.55,1510.98,,190766142.0,190766142.0,8679033.93567431
ARK,2025-02-19 15:00:00,1739952000000,-0.014628,0.5327,2101924.0,10727236.897,101621123.84,101621123.84,1.0,0.0854,-95.12,1667.23,,190766142.0,190766142.0,8679033.93567431
ARK,2025-02-19 19:00:00,1739966400000,-0.017984,0.5357,1661992.0,8774987.083,102193422.27,102193422.27,1.0,0.0849,-95.09,1677.18,,190766142.0,190766142.0,8679033.93567431
ARK,2025-02-19 23:00:00,1739980800000,-0.013228,0.511,753120.0,3949013.237,97481498.56,97481498.56,1.0,0.089,-95.32,1595.24,,190766142.0,190766142.0,8679033.93567431
ARK,2025-02-20 07:00:00,1740009600000,-0.006823,0.4943,531774.0,2705528.882,94295703.99,94295703.99,1.0,0.092,-95.47,1539.84,,190766142.0,190766142.0,8679033.93567431
ARK,2025-04-06 07:00:00,1743897600000,-0.005971,0.3179,1017134.0,3274439.2,60644556.54,60644556.54,1.0,0.1431,-97.09,954.63,,190766142.0,190766142.0,8679033.93567431
ARK,2025-04-06 11:00:00,1743912000000,-0.011754,0.3697,760574.0,2626519.844,70526242.7,70526242.7,1.0,0.1231,-96.61,1126.48,,190766142.0,190766142.0,8679033.93567431
ARK,2025-04-06 15:00:00,1743926400000,-0.01402,0.3408,2131975.0,7572863.724,65013101.19,65013101.19,1.0,0.1335,-96.88,1030.6,,190766142.0,190766142.0,8679033.93567431
ARK,2025-04-06 19:00:00,1743940800000,-0.014296,0.3419,2033186.0,7077666.527,65222943.95,65222943.95,1.0,0.1331,-96.87,1034.25,,190766142.0,190766142.0,8679033.93567431
ARK,2025-04-06 23:00:00,1743955200000,-0.012952,0.3233,678545.0,2238351.716,61674693.71,61674693.71,1.0,0.1407,-97.04,972.55,,190766142.0,190766142.0,8679033.93567431
ARK,2025-04-07 07:00:00,1743984000000,-0.008542,0.2917,519812.0,1618327.761,55646483.62,55646483.62,1.0,0.156,-97.33,867.71,,190766142.0,190766142.0,8679033.93567431
ARK,2025-04-08 11:00:00,1744084800000,-0.005768,0.3304,421813.0,1440183.331,63029133.32,63029133.32,1.0,0.1377,-96.97,996.1,,190766142.0,190766142.0,8679033.93567431
ARK,2025-04-08 23:00:00,1744128000000,-0.010605,0.338,743925.0,2593077.726,64478956.0,64478956.0,1.0,0.1346,-96.9,1021.31,,190766142.0,190766142.0,8679033.93567431
ARK,2025-04-09 11:00:00,1744171200000,-0.007614,0.3484,259243.0,868841.69,66462923.87,66462923.87,1.0,0.1306,-96.81,1055.82,,190766142.0,190766142.0,8679033.93567431
ARK,2025-04-17 11:00:00,1744862400000,-0.006694,0.5311,1103420.0,5779751.978,101315898.02,101315898.02,1.0,0.0857,-95.13,1661.92,,190766142.0,190766142.0,8679033.93567431
ARK,2025-07-04 19:00:00,1751630400000,-0.009564,0.4098,630127.0,2669280.903,78175964.99,78175964.99,1.0,0.111,-96.25,1259.51,,190766142.0,190766142.0,8679033.93567431
ARK,2025-07-05 11:00:00,1751688000000,-0.006956,0.4064,109816.0,451820.312,77527360.11,77527360.11,1.0,0.1119,-96.28,1248.23,,190766142.0,190766142.0,8679033.93567431
CVX,2024-11-20 03:00:00,1732046400000,-0.005623,2.85,736813.0,2090196.906,282612416.5,284764512.63,0.9924,0.0619,-95.45,98.84,,99162251.40448196,99917372.8509638,17487831.16605421
CYBER,2025-08-12 15:00:00,1754985600000,-0.006748,3.2,37372316.0,123790262.383,163450025.6,320000000.0,0.5108,0.2094,-79.99,255.89,,51078133.0,100000000.0,34220639.10877672
CESS,2025-06-26 19:00:00,1750939200000,-0.005041,0.003567,2026935.0,726692.7226,9452550.0,9452550.0,1.0,,,,,2650000000.0,2650000000.0,0.0
CESS,2025-06-26 23:00:00,1750953600000,-0.005047,0.003223,568454.0,193056.9964,8540950.0,8540950.0,1.0,,,,,2650000000.0,2650000000.0,0.0
CESS,2025-06-27 03:00:00,1750968000000,-0.005048,0.003134,273880.0,88424.6013,8305100.0,8305100.0,1.0,,,,,2650000000.0,2650000000.0,0.0
CESS,2025-06-27 07:00:00,1750982400000,-0.005021,0.00346,212294.0,68299.2716,9169000.0,9169000.0,1.0,,,,,2650000000.0,2650000000.0,0.0
CESS,2025-06-27 11:00:00,1750996800000,-0.00507,0.003047,717174.0,210423.9432,8074550.0,8074550.0,1.0,,,,,2650000000.0,2650000000.0,0.0
CESS,2025-06-27 15:00:00,1751011200000,-0.00504,0.002756,5679297.0,1663644.7619,7303400.0,7303400.0,1.0,,,,,2650000000.0,2650000000.0,0.0
CESS,2025-06-27 19:00:00,1751025600000,-0.009921,0.002421,1126616.0,288523.7192,6415650.0,6415650.0,1.0,,,,,2650000000.0,2650000000.0,0.0
CGPT,2025-01-10 23:00:00,1736524800000,-0.02,0.3999,1580404.0,6127854.264,342579844.69,399033172.55,0.8585,0.0324,-28.17,4898.75,,856663777.6591569,997832389.4646686,11114301.1818904
CGPT,2025-01-11 03:00:00,1736539200000,-0.02,0.3755,1279266.0,4947390.584,321677248.51,374686062.24,0.8585,0.0346,-32.55,4593.75,,856663777.6591569,997832389.4646686,11114301.1818904
CGPT,2025-01-11 07:00:00,1736553600000,-0.007636,0.3349,647750.0,2274887.224,286896699.14,334174067.23,0.8585,0.0387,-39.84,4086.25,,856663777.6591569,997832389.4646686,11114301.1818904
CGPT,2025-01-11 15:00:00,1736582400000,-0.006329,0.3317,580336.0,1912604.941,284155375.05,330981003.59,0.8585,0.0391,-40.42,4046.25,,856663777.6591569,997832389.4646686,11114301.1818904
CGPT,2025-01-11 19:00:00,1736596800000,-0.008308,0.3151,436461.0,1411935.345,269934756.34,314416985.92,0.8585,0.0412,-43.4,3838.75,,856663777.6591569,997832389.4646686,11114301.1818904
CGPT,2025-01-12 11:00:00,1736654400000,-0.006551,0.32,235624.0,759273.509,274132408.85,319306364.63,0.8585,0.0405,-42.52,3900.0,,856663777.6591569,997832389.4646686,11114301.1818904
DMC,2025-06-25 03:00:00,1750795200000,-0.008173,0.008115,13177179.0,10356052.7105,24567635.2,103872000.0,0.2365,0.6248,-30.74,172.88,,3027435022.0,12800000000.0,15349575.80749848
DMC,2025-06-26 07:00:00,1750896000000,-0.005383,0.004313,4253794.0,2003125.2114,13057327.25,55206400.0,0.2365,1.1756,-63.19,45.03,,3027435022.0,12800000000.0,15349575.80749848
DMC,2025-06-26 11:00:00,1750910400000,-0.005021,0.004332,2201707.0,971824.6618,13114848.52,55449600.0,0.2365,1.1704,-63.03,45.67,,3027435022.0,12800000000.0,15349575.80749848
AVAIL,2024-07-23 23:00:00,1721750400000,-0.005307,0.1628,1509483.0,2253731.586,558022888.94,1717692974.37,0.3249,0.007,-33.26,891.72,,3427659023.0,10550939646.0,3892724.42052807
AVAIL,2024-07-24 07:00:00,1721779200000,-0.005071,0.1741,605226.0,981126.379,596755435.9,1836918592.37,0.3249,0.0065,-28.63,960.56,,3427659023.0,10550939646.0,3892724.42052807
AVAIL,2024-07-24 15:00:00,1721808000000,-0.013376,0.2122,3472799.0,7280359.82,727349244.68,2238909392.88,0.3249,0.0054,-13.01,1192.65,,3427659023.0,10550939646.0,3892724.42052807
AVAIL,2024-07-24 23:00:00,1721836800000,-0.007654,0.2286,1988501.0,4453010.637,783562852.66,2411944803.08,0.3249,0.005,-6.28,1292.56,,3427659023.0,10550939646.0,3892724.42052807
AVAIL,2024-07-25 15:00:00,1721894400000,-0.006606,0.2024,670738.0,1368240.119,693758186.26,2135510184.35,0.3249,0.0056,-17.02,1132.95,,3427659023.0,10550939646.0,3892724.42052807
AVAIL,2025-01-12 23:00:00,1736697600000,-0.017363,0.1158,614056.0,729354.011,396922914.86,1221798811.01,0.3249,0.0098,-52.53,605.42,,3427659023.0,10550939646.0,3892724.42052807
AVAIL,2025-01-13 07:00:00,1736726400000,-0.007289,0.1211,541296.0,669093.019,415089507.69,1277718791.13,0.3249,0.0094,-50.35,637.7,,3427659023.0,10550939646.0,3892724.42052807
AVAIL,2025-01-13 15:00:00,1736755200000,-0.012476,0.1116,209812.0,243048.493,382526746.97,1177484864.49,0.3249,0.0102,-54.25,579.83,,3427659023.0,10550939646.0,3892724.42052807
AVAIL,2025-02-23 07:00:00,1740268800000,-0.006655,0.1148,816800.0,942266.659,393495255.84,1211247871.36,0.3249,0.0099,-52.94,599.32,,3427659023.0,10550939646.0,3892724.42052807
AVAIL,2025-02-23 23:00:00,1740326400000,-0.006813,0.1005,397260.0,404765.272,344479731.81,1060369434.42,0.3249,0.0113,-58.8,512.21,,3427659023.0,10550939646.0,3892724.42052807
AVAIL,2025-06-20 15:00:00,1750406400000,-0.008409,0.0259,3014069.0,792739.0794,88776368.7,273269336.83,0.3249,0.0438,-89.38,57.77,,3427659023.0,10550939646.0,3892724.42052807
DOLO,2025-04-24 23:00:00,1745510400000,-0.007661,0.06917,3404023.0,2166841.7701,18322330.72,69090592.54,0.2652,0.8724,-76.37,138.05,,264888401.34,998851995.6451048,15983894.28318709
DUCK,2025-06-20 19:00:00,1750420800000,-0.006608,0.003065,8468.0,25556.858,16412702.08,28979202.08,0.5664,0.359,-76.65,55.95,,5354878330.0,9454878330.0,5892460.94471107
DUCK,2025-06-24 19:00:00,1750766400000,-0.01979,0.003464,362027.0,1466321.701,18549298.54,32751698.54,0.5664,0.3177,-73.61,76.25,,5354878330.0,9454878330.0,5892460.94471107
DUCK,2025-06-24 23:00:00,1750780800000,-0.02,0.003429,97019.0,323787.504,18361877.79,32420777.79,0.5664,0.3209,-73.88,74.47,,5354878330.0,9454878330.0,5892460.94471107
DUCK,2025-06-25 00:00:00,1750784400000,-0.005759,0.003429,97019.0,323787.504,18361877.79,32420777.79,0.5664,0.3209,-73.88,74.47,,5354878330.0,9454878330.0,5892460.94471107
DUCK,2025-06-25 09:00:00,1750816800000,-0.014382,0.00345,129259.0,477455.56,18474330.24,32619330.24,0.5664,0.319,-73.72,75.53,,5354878330.0,9454878330.0,5892460.94471107
DRIFT,2024-11-08 15:00:00,1731052800000,-0.015,0.8123,4543380.0,39107858.984,282230816.46,812300000.0,0.3474,0.0585,-69.38,712.27,,347446530.179005,1000000000.0,16520721.91375639
DRIFT,2024-11-09 07:00:00,1731110400000,-0.008648,1.8991,7340205.0,126773296.632,659835705.46,1899100000.0,0.3474,0.025,-28.42,1799.03,,347446530.179005,1000000000.0,16520721.91375639
DRIFT,2024-11-09 11:00:00,1731124800000,-0.02,1.9815,2638342.0,51046519.055,688465299.55,1981500000.0,0.3474,0.024,-25.31,1881.42,,347446530.179005,1000000000.0,16520721.91375639
DRIFT,2024-11-09 15:00:00,1731139200000,-0.02,1.6885,3061050.0,53395516.614,586663466.21,1688500000.0,0.3474,0.0282,-36.36,1588.43,,347446530.179005,1000000000.0,16520721.91375639
DRIFT,2024-11-09 19:00:00,1731153600000,-0.007724,1.6888,2431107.0,38056031.296,586767700.17,1688800000.0,0.3474,0.0282,-36.35,1588.73,,347446530.179005,1000000000.0,16520721.91375639
DRIFT,2024-11-10 07:00:00,1731196800000,-0.006507,1.7872,1223839.0,21918073.572,620956438.74,1787200000.0,0.3474,0.0266,-32.64,1687.13,,347446530.179005,1000000000.0,16520721.91375639
DRIFT,2024-11-10 11:00:00,1731211200000,-0.007645,1.7485,504607.0,8758694.984,607510258.02,1748500000.0,0.3474,0.0272,-34.1,1648.43,,347446530.179005,1000000000.0,16520721.91375639
CTSI,2024-04-27 23:00:00,1714233600000,-0.007669,0.2124,14114119.0,3010035.7068,186478094.62,212400000.0,,,,,,0.0,1000000000.0,0.0
CTSI,2025-08-16 23:00:00,1755360000000,-0.006454,0.10875,299412784.0,33462210.62686,95477838.0,108750000.0,,,,,,0.0,1000000000.0,0.0
DYM,2024-04-14 07:00:00,1713052800000,-0.008081,3.591,431515.0,1492147.804,1257378631.11,3591000000.0,,,,,,0.0,1000000000.0,0.0
DYM,2025-03-18 19:00:00,1742299200000,-0.014743,0.397,15959082.0,7206919.919,139008442.37,397000000.0,,,,,,0.0,1000000000.0,0.0
DYM,2025-03-19 11:00:00,1742356800000,-0.005781,0.412,2714295.0,1105319.169,144260650.52,412000000.0,,,,,,0.0,1000000000.0,0.0
EDU,2024-07-05 23:00:00,1720195200000,-0.005676,0.6391,17956686.0,11320582.067,262488586.01,639100000.0,0.4107,0.0172,-62.05,578.39,,410715985.0,1000000000.0,4514804.0364761
EDU,2025-04-07 23:00:00,1744041600000,-0.00855,0.1368,84238882.0,11900696.5374,56185946.75,136800000.0,0.4107,0.0804,-91.88,45.21,,410715985.0,1000000000.0,4514804.0364761
BROCCOLI,2025-02-14 19:00:00,1739534400000,-0.005,0.15424,40362028.0,63076327.6185,149969913.18,154240000.0,0.9723,0.0746,-45.91,715.52,,972315308.4577762,1000000000.0,11181419.63652547
BROCCOLI,2025-02-16 07:00:00,1739664000000,-0.014108,0.10553,28370204.0,26230054.4642,102608434.5,105530000.0,0.9723,0.109,-62.99,457.97,,972315308.4577762,1000000000.0,11181419.63652547
BROCCOLI,2025-02-16 11:00:00,1739678400000,-0.009137,0.10218,38338401.0,39608832.9236,99351178.22,102180000.0,0.9723,0.1125,-64.17,440.26,,972315308.4577762,1000000000.0,11181419.63652547
BROCCOLI,2025-02-16 15:00:00,1739692800000,-0.010165,0.09887,31533709.0,29694024.7872,96132814.55,98870000.0,0.9723,0.1163,-65.33,422.76,,972315308.4577762,1000000000.0,11181419.63652547
BROCCOLI,2025-02-16 19:00:00,1739707200000,-0.005352,0.08657,28150542.0,24619216.1679,84173336.25,86570000.0,0.9723,0.1328,-69.64,357.72,,972315308.4577762,1000000000.0,11181419.63652547
BROCCOLI,2025-02-17 07:00:00,1739750400000,-0.005651,0.0869,14752149.0,13422837.0604,84494200.3,86900000.0,0.9723,0.1323,-69.52,359.47,,972315308.4577762,1000000000.0,11181419.63652547
BROCCOLI,2025-02-17 19:00:00,1739793600000,-0.006176,0.10162,24352537.0,25221390.1944,98806681.65,101620000.0,0.9723,0.1132,-64.36,437.3,,972315308.4577762,1000000000.0,11181419.63652547
BROCCOLI,2025-02-18 11:00:00,1739851200000,-0.005406,0.09283,10804706.0,10499149.6819,90260030.08,92830000.0,0.9723,0.1239,-67.45,390.82,,972315308.4577762,1000000000.0,11181419.63652547
BROCCOLI,2025-03-08 15:00:00,1741420800000,-0.006924,0.05823,12020785.0,6840973.5477,56617920.41,58230000.0,0.9723,0.1975,-79.58,207.88,,972315308.4577762,1000000000.0,11181419.63652547
BROCCOLI,2025-03-08 19:00:00,1741435200000,-0.006922,0.0523,12263827.0,6299867.9308,50852090.63,52300000.0,0.9723,0.2199,-81.66,176.53,,972315308.4577762,1000000000.0,11181419.63652547
BROCCOLI,2025-03-20 03:00:00,1742414400000,-0.014195,0.06661,29030177.0,20423908.9459,64765922.7,66610000.0,0.9723,0.1726,-76.64,252.19,,972315308.4577762,1000000000.0,11181419.63652547
BROCCOLI,2025-03-28 03:00:00,1743105600000,-0.012872,0.0692,24463156.0,18517210.1421,67284219.35,69200000.0,0.9723,0.1662,-75.73,265.88,,972315308.4577762,1000000000.0,11181419.63652547
ELON,2025-01-27 03:00:00,1737921600000,-0.006215,2.557e-07,362875.0,96401.5446,140546213.33,255700000.0,0.5497,0.0381,-99.22,,,549652770159583.3,1000000000000000.0,5359440.46369224
AGLD,2024-11-13 15:00:00,1731484800000,-0.02,2.2371,180359474.0,43592077.42696,172950203.24,207625253.24,0.833,0.1262,-70.67,973.04,,77310001.0,92810001.0,21829653.86214953
AGLD,2024-12-21 23:00:00,1734796800000,-0.009661,1.7562,52170117.0,9073621.18687,135771823.76,162992923.76,0.833,0.1608,-76.98,742.37,,77310001.0,92810001.0,21829653.86214953
AGLD,2024-12-22 07:00:00,1734825600000,-0.016646,1.9015,191218233.0,37354266.22041,147004966.9,176478216.9,0.833,0.1485,-75.07,812.07,,77310001.0,92810001.0,21829653.86214953
AGLD,2024-12-22 15:00:00,1734854400000,-0.009072,1.8384,81350354.0,14643137.64627,142126705.84,170621905.84,0.833,0.1536,-75.9,781.8,,77310001.0,92810001.0,21829653.86214953
AGLD,2024-12-24 15:00:00,1735027200000,-0.007267,1.6921,20246752.0,3440847.47099,130816252.69,157043802.69,0.833,0.1669,-77.82,711.63,,77310001.0,92810001.0,21829653.86214953
AGLD,2024-12-25 15:00:00,1735113600000,-0.006728,2.2476,76914850.0,17110890.83229,173761958.25,208599758.25,0.833,0.1256,-70.53,978.08,,77310001.0,92810001.0,21829653.86214953
AGLD,2024-12-25 23:00:00,1735142400000,-0.005924,2.0641,27581455.0,5798348.77642,159575573.06,191569123.06,0.833,0.1368,-72.94,890.06,,77310001.0,92810001.0,21829653.86214953
AGLD,2024-12-26 07:00:00,1735171200000,-0.005122,2.3079,84603910.0,19966278.46438,178423751.31,214196201.31,0.833,0.1223,-69.74,1007.0,,77310001.0,92810001.0,21829653.86214953
AGLD,2024-12-26 15:00:00,1735200000000,-0.006551,2.227,26337995.0,5767865.11685,172169372.23,206687872.23,0.833,0.1268,-70.8,968.2,,77310001.0,92810001.0,21829653.86214953
AGLD,2024-12-29 23:00:00,1735488000000,-0.009904,2.7137,188921586.0,48432644.85257,209796149.71,251858499.71,0.833,0.1041,-64.42,1201.65,,77310001.0,92810001.0,21829653.86214953
AGLD,2024-12-30 23:00:00,1735574400000,-0.011493,2.8418,156532942.0,44232951.22518,219699560.84,263747460.84,0.833,0.0994,-62.74,1263.09,,77310001.0,92810001.0,21829653.86214953
AGLD,2024-12-31 15:00:00,1735632000000,-0.010995,2.5613,94158151.0,24907171.48843,198014105.56,237714255.56,0.833,0.1102,-66.42,1128.55,,77310001.0,92810001.0,21829653.86214953
AGLD,2025-01-02 07:00:00,1735776000000,-0.006297,2.5466,86579076.0,21998369.46559,196877648.55,236349948.55,0.833,0.1109,-66.61,1121.5,,77310001.0,92810001.0,21829653.86214953
AGLD,2025-02-08 15:00:00,1739001600000,-0.005099,1.2308,17430542.0,2121246.35909,95153149.23,114230549.23,0.833,0.2294,-83.86,490.36,,77310001.0,92810001.0,21829653.86214953
ENA,2024-06-08 03:00:00,1717790400000,-0.005998,0.8841,207023.0,1831910.851,5854399687.5,13261500000.0,0.4415,0.1012,-41.72,352.76,,6621875000.0,15000000000.0,592519705.9530262
ENJ,2025-04-21 07:00:00,1745193600000,-0.005235,0.092,75318539.0,6787123.7981,172362589.71,176599185.03,0.976,0.0774,-98.1,489.0,,1873506409.850853,1919556359.0121813,13337934.95954251
ENJ,2025-04-21 15:00:00,1745222400000,-0.007469,0.1074,254126685.0,26884306.9122,201214588.42,206160352.96,0.976,0.0663,-97.78,587.6,,1873506409.850853,1919556359.0121813,13337934.95954251
ENJ,2025-04-21 23:00:00,1745251200000,-0.009562,0.0931,149606967.0,14424554.9056,174423446.76,178710697.02,0.976,0.0765,-98.08,496.05,,1873506409.850853,1919556359.0121813,13337934.95954251
ENJ,2025-04-22 15:00:00,1745308800000,-0.006724,0.0868,40090983.0,3525547.5262,162620356.38,166617491.96,0.976,0.082,-98.21,455.71,,1873506409.850853,1919556359.0121813,13337934.95954251
EPT,2025-05-08 15:00:00,1746691200000,-0.00746,0.01044,64534835.0,6628885.0486,29444200.91,104399999.9,0.282,0.0821,-83.09,175.35,,2820325758.0,9999999990.0,2416380.81043456
DIA,2025-07-20 03:00:00,1752955200000,-0.005476,0.5563,7263242.0,3913645.5627,66575816.66,,,,,,,0.0,0.0,0.0
DIA,2025-07-20 07:00:00,1752969600000,-0.011589,0.5235,3501226.0,1882439.7399,62650440.44,,,,,,,0.0,0.0,0.0
FHE,2025-04-11 03:00:00,1744315200000,-0.005032,0.03338,1234262.0,418207.728,8311620.0,33380000.0,0.249,,,,,249000000.0,1000000000.0,0.0
FHE,2025-04-11 07:00:00,1744329600000,-0.005045,0.03075,1871502.0,587790.7356,7656750.0,30750000.0,0.249,,,,,249000000.0,1000000000.0,0.0
FHE,2025-04-11 11:00:00,1744344000000,-0.005066,0.03099,1411190.0,434735.3298,7716510.0,30990000.0,0.249,,,,,249000000.0,1000000000.0,0.0
FHE,2025-04-11 15:00:00,1744358400000,-0.005066,0.0324,3149151.0,958274.6402,8067600.0,32400000.0,0.249,,,,,249000000.0,1000000000.0,0.0
FHE,2025-04-11 19:00:00,1744372800000,-0.005038,0.03411,4715851.0,1576076.8037,8493390.0,34110000.0,0.249,,,,,249000000.0,1000000000.0,0.0
FHE,2025-04-11 23:00:00,1744387200000,-0.005051,0.03549,1361508.0,477412.1712,8837010.0,35490000.0,0.249,,,,,249000000.0,1000000000.0,0.0
FIDA,2025-03-11 03:00:00,1741636800000,-0.006925,0.108,663486.0,735782.324,107018426.13,107018426.13,1.0,0.1058,-99.82,104.89,,990911353.035271,990911353.035271,11323069.62814956
FIO,2025-02-27 23:00:00,1740672000000,-0.02,0.02698,3568759.0,10301262.162,22032012.89,22642769.93,0.973,0.204,-95.26,151.12,,816605370.0973754,839242769.7719939,4493949.46068086
FIO,2025-02-28 03:00:00,1740686400000,-0.011544,0.02512,1044731.0,2675825.702,20513126.9,21081778.38,0.973,0.2191,-95.59,133.81,,816605370.0973754,839242769.7719939,4493949.46068086
D,2025-01-28 03:00:00,1738008000000,-0.011098,0.13412,2493749.0,3398958.4896,86892914.93,107296000.0,0.8098,0.0195,-97.27,410.41,,647874403.0,800000000.0,1697089.40912094
D,2025-01-28 15:00:00,1738051200000,-0.017631,0.13381,3542688.0,4925989.4941,86692073.87,107048000.0,0.8098,0.0196,-97.27,409.23,,647874403.0,800000000.0,1697089.40912094
COW,2025-02-25 19:00:00,1740484800000,-0.02,0.4399,5119490.0,22130637.086,221813781.7,439900000.0,0.5042,0.0462,-63.55,994.86,,504236830.4073419,1000000000.0,10237918.18568365
COW,2025-02-25 23:00:00,1740499200000,-0.02,0.4503,2194662.0,9642945.937,227057844.73,450300000.0,0.5042,0.0451,-62.68,1020.74,,504236830.4073419,1000000000.0,10237918.18568365
COW,2025-02-26 03:00:00,1740513600000,-0.014253,0.4154,1571588.0,6847721.139,209459979.35,415400000.0,0.5042,0.0489,-65.58,933.88,,504236830.4073419,1000000000.0,10237918.18568365
COW,2025-02-26 07:00:00,1740528000000,-0.00535,0.3869,1312819.0,5214846.031,195089229.68,386900000.0,0.5042,0.0525,-67.94,862.95,,504236830.4073419,1000000000.0,10237918.18568365
COW,2025-02-26 19:00:00,1740571200000,-0.005306,0.3963,850302.0,3305348.777,199829055.89,396300000.0,0.5042,0.0512,-67.16,886.34,,504236830.4073419,1000000000.0,10237918.18568365
COW,2025-04-13 15:00:00,1744531200000,-0.006194,0.2757,505033.0,1406242.543,139018094.14,275700000.0,0.5042,0.0736,-77.15,586.18,,504236830.4073419,1000000000.0,10237918.18568365
COW,2025-04-13 23:00:00,1744560000000,-0.006412,0.2974,537299.0,1597656.646,149960033.36,297400000.0,0.5042,0.0683,-75.35,640.19,,504236830.4073419,1000000000.0,10237918.18568365
DEEP,2024-10-15 23:00:00,1729008000000,-0.00998,0.03363,1922050.0,6392912.309,115350900.0,336300000.0,0.343,0.2648,-90.21,212.88,,3430000000.0,10000000000.0,30546730.46693542
DEEP,2024-10-16 03:00:00,1729022400000,-0.01001,0.03331,818644.0,2671732.907,114253300.0,333100000.0,0.343,0.2674,-90.3,209.9,,3430000000.0,10000000000.0,30546730.46693542
DEEP,2024-10-16 07:00:00,1729036800000,-0.010003,0.034,416708.0,1338313.521,116620000.0,340000000.0,0.343,0.2619,-90.1,216.32,,3430000000.0,10000000000.0,30546730.46693542
DEEP,2024-10-16 11:00:00,1729051200000,-0.009986,0.03489,993169.0,3603039.342,119672700.0,348900000.0,0.343,0.2553,-89.84,224.6,,3430000000.0,10000000000.0,30546730.46693542
DEEP,2024-10-16 15:00:00,1729065600000,-0.009997,0.03256,694439.0,2386944.541,111680800.0,325600000.0,0.343,0.2735,-90.52,202.93,,3430000000.0,10000000000.0,30546730.46693542
DEEP,2024-10-16 19:00:00,1729080000000,-0.00998,0.02824,1675661.0,4818005.725,96863200.0,282400000.0,0.343,0.3154,-91.78,162.73,,3430000000.0,10000000000.0,30546730.46693542
DEEP,2024-10-16 23:00:00,1729094400000,-0.009922,0.02923,1240321.0,3654722.272,100258900.0,292300000.0,0.343,0.3047,-91.49,171.94,,3430000000.0,10000000000.0,30546730.46693542
DEEP,2024-10-17 03:00:00,1729108800000,-0.009922,0.03154,1011939.0,3275121.561,108182200.0,315400000.0,0.343,0.2824,-90.82,193.44,,3430000000.0,10000000000.0,30546730.46693542
DEEP,2024-10-17 07:00:00,1729123200000,-0.009922,0.03477,621599.0,2094757.959,119261100.0,347700000.0,0.343,0.2561,-89.88,223.49,,3430000000.0,10000000000.0,30546730.46693542
DEEP,2024-10-20 07:00:00,1729382400000,-0.007082,0.05928,1440157.0,8217820.309,203330400.0,592800000.0,0.343,0.1502,-82.74,451.52,,3430000000.0,10000000000.0,30546730.46693542
DEEP,2024-10-20 15:00:00,1729411200000,-0.008405,0.07454,6205002.0,52362193.062,255672200.0,745400000.0,0.343,0.1195,-78.3,593.49,,3430000000.0,10000000000.0,30546730.46693542
DEEP,2024-10-27 23:00:00,1730044800000,-0.014498,0.04752,779567.0,3867698.127,162993600.0,475200000.0,0.343,0.1874,-86.17,342.11,,3430000000.0,10000000000.0,30546730.46693542
DEEP,2025-04-16 15:00:00,1744790400000,-0.00541,0.07781,147675.0,1238329.952,266888300.0,778100000.0,0.343,0.1145,-77.35,623.91,,3430000000.0,10000000000.0,30546730.46693542
DEEP,2025-04-22 15:00:00,1745308800000,-0.007843,0.11542,967901.0,11739094.615,395890600.0,1154200000.0,0.343,0.0772,-66.4,973.82,,3430000000.0,10000000000.0,30546730.46693542
FLM,2025-04-20 23:00:00,1745164800000,-0.006103,0.0224,116875364.0,2782842.3046,12426991.49,12426991.49,1.0,0.2094,-98.2,64.59,,554776405.7914547,554776405.7914547,2602415.98596282
FLM,2025-04-25 15:00:00,1745568000000,-0.013658,0.03059,118019403.0,3688958.35682,16970610.25,16970610.25,1.0,0.1533,-97.54,124.77,,554776405.7914547,554776405.7914547,2602415.98596282
FLM,2025-04-26 03:00:00,1745611200000,-0.012328,0.03389,167996468.0,5769225.70515,18801372.39,18801372.39,1.0,0.1384,-97.27,149.02,,554776405.7914547,554776405.7914547,2602415.98596282
FLM,2025-04-26 07:00:00,1745625600000,-0.006083,0.0316,35040423.0,1139328.07588,17530934.42,17530934.42,1.0,0.1484,-97.46,132.19,,554776405.7914547,554776405.7914547,2602415.98596282
FIS,2025-04-22 23:00:00,1745337600000,-0.010031,0.2342,2212971.0,5173838.448,27775577.09,36052395.73,0.7704,0.3738,-95.14,216.2,,118597681.848,153938495.848,10383192.38980929
FIS,2025-04-23 03:00:00,1745352000000,-0.010022,0.22,870290.0,1961739.983,26091490.01,33866469.09,0.7704,0.398,-95.43,197.03,,118597681.848,153938495.848,10383192.38980929
FIS,2025-04-23 07:00:00,1745366400000,-0.00996,0.1915,430929.0,857240.512,22711456.07,29479221.95,0.7704,0.4572,-96.03,158.55,,118597681.848,153938495.848,10383192.38980929
FIS,2025-07-07 23:00:00,1751904000000,-0.007316,0.12115,6851277.0,8524668.8375,14368109.16,18649648.77,0.7704,0.7227,-97.49,63.57,,118597681.848,153938495.848,10383192.38980929
FIS,2025-07-08 15:00:00,1751961600000,-0.009615,0.14474,6713430.0,9623943.4243,17165828.47,22281057.89,0.7704,0.6049,-97.0,95.42,,118597681.848,153938495.848,10383192.38980929
FIS,2025-07-08 19:00:00,1751976000000,-0.005306,0.1322,4076718.0,5429119.8549,15678613.54,20350669.15,0.7704,0.6623,-97.26,78.49,,118597681.848,153938495.848,10383192.38980929
FIS,2025-07-27 03:00:00,1753560000000,-0.007372,0.16775,13254531.0,20611004.029,19894761.13,25823182.68,0.7704,0.5219,-96.52,126.48,,118597681.848,153938495.848,10383192.38980929
FLOKI,2024-08-29 23:00:00,1724947200000,-0.008218,0.00013617,1693736.0,24567957.312,1299091702.15,1315223420.66,0.9877,0.0799,-60.67,680750.0,,9540219594283.203,9658687087202.658,103746524.02379012
FLOKI,2024-08-30 07:00:00,1724976000000,-0.020373,0.00012694,1411585.0,18315840.61,1211035475.3,1226073738.85,0.9877,0.0857,-63.34,634600.0,,9540219594283.203,9658687087202.658,103746524.02379012
FLOKI,2024-12-15 07:00:00,1734220800000,-0.006252,0.00022968,771877.0,18123752.234,2191197636.41,2218407250.19,0.9877,0.0473,-33.66,1148300.0,,9540219594283.203,9658687087202.658,103746524.02379012
FLOKI,2025-02-20 07:00:00,1740009600000,-0.007279,9.517e-05,2316168.0,22021814.804,907942698.79,919217250.09,0.9877,0.1143,-72.51,475750.0,,9540219594283.203,9658687087202.658,103746524.02379012
ELDE,2025-05-27 19:00:00,1748347200000,-0.005027,0.1944,7910561.0,1408286.4555,23797799.68,77760000.0,0.306,0.1146,-26.47,1837.28,,122416665.0,400000000.0,2728346.59813341
ELDE,2025-05-27 23:00:00,1748361600000,-0.00512,0.2156,14991918.0,3470217.3918,26393032.97,86240000.0,0.306,0.1034,-18.45,2048.55,,122416665.0,400000000.0,2728346.59813341
ELDE,2025-05-28 03:00:00,1748376000000,-0.005022,0.2277,6495178.0,1436720.0219,27874274.62,91080000.0,0.306,0.0979,-13.87,2169.13,,122416665.0,400000000.0,2728346.59813341
ELDE,2025-05-28 07:00:00,1748390400000,-0.00512,0.202,7160393.0,1613938.8634,24728166.33,80800000.0,0.306,0.1103,-23.59,1913.02,,122416665.0,400000000.0,2728346.59813341
ELDE,2025-05-28 11:00:00,1748404800000,-0.005031,0.206,9920657.0,2089588.8986,25217832.99,82400000.0,0.306,0.1082,-22.08,1952.88,,122416665.0,400000000.0,2728346.59813341
ELDE,2025-05-28 15:00:00,1748419200000,-0.005058,0.2043,6034799.0,1249437.8257,25009724.66,81720000.0,0.306,0.1091,-22.72,1935.94,,122416665.0,400000000.0,2728346.59813341
ELDE,2025-05-28 19:00:00,1748433600000,-0.005033,0.2062,5289933.0,1079392.6689,25242316.32,82480000.0,0.306,0.1081,-22.0,1954.88,,122416665.0,400000000.0,2728346.59813341
ELDE,2025-05-28 23:00:00,1748448000000,-0.005022,0.2023,2637586.0,548879.4757,24764891.33,80920000.0,0.306,0.1102,-23.48,1916.01,,122416665.0,400000000.0,2728346.59813341
ELDE,2025-05-29 03:00:00,1748462400000,-0.005024,0.2013,1618904.0,330979.789,24642474.66,80520000.0,0.306,0.1107,-23.86,1906.05,,122416665.0,400000000.0,2728346.59813341
ELDE,2025-05-29 07:00:00,1748476800000,-0.005057,0.1939,1017473.0,203724.9293,23736591.34,77560000.0,0.306,0.1149,-26.66,1832.3,,122416665.0,400000000.0,2728346.59813341
ELDE,2025-05-29 11:00:00,1748491200000,-0.005047,0.1754,2515740.0,459606.9674,21471883.04,70160000.0,0.306,0.1271,-33.65,1647.94,,122416665.0,400000000.0,2728346.59813341
ELDE,2025-05-29 15:00:00,1748505600000,-0.005029,0.1495,7397490.0,1158547.7816,18301291.42,59800000.0,0.306,0.1491,-43.45,1389.84,,122416665.0,400000000.0,2728346.59813341
ELDE,2025-05-30 03:00:00,1748548800000,-0.005015,0.1511,12658857.0,2108607.7102,18497158.08,60440000.0,0.306,0.1475,-42.84,1405.78,,122416665.0,400000000.0,2728346.59813341
ELDE,2025-05-30 11:00:00,1748577600000,-0.005001,0.1448,1161792.0,171931.2246,17725933.09,57920000.0,0.306,0.1539,-45.23,1343.0,,122416665.0,400000000.0,2728346.59813341
ELDE,2025-05-30 23:00:00,1748620800000,-0.005008,0.1225,31367467.0,3893500.0405,14996041.46,49000000.0,0.306,0.1819,-53.66,1120.77,,122416665.0,400000000.0,2728346.59813341
AIN,2025-07-05 19:00:00,1751716800000,-0.007676,0.04563,3849114.0,1859866.2277,8455239.0,45630000.0,0.1853,0.6595,-77.81,103.47,,185300000.0,1000000000.0,5576036.95450468
AIN,2025-07-05 23:00:00,1751731200000,-0.025072,0.0511,1708734.0,826820.6165,9468830.0,51100000.0,0.1853,0.5889,-75.16,127.86,,185300000.0,1000000000.0,5576036.95450468
AIN,2025-07-06 03:00:00,1751745600000,-0.02508,0.0483,850815.0,413316.0506,8949990.0,48300000.0,0.1853,0.623,-76.52,115.37,,185300000.0,1000000000.0,5576036.95450468
AIN,2025-07-06 07:00:00,1751760000000,-0.023204,0.05443,418916.0,212796.7782,10085879.0,54430000.0,0.1853,0.5529,-73.54,142.71,,185300000.0,1000000000.0,5576036.95450468
AIN,2025-07-06 11:00:00,1751774400000,-0.025073,0.06618,2051258.0,1300973.0169,12263154.0,66180000.0,0.1853,0.4547,-67.82,195.1,,185300000.0,1000000000.0,5576036.95450468
AIN,2025-07-06 15:00:00,1751788800000,-0.025051,0.0668,1340959.0,859126.6708,12378040.0,66800000.0,0.1853,0.4505,-67.52,197.87,,185300000.0,1000000000.0,5576036.95450468
AIN,2025-07-06 19:00:00,1751803200000,-0.021451,0.05735,844126.0,509109.3754,10626955.0,57350000.0,0.1853,0.5247,-72.12,155.73,,185300000.0,1000000000.0,5576036.95450468
AIN,2025-07-06 23:00:00,1751817600000,-0.009169,0.0602,500762.0,287377.9602,11155060.0,60200000.0,0.1853,0.4999,-70.73,168.44,,185300000.0,1000000000.0,5576036.95450468
AIN,2025-07-07 07:00:00,1751846400000,-0.005872,0.06322,334844.0,214124.4066,11714666.0,63220000.0,0.1853,0.476,-69.26,181.9,,185300000.0,1000000000.0,5576036.95450468
AIN,2025-07-07 11:00:00,1751860800000,-0.015487,0.06005,216389.0,130675.7177,11127265.0,60050000.0,0.1853,0.5011,-70.8,167.77,,185300000.0,1000000000.0,5576036.95450468
AIN,2025-07-07 15:00:00,1751875200000,-0.005456,0.05482,197000.0,113754.3734,10158146.0,54820000.0,0.1853,0.5489,-73.35,144.45,,185300000.0,1000000000.0,5576036.95450468
AIN,2025-07-08 03:00:00,1751918400000,-0.011589,0.06767,179461.0,114869.6843,12539251.0,67670000.0,0.1853,0.4447,-67.1,201.75,,185300000.0,1000000000.0,5576036.95450468
AIN,2025-07-08 07:00:00,1751932800000,-0.011601,0.06613,138126.0,90213.9044,12253889.0,66130000.0,0.1853,0.455,-67.85,194.88,,185300000.0,1000000000.0,5576036.95450468
AIN,2025-07-08 11:00:00,1751947200000,-0.0141,0.06925,225949.0,154370.8243,12832025.0,69250000.0,0.1853,0.4345,-66.33,208.79,,185300000.0,1000000000.0,5576036.95450468
AIN,2025-07-08 15:00:00,1751961600000,-0.013885,0.0753,515260.0,390029.2879,13953090.0,75300000.0,0.1853,0.3996,-63.39,235.77,,185300000.0,1000000000.0,5576036.95450468
AIN,2025-07-08 19:00:00,1751976000000,-0.007366,0.10008,1982648.0,1893781.8474,18544824.0,100080000.0,0.1853,0.3007,-51.34,346.26,,185300000.0,1000000000.0,5576036.95450468
AIN,2025-07-08 23:00:00,1751990400000,-0.021016,0.11319,1610696.0,1817561.7575,20974107.0,113190000.0,0.1853,0.2659,-44.97,404.72,,185300000.0,1000000000.0,5576036.95450468
AIN,2025-07-09 03:00:00,1752004800000,-0.01109,0.10989,559539.0,595345.9173,20362617.0,109890000.0,0.1853,0.2738,-46.57,390.01,,185300000.0,1000000000.0,5576036.95450468
AIN,2025-07-09 07:00:00,1752019200000,-0.009463,0.10392,230797.0,243841.7939,19256376.0,103920000.0,0.1853,0.2896,-49.47,363.39,,185300000.0,1000000000.0,5576036.95450468
AIN,2025-07-09 11:00:00,1752033600000,-0.006763,0.10938,204827.0,211706.7542,20268114.0,109380000.0,0.1853,0.2751,-46.82,387.73,,185300000.0,1000000000.0,5576036.95450468
AIN,2025-07-09 15:00:00,1752048000000,-0.007607,0.11486,355483.0,404374.2516,21283558.0,114860000.0,0.1853,0.262,-44.16,412.17,,185300000.0,1000000000.0,5576036.95450468
AIN,2025-07-09 19:00:00,1752062400000,-0.010927,0.10061,175474.0,189005.5526,18643033.0,100610000.0,0.1853,0.2991,-51.08,348.63,,185300000.0,1000000000.0,5576036.95450468
AIN,2025-07-10 11:00:00,1752120000000,-0.006194,0.10127,131014.0,126891.2164,18765331.0,101270000.0,0.1853,0.2971,-50.76,351.57,,185300000.0,1000000000.0,5576036.95450468
CVC,2024-03-26 15:00:00,1711440000000,-0.01934,0.28229,72417790.0,21329131.7065,226396582.82,282290000.0,,,,,,0.0,1000000000.0,0.0
CVC,2024-03-26 23:00:00,1711468800000,-0.014691,0.26913,23735010.0,6314206.16327,215842262.69,269130000.0,,,,,,0.0,1000000000.0,0.0
CVC,2024-04-12 15:00:00,1712908800000,-0.018856,0.21849,23108566.0,5119474.58217,175228982.18,218490000.0,,,,,,0.0,1000000000.0,0.0
CVC,2024-04-14 07:00:00,1713052800000,-0.009226,0.14807,1583549.0,235920.15658,118752141.48,148070000.0,,,,,,0.0,1000000000.0,0.0
CVC,2024-04-26 15:00:00,1714118400000,-0.012783,0.16774,2961548.0,498626.84101,134527481.68,167740000.0,,,,,,0.0,1000000000.0,0.0
CVC,2024-04-26 23:00:00,1714147200000,-0.02,0.17647,10876827.0,1868614.84568,141528941.76,176470000.0,,,,,,0.0,1000000000.0,0.0
CVC,2024-04-27 07:00:00,1714176000000,-0.02,0.17025,8960934.0,1535469.7701,136540501.7,170250000.0,,,,,,0.0,1000000000.0,0.0
CVC,2024-04-27 15:00:00,1714204800000,-0.012447,0.1676,1196542.0,201340.76928,134415201.68,167600000.0,,,,,,0.0,1000000000.0,0.0
CVC,2024-04-27 23:00:00,1714233600000,-0.008021,0.17207,1162608.0,196766.43088,138000141.72,172070000.0,,,,,,0.0,1000000000.0,0.0
CVC,2024-10-04 23:00:00,1728057600000,-0.005215,0.16803,9781386.0,1613137.87859,134760061.68,168030000.0,,,,,,0.0,1000000000.0,0.0
CVC,2024-10-06 15:00:00,1728201600000,-0.01225,0.21246,66834602.0,14337172.53099,170392922.12,212460000.0,,,,,,0.0,1000000000.0,0.0
CVC,2024-10-06 23:00:00,1728230400000,-0.015,0.17915,126930561.0,24855234.92818,143678301.79,179150000.0,,,,,,0.0,1000000000.0,0.0
CVC,2024-10-07 07:00:00,1728259200000,-0.02,0.18751,29942826.0,5459465.86315,150383021.88,187510000.0,,,,,,0.0,1000000000.0,0.0
CVC,2024-10-07 15:00:00,1728288000000,-0.02,0.19932,36873215.0,7377190.08971,159854641.99,199320000.0,,,,,,0.0,1000000000.0,0.0
CVC,2024-10-07 23:00:00,1728316800000,-0.008374,0.17869,16717442.0,3057551.66198,143309381.79,178690000.0,,,,,,0.0,1000000000.0,0.0
CVC,2024-10-08 15:00:00,1728374400000,-0.005354,0.17607,7392419.0,1290931.41777,141208141.76,176070000.0,,,,,,0.0,1000000000.0,0.0
CVC,2024-12-12 23:00:00,1734019200000,-0.006409,0.2054,11515075.0,2433019.28558,164730802.05,205400000.0,,,,,,0.0,1000000000.0,0.0
CVC,2025-02-18 15:00:00,1739865600000,-0.015938,0.13385,2214714.0,291831.62452,107347701.34,133850000.0,,,,,,0.0,1000000000.0,0.0
CVC,2025-04-15 15:00:00,1744704000000,-0.005192,0.1104,4210202.0,467337.00156,88540801.1,110400000.0,,,,,,0.0,1000000000.0,0.0
FXS,2024-12-23 15:00:00,1734940800000,-0.006848,3.384,35971451.0,11795920.5772,301856768.39,337322181.08,0.8949,0.0438,-92.07,170.51,,89201172.69169754,99681495.5911336,13219502.49518153
BLUM,2025-06-27 19:00:00,1751025600000,-0.00995,0.1128,3154842.0,3543058.018,19591118.66,112800000.0,,,,,,0.0,1000000000.0,0.0
BLUM,2025-06-27 23:00:00,1751040000000,-0.020149,0.1064,1089363.0,1231666.134,18479565.83,106400000.0,,,,,,0.0,1000000000.0,0.0
BLUM,2025-06-28 00:00:00,1751043600000,-0.011056,0.1064,1089363.0,1231666.134,18479565.83,106400000.0,,,,,,0.0,1000000000.0,0.0
BLUM,2025-06-28 01:00:00,1751047200000,-0.012117,0.1064,1089363.0,1231666.134,18479565.83,106400000.0,,,,,,0.0,1000000000.0,0.0
BLUM,2025-06-28 02:00:00,1751050800000,-0.006621,0.1064,1089363.0,1231666.134,18479565.83,106400000.0,,,,,,0.0,1000000000.0,0.0
BLUM,2025-06-28 03:00:00,1751054400000,-0.021484,0.1176,351414.0,376729.504,20424783.29,117600000.0,,,,,,0.0,1000000000.0,0.0
BLUM,2025-06-28 04:00:00,1751058000000,-0.012322,0.1176,351414.0,376729.504,20424783.29,117600000.0,,,,,,0.0,1000000000.0,0.0
BLUM,2025-06-28 06:00:00,1751065200000,-0.007421,0.1176,351414.0,376729.504,20424783.29,117600000.0,,,,,,0.0,1000000000.0,0.0
BLUM,2025-06-28 07:00:00,1751068800000,-0.005567,0.1072,428051.0,460450.432,18618509.94,107200000.0,,,,,,0.0,1000000000.0,0.0
BLUM,2025-06-28 10:00:00,1751079600000,-0.011732,0.1072,428051.0,460450.432,18618509.94,107200000.0,,,,,,0.0,1000000000.0,0.0
BLUM,2025-06-28 11:00:00,1751083200000,-0.009823,0.1091,530926.0,578131.744,18948502.18,109100000.0,,,,,,0.0,1000000000.0,0.0
BLUM,2025-06-28 12:00:00,1751086800000,-0.005207,0.1091,530926.0,578131.744,18948502.18,109100000.0,,,,,,0.0,1000000000.0,0.0
BLUM,2025-06-28 13:00:00,1751090400000,-0.006396,0.1091,530926.0,578131.744,18948502.18,109100000.0,,,,,,0.0,1000000000.0,0.0
BLUM,2025-06-28 21:00:00,1751119200000,-0.006246,0.1136,572040.0,647621.767,19730062.77,113600000.0,,,,,,0.0,1000000000.0,0.0
BLUM,2025-06-29 02:00:00,1751137200000,-0.006613,0.1115,381836.0,421457.89,19365334.5,111500000.0,,,,,,0.0,1000000000.0,0.0
BLUM,2025-06-29 03:00:00,1751140800000,-0.005102,0.1086,211416.0,229712.833,18861662.12,108600000.0,,,,,,0.0,1000000000.0,0.0
BLUM,2025-06-29 05:00:00,1751148000000,-0.005447,0.1086,211416.0,229712.833,18861662.12,108600000.0,,,,,,0.0,1000000000.0,0.0
BLUM,2025-06-29 11:00:00,1751169600000,-0.005597,0.1129,182423.0,202183.972,19608486.68,112900000.0,,,,,,0.0,1000000000.0,0.0
BLUM,2025-07-02 13:00:00,1751436000000,-0.005739,0.0836,149232.0,125563.093,14519658.87,83600000.0,,,,,,0.0,1000000000.0,0.0
API3,2025-02-17 23:00:00,1739808000000,-0.005153,1.0479,1728079.0,1765807.477,90561590.75,158216861.36,0.5724,6.5438,-89.83,111.12,,86421978.0,150984694.4935871,592612457.0317189
API3,2025-03-18 03:00:00,1742241600000,-0.010173,0.8529,36106975.0,30506988.7625,73709305.04,128774845.93,0.5724,8.0399,-91.72,71.83,,86421978.0,150984694.4935871,592612457.0317189
API3,2025-03-18 07:00:00,1742256000000,-0.02,0.8042,12539690.0,10304459.6008,69500554.71,121421891.31,0.5724,8.5267,-92.2,62.02,,86421978.0,150984694.4935871,592612457.0317189
API3,2025-03-18 11:00:00,1742270400000,-0.012031,0.8268,7687598.0,6233171.4621,71453691.41,124834145.41,0.5724,8.2937,-91.98,66.57,,86421978.0,150984694.4935871,592612457.0317189
API3,2025-03-18 15:00:00,1742284800000,-0.011417,0.9341,24237237.0,22334949.6385,80726769.65,141034803.13,0.5724,7.341,-90.94,88.19,,86421978.0,150984694.4935871,592612457.0317189
API3,2025-03-18 19:00:00,1742299200000,-0.02,0.8294,17745986.0,15766129.3928,71678388.55,125226705.61,0.5724,8.2677,-91.95,67.1,,86421978.0,150984694.4935871,592612457.0317189
API3,2025-03-18 23:00:00,1742313600000,-0.009097,0.8863,15107903.0,13083708.0203,76595799.1,133817734.73,0.5724,7.7369,-91.4,78.56,,86421978.0,150984694.4935871,592612457.0317189
API3,2025-03-19 03:00:00,1742328000000,-0.019033,0.8192,7063581.0,6024493.9423,70796884.38,123686661.73,0.5724,8.3706,-92.05,65.04,,86421978.0,150984694.4935871,592612457.0317189
API3,2025-03-19 07:00:00,1742342400000,-0.005566,0.8545,4237561.0,3566838.4499,73847580.2,129016421.44,0.5724,8.0248,-91.71,72.15,,86421978.0,150984694.4935871,592612457.0317189
API3,2025-03-19 11:00:00,1742356800000,-0.015745,0.8513,12232344.0,10728233.6882,73571029.87,128533270.42,0.5724,8.055,-91.74,71.51,,86421978.0,150984694.4935871,592612457.0317189
API3,2025-03-19 15:00:00,1742371200000,-0.017553,0.8454,6739993.0,5688854.4513,73061140.2,127642460.72,0.5724,8.1112,-91.8,70.32,,86421978.0,150984694.4935871,592612457.0317189
API3,2025-03-19 19:00:00,1742385600000,-0.015129,0.8237,6278553.0,5250724.0966,71185783.28,124366092.85,0.5724,8.3249,-92.01,65.95,,86421978.0,150984694.4935871,592612457.0317189
API3,2025-03-19 23:00:00,1742400000000,-0.008069,0.843,4730521.0,3979397.0049,72853727.45,127280097.46,0.5724,8.1343,-91.82,69.84,,86421978.0,150984694.4935871,592612457.0317189
API3,2025-03-20 03:00:00,1742414400000,-0.008342,0.847,1760991.0,1479327.2183,73199415.37,127884036.24,0.5724,8.0959,-91.78,70.64,,86421978.0,150984694.4935871,592612457.0317189
API3,2025-03-20 07:00:00,1742428800000,-0.005032,0.8566,4133202.0,3530048.7708,74029066.35,129333489.3,0.5724,8.0051,-91.69,72.58,,86421978.0,150984694.4935871,592612457.0317189
API3,2025-03-20 11:00:00,1742443200000,-0.011111,0.8649,3840238.0,3297601.2159,74746368.77,130586662.27,0.5724,7.9283,-91.61,74.25,,86421978.0,150984694.4935871,592612457.0317189
API3,2025-03-20 15:00:00,1742457600000,-0.006005,0.847,2240345.0,1916277.2971,73199415.37,127884036.24,0.5724,8.0959,-91.78,70.64,,86421978.0,150984694.4935871,592612457.0317189
API3,2025-04-13 15:00:00,1744531200000,-0.009777,0.891,4284983.0,3857791.2241,77001982.4,134527362.79,0.5724,7.6961,-91.35,79.51,,86421978.0,150984694.4935871,592612457.0317189
API3,2025-04-14 19:00:00,1744632000000,-0.005025,0.7562,1652186.0,1303067.0434,65352299.76,114174625.98,0.5724,9.068,-92.66,52.35,,86421978.0,150984694.4935871,592612457.0317189
API3,2025-08-19 15:00:00,1755590400000,-0.014182,1.523,43789077.0,65110193.2742,131620672.49,229949689.71,0.5724,4.5024,-85.22,206.83,,86421978.0,150984694.4935871,592612457.0317189
API3,2025-08-19 19:00:00,1755604800000,-0.02,1.3512,31063614.0,46278063.9155,116773376.67,204010519.2,0.5724,5.0749,-86.89,172.22,,86421978.0,150984694.4935871,592612457.0317189
API3,2025-08-19 20:00:00,1755608400000,-0.013951,1.3512,31063614.0,46278063.9155,116773376.67,204010519.2,0.5724,5.0749,-86.89,172.22,,86421978.0,150984694.4935871,592612457.0317189
API3,2025-08-19 21:00:00,1755612000000,-0.010064,1.3512,31063614.0,46278063.9155,116773376.67,204010519.2,0.5724,5.0749,-86.89,172.22,,86421978.0,150984694.4935871,592612457.0317189
API3,2025-08-19 22:00:00,1755615600000,-0.006374,1.3512,31063614.0,46278063.9155,116773376.67,204010519.2,0.5724,5.0749,-86.89,172.22,,86421978.0,150984694.4935871,592612457.0317189
API3,2025-08-20 01:00:00,1755626400000,-0.006045,1.3375,14071045.0,18739583.2832,115589395.57,201942028.89,0.5724,5.1269,-87.02,169.46,,86421978.0,150984694.4935871,592612457.0317189
API3,2025-08-20 02:00:00,1755630000000,-0.00506,1.3375,14071045.0,18739583.2832,115589395.57,201942028.89,0.5724,5.1269,-87.02,169.46,,86421978.0,150984694.4935871,592612457.0317189
API3,2025-08-20 12:00:00,1755666000000,-0.005605,1.5399,13550732.0,19455057.4605,133081203.92,232501331.05,0.5724,4.453,-85.06,210.24,,86421978.0,150984694.4935871,592612457.0317189
API3,2025-08-20 14:00:00,1755673200000,-0.006949,1.5399,13550732.0,19455057.4605,133081203.92,232501331.05,0.5724,4.453,-85.06,210.24,,86421978.0,150984694.4935871,592612457.0317189
API3,2025-08-20 16:00:00,1755680400000,-0.006556,1.4431,8690027.0,12771280.489,124715556.45,217886012.62,0.5724,4.7517,-86.0,190.73,,86421978.0,150984694.4935871,592612457.0317189
CTK,2024-05-29 15:00:00,1716969600000,-0.03,1.1541,18401795.0,21328708.757,172401429.2,172419437.78,0.9999,0.0417,-70.96,,,149381708.0,149397312.0,7183077.49483815
CTK,2024-05-29 19:00:00,1716984000000,-0.03,1.1124,12476937.0,14113603.7771,166172211.98,166189569.87,0.9999,0.0432,-72.01,,,149381708.0,149397312.0,7183077.49483815
CTK,2024-05-29 23:00:00,1716998400000,-0.013027,1.1095,5917906.0,6497597.2582,165739005.03,165756317.66,0.9999,0.0433,-72.08,,,149381708.0,149397312.0,7183077.49483815
CTK,2024-05-30 03:00:00,1717012800000,-0.017037,1.0699,7442684.0,7726564.6364,159823489.39,159840184.11,0.9999,0.0449,-73.08,,,149381708.0,149397312.0,7183077.49483815
CTK,2024-05-30 07:00:00,1717027200000,-0.009678,1.0503,5142532.0,5481554.673,156895607.91,156911996.79,0.9999,0.0458,-73.57,,,149381708.0,149397312.0,7183077.49483815
CTK,2024-05-30 11:00:00,1717041600000,-0.00737,0.9038,4697825.0,4519327.9878,135011187.69,135025290.59,0.9999,0.0532,-77.26,,,149381708.0,149397312.0,7183077.49483815
CTK,2024-05-30 19:00:00,1717070400000,-0.005779,0.9077,2199640.0,2012607.8667,135593776.35,135607940.1,0.9999,0.053,-77.16,,,149381708.0,149397312.0,7183077.49483815
CTK,2024-05-30 23:00:00,1717084800000,-0.006392,0.9151,873534.0,787247.6197,136699200.99,136713480.21,0.9999,0.0525,-76.97,,,149381708.0,149397312.0,7183077.49483815
CTK,2024-06-12 03:00:00,1718136000000,-0.007783,0.8129,2442235.0,2008861.6746,121432390.43,121445074.92,0.9999,0.0592,-79.54,,,149381708.0,149397312.0,7183077.49483815
CTK,2024-06-13 23:00:00,1718294400000,-0.011119,0.8535,4636810.0,3863095.4251,127497287.78,127510605.79,0.9999,0.0563,-78.52,,,149381708.0,149397312.0,7183077.49483815
CTK,2024-06-14 03:00:00,1718308800000,-0.009327,0.827,1993051.0,1665396.7591,123538672.52,123551577.02,0.9999,0.0581,-79.19,,,149381708.0,149397312.0,7183077.49483815
CTK,2024-06-15 19:00:00,1718452800000,-0.00681,0.9016,4092716.0,3734366.1445,134682547.93,134696616.5,0.9999,0.0533,-77.31,,,149381708.0,149397312.0,7183077.49483815
CTK,2024-06-19 03:00:00,1718740800000,-0.0059,0.8377,2702518.0,2250091.5619,125137056.79,125150128.26,0.9999,0.0574,-78.92,,,149381708.0,149397312.0,7183077.49483815
CTK,2024-07-23 11:00:00,1721707200000,-0.009824,0.8258,9443090.0,7876308.4783,123359414.47,123372300.25,0.9999,0.0582,-79.22,,,149381708.0,149397312.0,7183077.49483815
CTK,2024-07-23 15:00:00,1721721600000,-0.007682,0.8235,6177228.0,5025943.6863,123015836.54,123028686.43,0.9999,0.0584,-79.28,,,149381708.0,149397312.0,7183077.49483815
CTK,2024-07-23 19:00:00,1721736000000,-0.011152,0.7851,5774711.0,4622588.5826,117279578.95,117291829.65,0.9999,0.0612,-80.24,,,149381708.0,149397312.0,7183077.49483815
CTK,2024-07-23 23:00:00,1721750400000,-0.010756,0.7526,2605850.0,2005818.0024,112424673.44,112436417.01,0.9999,0.0639,-81.06,,,149381708.0,149397312.0,7183077.49483815
CTK,2025-06-26 11:00:00,1750910400000,-0.005071,0.2766,2309236.0,631153.6225,41318980.43,41323296.5,0.9999,0.1738,-93.04,,,149381708.0,149397312.0,7183077.49483815
CTK,2025-06-29 19:00:00,1751198400000,-0.006732,0.3695,17798797.0,6347833.4732,55196541.11,55202306.78,0.9999,0.1301,-90.7,,,149381708.0,149397312.0,7183077.49483815
CTK,2025-07-22 19:00:00,1753185600000,-0.005982,0.4821,7597380.0,3724810.7476,72016921.43,72024444.12,0.9999,0.0997,-87.87,,,149381708.0,149397312.0,7183077.49483815
GHST,2025-03-30 07:00:00,1743292800000,-0.006387,0.626,101406353.0,62866888.2769,33020123.56,33020124.5,1.0,0.0904,-83.42,100.69,,52747801.21406849,52747802.71425598,2983513.65142897
EDGE,2025-04-04 03:00:00,1743710400000,-0.020056,0.0767,3209247.0,2627392.765,15571992.96,76700000.0,0.203,2.3951,-91.6,175.48,,203024680.07272863,1000000000.0,37296212.09436603
EDGE,2025-04-04 07:00:00,1743724800000,-0.020056,0.0949,2161105.0,2024522.295,19267042.14,94900000.0,0.203,1.9358,-89.6,240.84,,203024680.07272863,1000000000.0,37296212.09436603
EDGE,2025-04-04 11:00:00,1743739200000,-0.020055,0.087,2875421.0,2600227.714,17663147.17,87000000.0,0.203,2.1115,-90.47,212.47,,203024680.07272863,1000000000.0,37296212.09436603
EDGE,2025-04-04 15:00:00,1743753600000,-0.016843,0.0835,6032253.0,5290066.191,16952560.79,83500000.0,0.203,2.2,-90.85,199.9,,203024680.07272863,1000000000.0,37296212.09436603
EDGE,2025-04-04 23:00:00,1743782400000,-0.012777,0.0914,8243872.0,8031731.494,18556455.76,91400000.0,0.203,2.0099,-89.99,228.27,,203024680.07272863,1000000000.0,37296212.09436603
EDGE,2025-04-05 03:00:00,1743796800000,-0.005007,0.086,4486271.0,4016551.934,17460122.49,86000000.0,0.203,2.1361,-90.58,208.88,,203024680.07272863,1000000000.0,37296212.09436603
EDGE,2025-04-07 07:00:00,1743984000000,-0.006846,0.0522,295004.0,166891.211,10597888.3,52200000.0,0.203,3.5192,-94.28,87.48,,203024680.07272863,1000000000.0,37296212.09436603
EDGE,2025-04-07 11:00:00,1743998400000,-0.006108,0.0525,360759.0,196952.967,10658795.7,52500000.0,0.203,3.4991,-94.25,88.56,,203024680.07272863,1000000000.0,37296212.09436603
EDGE,2025-04-07 15:00:00,1744012800000,-0.005914,0.0544,262257.0,140654.004,11044542.6,54400000.0,0.203,3.3769,-94.04,95.38,,203024680.07272863,1000000000.0,37296212.09436603
EDGE,2025-04-08 11:00:00,1744084800000,-0.008211,0.0585,165260.0,94733.938,11876943.78,58500000.0,0.203,3.1402,-93.59,110.11,,203024680.07272863,1000000000.0,37296212.09436603
EDGE,2025-04-08 23:00:00,1744128000000,-0.006979,0.0445,199886.0,89424.256,9034598.26,44500000.0,0.203,4.1282,-95.13,59.83,,203024680.07272863,1000000000.0,37296212.09436603
EDGE,2025-04-09 03:00:00,1744142400000,-0.005711,0.0481,375020.0,183676.433,9765487.11,48100000.0,0.203,3.8192,-94.73,72.76,,203024680.07272863,1000000000.0,37296212.09436603
EDGE,2025-04-09 07:00:00,1744156800000,-0.01515,0.0447,154788.0,72000.613,9075203.2,44700000.0,0.203,4.1097,-95.1,60.55,,203024680.07272863,1000000000.0,37296212.09436603
EDGE,2025-04-09 15:00:00,1744185600000,-0.006339,0.0464,74590.0,35091.553,9420345.16,46400000.0,0.203,3.9591,-94.92,66.65,,203024680.07272863,1000000000.0,37296212.09436603
EDGE,2025-04-09 19:00:00,1744200000000,-0.00847,0.0599,988341.0,556889.246,12161178.34,59900000.0,0.203,3.0668,-93.44,115.14,,203024680.07272863,1000000000.0,37296212.09436603
EDGE,2025-04-09 23:00:00,1744214400000,-0.009242,0.0654,2256739.0,1472464.729,13277814.08,65400000.0,0.203,2.8089,-92.84,134.89,,203024680.07272863,1000000000.0,37296212.09436603
EDGE,2025-04-10 03:00:00,1744228800000,-0.00677,0.0799,1516764.0,1179724.576,16221671.94,79900000.0,0.203,2.2992,-91.25,186.97,,203024680.07272863,1000000000.0,37296212.09436603
EDGE,2025-04-10 07:00:00,1744243200000,-0.008436,0.0956,2409240.0,2173806.852,19409159.41,95600000.0,0.203,1.9216,-89.53,243.36,,203024680.07272863,1000000000.0,37296212.09436603
EDGE,2025-04-10 11:00:00,1744257600000,-0.020073,0.0775,3451738.0,2958989.858,15734412.71,77500000.0,0.203,2.3704,-91.51,178.35,,203024680.07272863,1000000000.0,37296212.09436603
EDGE,2025-04-10 15:00:00,1744272000000,-0.016386,0.0807,1412427.0,1144169.583,16384091.68,80700000.0,0.203,2.2764,-91.16,189.84,,203024680.07272863,1000000000.0,37296212.09436603
EDGE,2025-04-10 19:00:00,1744286400000,-0.006571,0.0681,1025342.0,765011.014,13825980.71,68100000.0,0.203,2.6975,-92.54,144.59,,203024680.07272863,1000000000.0,37296212.09436603
EDGE,2025-04-11 07:00:00,1744329600000,-0.006401,0.0828,534425.0,444659.876,16810443.51,82800000.0,0.203,2.2186,-90.93,197.39,,203024680.07272863,1000000000.0,37296212.09436603
EDGE,2025-04-11 11:00:00,1744344000000,-0.00855,0.0736,399315.0,307886.794,14942616.45,73600000.0,0.203,2.496,-91.94,164.34,,203024680.07272863,1000000000.0,37296212.09436603
EDGE,2025-06-07 15:00:00,1749283200000,-0.012325,0.1103,1059329.0,1149898.625,22393622.21,110300000.0,0.203,1.6655,-87.92,296.15,,203024680.07272863,1000000000.0,37296212.09436603
EDGE,2025-06-07 19:00:00,1749297600000,-0.014948,0.1066,939485.0,991574.79,21642430.9,106600000.0,0.203,1.7233,-88.32,282.87,,203024680.07272863,1000000000.0,37296212.09436603
EDGE,2025-06-07 23:00:00,1749312000000,-0.00617,0.1014,373443.0,380214.697,20586702.56,101400000.0,0.203,1.8117,-88.89,264.19,,203024680.07272863,1000000000.0,37296212.09436603
EDGE,2025-06-15 19:00:00,1749988800000,-0.005664,0.0884,24757.0,22075.338,17947381.72,88400000.0,0.203,2.0781,-90.32,217.5,,203024680.07272863,1000000000.0,37296212.09436603
EDGE,2025-07-05 07:00:00,1751673600000,-0.005828,0.0714,29063.0,20762.346,14495962.16,71400000.0,0.203,2.5729,-92.18,156.44,,203024680.07272863,1000000000.0,37296212.09436603
EDGE,2025-07-06 07:00:00,1751760000000,-0.005723,0.0708,32473.0,22895.641,14374147.35,70800000.0,0.203,2.5947,-92.24,154.29,,203024680.07272863,1000000000.0,37296212.09436603
AVL,2025-02-25 03:00:00,1740427200000,-0.007217,0.2755,1575493.0,457443.7075,44543941.45,44699875.22,0.9965,0.315,-80.84,144.78,,161683998.0,162250000.8,14032668.32222354
AVL,2025-02-25 07:00:00,1740441600000,-0.00783,0.3047,1599283.0,480217.5241,49265114.19,49437575.24,0.9965,0.2848,-78.81,170.73,,161683998.0,162250000.8,14032668.32222354
AVL,2025-02-25 11:00:00,1740456000000,-0.00771,0.2711,1365185.0,388626.1554,43832531.86,43985975.22,0.9965,0.3201,-81.14,140.88,,161683998.0,162250000.8,14032668.32222354
AVL,2025-02-26 03:00:00,1740513600000,-0.005234,0.299,1502732.0,446696.6199,48343515.4,48512750.24,0.9965,0.2903,-79.2,165.66,,161683998.0,162250000.8,14032668.32222354
AVL,2025-03-07 11:00:00,1741320000000,-0.015,0.5543,21803998.0,11325519.2409,89621440.09,89935175.44,0.9965,0.1566,-61.44,392.5,,161683998.0,162250000.8,14032668.32222354
AVL,2025-03-07 15:00:00,1741334400000,-0.02,0.5573,16396586.0,9021186.8344,90106492.09,90421925.45,0.9965,0.1557,-61.24,395.17,,161683998.0,162250000.8,14032668.32222354
AVL,2025-03-07 17:00:00,1741341600000,-0.02,0.5573,16396586.0,9021186.8344,90106492.09,90421925.45,0.9965,0.1557,-61.24,395.17,,161683998.0,162250000.8,14032668.32222354
AVL,2025-03-07 19:00:00,1741348800000,-0.02,0.5859,21180539.0,11888378.5621,94730654.43,95062275.47,0.9965,0.1481,-59.25,420.58,,161683998.0,162250000.8,14032668.32222354
AVL,2025-03-07 21:00:00,1741356000000,-0.02,0.5859,21180539.0,11888378.5621,94730654.43,95062275.47,0.9965,0.1481,-59.25,420.58,,161683998.0,162250000.8,14032668.32222354
AVL,2025-03-07 23:00:00,1741363200000,-0.02,0.5766,15173653.0,8966948.8412,93226993.25,93553350.46,0.9965,0.1505,-59.89,412.31,,161683998.0,162250000.8,14032668.32222354
AVL,2025-03-08 01:00:00,1741370400000,-0.02,0.5766,15173653.0,8966948.8412,93226993.25,93553350.46,0.9965,0.1505,-59.89,412.31,,161683998.0,162250000.8,14032668.32222354
AVL,2025-03-08 03:00:00,1741377600000,-0.02,0.6392,9016253.0,5541985.0838,103348411.52,103710200.51,0.9965,0.1358,-55.54,467.94,,161683998.0,162250000.8,14032668.32222354
AVL,2025-03-08 05:00:00,1741384800000,-0.02,0.6392,9016253.0,5541985.0838,103348411.52,103710200.51,0.9965,0.1358,-55.54,467.94,,161683998.0,162250000.8,14032668.32222354
AVL,2025-03-08 07:00:00,1741392000000,-0.02,0.7164,10553402.0,7282711.9125,115830416.17,116235900.57,0.9965,0.1211,-50.17,536.53,,161683998.0,162250000.8,14032668.32222354
AVL,2025-03-08 09:00:00,1741399200000,-0.02,0.7164,10553402.0,7282711.9125,115830416.17,116235900.57,0.9965,0.1211,-50.17,536.53,,161683998.0,162250000.8,14032668.32222354
AVL,2025-03-08 11:00:00,1741406400000,-0.02,0.6794,8672042.0,5944183.5767,109848108.24,110232650.54,0.9965,0.1277,-52.74,503.65,,161683998.0,162250000.8,14032668.32222354
AVL,2025-03-08 13:00:00,1741413600000,-0.018778,0.6794,8672042.0,5944183.5767,109848108.24,110232650.54,0.9965,0.1277,-52.74,503.65,,161683998.0,162250000.8,14032668.32222354
AVL,2025-03-08 15:00:00,1741420800000,-0.018218,0.6815,8839583.0,5920437.5202,110187644.64,110573375.55,0.9965,0.1274,-52.6,505.52,,161683998.0,162250000.8,14032668.32222354
AVL,2025-03-08 17:00:00,1741428000000,-0.015467,0.6815,8839583.0,5920437.5202,110187644.64,110573375.55,0.9965,0.1274,-52.6,505.52,,161683998.0,162250000.8,14032668.32222354
AVL,2025-03-08 19:00:00,1741435200000,-0.014269,0.6617,8208427.0,5273714.6795,106986301.48,107360825.53,0.9965,0.1312,-53.97,487.93,,161683998.0,162250000.8,14032668.32222354
AVL,2025-03-08 21:00:00,1741442400000,-0.011287,0.6617,8208427.0,5273714.6795,106986301.48,107360825.53,0.9965,0.1312,-53.97,487.93,,161683998.0,162250000.8,14032668.32222354
AVL,2025-03-08 23:00:00,1741449600000,-0.018836,0.6621,4548657.0,3025543.173,107050975.08,107425725.53,0.9965,0.1311,-53.95,488.28,,161683998.0,162250000.8,14032668.32222354
AVL,2025-03-09 01:00:00,1741456800000,-0.007894,0.6621,4548657.0,3025543.173,107050975.08,107425725.53,0.9965,0.1311,-53.95,488.28,,161683998.0,162250000.8,14032668.32222354
AVL,2025-03-09 03:00:00,1741464000000,-0.008092,0.6682,2864815.0,1908572.7255,108037247.46,108415450.53,0.9965,0.1299,-53.52,493.7,,161683998.0,162250000.8,14032668.32222354
AVL,2025-03-09 05:00:00,1741471200000,-0.005963,0.6682,2864815.0,1908572.7255,108037247.46,108415450.53,0.9965,0.1299,-53.52,493.7,,161683998.0,162250000.8,14032668.32222354
AVL,2025-03-09 07:00:00,1741478400000,-0.016795,0.6298,3282275.0,2129249.5516,101828581.94,102185050.5,0.9965,0.1378,-56.19,459.58,,161683998.0,162250000.8,14032668.32222354
AVL,2025-03-09 09:00:00,1741485600000,-0.008815,0.6298,3282275.0,2129249.5516,101828581.94,102185050.5,0.9965,0.1378,-56.19,459.58,,161683998.0,162250000.8,14032668.32222354
AVL,2025-03-09 11:00:00,1741492800000,-0.009571,0.6083,2823639.0,1728495.3573,98352375.98,98696675.49,0.9965,0.1427,-57.69,440.48,,161683998.0,162250000.8,14032668.32222354
AVL,2025-03-09 13:00:00,1741500000000,-0.006693,0.6083,2823639.0,1728495.3573,98352375.98,98696675.49,0.9965,0.1427,-57.69,440.48,,161683998.0,162250000.8,14032668.32222354
AVL,2025-03-09 15:00:00,1741507200000,-0.00572,0.5929,2852043.0,1697727.0633,95862442.41,96198025.47,0.9965,0.1464,-58.76,426.8,,161683998.0,162250000.8,14032668.32222354
AVL,2025-03-09 17:00:00,1741514400000,-0.006089,0.5929,2852043.0,1697727.0633,95862442.41,96198025.47,0.9965,0.1464,-58.76,426.8,,161683998.0,162250000.8,14032668.32222354
AVL,2025-03-09 19:00:00,1741521600000,-0.006495,0.5286,2661137.0,1494410.8916,85466161.34,85765350.42,0.9965,0.1642,-63.23,369.67,,161683998.0,162250000.8,14032668.32222354
AVL,2025-03-10 15:00:00,1741593600000,-0.005239,0.5938,1794821.0,984224.035,96007958.01,96344050.48,0.9965,0.1462,-58.7,427.6,,161683998.0,162250000.8,14032668.32222354
AVL,2025-03-10 19:00:00,1741608000000,-0.005045,0.5477,2282994.0,1255439.5161,88554325.7,88864325.44,0.9965,0.1585,-61.9,386.64,,161683998.0,162250000.8,14032668.32222354
AVL,2025-06-29 23:00:00,1751212800000,-0.006328,0.1511,2526098.0,370880.0874,24430452.1,24515975.12,0.9965,0.5744,-89.49,34.25,,161683998.0,162250000.8,14032668.32222354
BROCCOLIF3B,2025-05-13 03:00:00,1747080000000,-0.019213,0.02629,29823476.0,7496796.7715,26290000.0,26290000.0,1.0,0.1274,-81.07,1120.74,,1000000000.0,1000000000.0,3350514.65307733
BROCCOLIF3B,2025-05-13 11:00:00,1747108800000,-0.008626,0.02344,8124976.0,1931152.0003,23440000.0,23440000.0,1.0,0.1429,-83.13,988.4,,1000000000.0,1000000000.0,3350514.65307733
BROCCOLIF3B,2025-05-13 23:00:00,1747152000000,-0.005497,0.02377,7097786.0,1658144.9303,23770000.0,23770000.0,1.0,0.141,-82.89,1003.72,,1000000000.0,1000000000.0,3350514.65307733
BROCCOLIF3B,2025-05-14 03:00:00,1747166400000,-0.009824,0.02334,4221828.0,990960.3449,23340000.0,23340000.0,1.0,0.1436,-83.2,983.76,,1000000000.0,1000000000.0,3350514.65307733
BROCCOLIF3B,2025-05-14 11:00:00,1747195200000,-0.005854,0.02621,7246004.0,1892049.5555,26210000.0,26210000.0,1.0,0.1278,-81.13,1117.02,,1000000000.0,1000000000.0,3350514.65307733
BROCCOLIF3B,2025-05-14 15:00:00,1747209600000,-0.006609,0.02466,16651773.0,4371267.8099,24660000.0,24660000.0,1.0,0.1359,-82.25,1045.05,,1000000000.0,1000000000.0,3350514.65307733
BROCCOLIF3B,2025-05-14 23:00:00,1747238400000,-0.008287,0.0228,28802594.0,6729504.3798,22800000.0,22800000.0,1.0,0.147,-83.59,958.68,,1000000000.0,1000000000.0,3350514.65307733
BROCCOLIF3B,2025-05-15 03:00:00,1747252800000,-0.016015,0.01912,12622316.0,2676757.1183,19120000.0,19120000.0,1.0,0.1752,-86.24,787.81,,1000000000.0,1000000000.0,3350514.65307733
BROCCOLIF3B,2025-05-15 11:00:00,1747281600000,-0.005675,0.01591,9978414.0,1744333.8535,15910000.0,15910000.0,1.0,0.2106,-88.55,638.76,,1000000000.0,1000000000.0,3350514.65307733
BROCCOLIF3B,2025-05-15 19:00:00,1747310400000,-0.01264,0.02,50453610.0,10476033.8395,20000000.0,20000000.0,1.0,0.1675,-85.6,828.67,,1000000000.0,1000000000.0,3350514.65307733
BROCCOLIF3B,2025-05-15 23:00:00,1747324800000,-0.02,0.01302,75449085.0,12268240.7293,13020000.0,13020000.0,1.0,0.2573,-90.63,504.56,,1000000000.0,1000000000.0,3350514.65307733
BROCCOLIF3B,2025-05-16 00:00:00,1747328400000,-0.013289,0.01302,75449085.0,12268240.7293,13020000.0,13020000.0,1.0,0.2573,-90.63,504.56,,1000000000.0,1000000000.0,3350514.65307733
BROCCOLIF3B,2025-05-16 01:00:00,1747332000000,-0.005781,0.01302,75449085.0,12268240.7293,13020000.0,13020000.0,1.0,0.2573,-90.63,504.56,,1000000000.0,1000000000.0,3350514.65307733
BROCCOLIF3B,2025-06-08 12:00:00,1749358800000,-0.005114,0.01068,18149470.0,2004228.3164,10680000.0,10680000.0,1.0,0.3137,-92.31,395.91,,1000000000.0,1000000000.0,3350514.65307733
GOONC,2025-05-18 19:00:00,1747569600000,-0.005052,0.03233,3411774.0,9111853.528,32329865.7,32329865.72,,,-53.88,6540.04,,0.0,999995846.45,1072478.48340932
GOONC,2025-05-18 23:00:00,1747584000000,-0.005052,0.0199,3553830.0,8749813.025,19899917.34,19899917.34,,,-71.61,3987.13,,0.0,999995846.45,1072478.48340932
GOAT,2024-10-23 15:00:00,1729670400000,-0.005664,0.7201,4733261.0,30718747.321,720094193.41,720094193.41,1.0,0.0272,-46.88,3692172.04,,999991936.406184,999991936.406184,19618348.02878799
GOAT,2024-10-23 23:00:00,1729699200000,-0.008975,0.6932,3813329.0,26022946.901,693194410.32,693194410.32,1.0,0.0283,-48.86,3554243.81,,999991936.406184,999991936.406184,19618348.02878799
GOAT,2024-10-24 03:00:00,1729713600000,-0.008981,0.6483,1316906.0,8911088.597,648294772.37,648294772.37,1.0,0.0303,-52.17,3324021.6,,999991936.406184,999991936.406184,19618348.02878799
GOAT,2024-10-24 07:00:00,1729728000000,-0.0089,0.6976,2129636.0,14587725.723,697594374.84,697594374.84,1.0,0.0281,-48.54,3576804.56,,999991936.406184,999991936.406184,19618348.02878799
GORK,2025-05-03 19:00:00,1746273600000,-0.005056,0.05949,96389235.0,56712174.7094,59489636.89,59489636.89,1.0,0.1382,-32.03,1129.98,,999993896.21,999993896.21,8222418.08232267
GORK,2025-05-03 23:00:00,1746288000000,-0.00999,0.0488,48955779.0,25922695.1938,48799702.14,48799702.14,1.0,0.1685,-44.24,908.96,,999993896.21,999993896.21,8222418.08232267
GRIFFAIN,2024-12-20 23:00:00,1734710400000,-0.006265,0.2068,178339.0,367568.844,206775415.62,206775415.62,1.0,0.0161,-67.56,130569.01,,999881120.0,999881120.0,3330619.47786583
GTC,2024-02-07 15:00:00,1707292800000,-0.006026,1.133,3656345.0,415751.9688,109203896.49,113300000.0,0.9638,0.1186,-96.1,478.63,,96384727.70514555,100000000.0,12955341.32119487
FLR,2024-02-05 07:00:00,1707091200000,-0.006247,0.03129,324468.0,1005678.788,2250138556.97,3248467198.57,0.6927,0.0088,-60.74,278.66,,71912385968.91405,103818063233.21312,19853900.01057866
FLR,2024-04-03 07:00:00,1712102400000,-0.010645,0.03955,237756.0,955285.907,2844134865.07,4106004400.87,0.6927,0.007,-50.38,378.62,,71912385968.91405,103818063233.21312,19853900.01057866
FLR,2024-07-11 15:00:00,1720684800000,-0.00528,0.01914,96060.0,186369.773,1376403067.45,1987077730.28,0.6927,0.0144,-75.98,131.63,,71912385968.91405,103818063233.21312,19853900.01057866
FLR,2025-02-22 07:00:00,1740182400000,-0.00518,0.01993,19510.0,38297.197,1433213852.36,2069094000.24,0.6927,0.0139,-74.99,141.19,,71912385968.91405,103818063233.21312,19853900.01057866
GUN,2025-04-06 15:00:00,1743926400000,-0.006121,0.0581,30390246.0,18675927.921,60298116.65,581000000.0,0.1038,0.1168,-49.56,180.87,,1037833333.0,10000000000.0,7042913.42312463
HEI,2025-02-14 03:00:00,1739476800000,-0.007796,0.779,2764247.0,2405628.91,59658333.05,75388140.99,0.7913,0.0766,-42.66,234.38,,76583226.0,96775534.0,4569679.01315944
HEI,2025-02-14 11:00:00,1739505600000,-0.009993,0.788,1910348.0,1562209.072,60347582.09,76259120.79,0.7913,0.0757,-42.0,238.24,,76583226.0,96775534.0,4569679.01315944
HFT,2025-07-01 07:00:00,1751328000000,-0.007686,0.12929,21015642.0,25595494.3628,77469988.96,128947842.84,0.6008,0.2283,-94.99,198.23,,599195521.3792,997353568.2839,17685560.00371003
ELX,2025-07-19 19:00:00,1752926400000,-0.005833,0.177,48460845.0,8887485.4961,45890827.7,177000000.0,,,-76.49,141.5,,0.0,1000000000.0,11747615.84304409
ELX,2025-07-19 20:00:00,1752930000000,-0.008422,0.177,48460845.0,8887485.4961,45890827.7,177000000.0,,,-76.49,141.5,,0.0,1000000000.0,11747615.84304409
ELX,2025-07-19 22:00:00,1752937200000,-0.005055,0.177,48460845.0,8887485.4961,45890827.7,177000000.0,,,-76.49,141.5,,0.0,1000000000.0,11747615.84304409
ELX,2025-07-20 00:00:00,1752944400000,-0.00641,0.2094,32110654.0,6441177.4537,54291182.6,209400000.0,,,-72.18,185.7,,0.0,1000000000.0,11747615.84304409
ELX,2025-07-20 02:00:00,1752951600000,-0.007342,0.2094,32110654.0,6441177.4537,54291182.6,209400000.0,,,-72.18,185.7,,0.0,1000000000.0,11747615.84304409
ELX,2025-07-20 03:00:00,1752955200000,-0.005978,0.255,39073199.0,9402874.3965,66113904.32,255000000.0,,,-66.13,247.92,,0.0,1000000000.0,11747615.84304409
ELX,2025-07-20 07:00:00,1752969600000,-0.005857,0.2606,21979472.0,5505639.0735,67565817.51,260600000.0,,,-65.38,255.56,,0.0,1000000000.0,11747615.84304409
ELX,2025-07-20 08:00:00,1752973200000,-0.005323,0.2606,21979472.0,5505639.0735,67565817.51,260600000.0,,,-65.38,255.56,,0.0,1000000000.0,11747615.84304409
ELX,2025-07-20 10:00:00,1752980400000,-0.007021,0.2606,21979472.0,5505639.0735,67565817.51,260600000.0,,,-65.38,255.56,,0.0,1000000000.0,11747615.84304409
GAS,2025-01-08 23:00:00,1736352000000,-0.007763,5.26,1399944.0,7658541.336,342392230.8,90421388.28,,,,,,0.0,17190378.0,0.0
GAS,2025-01-09 11:00:00,1736395200000,-0.016957,5.89,2172569.0,12807954.929,383401186.2,101251326.42,,,,,,0.0,17190378.0,0.0
GAS,2025-01-09 15:00:00,1736409600000,-0.010038,6.206,4358346.0,26957480.114,403970757.48,106683485.87,,,,,,0.0,17190378.0,0.0
GAS,2025-01-09 19:00:00,1736424000000,-0.016449,5.603,1892848.0,11362649.911,364719328.74,96317687.93,,,,,,0.0,17190378.0,0.0
GAS,2025-01-10 07:00:00,1736467200000,-0.008204,5.377,770750.0,4351518.101,350008179.66,92432662.51,,,,,,0.0,17190378.0,0.0
GAS,2025-04-09 11:00:00,1744171200000,-0.019482,2.524,3047031.0,7656835.988,164296195.92,43388514.07,,,,,,0.0,17190378.0,0.0
GAS,2025-04-09 15:00:00,1744185600000,-0.013481,2.673,2819679.0,7255297.108,173995139.34,45949880.39,,,,,,0.0,17190378.0,0.0
GAS,2025-04-09 19:00:00,1744200000000,-0.02,2.513,3349878.0,8669048.636,163580166.54,43199419.91,,,,,,0.0,17190378.0,0.0
GAS,2025-04-09 23:00:00,1744214400000,-0.00809,2.483,956291.0,2348678.205,161627359.14,42683708.57,,,,,,0.0,17190378.0,0.0
GAS,2025-04-10 11:00:00,1744257600000,-0.02,3.028,4833623.0,14537347.189,197103360.24,52052464.58,,,,,,0.0,17190378.0,0.0
GAS,2025-04-10 15:00:00,1744272000000,-0.02,3.046,7643393.0,23281740.783,198275044.68,52361891.39,,,,,,0.0,17190378.0,0.0
GAS,2025-04-10 17:00:00,1744279200000,-0.018152,3.046,7643393.0,23281740.783,198275044.68,52361891.39,,,,,,0.0,17190378.0,0.0
GAS,2025-04-10 19:00:00,1744286400000,-0.014926,2.943,4135856.0,12430230.28,191570405.94,50591282.45,,,,,,0.0,17190378.0,0.0
GAS,2025-04-10 21:00:00,1744293600000,-0.01343,2.943,4135856.0,12430230.28,191570405.94,50591282.45,,,,,,0.0,17190378.0,0.0
GAS,2025-04-10 23:00:00,1744300800000,-0.010589,3.125,1367456.0,4100239.105,203417437.5,53719931.25,,,,,,0.0,17190378.0,0.0
GAS,2025-04-11 01:00:00,1744308000000,-0.006436,3.125,1367456.0,4100239.105,203417437.5,53719931.25,,,,,,0.0,17190378.0,0.0
GAS,2025-04-11 03:00:00,1744315200000,-0.005377,3.252,652089.0,2040289.227,211684322.16,55903109.26,,,,,,0.0,17190378.0,0.0
GAS,2025-04-11 05:00:00,1744322400000,-0.005491,3.252,652089.0,2040289.227,211684322.16,55903109.26,,,,,,0.0,17190378.0,0.0
GAS,2025-04-11 09:00:00,1744336800000,-0.011615,3.179,1380456.0,4417637.32,206932490.82,54648211.66,,,,,,0.0,17190378.0,0.0
GAS,2025-04-11 11:00:00,1744344000000,-0.006315,3.083,858119.0,2615246.01,200683507.14,52997935.37,,,,,,0.0,17190378.0,0.0
GAS,2025-08-06 03:00:00,1754424000000,-0.00546,3.375,134603.0,451344.72,219690832.5,58017525.75,,,,,,0.0,17190378.0,0.0
FORTH,2025-02-05 07:00:00,1738713600000,-0.00588,4.917,1158170.0,5472152.316,70527255.77,75219760.26,0.9376,0.063,-93.11,160.11,,14343554.15380151,15297897.14455933,4440052.74581606
FORTH,2025-02-05 15:00:00,1738742400000,-0.016387,4.911,1454546.0,7282095.44,70441194.45,75127972.88,0.9376,0.063,-93.12,159.79,,14343554.15380151,15297897.14455933,4440052.74581606
FORTH,2025-02-05 23:00:00,1738771200000,-0.00821,4.957,880339.0,4267091.736,71100997.94,75831676.15,0.9376,0.0624,-93.05,162.23,,14343554.15380151,15297897.14455933,4440052.74581606
FORTH,2025-02-06 07:00:00,1738800000000,-0.006257,4.718,149144.0,709132.348,67672888.5,72175478.73,0.9376,0.0656,-93.39,149.58,,14343554.15380151,15297897.14455933,4440052.74581606
FORTH,2025-04-07 07:00:00,1743984000000,-0.022464,2.344,,,33621290.94,35858270.91,0.9376,0.1321,-96.72,24.0,,14343554.15380151,15297897.14455933,4440052.74581606
FORTH,2025-04-07 15:00:00,1744012800000,-0.005412,2.468,2039121.0,4938907.816,35399891.65,37755210.15,0.9376,0.1254,-96.54,30.56,,14343554.15380151,15297897.14455933,4440052.74581606
FORTH,2025-04-08 07:00:00,1744070400000,-0.007465,2.212,199088.0,441716.142,31727941.79,33838948.48,0.9376,0.1399,-96.9,17.01,,14343554.15380151,15297897.14455933,4440052.74581606
FORTH,2025-04-08 15:00:00,1744099200000,-0.008414,2.509,1355406.0,3248481.978,35987977.37,38382423.94,0.9376,0.1234,-96.48,32.73,,14343554.15380151,15297897.14455933,4440052.74581606
FORTH,2025-04-08 23:00:00,1744128000000,-0.014602,2.801,8250867.0,28945909.573,40176295.18,42849409.9,0.9376,0.1105,-96.08,48.17,,14343554.15380151,15297897.14455933,4440052.74581606
FORTH,2025-04-09 07:00:00,1744156800000,-0.011925,3.087,2369523.0,7188903.836,44278551.67,47224608.49,0.9376,0.1003,-95.67,63.3,,14343554.15380151,15297897.14455933,4440052.74581606
HNT,2024-04-14 07:00:00,1713052800000,-0.007906,4.399,292690.0,129168.3837,819435225.37,819435225.37,1.0,0.0271,-92.03,1636.05,,186277614.31374395,186277614.31374395,22174285.59240222
GMX,2025-07-09 23:00:00,1752076800000,-0.005118,11.51,5754942.0,6402340.272,118186366.53,118186366.53,1.0,0.1277,-87.34,19.54,,10268146.5272292,10268146.5272292,15089563.91096419
GMX,2025-07-10 15:00:00,1752134400000,-0.005474,11.51,698068.0,798883.193,118186366.53,118186366.53,1.0,0.1277,-87.34,19.54,,10268146.5272292,10268146.5272292,15089563.91096419
GNO,2025-02-19 15:00:00,1739952000000,-0.013654,186.6,517190.0,975270.301,492447701.11,559787823.6,0.8797,0.016,-82.86,2546.7,,2639055.20423909,2999934.74597423,7882371.59112121
GNO,2025-02-25 07:00:00,1740441600000,-0.00516,158.5,15888.0,25442.79,418290249.87,475489657.24,0.8797,0.0188,-85.44,2148.14,,2639055.20423909,2999934.74597423,7882371.59112121
GNO,2025-02-25 15:00:00,1740470400000,-0.00607,161.5,98175.0,157164.593,426207415.48,484489461.47,0.8797,0.0185,-85.17,2190.69,,2639055.20423909,2999934.74597423,7882371.59112121
ERA,2025-07-17 23:00:00,1752768000000,-0.02,1.8215,11496469.0,19467358.2787,270492750.0,1821500000.0,0.1485,0.0972,-9.04,119.93,,148500000.0,1000000000.0,26288566.98569957
ERA,2025-07-18 00:00:00,1752771600000,-0.02,1.8215,11496469.0,19467358.2787,270492750.0,1821500000.0,0.1485,0.0972,-9.04,119.93,,148500000.0,1000000000.0,26288566.98569957
ERA,2025-07-18 01:00:00,1752775200000,-0.02,1.8215,11496469.0,19467358.2787,270492750.0,1821500000.0,0.1485,0.0972,-9.04,119.93,,148500000.0,1000000000.0,26288566.98569957
ERA,2025-07-18 02:00:00,1752778800000,-0.02,1.8215,11496469.0,19467358.2787,270492750.0,1821500000.0,0.1485,0.0972,-9.04,119.93,,148500000.0,1000000000.0,26288566.98569957
ERA,2025-07-18 03:00:00,1752782400000,-0.009389,1.685,14425167.0,25271777.6744,250222500.0,1685000000.0,0.1485,0.1051,-15.85,103.45,,148500000.0,1000000000.0,26288566.98569957
ERA,2025-07-18 04:00:00,1752786000000,-0.016118,1.685,14425167.0,25271777.6744,250222500.0,1685000000.0,0.1485,0.1051,-15.85,103.45,,148500000.0,1000000000.0,26288566.98569957
ERA,2025-07-18 05:00:00,1752789600000,-0.00826,1.685,14425167.0,25271777.6744,250222500.0,1685000000.0,0.1485,0.1051,-15.85,103.45,,148500000.0,1000000000.0,26288566.98569957
ERA,2025-07-18 06:00:00,1752793200000,-0.007451,1.685,14425167.0,25271777.6744,250222500.0,1685000000.0,0.1485,0.1051,-15.85,103.45,,148500000.0,1000000000.0,26288566.98569957
ERA,2025-07-18 07:00:00,1752796800000,-0.008981,1.5095,9090771.0,14118835.3496,224160750.0,1509500000.0,0.1485,0.1173,-24.62,82.26,,148500000.0,1000000000.0,26288566.98569957
ERA,2025-07-18 08:00:00,1752800400000,-0.009369,1.5095,9090771.0,14118835.3496,224160750.0,1509500000.0,0.1485,0.1173,-24.62,82.26,,148500000.0,1000000000.0,26288566.98569957
ERA,2025-07-18 10:00:00,1752807600000,-0.007403,1.5095,9090771.0,14118835.3496,224160750.0,1509500000.0,0.1485,0.1173,-24.62,82.26,,148500000.0,1000000000.0,26288566.98569957
ERA,2025-07-18 16:00:00,1752829200000,-0.005449,1.4562,5327546.0,7795169.8951,216245700.0,1456200000.0,0.1485,0.1216,-27.28,75.82,,148500000.0,1000000000.0,26288566.98569957
HOME,2025-06-10 19:00:00,1749556800000,-0.025068,0.02083,40227565.0,8734734.3713,56657600.0,208300000.0,0.272,0.2311,-57.57,16.44,,2720000000.0,10000000000.0,13091509.15566026
HOME,2025-06-12 03:00:00,1749672000000,-0.007581,0.03184,28837053.0,9200011.3754,86604800.0,318400000.0,0.272,0.1512,-35.15,77.98,,2720000000.0,10000000000.0,13091509.15566026
HOME,2025-06-13 23:00:00,1749830400000,-0.008327,0.02612,21013841.0,5644664.5336,71046400.0,261200000.0,0.272,0.1843,-46.8,46.01,,2720000000.0,10000000000.0,13091509.15566026
F,2024-12-10 23:00:00,1733846400000,-0.0075,0.0739,2283751.0,1675357.708,171267180.96,739000000.0,0.2318,0.0275,-44.12,909.89,,2317553193.0,10000000000.0,4707563.10219621
F,2025-06-18 23:00:00,1750262400000,-0.012361,0.009535,18052084.0,1687422.03916,22097869.7,95350000.0,0.2318,0.213,-92.79,30.3,,2317553193.0,10000000000.0,4707563.10219621
F,2025-06-19 03:00:00,1750276800000,-0.006235,0.00942,4586456.0,432762.20235,21831351.08,94200000.0,0.2318,0.2156,-92.88,28.73,,2317553193.0,10000000000.0,4707563.10219621
F,2025-06-19 11:00:00,1750305600000,-0.006763,0.009311,3700470.0,343661.29937,21578737.78,93110000.0,0.2318,0.2182,-92.96,27.24,,2317553193.0,10000000000.0,4707563.10219621
F,2025-06-20 11:00:00,1750392000000,-0.009902,0.009336,1404616.0,127878.82862,21636676.61,93360000.0,0.2318,0.2176,-92.94,27.58,,2317553193.0,10000000000.0,4707563.10219621
F,2025-06-20 15:00:00,1750406400000,-0.00551,0.009286,1833345.0,171050.96727,21520798.95,92860000.0,0.2318,0.2187,-92.98,26.9,,2317553193.0,10000000000.0,4707563.10219621
F,2025-06-28 15:00:00,1751097600000,-0.008209,0.00904,11233387.0,1039153.72992,20950680.86,90400000.0,0.2318,0.2247,-93.16,23.54,,2317553193.0,10000000000.0,4707563.10219621
F,2025-06-29 11:00:00,1751169600000,-0.005382,0.009227,11652834.0,1100050.06382,21384063.31,92270000.0,0.2318,0.2201,-93.02,26.09,,2317553193.0,10000000000.0,4707563.10219621
F,2025-06-29 15:00:00,1751184000000,-0.00785,0.009049,9074423.0,825083.71953,20971538.84,90490000.0,0.2318,0.2245,-93.16,23.66,,2317553193.0,10000000000.0,4707563.10219621
HAEDAL,2025-05-21 19:00:00,1747828800000,-0.008316,0.1908,39572567.0,77162034.606,42214500.0,190800000.0,0.2213,0.3054,-37.05,133.99,,221250000.0,1000000000.0,12890755.64122117
HAEDAL,2025-05-21 23:00:00,1747843200000,-0.018644,0.178,8274578.0,14863111.731,39382500.0,178000000.0,0.2213,0.3273,-41.27,118.29,,221250000.0,1000000000.0,12890755.64122117
HAEDAL,2025-05-22 19:00:00,1747915200000,-0.008165,0.1754,3267266.0,5961197.421,38807250.0,175400000.0,0.2213,0.3322,-42.13,115.1,,221250000.0,1000000000.0,12890755.64122117
GMT,2024-09-30 15:00:00,1727683200000,-0.00671,0.1477,7204128.0,11217055.884,450654457.24,886200000.0,,,,,,0.0,6000000000.0,0.0
GMT,2024-12-26 23:00:00,1735228800000,-0.00637,0.1597,11291128.0,17434559.156,487268224.93,958200000.0,,,,,,0.0,6000000000.0,0.0
GMT,2024-12-27 07:00:00,1735257600000,-0.008391,0.158,1796460.0,2735473.234,482081274.51,948000000.0,,,,,,0.0,6000000000.0,0.0
GMT,2024-12-27 15:00:00,1735286400000,-0.013691,0.1951,17596935.0,32786871.617,595278839.6,1170600000.0,,,,,,0.0,6000000000.0,0.0
GMT,2024-12-27 23:00:00,1735315200000,-0.008766,0.2019,13669928.0,27613631.967,616026641.28,1211400000.0,,,,,,0.0,6000000000.0,0.0
GMT,2024-12-28 15:00:00,1735372800000,-0.013183,0.213,20006307.0,44937479.756,649894376.39,1278000000.0,,,,,,0.0,6000000000.0,0.0
GMT,2025-04-18 23:00:00,1744992000000,-0.005017,0.0516,6981352.0,3577032.792,157439201.04,309600000.0,,,,,,0.0,6000000000.0,0.0
GMT,2025-04-19 15:00:00,1745049600000,-0.010028,0.0583,12519178.0,7257954.436,177881888.0,349800000.0,,,,,,0.0,6000000000.0,0.0
GMT,2025-04-19 23:00:00,1745078400000,-0.006451,0.0617,6225355.0,3773313.081,188255788.84,370200000.0,,,,,,0.0,6000000000.0,0.0
GMT,2025-04-20 07:00:00,1745107200000,-0.006112,0.0605,12763690.0,7900552.768,184594412.07,363000000.0,,,,,,0.0,6000000000.0,0.0
GMT,2025-04-20 15:00:00,1745136000000,-0.006777,0.0564,8578419.0,5024742.391,172084708.11,338400000.0,,,,,,0.0,6000000000.0,0.0
CLOUD,2024-07-22 07:00:00,1721606400000,-0.006837,0.295,60415.0,177804.812,138031091.48,295000000.0,,,-52.84,358.97,,0.0,1000000000.0,2509530.23392868
CLOUD,2024-07-22 15:00:00,1721635200000,-0.012351,0.3153,69081.0,208705.008,147529502.18,315300000.0,,,-49.6,390.55,,0.0,1000000000.0,2509530.23392868
CLOUD,2024-07-23 15:00:00,1721721600000,-0.00773,0.3027,20063.0,60667.433,141633936.91,302700000.0,,,-51.61,370.95,,0.0,1000000000.0,2509530.23392868
CLOUD,2024-07-23 23:00:00,1721750400000,-0.005352,0.2961,36280.0,107809.187,138545783.68,296100000.0,,,-52.67,360.68,,0.0,1000000000.0,2509530.23392868
CLOUD,2024-07-25 07:00:00,1721865600000,-0.006292,0.2666,22414.0,60471.879,124742674.53,266600000.0,,,-57.38,314.78,,0.0,1000000000.0,2509530.23392868
CLOUD,2024-07-25 15:00:00,1721894400000,-0.005732,0.2637,31210.0,82558.832,123385758.72,263700000.0,,,-57.85,310.27,,0.0,1000000000.0,2509530.23392868
CLOUD,2024-07-25 23:00:00,1721923200000,-0.006069,0.2634,26509.0,69617.766,123245388.12,263400000.0,,,-57.89,309.81,,0.0,1000000000.0,2509530.23392868
CLOUD,2024-07-26 07:00:00,1721952000000,-0.008225,0.2793,30792.0,85578.333,130685030.0,279300000.0,,,-55.35,334.54,,0.0,1000000000.0,2509530.23392868
CLOUD,2024-07-27 23:00:00,1722096000000,-0.006488,0.2867,12193.0,34879.341,134147504.83,286700000.0,,,-54.17,346.06,,0.0,1000000000.0,2509530.23392868
CLOUD,2024-07-28 07:00:00,1722124800000,-0.006085,0.2902,10332.0,29927.56,135785161.85,290200000.0,,,-53.61,351.5,,0.0,1000000000.0,2509530.23392868
CLOUD,2024-07-28 15:00:00,1722153600000,-0.007281,0.2902,31458.0,91475.171,135785161.85,290200000.0,,,-53.61,351.5,,0.0,1000000000.0,2509530.23392868
CLOUD,2024-07-29 23:00:00,1722268800000,-0.006292,0.2807,17895.0,50162.472,131340092.8,280700000.0,,,-55.13,336.72,,0.0,1000000000.0,2509530.23392868
CLOUD,2024-07-30 07:00:00,1722297600000,-0.005936,0.2809,10207.0,28521.036,131433673.2,280900000.0,,,-55.1,337.03,,0.0,1000000000.0,2509530.23392868
CLOUD,2024-08-13 15:00:00,1723536000000,-0.006763,0.1806,165432.0,301596.005,84503102.1,180600000.0,,,-71.13,180.98,,0.0,1000000000.0,2509530.23392868
CLOUD,2024-08-21 23:00:00,1724256000000,-0.006643,0.1794,1161552.0,2034405.187,83941619.7,179400000.0,,,-71.32,179.12,,0.0,1000000000.0,2509530.23392868
CLOUD,2024-08-29 23:00:00,1724947200000,-0.010824,0.2235,1497152.0,3548102.996,104576098.12,223500000.0,,,-64.27,247.73,,0.0,1000000000.0,2509530.23392868
CLOUD,2024-08-30 15:00:00,1725004800000,-0.026352,0.2645,1714204.0,4384990.451,123760080.32,264500000.0,,,-57.72,311.52,,0.0,1000000000.0,2509530.23392868
CLOUD,2024-08-30 23:00:00,1725033600000,-0.008308,0.2558,673050.0,1753568.428,119689332.88,255800000.0,,,-59.11,297.98,,0.0,1000000000.0,2509530.23392868
CLOUD,2024-08-31 07:00:00,1725062400000,-0.007294,0.2734,347578.0,931669.677,127924408.17,273400000.0,,,-56.3,325.36,,0.0,1000000000.0,2509530.23392868
CLOUD,2024-08-31 15:00:00,1725091200000,-0.005177,0.2786,483609.0,1331567.494,130357498.59,278600000.0,,,-55.46,333.45,,0.0,1000000000.0,2509530.23392868
CLOUD,2024-09-01 23:00:00,1725206400000,-0.005324,0.2881,211993.0,598349.139,134802567.64,288100000.0,,,-53.95,348.23,,0.0,1000000000.0,2509530.23392868
CLOUD,2024-09-02 07:00:00,1725235200000,-0.013691,0.2968,511474.0,1512105.278,138873315.08,296800000.0,,,-52.55,361.77,,0.0,1000000000.0,2509530.23392868
CLOUD,2024-09-02 15:00:00,1725264000000,-0.011074,0.2933,1011322.0,3043948.957,137235658.07,293300000.0,,,-53.11,356.32,,0.0,1000000000.0,2509530.23392868
CLOUD,2024-09-02 23:00:00,1725292800000,-0.007993,0.2623,276527.0,731777.872,122730695.91,262300000.0,,,-58.07,308.09,,0.0,1000000000.0,2509530.23392868
CLOUD,2025-05-29 23:00:00,1748534400000,-0.012746,0.14,2478557.0,3377924.115,65506280.7,140000000.0,,,-77.62,117.82,,0.0,1000000000.0,2509530.23392868
CLOUD,2025-05-30 07:00:00,1748563200000,-0.023997,0.1362,1080367.0,1600097.672,63728253.08,136200000.0,,,-78.23,111.9,,0.0,1000000000.0,2509530.23392868
CLOUD,2025-05-30 15:00:00,1748592000000,-0.012668,0.1204,375751.0,480787.173,56335401.4,120400000.0,,,-80.75,87.32,,0.0,1000000000.0,2509530.23392868
CLOUD,2025-06-06 23:00:00,1749225600000,-0.00567,0.1218,31378.0,38626.317,56990464.21,121800000.0,,,-80.53,89.5,,0.0,1000000000.0,2509530.23392868
CLOUD,2025-06-08 23:00:00,1749398400000,-0.005963,0.1288,101361.0,131504.004,60265778.24,128800000.0,,,-79.41,100.39,,0.0,1000000000.0,2509530.23392868
ICX,2025-05-06 07:00:00,1746489600000,-0.005737,0.1171,29634908.0,3528973.9333,,112767561.6,,,,,,0.0,963002234.0,0.0
HIGH,2024-04-28 07:00:00,1714262400000,-0.005354,4.1569,2168608.0,9138452.867,314761116.53,415690000.0,0.7572,0.0192,-89.67,1118.15,,75720156.01258035,100000000.0,6048911.27318131
HIGH,2025-04-19 15:00:00,1745049600000,-0.013173,0.528,15407652.0,7954851.7745,39980242.37,52800000.0,0.7572,0.1513,-98.69,54.73,,75720156.01258035,100000000.0,6048911.27318131
HIGH,2025-04-19 23:00:00,1745078400000,-0.0204,0.5657,24286350.0,14861123.6346,42834892.26,56570000.0,0.7572,0.1412,-98.59,65.77,,75720156.01258035,100000000.0,6048911.27318131
HIGH,2025-04-20 07:00:00,1745107200000,-0.006704,0.5797,6210087.0,3558866.2618,43894974.44,57970000.0,0.7572,0.1378,-98.56,69.88,,75720156.01258035,100000000.0,6048911.27318131
HIGH,2025-04-20 15:00:00,1745136000000,-0.005426,0.5392,2594751.0,1396413.771,40828308.12,53920000.0,0.7572,0.1482,-98.66,58.01,,75720156.01258035,100000000.0,6048911.27318131
IMX,2025-04-23 23:00:00,1745424000000,-0.005092,0.5931,2304331.0,1378136.287,1136036117.64,1186200000.0,0.9577,0.0229,-93.76,,,1915420869.389814,2000000000.0,26021601.08485706
ICNT,2025-07-03 23:00:00,1751558400000,-0.008475,0.323,21741082.0,6933636.2298,54012060.0,226100000.0,,,,,,0.0,700000000.0,0.0
ICNT,2025-07-30 23:00:00,1753891200000,-0.005773,0.204,7003873.0,1506584.1568,34112880.0,142800000.0,,,,,,0.0,700000000.0,0.0
ICNT,2025-08-02 23:00:00,1754150400000,-0.0059,0.2325,15115309.0,3515761.8014,38878650.0,162750000.0,,,,,,0.0,700000000.0,0.0
ICNT,2025-08-03 03:00:00,1754164800000,-0.007562,0.2069,7249228.0,1529384.0112,34597818.0,144830000.0,,,,,,0.0,700000000.0,0.0
ICNT,2025-08-06 23:00:00,1754496000000,-0.005841,0.2821,2924096.0,797799.9575,47172762.0,197470000.0,,,,,,0.0,700000000.0,0.0
IQ,2024-12-02 07:00:00,1733097600000,-0.005711,0.008797,4265.0,38321.501,199834055.9,199834055.9,1.0,0.0096,-88.51,1309.58,,22716159587.929,22716159587.929,1926093.68526605
HIFI,2025-05-09 07:00:00,1746748800000,-0.007459,0.1685,1247895.0,2174754.291,23897215.62,28109715.62,0.8501,0.5223,-93.53,161.5,,141823238.11266193,166823238.11266193,12481851.85261356
HIFI,2025-05-09 23:00:00,1746806400000,-0.007778,0.1668,899138.0,1517746.965,23656116.12,27826116.12,0.8501,0.5276,-93.6,158.86,,141823238.11266193,166823238.11266193,12481851.85261356
HIFI,2025-05-10 03:00:00,1746820800000,-0.007498,0.1709,564783.0,948569.494,24237591.39,28510091.39,0.8501,0.515,-93.44,165.22,,141823238.11266193,166823238.11266193,12481851.85261356
HIFI,2025-05-10 07:00:00,1746835200000,-0.006607,0.1603,921674.0,1501264.353,22734265.07,26741765.07,0.8501,0.549,-93.85,148.77,,141823238.11266193,166823238.11266193,12481851.85261356
HIFI,2025-05-10 11:00:00,1746849600000,-0.005435,0.157,679123.0,1072955.529,22266248.38,26191248.38,0.8501,0.5606,-93.97,143.65,,141823238.11266193,166823238.11266193,12481851.85261356
HIFI,2025-05-10 15:00:00,1746864000000,-0.006498,0.1588,1265482.0,1986129.535,22521530.21,26491530.21,0.8501,0.5542,-93.91,146.44,,141823238.11266193,166823238.11266193,12481851.85261356
HIFI,2025-05-10 19:00:00,1746878400000,-0.007438,0.1474,2051395.0,3101064.103,20904745.3,24589745.3,0.8501,0.5971,-94.34,128.75,,141823238.11266193,166823238.11266193,12481851.85261356
HIFI,2025-05-10 23:00:00,1746892800000,-0.007054,0.1498,837652.0,1241335.277,21245121.07,24990121.07,0.8501,0.5875,-94.25,132.48,,141823238.11266193,166823238.11266193,12481851.85261356
HIFI,2025-05-11 03:00:00,1746907200000,-0.005091,0.1508,578412.0,869536.168,21386944.31,25156944.31,0.8501,0.5836,-94.21,134.03,,141823238.11266193,166823238.11266193,12481851.85261356
JELLYJELLY,2025-02-16 11:00:00,1739678400000,-0.005271,0.00686,4399265.0,320689.1348,6859993.82,6859993.82,1.0,0.3747,-97.08,84.88,,999999099.0,999999099.0,2570730.41998558
JELLYJELLY,2025-03-12 03:00:00,1741723200000,-0.011672,0.00497,3449349.0,172730.4346,4969995.52,4969995.52,1.0,0.5173,-97.88,33.94,,999999099.0,999999099.0,2570730.41998558
JELLYJELLY,2025-03-26 23:00:00,1743004800000,-0.01528,0.02075,72828301.0,16959320.0359,20749981.3,20749981.3,1.0,0.1239,-91.16,459.22,,999999099.0,999999099.0,2570730.41998558
HOLD,2025-01-26 23:00:00,1737907200000,-0.005035,0.0027135,11400192.0,38552939.1339,27135000.0,27135000.0,,,-42.71,6650.17,,0.0,10000000000.0,35473.66234362
HOLD,2025-01-27 03:00:00,1737921600000,-0.005021,0.0021642,6204015.0,14494373.7256,21642000.0,21642000.0,,,-54.31,5283.72,,0.0,10000000000.0,35473.66234362
HOLD,2025-01-27 07:00:00,1737936000000,-0.005025,0.0022666,3699186.0,6844026.6138,22666000.0,22666000.0,,,-52.15,5538.45,,0.0,10000000000.0,35473.66234362
HOLD,2025-01-27 11:00:00,1737950400000,-0.005019,0.0020709,2487724.0,4807476.9421,20709000.0,20709000.0,,,-56.28,5051.62,,0.0,10000000000.0,35473.66234362
HOLD,2025-01-27 15:00:00,1737964800000,-0.005017,0.001472,2417665.0,4330739.4985,14720000.0,14720000.0,,,-68.92,3561.78,,0.0,10000000000.0,35473.66234362
J,2025-08-09 19:00:00,1754740800000,-0.00804,0.1309,48373927.0,6568347.9526,21075938.69,130900000.0,0.161,0.2781,-86.89,48.09,,161007935.0,1000000000.0,5862041.77717083
JTO,2025-02-21 15:00:00,1740124800000,-0.007439,3.3274,3527520.0,11382568.2921,1224024162.54,3327398926.91,0.3679,0.0354,-40.67,520.52,,367862043.2,999999677.4986174,43320043.62409259
JST,2024-08-04 07:00:00,1722729600000,-0.007145,0.02664,12329.0,32768.13,263736000.0,263736000.0,1.0,0.1006,-87.21,458.94,,9900000000.0,9900000000.0,26519443.17538768
JST,2024-08-05 15:00:00,1722844800000,-0.008954,0.02418,31197.0,77232.844,239382000.0,239382000.0,1.0,0.1108,-88.39,407.33,,9900000000.0,9900000000.0,26519443.17538768
JST,2025-02-03 15:00:00,1738569600000,-0.005421,0.03223,15900.0,51071.049,319077000.0,319077000.0,1.0,0.0831,-84.52,576.23,,9900000000.0,9900000000.0,26519443.17538768
JST,2025-02-06 07:00:00,1738800000000,-0.007455,0.03317,74092.0,243901.563,328383000.0,328383000.0,1.0,0.0808,-84.07,595.95,,9900000000.0,9900000000.0,26519443.17538768
JST,2025-02-06 23:00:00,1738857600000,-0.007155,0.03243,53944.0,173806.839,321057000.0,321057000.0,1.0,0.0826,-84.43,580.43,,9900000000.0,9900000000.0,26519443.17538768
IOST,2025-01-09 15:00:00,1736409600000,-0.008496,0.007821,4766679.0,3646581.7511,214632656.74,362837716.82,0.5915,0.0316,-94.27,400.69,,27443121946.0,46392752438.0,6775846.42294516
IOST,2025-01-09 23:00:00,1736438400000,-0.008852,0.007718,4592320.0,3588712.9446,211806015.18,358059263.32,0.5915,0.032,-94.35,394.1,,27443121946.0,46392752438.0,6775846.42294516
IOST,2025-01-10 07:00:00,1736467200000,-0.007918,0.007667,3144046.0,2484977.1837,210406415.96,355693232.94,0.5915,0.0322,-94.38,390.83,,27443121946.0,46392752438.0,6775846.42294516
IOST,2025-03-10 23:00:00,1741622400000,-0.02,0.005236,9259494.0,4739776.0328,143692186.51,242912451.77,0.5915,0.0472,-96.16,235.2,,27443121946.0,46392752438.0,6775846.42294516
IOST,2025-03-11 07:00:00,1741651200000,-0.02,0.00502,11097025.0,5523589.3174,137764472.17,232891617.24,0.5915,0.0492,-96.32,221.37,,27443121946.0,46392752438.0,6775846.42294516
IOST,2025-03-11 15:00:00,1741680000000,-0.011002,0.00501,4010221.0,1978774.7753,137490040.95,232427689.71,0.5915,0.0493,-96.33,220.73,,27443121946.0,46392752438.0,6775846.42294516
IOST,2025-03-11 23:00:00,1741708800000,-0.010368,0.005047,6865320.0,3424665.703,138505436.46,234144221.55,0.5915,0.0489,-96.3,223.1,,27443121946.0,46392752438.0,6775846.42294516
IOST,2025-03-12 07:00:00,1741737600000,-0.006498,0.004789,4439894.0,2199909.0868,131425111.0,222174891.43,0.5915,0.0516,-96.49,206.59,,27443121946.0,46392752438.0,6775846.42294516
IOST,2025-03-12 15:00:00,1741766400000,-0.007321,0.004827,1389560.0,668491.981,132467949.63,223937816.02,0.5915,0.0512,-96.46,209.02,,27443121946.0,46392752438.0,6775846.42294516
IOST,2025-03-14 23:00:00,1741968000000,-0.008748,0.005489,4319717.0,2369387.7236,150635296.36,254649818.13,0.5915,0.045,-95.98,251.4,,27443121946.0,46392752438.0,6775846.42294516
IOST,2025-03-15 07:00:00,1741996800000,-0.014081,0.004902,17484269.0,8456593.0503,134526183.78,227417272.45,0.5915,0.0504,-96.41,213.82,,27443121946.0,46392752438.0,6775846.42294516
KERNEL,2025-04-16 15:00:00,1744790400000,-0.01184,0.2574,23349581.0,6379936.175,57316535.48,257400000.0,0.2227,2.0652,-44.6,174.92,,222674963.0,1000000000.0,118368579.67547636
KERNEL,2025-04-17 11:00:00,1744862400000,-0.009563,0.2468,12822492.0,3218550.83,54956180.87,246800000.0,0.2227,2.1539,-46.88,163.6,,222674963.0,1000000000.0,118368579.67547636
KERNEL,2025-07-26 03:00:00,1753473600000,-0.005805,0.2411,36748353.0,8567701.6244,53686933.58,241100000.0,0.2227,2.2048,-48.11,157.51,,222674963.0,1000000000.0,118368579.67547636
KEKIUS,2025-05-17 07:00:00,1747440000000,-0.010001,0.04802,31992790.0,15820455.7579,48020000.0,48020000.0,1.0,0.0642,-87.87,117232.18,,1000000000.0,1000000000.0,3085168.71371088
KEKIUS,2025-05-17 15:00:00,1747468800000,-0.00504,0.0552,28761325.0,16015109.7253,55200000.0,55200000.0,1.0,0.0559,-86.05,134775.8,,1000000000.0,1000000000.0,3085168.71371088
KEKIUS,2025-05-17 19:00:00,1747483200000,-0.00504,0.05418,29331821.0,15925118.7074,54180000.0,54180000.0,1.0,0.0569,-86.31,132283.53,,1000000000.0,1000000000.0,3085168.71371088
KEKIUS,2025-05-17 23:00:00,1747497600000,-0.005027,0.04869,15004733.0,7630694.2617,48690000.0,48690000.0,1.0,0.0634,-87.7,118869.25,,1000000000.0,1000000000.0,3085168.71371088
KEKIUS,2025-05-18 03:00:00,1747512000000,-0.00504,0.04522,8501221.0,4000575.9928,45220000.0,45220000.0,1.0,0.0682,-88.57,110390.65,,1000000000.0,1000000000.0,3085168.71371088
ID,2024-02-07 15:00:00,1707292800000,-0.029931,0.4735,5744689.0,26591557.743,514760570.01,944724875.46,0.5449,0.024,-74.12,251.08,,1087139535.4004354,1995195090.733769,12372714.77240687
ID,2024-02-07 23:00:00,1707321600000,-0.03,0.4964,7221969.0,35804731.564,539656065.37,990414843.04,0.5449,0.0229,-72.86,268.06,,1087139535.4004354,1995195090.733769,12372714.77240687
ID,2024-02-08 07:00:00,1707350400000,-0.011558,0.5114,2516809.0,12849232.444,555963158.4,1020342769.4,0.5449,0.0223,-72.04,279.18,,1087139535.4004354,1995195090.733769,12372714.77240687
ID,2024-02-08 15:00:00,1707379200000,-0.009093,0.5126,3267807.0,16535505.03,557267725.85,1022737003.51,0.5449,0.0222,-71.98,280.07,,1087139535.4004354,1995195090.733769,12372714.77240687
ID,2025-02-17 15:00:00,1739779200000,-0.007513,0.3112,447164.0,1374483.671,338317823.42,620904712.24,0.5449,0.0366,-82.99,130.74,,1087139535.4004354,1995195090.733769,12372714.77240687
ID,2025-03-12 15:00:00,1741766400000,-0.00678,0.2262,622974.0,1409340.569,245910962.91,451313129.52,0.5449,0.0503,-87.63,67.72,,1087139535.4004354,1995195090.733769,12372714.77240687
GPS,2025-02-05 15:00:00,1738742400000,-0.005062,0.15404,3864681.0,5730096.2383,405403709.59,1540400000.0,0.2632,0.0138,-30.03,1122.52,,2631808034.182011,10000000000.0,5608514.24667457
GPS,2025-02-05 19:00:00,1738756800000,-0.005047,0.14117,505650.0,765567.048,371532340.19,1411700000.0,0.2632,0.0151,-35.87,1020.38,,2631808034.182011,10000000000.0,5608514.24667457
GPS,2025-02-05 23:00:00,1738771200000,-0.005074,0.16449,536229.0,824467.0082,432906103.54,1644900000.0,0.2632,0.013,-25.28,1205.45,,2631808034.182011,10000000000.0,5608514.24667457
GPS,2025-02-06 03:00:00,1738785600000,-0.005042,0.16338,502750.0,819165.7855,429984796.62,1633800000.0,0.2632,0.013,-25.79,1196.64,,2631808034.182011,10000000000.0,5608514.24667457
GPS,2025-02-06 07:00:00,1738800000000,-0.005072,0.17082,310897.0,517782.0007,449565448.4,1708200000.0,0.2632,0.0125,-22.41,1255.69,,2631808034.182011,10000000000.0,5608514.24667457
GPS,2025-02-06 11:00:00,1738814400000,-0.005068,0.175,303804.0,512597.5068,460566405.98,1750000000.0,0.2632,0.0122,-20.51,1288.86,,2631808034.182011,10000000000.0,5608514.24667457
GPS,2025-02-18 07:00:00,1739836800000,-0.019078,0.1126,811205.0,971161.5622,296341584.65,1126000000.0,0.2632,0.0189,-48.85,793.63,,2631808034.182011,10000000000.0,5608514.24667457
GPS,2025-02-18 11:00:00,1739851200000,-0.007739,0.1118,679952.0,768229.997,294236138.22,1118000000.0,0.2632,0.0191,-49.22,787.29,,2631808034.182011,10000000000.0,5608514.24667457
GPS,2025-02-18 19:00:00,1739880000000,-0.009351,0.1189,551930.0,660018.483,312921975.26,1189000000.0,0.2632,0.0179,-45.99,843.63,,2631808034.182011,10000000000.0,5608514.24667457
GPS,2025-02-18 23:00:00,1739894400000,-0.008227,0.11,857002.0,982268.274,289498883.76,1100000000.0,0.2632,0.0194,-50.03,773.0,,2631808034.182011,10000000000.0,5608514.24667457
GPS,2025-02-19 03:00:00,1739908800000,-0.005845,0.1182,439552.0,497503.749,311079709.64,1182000000.0,0.2632,0.018,-46.31,838.08,,2631808034.182011,10000000000.0,5608514.24667457
GPS,2025-02-19 15:00:00,1739952000000,-0.005888,0.1364,986510.0,1324741.331,358978615.86,1364000000.0,0.2632,0.0156,-38.04,982.52,,2631808034.182011,10000000000.0,5608514.24667457
GPS,2025-02-19 19:00:00,1739966400000,-0.005168,0.1274,884518.0,1174593.753,335292343.55,1274000000.0,0.2632,0.0167,-42.13,911.09,,2631808034.182011,10000000000.0,5608514.24667457
GPS,2025-02-20 07:00:00,1740009600000,-0.006723,0.132,300839.0,377538.086,347398660.51,1320000000.0,0.2632,0.0161,-40.04,947.6,,2631808034.182011,10000000000.0,5608514.24667457
GPS,2025-02-20 11:00:00,1740024000000,-0.008305,0.1238,396464.0,517011.079,325817834.63,1238000000.0,0.2632,0.0172,-43.76,882.52,,2631808034.182011,10000000000.0,5608514.24667457
GPS,2025-06-20 19:00:00,1750420800000,-0.009104,0.02781,32084211.0,9236883.9413,73190581.43,278100000.0,0.2632,0.0766,-87.37,120.71,,2631808034.182011,10000000000.0,5608514.24667457
GPS,2025-06-20 23:00:00,1750435200000,-0.005606,0.02888,9927455.0,2852180.6943,76006616.03,288800000.0,0.2632,0.0738,-86.88,129.2,,2631808034.182011,10000000000.0,5608514.24667457
GODS,2024-07-17 07:00:00,1721174400000,-0.015,0.2744,13728540.0,3464500.8866,106368111.71,137200000.0,0.7753,0.0367,-96.89,327.07,,387638891.0649,500000000.0,3903924.56070795
GODS,2024-07-17 15:00:00,1721203200000,-0.015,0.2746,25579130.0,6826074.6452,106445639.49,137300000.0,0.7753,0.0367,-96.89,327.38,,387638891.0649,500000000.0,3903924.56070795
GODS,2024-07-17 23:00:00,1721232000000,-0.03,0.3685,100806845.0,35291419.1076,142844931.36,184250000.0,0.7753,0.0273,-95.82,473.52,,387638891.0649,500000000.0,3903924.56070795
GODS,2024-07-18 07:00:00,1721260800000,-0.03,0.3994,48599297.0,19931383.2034,154822973.09,199700000.0,0.7753,0.0252,-95.47,521.61,,387638891.0649,500000000.0,3903924.56070795
GODS,2024-07-18 15:00:00,1721289600000,-0.005966,0.3673,36906737.0,13536870.4152,142379764.69,183650000.0,0.7753,0.0274,-95.84,471.65,,387638891.0649,500000000.0,3903924.56070795
GODS,2025-02-08 15:00:00,1739001600000,-0.015,0.1688,32207618.0,5655848.558,65433444.81,84400000.0,0.7753,0.0597,-98.09,162.71,,387638891.0649,500000000.0,3903924.56070795
GODS,2025-02-08 23:00:00,1739030400000,-0.03,0.1782,13360288.0,2400507.9968,69077250.39,89100000.0,0.7753,0.0565,-97.98,177.34,,387638891.0649,500000000.0,3903924.56070795
GODS,2025-02-09 03:00:00,1739044800000,-0.03,0.2069,10654525.0,2075182.9154,80202486.56,103450000.0,0.7753,0.0487,-97.66,222.01,,387638891.0649,500000000.0,3903924.56070795
GODS,2025-02-09 07:00:00,1739059200000,-0.023444,0.1903,4543851.0,864102.0837,73767680.97,95150000.0,0.7753,0.0529,-97.84,196.18,,387638891.0649,500000000.0,3903924.56070795
GODS,2025-02-09 11:00:00,1739073600000,-0.024278,0.1836,3181421.0,590180.2625,71170500.4,91800000.0,0.7753,0.0549,-97.92,185.75,,387638891.0649,500000000.0,3903924.56070795
GODS,2025-02-09 15:00:00,1739088000000,-0.016842,0.1762,2579446.0,461891.9204,68301972.61,88100000.0,0.7753,0.0572,-98.0,174.23,,387638891.0649,500000000.0,3903924.56070795
GODS,2025-02-10 07:00:00,1739145600000,-0.005517,0.16,1398945.0,236836.4316,62022222.57,80000000.0,0.7753,0.0629,-98.19,149.02,,387638891.0649,500000000.0,3903924.56070795
GODS,2025-02-23 19:00:00,1740312000000,-0.009153,0.1291,1309521.0,183386.9895,50044180.84,64550000.0,0.7753,0.078,-98.54,100.93,,387638891.0649,500000000.0,3903924.56070795
GODS,2025-04-14 03:00:00,1744574400000,-0.020601,0.1298,75404420.0,9055673.2735,50315528.06,64900000.0,0.7753,0.0776,-98.53,102.02,,387638891.0649,500000000.0,3903924.56070795
GODS,2025-04-14 07:00:00,1744588800000,-0.019653,0.1397,64881592.0,8783846.0683,54153153.08,69850000.0,0.7753,0.0721,-98.42,117.42,,387638891.0649,500000000.0,3903924.56070795
GODS,2025-04-14 11:00:00,1744603200000,-0.012287,0.1371,36259478.0,5096377.1554,53145291.96,68550000.0,0.7753,0.0735,-98.45,113.38,,387638891.0649,500000000.0,3903924.56070795
GODS,2025-04-14 15:00:00,1744617600000,-0.016419,0.1165,35935677.0,4562633.8154,45159930.81,58250000.0,0.7753,0.0864,-98.68,81.32,,387638891.0649,500000000.0,3903924.56070795
GODS,2025-04-14 19:00:00,1744632000000,-0.010611,0.1115,23723383.0,2756032.8995,43221736.35,55750000.0,0.7753,0.0903,-98.74,73.53,,387638891.0649,500000000.0,3903924.56070795
GODS,2025-04-15 03:00:00,1744660800000,-0.014268,0.1093,12875389.0,1517854.756,42368930.79,54650000.0,0.7753,0.0921,-98.76,70.11,,387638891.0649,500000000.0,3903924.56070795
GODS,2025-05-14 03:00:00,1747166400000,-0.006274,0.2257,4974191.0,1164128.7054,87490097.71,112850000.0,0.7753,0.0446,-97.44,251.27,,387638891.0649,500000000.0,3903924.56070795
GODS,2025-05-17 19:00:00,1747483200000,-0.009735,0.1911,22402331.0,4449879.0093,74077792.08,95550000.0,0.7753,0.0527,-97.83,197.42,,387638891.0649,500000000.0,3903924.56070795
GODS,2025-07-31 07:00:00,1753920000000,-0.017848,0.1523,24430150.0,3882014.4988,59037403.11,76150000.0,0.7753,0.0661,-98.27,137.03,,387638891.0649,500000000.0,3903924.56070795
GODS,2025-07-31 23:00:00,1753977600000,-0.007087,0.1364,7148098.0,1002154.3802,52873944.74,68200000.0,0.7753,0.0738,-98.45,112.29,,387638891.0649,500000000.0,3903924.56070795
KBBB,2025-06-06 19:00:00,1749211200000,-0.010033,0.02878,5416449.0,24636752.667,28779961.69,28779961.69,1.0,0.0125,-58.78,17222.59,,999998669.0,999998669.0,360850.48439659
KBBB,2025-06-06 23:00:00,1749225600000,-0.019864,0.01085,4194719.0,7181671.898,10849985.56,10849985.56,1.0,0.0333,-84.46,6430.58,,999998669.0,999998669.0,360850.48439659
KBBB,2025-06-07 03:00:00,1749240000000,-0.0198,0.01273,2141844.0,2452978.233,12729983.06,12729983.06,1.0,0.0283,-81.77,7562.15,,999998669.0,999998669.0,360850.48439659
HIVE,2024-12-28 11:00:00,1735358400000,-0.005979,0.3444,3321059.0,1139603.443,167122931.23,167122931.23,1.0,0.011,-89.92,296.12,,485258220.767,485258220.767,1837599.96575891
HIVE,2024-12-29 11:00:00,1735444800000,-0.00839,0.4364,26567345.0,11513097.1477,211766687.54,211766687.54,1.0,0.0087,-87.23,401.94,,485258220.767,485258220.767,1837599.96575891
HIVE,2024-12-29 15:00:00,1735459200000,-0.012949,0.4619,55772165.0,25150813.9168,224140772.17,224140772.17,1.0,0.0082,-86.49,431.27,,485258220.767,485258220.767,1837599.96575891
HIVE,2024-12-29 19:00:00,1735473600000,-0.02,0.4202,43483726.0,18734794.6669,203905504.37,203905504.37,1.0,0.009,-87.71,383.31,,485258220.767,485258220.767,1837599.96575891
HIVE,2024-12-29 23:00:00,1735488000000,-0.006178,0.4237,11767614.0,4899007.3246,205603908.14,205603908.14,1.0,0.0089,-87.6,387.33,,485258220.767,485258220.767,1837599.96575891
HIVE,2024-12-31 11:00:00,1735617600000,-0.014005,0.3561,11110377.0,3980090.9688,172800452.42,172800452.42,1.0,0.0106,-89.58,309.58,,485258220.767,485258220.767,1837599.96575891
HIVE,2025-01-05 11:00:00,1736049600000,-0.02,0.5749,50323892.0,26400269.822,278974951.12,278974951.12,1.0,0.0066,-83.18,561.24,,485258220.767,485258220.767,1837599.96575891
HIVE,2025-01-05 15:00:00,1736064000000,-0.02,0.5914,73223154.0,41236898.5818,286981711.76,286981711.76,1.0,0.0064,-82.7,580.22,,485258220.767,485258220.767,1837599.96575891
HIVE,2025-01-05 19:00:00,1736078400000,-0.02,0.5749,71614392.0,41045114.6594,278974951.12,278974951.12,1.0,0.0066,-83.18,561.24,,485258220.767,485258220.767,1837599.96575891
HIVE,2025-01-05 23:00:00,1736092800000,-0.02,0.6056,62740672.0,36877000.6495,293872378.5,293872378.5,1.0,0.0063,-82.28,596.55,,485258220.767,485258220.767,1837599.96575891
HIVE,2025-01-06 03:00:00,1736107200000,-0.018476,0.5841,53668223.0,32218614.4889,283439326.75,283439326.75,1.0,0.0065,-82.91,571.82,,485258220.767,485258220.767,1837599.96575891
HIVE,2025-01-06 07:00:00,1736121600000,-0.01512,0.563,37678243.0,21210644.5476,273200378.29,273200378.29,1.0,0.0067,-83.53,547.55,,485258220.767,485258220.767,1837599.96575891
HIVE,2025-01-06 11:00:00,1736136000000,-0.005446,0.5394,13414595.0,7381052.2993,261748284.28,261748284.28,1.0,0.007,-84.22,520.41,,485258220.767,485258220.767,1837599.96575891
HIVE,2025-01-07 07:00:00,1736208000000,-0.02,0.6164,55924575.0,35370289.6227,299113167.28,299113167.28,1.0,0.0061,-81.97,608.97,,485258220.767,485258220.767,1837599.96575891
HIVE,2025-01-07 11:00:00,1736222400000,-0.007744,0.6415,24688607.0,15659002.6612,311293148.62,311293148.62,1.0,0.0059,-81.23,637.84,,485258220.767,485258220.767,1837599.96575891
HIVE,2025-01-07 15:00:00,1736236800000,-0.006204,0.6302,20105598.0,12795800.4131,305809730.73,305809730.73,1.0,0.006,-81.56,624.85,,485258220.767,485258220.767,1837599.96575891
HIVE,2025-01-11 11:00:00,1736568000000,-0.014972,0.5581,22188182.0,12302540.2894,270822613.01,270822613.01,1.0,0.0068,-83.67,541.92,,485258220.767,485258220.767,1837599.96575891
HIVE,2025-01-11 15:00:00,1736582400000,-0.010108,0.5377,14051202.0,7723195.2733,260923345.31,260923345.31,1.0,0.007,-84.27,518.45,,485258220.767,485258220.767,1837599.96575891
HIVE,2025-01-12 07:00:00,1736640000000,-0.016219,0.5302,15329407.0,7951099.4141,257283908.65,257283908.65,1.0,0.0071,-84.49,509.83,,485258220.767,485258220.767,1837599.96575891
HIVE,2025-01-12 11:00:00,1736654400000,-0.02,0.5277,14766490.0,7757422.1661,256070763.1,256070763.1,1.0,0.0072,-84.56,506.95,,485258220.767,485258220.767,1837599.96575891
HIVE,2025-01-12 15:00:00,1736668800000,-0.010316,0.5135,9607022.0,5001588.0582,249180096.36,249180096.36,1.0,0.0074,-84.98,490.62,,485258220.767,485258220.767,1837599.96575891
HIVE,2025-01-13 07:00:00,1736726400000,-0.00738,0.4776,10523575.0,5212874.8573,231759326.24,231759326.24,1.0,0.0079,-86.03,449.33,,485258220.767,485258220.767,1837599.96575891
HIVE,2025-01-14 07:00:00,1736812800000,-0.006241,0.4766,2323769.0,1130058.1764,231274068.02,231274068.02,1.0,0.0079,-86.06,448.18,,485258220.767,485258220.767,1837599.96575891
HIVE,2025-01-24 11:00:00,1737691200000,-0.009297,0.4135,2669303.0,1091442.2106,200654274.29,200654274.29,1.0,0.0092,-87.9,375.6,,485258220.767,485258220.767,1837599.96575891
HIVE,2025-01-24 19:00:00,1737720000000,-0.015614,0.4477,9657906.0,4413113.8583,217250105.44,217250105.44,1.0,0.0085,-86.9,414.94,,485258220.767,485258220.767,1837599.96575891
HIVE,2025-01-25 03:00:00,1737748800000,-0.008392,0.4718,7043889.0,3281480.7855,228944828.56,228944828.56,1.0,0.008,-86.2,442.66,,485258220.767,485258220.767,1837599.96575891
HIVE,2025-01-25 07:00:00,1737763200000,-0.011276,0.4484,8170866.0,3708840.3005,217589786.19,217589786.19,1.0,0.0084,-86.88,415.74,,485258220.767,485258220.767,1837599.96575891
HIVE,2025-01-25 11:00:00,1737777600000,-0.00857,0.4414,5512934.0,2453934.1604,214192978.65,214192978.65,1.0,0.0086,-87.09,407.69,,485258220.767,485258220.767,1837599.96575891
HIVE,2025-01-25 15:00:00,1737792000000,-0.011057,0.4337,6531136.0,2845247.2012,210456490.35,210456490.35,1.0,0.0087,-87.31,398.83,,485258220.767,485258220.767,1837599.96575891
HIVE,2025-01-25 19:00:00,1737806400000,-0.008432,0.4359,4900456.0,2122494.4602,211524058.43,211524058.43,1.0,0.0087,-87.25,401.37,,485258220.767,485258220.767,1837599.96575891
HIVE,2025-01-25 23:00:00,1737820800000,-0.00725,0.4343,3993299.0,1734818.7416,210747645.28,210747645.28,1.0,0.0087,-87.29,399.53,,485258220.767,485258220.767,1837599.96575891
HIVE,2025-01-26 03:00:00,1737835200000,-0.00973,0.4322,4915400.0,2127291.2889,209728603.02,209728603.02,1.0,0.0088,-87.36,397.11,,485258220.767,485258220.767,1837599.96575891
HIVE,2025-01-26 07:00:00,1737849600000,-0.011558,0.4188,5553618.0,2354917.5045,203226142.86,203226142.86,1.0,0.009,-87.75,381.7,,485258220.767,485258220.767,1837599.96575891
HIVE,2025-01-27 11:00:00,1737950400000,-0.012498,0.4043,6949700.0,2928628.4601,196189898.66,196189898.66,1.0,0.0094,-88.17,365.02,,485258220.767,485258220.767,1837599.96575891
HIVE,2025-02-12 11:00:00,1739332800000,-0.006775,0.321,1533828.0,490778.7118,155767888.87,155767888.87,1.0,0.0118,-90.61,269.21,,485258220.767,485258220.767,1837599.96575891
HIVE,2025-02-16 11:00:00,1739678400000,-0.010774,0.3306,4025505.0,1389917.669,160426367.79,160426367.79,1.0,0.0115,-90.33,280.25,,485258220.767,485258220.767,1837599.96575891
HIVE,2025-02-17 03:00:00,1739736000000,-0.00511,0.331,738107.0,244251.7031,160620471.07,160620471.07,1.0,0.0114,-90.32,280.71,,485258220.767,485258220.767,1837599.96575891
HIVE,2025-03-02 11:00:00,1740888000000,-0.005101,0.3007,2168746.0,650693.923,145917146.98,145917146.98,1.0,0.0126,-91.2,245.86,,485258220.767,485258220.767,1837599.96575891
HIVE,2025-03-25 11:00:00,1742875200000,-0.006564,0.261,9679431.0,2596510.1493,126652395.62,126652395.62,1.0,0.0145,-92.36,200.2,,485258220.767,485258220.767,1837599.96575891
HIVE,2025-04-10 15:00:00,1744272000000,-0.005087,0.2149,253014.0,54885.1483,104281991.64,104281991.64,1.0,0.0176,-93.71,147.17,,485258220.767,485258220.767,1837599.96575891
IDEX,2024-08-28 07:00:00,1724803200000,-0.007412,0.05234,1705774.0,8607317.042,50806447.89,52340000.0,0.9707,0.1037,-94.63,511.53,,970700189.0259144,1000000000.0,5267348.04890373
IDEX,2024-08-28 15:00:00,1724832000000,-0.015,0.04838,2065110.0,10300054.854,46962475.15,48380000.0,0.9707,0.1122,-95.04,465.27,,970700189.0259144,1000000000.0,5267348.04890373
IDEX,2024-08-28 23:00:00,1724860800000,-0.011973,0.05295,2049876.0,10486187.434,51398575.01,52950000.0,0.9707,0.1025,-94.57,518.66,,970700189.0259144,1000000000.0,5267348.04890373
IDEX,2024-08-29 07:00:00,1724889600000,-0.008212,0.04765,646286.0,3169144.628,46253864.01,47650000.0,0.9707,0.1139,-95.11,456.74,,970700189.0259144,1000000000.0,5267348.04890373
IDEX,2024-09-02 15:00:00,1725264000000,-0.014848,0.05109,2257441.0,11400123.694,49593072.66,51090000.0,0.9707,0.1062,-94.76,496.93,,970700189.0259144,1000000000.0,5267348.04890373
IDEX,2024-09-02 23:00:00,1725292800000,-0.006641,0.04641,796710.0,3809591.63,45050195.77,46410000.0,0.9707,0.1169,-95.24,442.25,,970700189.0259144,1000000000.0,5267348.04890373
IDEX,2024-09-04 15:00:00,1725436800000,-0.007227,0.04775,405440.0,1967397.148,46350934.03,47750000.0,0.9707,0.1136,-95.1,457.9,,970700189.0259144,1000000000.0,5267348.04890373
IDEX,2024-12-09 07:00:00,1733702400000,-0.017129,0.0935,832344.0,8300889.188,90760467.67,93500000.0,0.9707,0.058,-90.41,992.44,,970700189.0259144,1000000000.0,5267348.04890373
IDEX,2024-12-09 15:00:00,1733731200000,-0.007223,0.08694,528477.0,4677386.175,84392674.43,86940000.0,0.9707,0.0624,-91.08,915.8,,970700189.0259144,1000000000.0,5267348.04890373
IDEX,2024-12-22 07:00:00,1734825600000,-0.015018,0.06982,322329.0,2207044.669,67774287.2,69820000.0,0.9707,0.0777,-92.84,715.77,,970700189.0259144,1000000000.0,5267348.04890373
IDEX,2025-02-12 15:00:00,1739347200000,-0.021142,0.04961,242470.0,1171058.801,48156436.38,49610000.0,0.9707,0.1094,-94.91,479.64,,970700189.0259144,1000000000.0,5267348.04890373
IDEX,2025-02-12 23:00:00,1739376000000,-0.006012,0.04244,73151.0,311075.474,41196516.02,42440000.0,0.9707,0.1279,-95.65,395.86,,970700189.0259144,1000000000.0,5267348.04890373
IDEX,2025-07-25 07:00:00,1753401600000,-0.010342,0.02593,1050701.0,2616102.634,25170255.9,25930000.0,0.9707,0.2093,-97.34,202.96,,970700189.0259144,1000000000.0,5267348.04890373
IDEX,2025-07-25 23:00:00,1753459200000,-0.010342,0.03545,4909699.0,16868272.242,34411321.7,35450000.0,0.9707,0.1531,-96.36,314.19,,970700189.0259144,1000000000.0,5267348.04890373
IDEX,2025-07-26 07:00:00,1753488000000,-0.025,0.03052,823468.0,2517672.439,29625769.77,30520000.0,0.9707,0.1778,-96.87,256.59,,970700189.0259144,1000000000.0,5267348.04890373
IDEX,2025-07-26 23:00:00,1753545600000,-0.025,0.03585,1902850.0,6836090.078,34799601.78,35850000.0,0.9707,0.1514,-96.32,318.87,,970700189.0259144,1000000000.0,5267348.04890373
IDEX,2025-08-02 07:00:00,1754092800000,-0.01027,0.02998,515438.0,1578145.312,29101591.67,29980000.0,0.9707,0.181,-96.92,250.28,,970700189.0259144,1000000000.0,5267348.04890373
LOOKS,2025-04-10 23:00:00,1744300800000,-0.005962,0.01102,91783288.0,1006056.876,11019357.24,11020000.0,0.9999,0.2789,-99.84,34.51,,999941673.0,1000000000.0,3073052.31639046
LOOKS,2025-04-30 07:00:00,1745971200000,-0.015,0.0215,452372686.0,9011376.84977,21498745.97,21500000.0,0.9999,0.1429,-99.7,162.43,,999941673.0,1000000000.0,3073052.31639046
HYPER,2025-04-22 19:00:00,1745323200000,-0.00507,0.2677,11918445.0,31159910.003,46901040.0,214873866.76,0.2183,2.5138,-61.19,207.71,,175200000.0,802666667.0,117900360.55541334
HYPER,2025-07-10 11:00:00,1752120000000,-0.015389,0.2686,10955332.0,30542172.14,47058720.0,215596266.76,0.2183,2.5054,-61.06,208.74,,175200000.0,802666667.0,117900360.55541334
HYPER,2025-07-10 15:00:00,1752134400000,-0.02,0.3056,24297601.0,66723744.215,53541120.0,245294933.44,0.2183,2.2021,-55.7,251.27,,175200000.0,802666667.0,117900360.55541334
HYPER,2025-07-10 16:00:00,1752138000000,-0.014375,0.3056,24297601.0,66723744.215,53541120.0,245294933.44,0.2183,2.2021,-55.7,251.27,,175200000.0,802666667.0,117900360.55541334
HYPER,2025-07-10 17:00:00,1752141600000,-0.02,0.3056,24297601.0,66723744.215,53541120.0,245294933.44,0.2183,2.2021,-55.7,251.27,,175200000.0,802666667.0,117900360.55541334
HYPER,2025-07-10 18:00:00,1752145200000,-0.02,0.3056,24297601.0,66723744.215,53541120.0,245294933.44,0.2183,2.2021,-55.7,251.27,,175200000.0,802666667.0,117900360.55541334
HYPER,2025-07-10 19:00:00,1752148800000,-0.016947,0.4608,30871243.0,124739570.658,80732160.0,369868800.15,0.2183,1.4604,-33.2,429.67,,175200000.0,802666667.0,117900360.55541334
HYPER,2025-07-10 20:00:00,1752152400000,-0.02,0.4608,30871243.0,124739570.658,80732160.0,369868800.15,0.2183,1.4604,-33.2,429.67,,175200000.0,802666667.0,117900360.55541334
HYPER,2025-07-10 21:00:00,1752156000000,-0.02,0.4608,30871243.0,124739570.658,80732160.0,369868800.15,0.2183,1.4604,-33.2,429.67,,175200000.0,802666667.0,117900360.55541334
HYPER,2025-07-10 22:00:00,1752159600000,-0.02,0.4608,30871243.0,124739570.658,80732160.0,369868800.15,0.2183,1.4604,-33.2,429.67,,175200000.0,802666667.0,117900360.55541334
HYPER,2025-07-10 23:00:00,1752163200000,-0.02,0.4617,12037773.0,54966565.329,80889840.0,370591200.15,0.2183,1.4575,-33.07,430.7,,175200000.0,802666667.0,117900360.55541334
HYPER,2025-07-11 00:00:00,1752166800000,-0.02,0.4617,12037773.0,54966565.329,80889840.0,370591200.15,0.2183,1.4575,-33.07,430.7,,175200000.0,802666667.0,117900360.55541334
HYPER,2025-07-11 01:00:00,1752170400000,-0.02,0.4617,12037773.0,54966565.329,80889840.0,370591200.15,0.2183,1.4575,-33.07,430.7,,175200000.0,802666667.0,117900360.55541334
HYPER,2025-07-11 02:00:00,1752174000000,-0.02,0.4617,12037773.0,54966565.329,80889840.0,370591200.15,0.2183,1.4575,-33.07,430.7,,175200000.0,802666667.0,117900360.55541334
HYPER,2025-07-11 03:00:00,1752177600000,-0.015321,0.5722,9304491.0,49818308.359,100249440.0,459285866.86,0.2183,1.1761,-17.05,557.72,,175200000.0,802666667.0,117900360.55541334
HYPER,2025-07-11 04:00:00,1752181200000,-0.02,0.5722,9304491.0,49818308.359,100249440.0,459285866.86,0.2183,1.1761,-17.05,557.72,,175200000.0,802666667.0,117900360.55541334
HYPER,2025-07-11 06:00:00,1752188400000,-0.014066,0.5722,9304491.0,49818308.359,100249440.0,459285866.86,0.2183,1.1761,-17.05,557.72,,175200000.0,802666667.0,117900360.55541334
HYPER,2025-07-11 07:00:00,1752192000000,-0.014095,0.61,5786815.0,35721887.935,106872000.0,489626666.87,0.2183,1.1032,-11.57,601.17,,175200000.0,802666667.0,117900360.55541334
HYPER,2025-07-11 08:00:00,1752195600000,-0.012073,0.61,5786815.0,35721887.935,106872000.0,489626666.87,0.2183,1.1032,-11.57,601.17,,175200000.0,802666667.0,117900360.55541334
HYPER,2025-07-11 09:00:00,1752199200000,-0.009863,0.61,5786815.0,35721887.935,106872000.0,489626666.87,0.2183,1.1032,-11.57,601.17,,175200000.0,802666667.0,117900360.55541334
HYPER,2025-07-11 10:00:00,1752202800000,-0.007183,0.61,5786815.0,35721887.935,106872000.0,489626666.87,0.2183,1.1032,-11.57,601.17,,175200000.0,802666667.0,117900360.55541334
HYPER,2025-07-11 11:00:00,1752206400000,-0.007344,0.522,3592646.0,20415460.483,91454400.0,418992000.17,0.2183,1.2892,-24.32,500.02,,175200000.0,802666667.0,117900360.55541334
HYPER,2025-07-11 12:00:00,1752210000000,-0.007902,0.522,3592646.0,20415460.483,91454400.0,418992000.17,0.2183,1.2892,-24.32,500.02,,175200000.0,802666667.0,117900360.55541334
HYPER,2025-07-11 13:00:00,1752213600000,-0.006049,0.522,3592646.0,20415460.483,91454400.0,418992000.17,0.2183,1.2892,-24.32,500.02,,175200000.0,802666667.0,117900360.55541334
HYPER,2025-07-11 14:00:00,1752217200000,-0.006306,0.522,3592646.0,20415460.483,91454400.0,418992000.17,0.2183,1.2892,-24.32,500.02,,175200000.0,802666667.0,117900360.55541334
HYPER,2025-07-11 15:00:00,1752220800000,-0.006189,0.603,5884631.0,32357958.336,105645600.0,484008000.2,0.2183,1.116,-12.58,593.12,,175200000.0,802666667.0,117900360.55541334
HYPER,2025-07-11 18:00:00,1752231600000,-0.009675,0.603,5884631.0,32357958.336,105645600.0,484008000.2,0.2183,1.116,-12.58,593.12,,175200000.0,802666667.0,117900360.55541334
HYPER,2025-07-11 19:00:00,1752235200000,-0.006345,0.5162,3106976.0,17221036.041,90438240.0,414336533.51,0.2183,1.3037,-25.16,493.35,,175200000.0,802666667.0,117900360.55541334
HYPER,2025-07-25 11:00:00,1753416000000,-0.009403,0.5735,1318516.0,7391278.942,100477200.0,460329333.52,0.2183,1.1734,-16.86,559.21,,175200000.0,802666667.0,117900360.55541334
HYPER,2025-07-25 15:00:00,1753430400000,-0.013613,0.5291,940830.0,5226270.707,92698320.0,424690933.51,0.2183,1.2719,-23.29,508.18,,175200000.0,802666667.0,117900360.55541334
KNC,2025-07-12 15:00:00,1752307200000,-0.013462,0.6405,1234986895.0,69139995.67736,120134220.86,154016099.51,0.78,0.0607,-88.79,146.42,,187563186.3552367,240462294.31517407,7294151.70958443
KNC,2025-07-12 23:00:00,1752336000000,-0.01989,0.5956,466846063.0,26872278.15425,111712633.79,143219342.49,0.78,0.0653,-89.58,129.15,,187563186.3552367,240462294.31517407,7294151.70958443
KNC,2025-07-13 07:00:00,1752364800000,-0.012838,0.5514,275124379.0,16007648.76313,103422340.96,132590909.09,0.78,0.0705,-90.35,112.14,,187563186.3552367,240462294.31517407,7294151.70958443
KNC,2025-07-13 15:00:00,1752393600000,-0.006764,0.5026,194384265.0,9865325.55589,94269257.46,120856349.12,0.78,0.0774,-91.21,93.37,,187563186.3552367,240462294.31517407,7294151.70958443
KNC,2025-07-28 15:00:00,1753689600000,-0.008451,0.5731,179831677.0,10402803.04823,107492462.1,137808940.87,0.78,0.0679,-89.97,120.49,,187563186.3552367,240462294.31517407,7294151.70958443
KNC,2025-07-28 23:00:00,1753718400000,-0.006282,0.541,33977436.0,1807419.86046,101471683.82,130090101.22,0.78,0.0719,-90.53,108.14,,187563186.3552367,240462294.31517407,7294151.70958443
KNC,2025-07-29 07:00:00,1753747200000,-0.006143,0.4718,33133057.0,1607981.20258,88492311.32,113450110.46,0.78,0.0824,-91.75,81.52,,187563186.3552367,240462294.31517407,7294151.70958443
LAUNCHCOIN,2025-05-13 19:00:00,1747137600000,-0.010048,0.17162,20543939.0,30775980.4195,171598425.65,171598425.65,1.0,0.0555,-52.94,92559.32,,999874290.0,999874290.0,9530915.78889571
LAUNCHCOIN,2025-05-13 23:00:00,1747152000000,-0.01004,0.19575,5965291.0,10097321.0667,195725392.27,195725392.27,1.0,0.0487,-46.33,105587.34,,999874290.0,999874290.0,9530915.78889571
LAUNCHCOIN,2025-05-14 03:00:00,1747166400000,-0.010019,0.15093,3703979.0,6282597.8284,150911026.59,150911026.59,1.0,0.0632,-58.62,81388.58,,999874290.0,999874290.0,9530915.78889571
LAUNCHCOIN,2025-05-14 07:00:00,1747180800000,-0.010024,0.228,2760433.0,5523052.7247,227971338.12,227971338.12,1.0,0.0418,-37.49,122999.43,,999874290.0,999874290.0,9530915.78889571
LAUNCHCOIN,2025-05-14 11:00:00,1747195200000,-0.010028,0.25525,5544666.0,13733156.3143,255217912.52,255217912.52,1.0,0.0373,-30.01,137711.97,,999874290.0,999874290.0,9530915.78889571
LAUNCHCOIN,2025-05-14 15:00:00,1747209600000,-0.010027,0.19684,8018343.0,17035877.0467,196815255.24,196815255.24,1.0,0.0484,-46.03,106175.84,,999874290.0,999874290.0,9530915.78889571
LAUNCHCOIN,2025-05-14 19:00:00,1747224000000,-0.010015,0.20764,10024554.0,21438749.8882,207613897.58,207613897.58,1.0,0.0459,-43.07,112006.87,,999874290.0,999874290.0,9530915.78889571
LEVER,2025-04-25 15:00:00,1745568000000,-0.006883,0.0008082,13005235.0,10002636.26,45086040.42,45086649.3,1.0,0.021,-84.85,479.95,,55785746619.0928,55786500000.0,948174.23170646
LEVER,2025-06-29 15:00:00,1751184000000,-0.005257,0.0003091,2525726.0,774087.8712,17243374.28,17243607.15,1.0,0.055,-94.2,121.8,,55785746619.0928,55786500000.0,948174.23170646
LEVER,2025-06-30 23:00:00,1751299200000,-0.005352,0.0003619,3231234.0,1190585.9268,20188861.7,20189134.35,1.0,0.047,-93.21,159.69,,55785746619.0928,55786500000.0,948174.23170646
LEVER,2025-07-01 15:00:00,1751356800000,-0.005293,0.0003133,2998292.0,983616.6349,17477674.42,17477910.45,1.0,0.0543,-94.13,124.82,,55785746619.0928,55786500000.0,948174.23170646
MAJOR,2025-04-18 23:00:00,1744992000000,-0.005845,0.1205,49730270.0,6201041.1642,10043659.09,12049999.88,0.8335,0.5022,-99.67,21.36,,83349868.0,99999999.0,5043771.93108673
MAJOR,2025-04-20 23:00:00,1745164800000,-0.007823,0.1673,2507876.0,441600.6033,13944432.92,16729999.83,0.8335,0.3617,-99.54,68.5,,83349868.0,99999999.0,5043771.93108673
MAJOR,2025-06-04 23:00:00,1749052800000,-0.005237,0.2592,1825799.0,478426.0789,21604285.79,25919999.74,0.8335,0.2335,-99.29,161.05,,83349868.0,99999999.0,5043771.93108673
KAITO,2025-02-20 23:00:00,1740067200000,-0.005211,1.2307,55043116.0,64632209.7558,297077305.69,1230700000.0,0.2414,0.2888,-57.85,83.34,,241388889.0,1000000000.0,85802362.90322298
KAITO,2025-02-24 03:00:00,1740340800000,-0.008382,1.5691,10908375.0,16773929.7084,378763305.73,1569100000.0,0.2414,0.2265,-46.25,133.75,,241388889.0,1000000000.0,85802362.90322298
KAITO,2025-02-24 07:00:00,1740355200000,-0.005054,1.6904,10518836.0,16773947.5793,408043777.97,1690400000.0,0.2414,0.2103,-42.1,151.82,,241388889.0,1000000000.0,85802362.90322298
KAITO,2025-02-24 19:00:00,1740398400000,-0.00554,1.8019,47873272.0,88653170.5855,434958639.09,1801900000.0,0.2414,0.1973,-38.28,168.43,,241388889.0,1000000000.0,85802362.90322298
KAITO,2025-02-24 23:00:00,1740412800000,-0.00773,1.7448,23356512.0,42419390.0127,421175333.53,1744800000.0,0.2414,0.2037,-40.24,159.92,,241388889.0,1000000000.0,85802362.90322298
KAITO,2025-02-26 23:00:00,1740585600000,-0.005529,2.3583,48147510.0,113237856.5544,569267416.93,2358300000.0,0.2414,0.1507,-19.22,251.31,,241388889.0,1000000000.0,85802362.90322298
KAITO,2025-02-27 19:00:00,1740657600000,-0.005497,2.2551,26492103.0,64797988.4712,544356083.58,2255100000.0,0.2414,0.1576,-22.76,235.94,,241388889.0,1000000000.0,85802362.90322298
KAITO,2025-03-01 19:00:00,1740830400000,-0.011296,2.2088,10772518.0,23680474.77,533179778.02,2208800000.0,0.2414,0.1609,-24.34,229.04,,241388889.0,1000000000.0,85802362.90322298
KAITO,2025-03-05 11:00:00,1741147200000,-0.018927,1.9273,20151244.0,37623254.779,465228805.77,1927300000.0,0.2414,0.1844,-33.98,187.11,,241388889.0,1000000000.0,85802362.90322298
KAITO,2025-03-05 15:00:00,1741161600000,-0.02,1.8145,11180870.0,20693128.6218,438000139.09,1814500000.0,0.2414,0.1959,-37.85,170.3,,241388889.0,1000000000.0,85802362.90322298
KAITO,2025-03-05 19:00:00,1741176000000,-0.005391,1.753,5766141.0,10409985.3058,423154722.42,1753000000.0,0.2414,0.2028,-39.96,161.14,,241388889.0,1000000000.0,85802362.90322298
KAITO,2025-03-06 07:00:00,1741219200000,-0.008584,1.8147,4847770.0,8698524.4909,438048416.87,1814700000.0,0.2414,0.1959,-37.84,170.33,,241388889.0,1000000000.0,85802362.90322298
KAITO,2025-03-06 15:00:00,1741248000000,-0.00547,1.6998,2286482.0,3884553.166,410312833.52,1699800000.0,0.2414,0.2091,-41.78,153.22,,241388889.0,1000000000.0,85802362.90322298
KAITO,2025-05-07 11:00:00,1746590400000,-0.008593,1.1365,10861403.0,12196060.6742,274338472.35,1136500000.0,0.2414,0.3128,-61.07,69.3,,241388889.0,1000000000.0,85802362.90322298
KAITO,2025-05-07 19:00:00,1746619200000,-0.014594,1.2858,37570826.0,48292918.4286,310377833.48,1285800000.0,0.2414,0.2764,-55.96,91.54,,241388889.0,1000000000.0,85802362.90322298
KAITO,2025-05-07 23:00:00,1746633600000,-0.00577,1.2937,22296929.0,29100026.0902,312284805.7,1293700000.0,0.2414,0.2748,-55.69,92.72,,241388889.0,1000000000.0,85802362.90322298
KAITO,2025-05-08 07:00:00,1746662400000,-0.008235,1.4184,13715906.0,19632494.8966,342386000.16,1418400000.0,0.2414,0.2506,-51.42,111.3,,241388889.0,1000000000.0,85802362.90322298
LSK,2024-02-06 11:00:00,1707192000000,-0.005813,1.4975,4571893.0,7080451.0458,193028416.39,216866112.57,0.8901,,,,,128900445.0,144818773.0,0.0
LSK,2024-02-06 15:00:00,1707206400000,-0.005479,1.4585,2389721.0,3511511.0765,188001299.03,211218180.42,0.8901,,,,,128900445.0,144818773.0,0.0
LSK,2024-04-19 07:00:00,1713484800000,-0.007295,1.6373,2391753.0,4138960.7603,211048698.6,237111777.03,0.8901,,,,,128900445.0,144818773.0,0.0
LSK,2024-04-25 15:00:00,1714032000000,-0.005566,1.8155,4617063.0,8317457.3924,234018757.9,262918482.38,0.8901,,,,,128900445.0,144818773.0,0.0
MASK,2025-04-02 07:00:00,1743552000000,-0.006581,1.36,72998641.0,10280936.6621,136000000.0,136000000.0,1.0,0.2145,-98.61,46.2,,100000000.0,100000000.0,29170471.8255986
MASK,2025-04-02 23:00:00,1743609600000,-0.005744,1.326,23885040.0,3195684.1033,132600000.0,132600000.0,1.0,0.22,-98.65,42.55,,100000000.0,100000000.0,29170471.8255986
MASK,2025-04-03 07:00:00,1743638400000,-0.005776,1.257,23004601.0,2852429.897,125700000.0,125700000.0,1.0,0.2321,-98.72,35.13,,100000000.0,100000000.0,29170471.8255986
MASK,2025-06-07 07:00:00,1749254400000,-0.0075,1.85,70493692.0,13318469.1636,185000000.0,185000000.0,1.0,0.1577,-98.11,98.88,,100000000.0,100000000.0,29170471.8255986
MAT,2025-06-19 23:00:00,1750348800000,-0.005037,1.797,4693943.0,864180.2654,12992310.0,71880000.0,0.1807,0.2025,-73.07,625.73,,7230000.0,40000000.0,2630407.87865217
MAT,2025-06-20 03:00:00,1750363200000,-0.005017,1.762,1210858.0,212980.422,12739260.0,70480000.0,0.1807,0.2065,-73.59,611.6,,7230000.0,40000000.0,2630407.87865217
MAT,2025-06-20 07:00:00,1750377600000,-0.005034,1.917,1322768.0,247787.0938,13859910.0,76680000.0,0.1807,0.1898,-71.27,674.2,,7230000.0,40000000.0,2630407.87865217
MAT,2025-06-20 11:00:00,1750392000000,-0.005045,1.33,4744857.0,695760.5322,9615900.0,53200000.0,0.1807,0.2735,-80.07,437.13,,7230000.0,40000000.0,2630407.87865217
LUMIA,2024-10-18 19:00:00,1729252800000,-0.007306,1.583,2455927.0,4095593.649,206637387.91,378161109.7,0.5464,0.0212,-39.0,711.94,,130535305.0612774,238888888.0,4378656.6742531
LUMIA,2024-10-18 23:00:00,1729267200000,-0.007226,1.579,2197640.0,3308219.29,206115246.69,377205554.15,0.5464,0.0212,-39.16,709.89,,130535305.0612774,238888888.0,4378656.6742531
LUMIA,2024-10-19 03:00:00,1729281600000,-0.007286,1.488,747021.0,1146778.216,194236533.93,355466665.34,0.5464,0.0225,-42.66,663.21,,130535305.0612774,238888888.0,4378656.6742531
LUMIA,2024-10-19 07:00:00,1729296000000,-0.006218,1.49,398246.0,588993.867,194497604.54,355944443.12,0.5464,0.0225,-42.59,664.24,,130535305.0612774,238888888.0,4378656.6742531
LUMIA,2024-10-21 03:00:00,1729454400000,-0.006245,1.241,255811.0,317115.951,161994313.58,296461110.01,0.5464,0.027,-52.18,536.52,,130535305.0612774,238888888.0,4378656.6742531
LUMIA,2024-11-20 23:00:00,1732118400000,-0.005196,1.287,955271.0,1240257.84,167998937.61,307449998.86,0.5464,0.0261,-50.41,560.12,,130535305.0612774,238888888.0,4378656.6742531
L3,2024-07-31 03:00:00,1722369600000,-0.005404,0.0959,186805.0,1826262.12,71004619.29,319666664.62,0.2221,0.1481,-38.23,171.08,,740402703.7862473,3333333312.0,10518952.1410018
L3,2024-08-01 07:00:00,1722470400000,-0.008732,0.08,168550.0,1354820.38,59232216.3,266666664.96,0.2221,0.1776,-48.47,126.13,,740402703.7862473,3333333312.0,10518952.1410018
L3,2024-08-05 07:00:00,1722816000000,-0.008247,0.04924,92309.0,490368.222,36457429.13,164133332.28,0.2221,0.2885,-68.29,39.18,,740402703.7862473,3333333312.0,10518952.1410018
L3,2024-11-28 23:00:00,1732809600000,-0.01319,0.12076,178107.0,2070758.143,89411030.51,402533330.76,0.2221,0.1176,-22.22,241.35,,740402703.7862473,3333333312.0,10518952.1410018
L3,2024-11-29 07:00:00,1732838400000,-0.008176,0.12553,90537.0,1190533.974,92942751.41,418433330.66,0.2221,0.1132,-19.15,254.83,,740402703.7862473,3333333312.0,10518952.1410018
L3,2024-11-29 15:00:00,1732867200000,-0.007375,0.11528,19204.0,225468.253,85353623.69,384266664.21,0.2221,0.1232,-25.75,225.86,,740402703.7862473,3333333312.0,10518952.1410018
L3,2024-12-29 23:00:00,1735488000000,-0.021614,0.11707,85964.0,1001873.298,86678944.53,390233330.84,0.2221,0.1214,-24.6,230.92,,740402703.7862473,3333333312.0,10518952.1410018
L3,2025-01-04 23:00:00,1736006400000,-0.008595,0.1227,58470.0,700461.939,90847411.75,408999997.38,0.2221,0.1158,-20.97,246.83,,740402703.7862473,3333333312.0,10518952.1410018
L3,2025-01-09 23:00:00,1736438400000,-0.006466,0.09691,3289.0,32824.186,71752426.02,323033331.27,0.2221,0.1466,-37.58,173.93,,740402703.7862473,3333333312.0,10518952.1410018
L3,2025-01-10 07:00:00,1736467200000,-0.005004,0.09858,14153.0,141166.505,72988898.54,328599997.9,0.2221,0.1441,-36.51,178.65,,740402703.7862473,3333333312.0,10518952.1410018
L3,2025-01-17 15:00:00,1737100800000,-0.013584,0.11679,19358.0,222234.971,86471631.78,389299997.51,0.2221,0.1216,-24.78,230.12,,740402703.7862473,3333333312.0,10518952.1410018
L3,2025-03-01 23:00:00,1740844800000,-0.005428,0.06592,52246.0,331794.136,48807346.23,219733331.93,0.2221,0.2155,-57.54,86.33,,740402703.7862473,3333333312.0,10518952.1410018
L3,2025-03-03 23:00:00,1741017600000,-0.005177,0.07241,29534.0,232454.503,53612559.78,241366665.12,0.2221,0.1962,-53.36,104.68,,740402703.7862473,3333333312.0,10518952.1410018
L3,2025-03-04 07:00:00,1741046400000,-0.008567,0.07248,13257.0,98935.192,53664387.97,241599998.45,0.2221,0.196,-53.32,104.88,,740402703.7862473,3333333312.0,10518952.1410018
L3,2025-03-21 07:00:00,1742515200000,-0.007422,0.09687,1081704.0,10051117.536,71722809.92,322899997.93,0.2221,0.1467,-37.61,173.82,,740402703.7862473,3333333312.0,10518952.1410018
L3,2025-03-21 15:00:00,1742544000000,-0.008038,0.08767,463009.0,3934734.374,64911105.04,292233331.46,0.2221,0.1621,-43.53,147.81,,740402703.7862473,3333333312.0,10518952.1410018
L3,2025-03-28 07:00:00,1743120000000,-0.007882,0.13512,289883.0,4013827.652,100043213.34,450399997.12,0.2221,0.1051,-12.97,281.94,,740402703.7862473,3333333312.0,10518952.1410018
L3,2025-03-28 15:00:00,1743148800000,-0.009094,0.12384,91635.0,1177184.334,91691470.84,412799997.36,0.2221,0.1147,-20.24,250.05,,740402703.7862473,3333333312.0,10518952.1410018
L3,2025-03-28 23:00:00,1743177600000,-0.006052,0.12048,124773.0,1648470.615,89203717.75,401599997.43,0.2221,0.1179,-22.4,240.55,,740402703.7862473,3333333312.0,10518952.1410018
L3,2025-06-03 07:00:00,1748908800000,-0.012131,0.07711,233807.0,1889130.911,57092452.49,257033331.69,0.2221,0.1842,-50.34,117.96,,740402703.7862473,3333333312.0,10518952.1410018
L3,2025-06-03 23:00:00,1748966400000,-0.005079,0.07307,127798.0,954960.935,54101225.57,243566665.11,0.2221,0.1944,-52.94,106.54,,740402703.7862473,3333333312.0,10518952.1410018
HOUSE,2025-04-30 07:00:00,1745971200000,-0.005022,0.08819,3438201.0,3050523.1387,88068897.35,88068897.35,1.0,0.1367,-25.9,715.45,,998626798.343062,998626798.343062,12042936.77594865
HOUSE,2025-04-30 11:00:00,1745985600000,-0.005018,0.09412,3033835.0,2907515.1252,93990754.26,93990754.26,1.0,0.1281,-20.92,770.28,,998626798.343062,998626798.343062,12042936.77594865
HOUSE,2025-04-30 15:00:00,1746000000000,-0.00504,0.10322,4781200.0,4893628.0292,103078258.12,103078258.12,1.0,0.1168,-13.27,854.42,,998626798.343062,998626798.343062,12042936.77594865
HOUSE,2025-04-30 19:00:00,1746014400000,-0.00504,0.09415,5440008.0,5070972.2097,94020713.06,94020713.06,1.0,0.1281,-20.89,770.56,,998626798.343062,998626798.343062,12042936.77594865
HOUSE,2025-04-30 23:00:00,1746028800000,-0.005016,0.10362,3099370.0,3100718.8999,103477708.84,103477708.84,1.0,0.1164,-12.94,858.12,,998626798.343062,998626798.343062,12042936.77594865
HOUSE,2025-05-01 03:00:00,1746043200000,-0.005017,0.11545,4495259.0,4950500.5181,115291463.87,115291463.87,1.0,0.1045,-3.0,967.51,,998626798.343062,998626798.343062,12042936.77594865
HOUSE,2025-05-01 07:00:00,1746057600000,-0.005023,0.09703,2743758.0,2884889.8453,96896758.24,96896758.24,1.0,0.1243,-18.47,797.19,,998626798.343062,998626798.343062,12042936.77594865
HOUSE,2025-05-01 11:00:00,1746072000000,-0.00504,0.09553,826307.0,796375.3749,95398818.05,95398818.05,1.0,0.1262,-19.73,783.32,,998626798.343062,998626798.343062,12042936.77594865
HOUSE,2025-05-01 15:00:00,1746086400000,-0.005015,0.09884,1127823.0,1161584.0803,98704272.75,98704272.75,1.0,0.122,-16.95,813.92,,998626798.343062,998626798.343062,12042936.77594865
HOUSE,2025-05-01 19:00:00,1746100800000,-0.005021,0.09566,1722028.0,1679645.5013,95528639.53,95528639.53,1.0,0.1261,-19.63,784.52,,998626798.343062,998626798.343062,12042936.77594865
HOUSE,2025-05-01 23:00:00,1746115200000,-0.00504,0.0905,1225611.0,1176776.9161,90375725.25,90375725.25,1.0,0.1333,-23.96,736.81,,998626798.343062,998626798.343062,12042936.77594865
HOUSE,2025-05-02 03:00:00,1746129600000,-0.005021,0.08822,2417018.0,2102338.6977,88098856.15,88098856.15,1.0,0.1367,-25.88,715.73,,998626798.343062,998626798.343062,12042936.77594865
HOUSE,2025-05-02 07:00:00,1746144000000,-0.005016,0.0919,1065470.0,1000846.812,91773802.77,91773802.77,1.0,0.1312,-22.78,749.75,,998626798.343062,998626798.343062,12042936.77594865
HOUSE,2025-05-02 11:00:00,1746158400000,-0.005024,0.0823,890754.0,776585.2184,82186985.5,82186985.5,1.0,0.1465,-30.85,660.99,,998626798.343062,998626798.343062,12042936.77594865
HOUSE,2025-05-02 15:00:00,1746172800000,-0.005015,0.08538,489223.0,423938.2468,85262756.04,85262756.04,1.0,0.1412,-28.26,689.47,,998626798.343062,998626798.343062,12042936.77594865
HOUSE,2025-05-02 19:00:00,1746187200000,-0.005015,0.08959,991935.0,865992.1831,89466974.86,89466974.86,1.0,0.1346,-24.73,728.39,,998626798.343062,998626798.343062,12042936.77594865
HOUSE,2025-05-02 23:00:00,1746201600000,-0.00504,0.07321,1168685.0,937859.3824,73109467.91,73109467.91,1.0,0.1647,-38.49,576.94,,998626798.343062,998626798.343062,12042936.77594865
HOUSE,2025-05-03 03:00:00,1746216000000,-0.00502,0.07755,844208.0,627427.5094,77443508.21,77443508.21,1.0,0.1555,-34.84,617.07,,998626798.343062,998626798.343062,12042936.77594865
HOUSE,2025-05-03 07:00:00,1746230400000,-0.005033,0.07027,841413.0,605417.6674,70173505.12,70173505.12,1.0,0.1716,-40.96,549.75,,998626798.343062,998626798.343062,12042936.77594865
HOUSE,2025-05-03 11:00:00,1746244800000,-0.00502,0.0678,544750.0,387181.9996,67706896.93,67706896.93,1.0,0.1779,-43.03,526.91,,998626798.343062,998626798.343062,12042936.77594865
HOUSE,2025-05-03 15:00:00,1746259200000,-0.005017,0.0643,1015266.0,647726.7489,64211703.13,64211703.13,1.0,0.1876,-45.97,494.55,,998626798.343062,998626798.343062,12042936.77594865
HOUSE,2025-05-03 19:00:00,1746273600000,-0.005016,0.06369,682495.0,433250.2966,63602540.79,63602540.79,1.0,0.1893,-46.49,488.91,,998626798.343062,998626798.343062,12042936.77594865
HOUSE,2025-05-04 03:00:00,1746302400000,-0.005015,0.07097,2091436.0,1530567.1642,70872543.88,70872543.88,1.0,0.1699,-40.37,556.22,,998626798.343062,998626798.343062,12042936.77594865
HOUSE,2025-05-04 07:00:00,1746316800000,-0.00504,0.07163,677763.0,456407.6934,71531637.57,71531637.57,1.0,0.1684,-39.82,562.33,,998626798.343062,998626798.343062,12042936.77594865
HOUSE,2025-05-04 11:00:00,1746331200000,-0.00504,0.071,509252.0,362739.2995,70902502.68,70902502.68,1.0,0.1699,-40.34,556.5,,998626798.343062,998626798.343062,12042936.77594865
HOUSE,2025-05-04 15:00:00,1746345600000,-0.00502,0.07756,1162570.0,887291.8978,77453494.48,77453494.48,1.0,0.1555,-34.83,617.16,,998626798.343062,998626798.343062,12042936.77594865
HOUSE,2025-05-05 03:00:00,1746388800000,-0.005066,0.07847,803540.0,665302.2059,78362244.87,78362244.87,1.0,0.1537,-34.07,625.57,,998626798.343062,998626798.343062,12042936.77594865
MERL,2024-04-21 07:00:00,1713657600000,-0.006163,1.1501,1488439.0,1733906.5854,1083854240.0,2415210000.0,0.4488,0.013,-25.66,1514.64,,942400000.0,2100000000.0,14132859.32115386
MERL,2024-04-21 23:00:00,1713715200000,-0.005205,1.0822,1373918.0,1468633.2951,1019865280.0,2272620000.0,0.4488,0.0139,-30.05,1419.31,,942400000.0,2100000000.0,14132859.32115386
MERL,2025-07-24 15:00:00,1753344000000,-0.007536,0.13174,12557308.0,1720606.52686,124151776.0,276654000.0,0.4488,0.1138,-91.48,84.95,,942400000.0,2100000000.0,14132859.32115386
MEW,2024-04-16 15:00:00,1713254400000,-0.006176,0.006086,2203036.0,12637278.348,540977777.77,540977777.77,1.0,0.0552,-52.74,621.08,,88888888888.0,88888888888.0,29885578.15012816
MEW,2025-03-26 15:00:00,1742976000000,-0.006479,0.00284,1954718.0,5336180.434,252444444.44,252444444.44,1.0,0.1184,-77.95,236.49,,88888888888.0,88888888888.0,29885578.15012816
MEW,2025-03-26 23:00:00,1743004800000,-0.005189,0.002829,1107792.0,3056105.055,251466666.66,251466666.66,1.0,0.1188,-78.03,235.19,,88888888888.0,88888888888.0,29885578.15012816
HOSICO,2025-07-06 23:00:00,1751817600000,-0.005042,0.0635,532619.0,360852.0022,63499893.32,63499893.32,1.0,0.0278,-16.01,622.41,,999998319.99,999998319.99,1763720.65700433
HOSICO,2025-07-07 03:00:00,1751832000000,-0.005038,0.06474,330307.0,221829.2467,64739891.24,64739891.24,1.0,0.0272,-14.37,636.52,,999998319.99,999998319.99,1763720.65700433
HOSICO,2025-07-07 07:00:00,1751846400000,-0.005042,0.0648,294011.0,186326.7576,64799891.14,64799891.14,1.0,0.0272,-14.29,637.2,,999998319.99,999998319.99,1763720.65700433
HOSICO,2025-07-07 11:00:00,1751860800000,-0.005019,0.06325,182752.0,113950.0406,63249893.74,63249893.74,1.0,0.0279,-16.34,619.57,,999998319.99,999998319.99,1763720.65700433
HOSICO,2025-07-07 15:00:00,1751875200000,-0.00503,0.06911,152333.0,99605.7916,69109883.89,69109883.89,1.0,0.0255,-8.58,686.24,,999998319.99,999998319.99,1763720.65700433
HOSICO,2025-07-07 19:00:00,1751889600000,-0.005038,0.06052,150781.0,96680.7443,60519898.33,60519898.33,1.0,0.0291,-19.95,588.51,,999998319.99,999998319.99,1763720.65700433
HOSICO,2025-07-07 23:00:00,1751904000000,-0.005022,0.0556,288901.0,165856.7073,55599906.59,55599906.59,1.0,0.0317,-26.46,532.54,,999998319.99,999998319.99,1763720.65700433
HOSICO,2025-07-08 03:00:00,1751918400000,-0.005036,0.05658,252675.0,139230.7787,56579904.95,56579904.95,1.0,0.0312,-25.16,543.69,,999998319.99,999998319.99,1763720.65700433
HOSICO,2025-07-08 07:00:00,1751932800000,-0.005029,0.053,106614.0,59013.637,52999910.96,52999910.96,1.0,0.0333,-29.89,502.96,,999998319.99,999998319.99,1763720.65700433
HOSICO,2025-07-08 11:00:00,1751947200000,-0.005039,0.053,91172.0,48589.2146,52999910.96,52999910.96,1.0,0.0333,-29.89,502.96,,999998319.99,999998319.99,1763720.65700433
HOSICO,2025-07-08 15:00:00,1751961600000,-0.005034,0.05535,83998.0,46720.449,55349907.01,55349907.01,1.0,0.0319,-26.79,529.7,,999998319.99,999998319.99,1763720.65700433
HOSICO,2025-07-08 19:00:00,1751976000000,-0.005036,0.0506,131987.0,69656.6388,50599914.99,50599914.99,1.0,0.0349,-33.07,475.66,,999998319.99,999998319.99,1763720.65700433
HOSICO,2025-07-08 23:00:00,1751990400000,-0.005042,0.0538,160002.0,81151.0054,53799909.62,53799909.62,1.0,0.0328,-28.84,512.06,,999998319.99,999998319.99,1763720.65700433
HOSICO,2025-07-09 03:00:00,1752004800000,-0.005036,0.05005,93566.0,48995.9127,50049915.92,50049915.92,1.0,0.0352,-33.8,469.4,,999998319.99,999998319.99,1763720.65700433
H,2025-06-25 19:00:00,1750852800000,-0.005469,0.05021,291231399.0,13382656.62101,91633250.0,502100000.0,0.1825,0.1915,-68.12,179.07,,1825000000.0,10000000000.0,17545941.72738549
H,2025-06-29 19:00:00,1751198400000,-0.005113,0.03032,501575216.0,14211791.05215,55334000.0,303200000.0,0.1825,0.3171,-80.75,68.52,,1825000000.0,10000000000.0,17545941.72738549
H,2025-06-30 03:00:00,1751227200000,-0.01028,0.04961,1604074547.0,76770727.6175,90538250.0,496100000.0,0.1825,0.1938,-68.5,175.73,,1825000000.0,10000000000.0,17545941.72738549
H,2025-06-30 07:00:00,1751241600000,-0.005034,0.04896,495148832.0,24038655.2542,89352000.0,489600000.0,0.1825,0.1964,-68.91,172.12,,1825000000.0,10000000000.0,17545941.72738549
H,2025-07-02 03:00:00,1751400000000,-0.005401,0.07057,550453939.0,38228154.72187,128790250.0,705700000.0,0.1825,0.1362,-55.19,292.23,,1825000000.0,10000000000.0,17545941.72738549
H,2025-07-02 15:00:00,1751443200000,-0.02,0.07981,95607695.0,7586005.73857,145653250.0,798100000.0,0.1825,0.1205,-49.32,343.59,,1825000000.0,10000000000.0,17545941.72738549
H,2025-07-02 16:00:00,1751446800000,-0.016037,0.07981,95607695.0,7586005.73857,145653250.0,798100000.0,0.1825,0.1205,-49.32,343.59,,1825000000.0,10000000000.0,17545941.72738549
H,2025-07-02 17:00:00,1751450400000,-0.018022,0.07981,95607695.0,7586005.73857,145653250.0,798100000.0,0.1825,0.1205,-49.32,343.59,,1825000000.0,10000000000.0,17545941.72738549
H,2025-07-02 18:00:00,1751454000000,-0.012116,0.07981,95607695.0,7586005.73857,145653250.0,798100000.0,0.1825,0.1205,-49.32,343.59,,1825000000.0,10000000000.0,17545941.72738549
H,2025-07-02 19:00:00,1751457600000,-0.009251,0.06958,64326804.0,4782475.17479,126983500.0,695800000.0,0.1825,0.1382,-55.82,286.73,,1825000000.0,10000000000.0,17545941.72738549
H,2025-07-02 20:00:00,1751461200000,-0.007241,0.06958,64326804.0,4782475.17479,126983500.0,695800000.0,0.1825,0.1382,-55.82,286.73,,1825000000.0,10000000000.0,17545941.72738549
H,2025-07-03 16:00:00,1751533200000,-0.009576,0.07478,57387398.0,4228329.80042,136473500.0,747800000.0,0.1825,0.1286,-52.52,315.63,,1825000000.0,10000000000.0,17545941.72738549
H,2025-07-03 17:00:00,1751536800000,-0.008963,0.07478,57387398.0,4228329.80042,136473500.0,747800000.0,0.1825,0.1286,-52.52,315.63,,1825000000.0,10000000000.0,17545941.72738549
H,2025-07-03 18:00:00,1751540400000,-0.02,0.07478,57387398.0,4228329.80042,136473500.0,747800000.0,0.1825,0.1286,-52.52,315.63,,1825000000.0,10000000000.0,17545941.72738549
H,2025-07-03 19:00:00,1751544000000,-0.010881,0.07233,43928618.0,3158468.13271,132002250.0,723300000.0,0.1825,0.1329,-54.07,302.01,,1825000000.0,10000000000.0,17545941.72738549
H,2025-07-03 20:00:00,1751547600000,-0.006363,0.07233,43928618.0,3158468.13271,132002250.0,723300000.0,0.1825,0.1329,-54.07,302.01,,1825000000.0,10000000000.0,17545941.72738549
H,2025-07-04 07:00:00,1751587200000,-0.016901,0.0811,117417037.0,9491402.86165,148007500.0,811000000.0,0.1825,0.1185,-48.5,350.76,,1825000000.0,10000000000.0,17545941.72738549
H,2025-07-04 08:00:00,1751590800000,-0.009787,0.0811,117417037.0,9491402.86165,148007500.0,811000000.0,0.1825,0.1185,-48.5,350.76,,1825000000.0,10000000000.0,17545941.72738549
H,2025-07-04 11:00:00,1751601600000,-0.006534,0.08288,73105695.0,5965077.97207,151256000.0,828800000.0,0.1825,0.116,-47.37,360.65,,1825000000.0,10000000000.0,17545941.72738549
H,2025-07-04 18:00:00,1751626800000,-0.009807,0.09555,159847928.0,14271065.89021,174378750.0,955500000.0,0.1825,0.1006,-39.33,431.07,,1825000000.0,10000000000.0,17545941.72738549
H,2025-07-04 19:00:00,1751630400000,-0.007298,0.10597,328855665.0,32796168.99814,193395250.0,1059700000.0,0.1825,0.0907,-32.71,488.98,,1825000000.0,10000000000.0,17545941.72738549
H,2025-07-04 20:00:00,1751634000000,-0.015762,0.10597,328855665.0,32796168.99814,193395250.0,1059700000.0,0.1825,0.0907,-32.71,488.98,,1825000000.0,10000000000.0,17545941.72738549
H,2025-07-04 21:00:00,1751637600000,-0.007128,0.10597,328855665.0,32796168.99814,193395250.0,1059700000.0,0.1825,0.0907,-32.71,488.98,,1825000000.0,10000000000.0,17545941.72738549
H,2025-07-04 22:00:00,1751641200000,-0.009052,0.10597,328855665.0,32796168.99814,193395250.0,1059700000.0,0.1825,0.0907,-32.71,488.98,,1825000000.0,10000000000.0,17545941.72738549
H,2025-07-04 23:00:00,1751644800000,-0.008539,0.10279,162121980.0,16437115.18573,187591750.0,1027900000.0,0.1825,0.0935,-34.73,471.31,,1825000000.0,10000000000.0,17545941.72738549
H,2025-07-05 00:00:00,1751648400000,-0.005214,0.10279,162121980.0,16437115.18573,187591750.0,1027900000.0,0.1825,0.0935,-34.73,471.31,,1825000000.0,10000000000.0,17545941.72738549
H,2025-07-05 02:00:00,1751655600000,-0.005377,0.10279,162121980.0,16437115.18573,187591750.0,1027900000.0,0.1825,0.0935,-34.73,471.31,,1825000000.0,10000000000.0,17545941.72738549
H,2025-07-05 18:00:00,1751713200000,-0.005883,0.09722,61718415.0,5951176.68476,177426500.0,972200000.0,0.1825,0.0989,-38.27,440.35,,1825000000.0,10000000000.0,17545941.72738549
FLOCK,2024-12-31 23:00:00,1735660800000,-0.019927,0.821,3579093.0,2919753.496,176214019.96,177067356.25,0.9952,0.1731,-8.06,2226.38,,214633398.2456289,215672784.71933284,30504659.0594082
FLOCK,2025-01-01 03:00:00,1735675200000,-0.020056,0.809,1287305.0,1038339.907,173638419.18,174479282.84,0.9952,0.1757,-9.4,2192.38,,214633398.2456289,215672784.71933284,30504659.0594082
FLOCK,2025-01-01 07:00:00,1735689600000,-0.020088,0.747,1879716.0,1403225.767,160331148.49,161107570.19,0.9952,0.1903,-16.35,2016.7,,214633398.2456289,215672784.71933284,30504659.0594082
FLOCK,2025-01-01 11:00:00,1735704000000,-0.015082,0.733,1198147.0,892236.483,157326280.91,158088151.2,0.9952,0.1939,-17.91,1977.03,,214633398.2456289,215672784.71933284,30504659.0594082
FLOCK,2025-01-01 15:00:00,1735718400000,-0.012508,0.776,2122296.0,1616414.204,166555517.04,167362080.94,0.9952,0.1832,-13.1,2098.87,,214633398.2456289,215672784.71933284,30504659.0594082
FLOCK,2025-01-01 19:00:00,1735732800000,-0.017665,0.772,2220701.0,1740260.006,165696983.45,166499389.8,0.9952,0.1841,-13.55,2087.54,,214633398.2456289,215672784.71933284,30504659.0594082
FLOCK,2025-01-01 23:00:00,1735747200000,-0.014201,0.773,1449591.0,1136974.085,165911616.84,166715062.59,0.9952,0.1839,-13.43,2090.37,,214633398.2456289,215672784.71933284,30504659.0594082
FLOCK,2025-01-02 03:00:00,1735761600000,-0.012378,0.777,1493309.0,1130573.545,166770150.44,167577753.73,0.9952,0.1829,-12.99,2101.7,,214633398.2456289,215672784.71933284,30504659.0594082
FLOCK,2025-01-02 07:00:00,1735776000000,-0.009819,0.76,960744.0,713397.426,163121382.67,163911316.39,0.9952,0.187,-14.89,2053.53,,214633398.2456289,215672784.71933284,30504659.0594082
FLOCK,2025-01-02 11:00:00,1735790400000,-0.007124,0.771,607038.0,463266.189,165482350.05,166283717.02,0.9952,0.1843,-13.66,2084.7,,214633398.2456289,215672784.71933284,30504659.0594082
FLOCK,2025-01-02 15:00:00,1735804800000,-0.007592,0.759,1394832.0,1093500.64,162906749.27,163695643.6,0.9952,0.1873,-15.0,2050.7,,214633398.2456289,215672784.71933284,30504659.0594082
FLOCK,2025-01-02 19:00:00,1735819200000,-0.011172,0.771,692936.0,531698.702,165482350.05,166283717.02,0.9952,0.1843,-13.66,2084.7,,214633398.2456289,215672784.71933284,30504659.0594082
FLOCK,2025-01-02 23:00:00,1735833600000,-0.010382,0.762,404320.0,307978.496,163550649.46,164342661.96,0.9952,0.1865,-14.67,2059.2,,214633398.2456289,215672784.71933284,30504659.0594082
FLOCK,2025-01-03 03:00:00,1735848000000,-0.007456,0.746,498638.0,377080.947,160116515.09,160891897.4,0.9952,0.1905,-16.46,2013.86,,214633398.2456289,215672784.71933284,30504659.0594082
FLOCK,2025-01-03 07:00:00,1735862400000,-0.008838,0.77,506235.0,381727.823,165267716.65,166068044.23,0.9952,0.1846,-13.77,2081.87,,214633398.2456289,215672784.71933284,30504659.0594082
FLOCK,2025-01-03 11:00:00,1735876800000,-0.007533,0.742,481900.0,360125.282,159257981.5,160029206.26,0.9952,0.1915,-16.91,2002.53,,214633398.2456289,215672784.71933284,30504659.0594082
FLOCK,2025-01-03 15:00:00,1735891200000,-0.010541,0.768,700698.0,526050.005,164838449.85,165636698.66,0.9952,0.1851,-13.99,2076.2,,214633398.2456289,215672784.71933284,30504659.0594082
FLOCK,2025-01-03 19:00:00,1735905600000,-0.008999,0.799,1776251.0,1457708.631,171492085.2,172322554.99,0.9952,0.1779,-10.52,2164.04,,214633398.2456289,215672784.71933284,30504659.0594082
FLOCK,2025-01-03 23:00:00,1735920000000,-0.01072,0.769,615235.0,481373.188,165053083.25,165852371.45,0.9952,0.1848,-13.88,2079.04,,214633398.2456289,215672784.71933284,30504659.0594082
FLOCK,2025-01-04 03:00:00,1735934400000,-0.006145,0.777,404824.0,311662.293,166770150.44,167577753.73,0.9952,0.1829,-12.99,2101.7,,214633398.2456289,215672784.71933284,30504659.0594082
FLOCK,2025-01-04 07:00:00,1735948800000,-0.00519,0.769,350928.0,269212.95,165053083.25,165852371.45,0.9952,0.1848,-13.88,2079.04,,214633398.2456289,215672784.71933284,30504659.0594082
FLOCK,2025-01-04 15:00:00,1735977600000,-0.008119,0.786,399675.0,312416.536,168701851.02,169518808.79,0.9952,0.1808,-11.98,2127.21,,214633398.2456289,215672784.71933284,30504659.0594082
FLOCK,2025-01-04 19:00:00,1735992000000,-0.007062,0.789,516162.0,409568.348,169345751.22,170165827.14,0.9952,0.1801,-11.64,2135.71,,214633398.2456289,215672784.71933284,30504659.0594082
FLOCK,2025-01-04 23:00:00,1736006400000,-0.006296,0.828,713071.0,584414.652,177716453.75,178577065.75,0.9952,0.1716,-7.27,2246.22,,214633398.2456289,215672784.71933284,30504659.0594082
FLOCK,2025-01-05 03:00:00,1736020800000,-0.008092,0.78,859100.0,680677.771,167414050.63,168224772.08,0.9952,0.1822,-12.65,2110.2,,214633398.2456289,215672784.71933284,30504659.0594082
FLOCK,2025-01-05 07:00:00,1736035200000,-0.005387,0.774,377423.0,289688.282,166126250.24,166930735.37,0.9952,0.1836,-13.32,2093.2,,214633398.2456289,215672784.71933284,30504659.0594082
FLOCK,2025-01-05 19:00:00,1736078400000,-0.008035,0.768,472907.0,369173.869,164838449.85,165636698.66,0.9952,0.1851,-13.99,2076.2,,214633398.2456289,215672784.71933284,30504659.0594082
FLOCK,2025-01-06 03:00:00,1736107200000,-0.005126,0.773,205831.0,157672.45,165911616.84,166715062.59,0.9952,0.1839,-13.43,2090.37,,214633398.2456289,215672784.71933284,30504659.0594082
FLOCK,2025-01-06 07:00:00,1736121600000,-0.00519,0.724,450814.0,330442.287,155394580.33,156147096.14,0.9952,0.1963,-18.92,1951.52,,214633398.2456289,215672784.71933284,30504659.0594082
FLOCK,2025-01-07 03:00:00,1736193600000,-0.010267,0.514,1304312.0,675382.189,110321566.7,110855811.35,0.9952,0.2765,-42.44,1356.47,,214633398.2456289,215672784.71933284,30504659.0594082
FLOCK,2025-01-23 11:00:00,1737604800000,-0.0075,0.2113,1595252.0,347089.2429,45352037.05,45571659.41,0.9952,0.6726,-76.34,498.74,,214633398.2456289,215672784.71933284,30504659.0594082
FLOCK,2025-01-23 15:00:00,1737619200000,-0.005126,0.2071,1252382.0,264168.313,44450576.78,44665833.72,0.9952,0.6863,-76.81,486.84,,214633398.2456289,215672784.71933284,30504659.0594082
FLOCK,2025-02-03 19:00:00,1738584000000,-0.00537,0.0941,700792.0,63934.19,20197002.77,20294809.04,0.9952,1.5104,-89.46,166.64,,214633398.2456289,215672784.71933284,30504659.0594082
FLOCK,2025-05-30 11:00:00,1748577600000,-0.01,0.1192,43577360.0,5051473.2725,25584301.07,25708195.94,0.9952,1.1923,-86.65,237.76,,214633398.2456289,215672784.71933284,30504659.0594082
FLOCK,2025-05-30 15:00:00,1748592000000,-0.01,0.1527,76070273.0,10393123.4458,32774519.91,32933234.23,0.9952,0.9307,-82.9,332.69,,214633398.2456289,215672784.71933284,30504659.0594082
FLOCK,2025-05-30 16:00:00,1748595600000,-0.01,0.1527,76070273.0,10393123.4458,32774519.91,32933234.23,0.9952,0.9307,-82.9,332.69,,214633398.2456289,215672784.71933284,30504659.0594082
FLOCK,2025-05-30 17:00:00,1748599200000,-0.01,0.1527,76070273.0,10393123.4458,32774519.91,32933234.23,0.9952,0.9307,-82.9,332.69,,214633398.2456289,215672784.71933284,30504659.0594082
FLOCK,2025-05-30 18:00:00,1748602800000,-0.01,0.1527,76070273.0,10393123.4458,32774519.91,32933234.23,0.9952,0.9307,-82.9,332.69,,214633398.2456289,215672784.71933284,30504659.0594082
FLOCK,2025-05-31 11:00:00,1748664000000,-0.009498,0.1148,2558885.0,298996.2527,24639914.12,24759235.69,0.9952,1.238,-87.14,225.3,,214633398.2456289,215672784.71933284,30504659.0594082
FLOCK,2025-05-31 12:00:00,1748667600000,-0.006032,0.1148,2558885.0,298996.2527,24639914.12,24759235.69,0.9952,1.238,-87.14,225.3,,214633398.2456289,215672784.71933284,30504659.0594082
FLOCK,2025-06-01 15:00:00,1748764800000,-0.006247,0.2027,126166097.0,25533920.2371,43506189.82,43716873.46,0.9952,0.7012,-77.3,474.37,,214633398.2456289,215672784.71933284,30504659.0594082
FLOCK,2025-06-01 23:00:00,1748793600000,-0.01,0.2058,49276422.0,10032092.4473,44171553.36,44385459.1,0.9952,0.6906,-76.95,483.15,,214633398.2456289,215672784.71933284,30504659.0594082
FLOCK,2025-06-02 06:00:00,1748818800000,-0.01,0.2372,45821017.0,10449690.348,50911042.06,51157584.54,0.9952,0.5992,-73.44,572.13,,214633398.2456289,215672784.71933284,30504659.0594082
FLOCK,2025-06-02 10:00:00,1748833200000,-0.01,0.2925,89901444.0,25444029.4839,62780268.99,63084289.53,0.9952,0.4859,-67.24,728.83,,214633398.2456289,215672784.71933284,30504659.0594082
FLOCK,2025-06-02 11:00:00,1748836800000,-0.01,0.2485,51430831.0,13990642.9125,53336399.46,53594687.0,0.9952,0.5719,-72.17,604.15,,214633398.2456289,215672784.71933284,30504659.0594082
FLOCK,2025-06-02 12:00:00,1748840400000,-0.008181,0.2485,51430831.0,13990642.9125,53336399.46,53594687.0,0.9952,0.5719,-72.17,604.15,,214633398.2456289,215672784.71933284,30504659.0594082
MELANIA,2025-02-17 15:00:00,1739779200000,-0.012509,1.294,21358483.0,2724116.3043,1090191968.04,1293996968.04,0.8425,0.0048,-90.58,677.57,,842497656.911358,999997656.911362,5199049.90291845
MELANIA,2025-03-11 03:00:00,1741636800000,-0.005823,0.694,14062448.0,1009667.8091,584693373.9,693998373.9,0.8425,0.0089,-94.95,317.03,,842497656.911358,999997656.911362,5199049.90291845
MELANIA,2025-03-11 11:00:00,1741665600000,-0.017866,0.703,36356135.0,2618888.917,592275852.81,702998352.81,0.8425,0.0088,-94.88,322.43,,842497656.911358,999997656.911362,5199049.90291845
MELANIA,2025-03-11 23:00:00,1741708800000,-0.005168,0.695,10908719.0,750580.8751,585535871.55,694998371.55,0.8425,0.0089,-94.94,317.63,,842497656.911358,999997656.911362,5199049.90291845
MELANIA,2025-04-03 07:00:00,1743638400000,-0.007754,0.568,6043393.0,349078.5243,478538669.13,567998669.13,0.8425,0.0109,-95.86,241.31,,842497656.911358,999997656.911362,5199049.90291845
MELANIA,2025-04-03 19:00:00,1743681600000,-0.005113,0.561,8055867.0,450746.1633,472641185.53,560998685.53,0.8425,0.011,-95.91,237.11,,842497656.911358,999997656.911362,5199049.90291845
LAYER,2025-02-11 23:00:00,1739289600000,-0.015007,0.8124,50962566.0,40490724.2743,230413220.89,812399656.16,0.2836,0.1006,-76.08,49.26,,283620409.76390713,999999576.7639172,23179564.77270889
LAYER,2025-02-12 03:00:00,1739304000000,-0.015102,0.9029,20260149.0,16853182.9697,256080867.98,902899617.86,0.2836,0.0905,-73.41,65.89,,283620409.76390713,999999576.7639172,23179564.77270889
LAYER,2025-02-12 07:00:00,1739318400000,-0.02,1.182,38342255.0,42414753.5722,335239324.34,1181999499.73,0.2836,0.0691,-65.19,117.17,,283620409.76390713,999999576.7639172,23179564.77270889
LAYER,2025-02-12 11:00:00,1739332800000,-0.02,1.0726,55889424.0,65050677.2347,304211251.51,1072599546.04,0.2836,0.0762,-68.41,97.07,,283620409.76390713,999999576.7639172,23179564.77270889
LAYER,2025-02-12 13:00:00,1739340000000,-0.02,1.0726,55889424.0,65050677.2347,304211251.51,1072599546.04,0.2836,0.0762,-68.41,97.07,,283620409.76390713,999999576.7639172,23179564.77270889
LAYER,2025-02-12 15:00:00,1739347200000,-0.019472,1.0871,39701242.0,43388831.5817,308323747.45,1087099539.9,0.2836,0.0752,-67.99,99.73,,283620409.76390713,999999576.7639172,23179564.77270889
LAYER,2025-02-12 17:00:00,1739354400000,-0.013592,1.0871,39701242.0,43388831.5817,308323747.45,1087099539.9,0.2836,0.0752,-67.99,99.73,,283620409.76390713,999999576.7639172,23179564.77270889
LAYER,2025-02-12 19:00:00,1739361600000,-0.008527,0.9464,33277841.0,34613281.7864,268418355.8,946399599.45,0.2836,0.0864,-72.13,73.88,,283620409.76390713,999999576.7639172,23179564.77270889
LAYER,2025-02-12 21:00:00,1739368800000,-0.007178,0.9464,33277841.0,34613281.7864,268418355.8,946399599.45,0.2836,0.0864,-72.13,73.88,,283620409.76390713,999999576.7639172,23179564.77270889
LAYER,2025-02-12 23:00:00,1739376000000,-0.008681,0.9557,22706820.0,21871456.9516,271056025.61,955699595.51,0.2836,0.0855,-71.86,75.59,,283620409.76390713,999999576.7639172,23179564.77270889
LAYER,2025-02-13 01:00:00,1739383200000,-0.005066,0.9557,22706820.0,21871456.9516,271056025.61,955699595.51,0.2836,0.0855,-71.86,75.59,,283620409.76390713,999999576.7639172,23179564.77270889
LAYER,2025-02-13 03:00:00,1739390400000,-0.00509,0.9821,10360362.0,10095799.0796,278543604.43,982099584.34,0.2836,0.0832,-71.08,80.44,,283620409.76390713,999999576.7639172,23179564.77270889
LAYER,2025-02-13 05:00:00,1739397600000,-0.006917,0.9821,10360362.0,10095799.0796,278543604.43,982099584.34,0.2836,0.0832,-71.08,80.44,,283620409.76390713,999999576.7639172,23179564.77270889
LAYER,2025-05-06 15:00:00,1746518400000,-0.02,1.9404,23433024.0,46978903.5579,550337043.11,1940399178.75,0.2836,0.0421,-42.86,256.51,,283620409.76390713,999999576.7639172,23179564.77270889
LAYER,2025-05-06 16:00:00,1746522000000,-0.02,1.9404,23433024.0,46978903.5579,550337043.11,1940399178.75,0.2836,0.0421,-42.86,256.51,,283620409.76390713,999999576.7639172,23179564.77270889
LAYER,2025-05-06 17:00:00,1746525600000,-0.011029,1.9404,23433024.0,46978903.5579,550337043.11,1940399178.75,0.2836,0.0421,-42.86,256.51,,283620409.76390713,999999576.7639172,23179564.77270889
LAYER,2025-05-06 18:00:00,1746529200000,-0.007651,1.9404,23433024.0,46978903.5579,550337043.11,1940399178.75,0.2836,0.0421,-42.86,256.51,,283620409.76390713,999999576.7639172,23179564.77270889
LAYER,2025-05-06 19:00:00,1746532800000,-0.00732,1.7428,18368155.0,34194795.7916,494293650.14,1742799262.38,0.2836,0.0469,-48.68,220.2,,283620409.76390713,999999576.7639172,23179564.77270889
LAYER,2025-05-06 20:00:00,1746536400000,-0.005509,1.7428,18368155.0,34194795.7916,494293650.14,1742799262.38,0.2836,0.0469,-48.68,220.2,,283620409.76390713,999999576.7639172,23179564.77270889
LAYER,2025-05-06 21:00:00,1746540000000,-0.009197,1.7428,18368155.0,34194795.7916,494293650.14,1742799262.38,0.2836,0.0469,-48.68,220.2,,283620409.76390713,999999576.7639172,23179564.77270889
LAYER,2025-05-06 22:00:00,1746543600000,-0.011682,1.7428,18368155.0,34194795.7916,494293650.14,1742799262.38,0.2836,0.0469,-48.68,220.2,,283620409.76390713,999999576.7639172,23179564.77270889
LAYER,2025-05-07 00:00:00,1746550800000,-0.005356,1.703,15011287.0,25019359.7482,483005557.83,1702999279.23,0.2836,0.048,-49.85,212.89,,283620409.76390713,999999576.7639172,23179564.77270889
LAYER,2025-05-07 01:00:00,1746554400000,-0.008854,1.703,15011287.0,25019359.7482,483005557.83,1702999279.23,0.2836,0.048,-49.85,212.89,,283620409.76390713,999999576.7639172,23179564.77270889
LAYER,2025-05-07 02:00:00,1746558000000,-0.008061,1.703,15011287.0,25019359.7482,483005557.83,1702999279.23,0.2836,0.048,-49.85,212.89,,283620409.76390713,999999576.7639172,23179564.77270889
LAYER,2025-05-07 03:00:00,1746561600000,-0.008151,1.7435,8105869.0,13935668.4406,494492184.42,1743499262.09,0.2836,0.0469,-48.66,220.33,,283620409.76390713,999999576.7639172,23179564.77270889
LAYER,2025-05-07 04:00:00,1746565200000,-0.00746,1.7435,8105869.0,13935668.4406,494492184.42,1743499262.09,0.2836,0.0469,-48.66,220.33,,283620409.76390713,999999576.7639172,23179564.77270889
LAYER,2025-05-07 05:00:00,1746568800000,-0.0078,1.7435,8105869.0,13935668.4406,494492184.42,1743499262.09,0.2836,0.0469,-48.66,220.33,,283620409.76390713,999999576.7639172,23179564.77270889
LAYER,2025-05-07 06:00:00,1746572400000,-0.007021,1.7435,8105869.0,13935668.4406,494492184.42,1743499262.09,0.2836,0.0469,-48.66,220.33,,283620409.76390713,999999576.7639172,23179564.77270889
LAYER,2025-05-07 07:00:00,1746576000000,-0.005735,1.8587,10167975.0,18249961.5393,527165255.63,1858699213.33,0.2836,0.044,-45.26,241.5,,283620409.76390713,999999576.7639172,23179564.77270889
LAYER,2025-05-07 08:00:00,1746579600000,-0.010787,1.8587,10167975.0,18249961.5393,527165255.63,1858699213.33,0.2836,0.044,-45.26,241.5,,283620409.76390713,999999576.7639172,23179564.77270889
LAYER,2025-05-07 09:00:00,1746583200000,-0.010483,1.8587,10167975.0,18249961.5393,527165255.63,1858699213.33,0.2836,0.044,-45.26,241.5,,283620409.76390713,999999576.7639172,23179564.77270889
LAYER,2025-05-07 10:00:00,1746586800000,-0.009457,1.8587,10167975.0,18249961.5393,527165255.63,1858699213.33,0.2836,0.044,-45.26,241.5,,283620409.76390713,999999576.7639172,23179564.77270889
LAYER,2025-05-07 11:00:00,1746590400000,-0.005908,1.8699,5578381.0,9952375.4954,530341804.22,1869899208.59,0.2836,0.0437,-44.93,243.55,,283620409.76390713,999999576.7639172,23179564.77270889
LAYER,2025-05-07 12:00:00,1746594000000,-0.006723,1.8699,5578381.0,9952375.4954,530341804.22,1869899208.59,0.2836,0.0437,-44.93,243.55,,283620409.76390713,999999576.7639172,23179564.77270889
LAYER,2025-05-07 15:00:00,1746604800000,-0.01184,1.7604,4226554.0,7675653.2901,499285369.35,1760399254.94,0.2836,0.0464,-48.16,223.44,,283620409.76390713,999999576.7639172,23179564.77270889
LAYER,2025-05-07 21:00:00,1746626400000,-0.008123,1.552,10560698.0,17941216.6488,440178875.95,1551999343.14,0.2836,0.0527,-54.29,185.15,,283620409.76390713,999999576.7639172,23179564.77270889
LAYER,2025-05-07 22:00:00,1746630000000,-0.006827,1.552,10560698.0,17941216.6488,440178875.95,1551999343.14,0.2836,0.0527,-54.29,185.15,,283620409.76390713,999999576.7639172,23179564.77270889
LAYER,2025-05-08 02:00:00,1746644400000,-0.005948,1.4218,14394613.0,21000866.9501,403251498.6,1421799398.24,0.2836,0.0575,-58.13,161.23,,283620409.76390713,999999576.7639172,23179564.77270889
LAYER,2025-05-08 15:00:00,1746691200000,-0.007277,1.2738,8209666.0,10734711.8943,361275677.96,1273799460.88,0.2836,0.0642,-62.49,134.03,,283620409.76390713,999999576.7639172,23179564.77270889
MLN,2025-03-31 19:00:00,1743422400000,-0.008857,13.65,1250813.0,1682365.567,40813548.72,40822006.47,0.9998,0.4437,-94.95,659.72,,2990003.56899083,2990623.18466275,18107056.77170507
MLN,2025-04-01 11:00:00,1743480000000,-0.005274,12.71,449605.0,571426.039,38002945.36,38010820.68,0.9998,0.4765,-95.29,607.4,,2990003.56899083,2990623.18466275,18107056.77170507
MLN,2025-04-05 19:00:00,1743854400000,-0.006434,10.68,2195140.0,2458618.127,31933238.12,31939855.61,0.9998,0.567,-96.05,494.42,,2990003.56899083,2990623.18466275,18107056.77170507
MLN,2025-05-30 23:00:00,1748620800000,-0.0053,9.045,307099.0,279561.3992,27044582.28,27050186.71,0.9998,0.6695,-96.65,403.42,,2990003.56899083,2990623.18466275,18107056.77170507
MDT,2024-06-22 07:00:00,1719014400000,-0.005937,0.05624,521398.0,2907236.113,34099421.95,56240000.0,,,,,,0.0,1000000000.0,0.0
MDT,2024-12-14 15:00:00,1734163200000,-0.00542,0.06871,234237.0,1708261.503,41660229.06,68710000.0,,,,,,0.0,1000000000.0,0.0
MDT,2024-12-14 23:00:00,1734192000000,-0.006615,0.0792,822515.0,6388627.015,48020523.09,79200000.0,,,,,,0.0,1000000000.0,0.0
MDT,2024-12-15 07:00:00,1734220800000,-0.01009,0.07459,134132.0,1003099.683,45225389.11,74590000.0,,,,,,0.0,1000000000.0,0.0
MDT,2024-12-15 23:00:00,1734278400000,-0.00556,0.07017,27101.0,196617.594,42545455.88,70170000.0,,,,,,0.0,1000000000.0,0.0
MDT,2025-03-13 23:00:00,1741881600000,-0.013488,0.03461,404116.0,1371432.128,20984726.06,34610000.0,,,,,,0.0,1000000000.0,0.0
MDT,2025-03-14 07:00:00,1741910400000,-0.005327,0.03344,538379.0,1832416.286,20275331.97,33440000.0,,,,,,0.0,1000000000.0,0.0
MDT,2025-04-17 07:00:00,1744848000000,-0.005431,0.02775,37559.0,103271.829,16825372.67,27750000.0,,,,,,0.0,1000000000.0,0.0
MDT,2025-07-25 07:00:00,1753401600000,-0.00975,0.0335,3893093.0,13163720.181,20311711.16,33500000.0,,,,,,0.0,1000000000.0,0.0
MDT,2025-07-25 15:00:00,1753430400000,-0.00975,0.03654,6725638.0,22975446.304,22154923.15,36540000.0,,,,,,0.0,1000000000.0,0.0
MDT,2025-07-25 19:00:00,1753444800000,-0.005052,0.04332,10915511.0,43705783.892,26265770.96,43320000.0,,,,,,0.0,1000000000.0,0.0
MDT,2025-07-25 23:00:00,1753459200000,-0.019911,0.03888,2263512.0,9162427.25,23573711.34,38880000.0,,,,,,0.0,1000000000.0,0.0
MDT,2025-07-26 03:00:00,1753473600000,-0.019915,0.03474,1470863.0,5399869.921,21063547.63,34740000.0,,,,,,0.0,1000000000.0,0.0
MEME,2025-04-18 15:00:00,1744963200000,-0.015733,0.001945,110229597.0,22400272.6129,102457210.65,134205000.0,0.7634,3.6219,-97.62,54.72,,52677229123.63459,69000000000.0,371090329.7780565
MEME,2025-04-19 07:00:00,1745020800000,-0.018692,0.002022,137277662.0,32039285.4913,106513357.29,139518000.0,0.7634,3.484,-97.52,60.85,,52677229123.63459,69000000000.0,371090329.7780565
MEME,2025-04-19 23:00:00,1745078400000,-0.008612,0.002079,21779905.0,4583091.8155,109515959.35,143451000.0,0.7634,3.3885,-97.45,65.38,,52677229123.63459,69000000000.0,371090329.7780565
MEME,2025-04-20 07:00:00,1745107200000,-0.006621,0.002168,27190070.0,5875394.9157,114204232.74,149592000.0,0.7634,3.2494,-97.34,72.46,,52677229123.63459,69000000000.0,371090329.7780565
MYRIA,2025-06-10 07:00:00,1749513600000,-0.005443,0.001965,6026108.0,1089562.3247,66560686.37,98250000.0,0.6775,0.0161,-89.36,251.65,,33873122836.0,50000000000.0,1070982.40790099
MORE,2025-06-27 23:00:00,1751040000000,-0.025055,0.0177,1883878.0,329236.722,3184053.0,17700000.0,,,,,,0.0,1000000000.0,0.0
MORE,2025-06-28 03:00:00,1751054400000,-0.008662,0.02091,622043.0,111509.3605,3761499.9,20910000.0,,,,,,0.0,1000000000.0,0.0
MORE,2025-06-28 07:00:00,1751068800000,-0.010104,0.01942,2129931.0,462313.0301,3493463.8,19420000.0,,,,,,0.0,1000000000.0,0.0
MORE,2025-06-28 11:00:00,1751083200000,-0.024936,0.02251,1931324.0,381444.0732,4049323.9,22510000.0,,,,,,0.0,1000000000.0,0.0
MORE,2025-06-28 15:00:00,1751097600000,-0.022551,0.02105,1762948.0,375644.2065,3786684.5,21050000.0,,,,,,0.0,1000000000.0,0.0
MORE,2025-06-28 19:00:00,1751112000000,-0.014791,0.01944,1841781.0,372557.2626,3497061.6,19440000.0,,,,,,0.0,1000000000.0,0.0
MAVIA,2025-03-16 23:00:00,1742140800000,-0.014779,0.3034,55516026.0,15070178.9145,37425808.09,75850000.0,0.4934,0.0661,-97.17,213.09,,123354674.0,250000000.0,2473528.76441424
MAVIA,2025-03-17 03:00:00,1742155200000,-0.015718,0.2668,41184838.0,11976076.7357,32911027.02,66700000.0,0.4934,0.0752,-97.51,175.32,,123354674.0,250000000.0,2473528.76441424
MAVIA,2025-03-17 07:00:00,1742169600000,-0.00666,0.3119,29779315.0,8856073.4718,38474322.82,77975000.0,0.4934,0.0643,-97.09,221.87,,123354674.0,250000000.0,2473528.76441424
MAVIA,2025-03-17 11:00:00,1742184000000,-0.010381,0.3866,41936649.0,14564073.026,47688916.97,96650000.0,0.4934,0.0519,-96.39,298.95,,123354674.0,250000000.0,2473528.76441424
MAVIA,2025-03-17 15:00:00,1742198400000,-0.017026,0.5128,81510363.0,39301835.3264,63256276.83,128200000.0,0.4934,0.0391,-95.21,429.18,,123354674.0,250000000.0,2473528.76441424
MAVIA,2025-03-17 19:00:00,1742212800000,-0.02,0.4723,61938423.0,31076628.8964,58260412.53,118075000.0,0.4934,0.0425,-95.59,387.39,,123354674.0,250000000.0,2473528.76441424
MAVIA,2025-03-17 23:00:00,1742227200000,-0.02,0.4899,36765445.0,17904204.7317,60431454.79,122475000.0,0.4934,0.0409,-95.42,405.55,,123354674.0,250000000.0,2473528.76441424
MAVIA,2025-03-18 03:00:00,1742241600000,-0.00574,0.473,18193260.0,8300349.6174,58346760.8,118250000.0,0.4934,0.0424,-95.58,388.11,,123354674.0,250000000.0,2473528.76441424
MAVIA,2025-03-18 11:00:00,1742270400000,-0.00938,0.633,31678978.0,18630745.2441,78083508.64,158250000.0,0.4934,0.0317,-94.09,553.22,,123354674.0,250000000.0,2473528.76441424
MAVIA,2025-03-18 15:00:00,1742284800000,-0.02,0.5767,22771847.0,13559066.675,71138640.5,144175000.0,0.4934,0.0348,-94.61,495.13,,123354674.0,250000000.0,2473528.76441424
MAVIA,2025-03-18 19:00:00,1742299200000,-0.015456,0.5918,13707387.0,7974960.9538,73001296.07,147950000.0,0.4934,0.0339,-94.47,510.71,,123354674.0,250000000.0,2473528.76441424
MAVIA,2025-03-18 23:00:00,1742313600000,-0.010671,0.6172,11252423.0,6692709.6796,76134504.79,154300000.0,0.4934,0.0325,-94.23,536.92,,123354674.0,250000000.0,2473528.76441424
MAVIA,2025-03-19 03:00:00,1742328000000,-0.005962,0.6103,11136459.0,6848048.7429,75283357.54,152575000.0,0.4934,0.0329,-94.3,529.8,,123354674.0,250000000.0,2473528.76441424
MAVIA,2025-03-19 07:00:00,1742342400000,-0.013985,0.6084,6590181.0,3993623.1146,75048983.66,152100000.0,0.4934,0.033,-94.32,527.84,,123354674.0,250000000.0,2473528.76441424
MAVIA,2025-03-19 11:00:00,1742356800000,-0.011888,0.5139,7752488.0,4260288.3512,63391966.97,128475000.0,0.4934,0.039,-95.2,430.32,,123354674.0,250000000.0,2473528.76441424
MAVIA,2025-03-20 11:00:00,1742443200000,-0.006116,0.4161,3952763.0,1738238.8899,51327879.85,104025000.0,0.4934,0.0482,-96.11,329.39,,123354674.0,250000000.0,2473528.76441424
MAVIA,2025-03-25 15:00:00,1742889600000,-0.009087,0.4323,88437450.0,38417292.293,53326225.57,108075000.0,0.4934,0.0464,-95.96,346.11,,123354674.0,250000000.0,2473528.76441424
MAVIA,2025-03-25 19:00:00,1742904000000,-0.02,0.4046,84099826.0,33825190.2774,49909301.1,101150000.0,0.4934,0.0496,-96.22,317.53,,123354674.0,250000000.0,2473528.76441424
MAVIA,2025-03-26 03:00:00,1742932800000,-0.005279,0.4447,15008130.0,6279688.2127,54855823.53,111175000.0,0.4934,0.0451,-95.85,358.91,,123354674.0,250000000.0,2473528.76441424
MAVIA,2025-03-26 11:00:00,1742961600000,-0.005881,0.4375,32009250.0,14688751.2537,53967669.88,109375000.0,0.4934,0.0458,-95.91,351.48,,123354674.0,250000000.0,2473528.76441424
MAVIA,2025-03-26 15:00:00,1742976000000,-0.008091,0.392,21519712.0,8961069.3287,48355032.21,98000000.0,0.4934,0.0512,-96.34,304.52,,123354674.0,250000000.0,2473528.76441424
MAVIA,2025-03-28 11:00:00,1743134400000,-0.005739,0.4365,4750797.0,2109316.8203,53844315.2,109125000.0,0.4934,0.0459,-95.92,350.45,,123354674.0,250000000.0,2473528.76441424
CARV,2024-10-15 15:00:00,1728979200000,-0.009127,1.1336,121764.0,1417577.583,334009018.8,1133600000.0,0.2946,0.0722,-18.86,420.55,,294644512.0,1000000000.0,24106476.3713478
CARV,2024-10-29 15:00:00,1730188800000,-0.005328,0.7935,149365.0,1186225.804,233800420.27,793500000.0,0.2946,0.1031,-43.2,264.38,,294644512.0,1000000000.0,24106476.3713478
CARV,2024-11-02 23:00:00,1730563200000,-0.04,0.9116,1623057.0,17851261.569,268597937.14,911600000.0,0.2946,0.0897,-34.75,318.61,,294644512.0,1000000000.0,24106476.3713478
CARV,2024-11-03 07:00:00,1730592000000,-0.018299,0.9192,441203.0,4019417.46,270837235.43,919200000.0,0.2946,0.089,-34.2,322.1,,294644512.0,1000000000.0,24106476.3713478
CARV,2024-11-03 15:00:00,1730620800000,-0.013783,0.8216,536402.0,4456992.371,242079931.06,821600000.0,0.2946,0.0996,-41.19,277.28,,294644512.0,1000000000.0,24106476.3713478
CARV,2024-11-07 15:00:00,1730966400000,-0.011609,0.8901,90532.0,790295.15,262263080.13,890100000.0,0.2946,0.0919,-36.29,308.74,,294644512.0,1000000000.0,24106476.3713478
CARV,2024-11-07 23:00:00,1730995200000,-0.006976,0.9016,22603.0,200892.798,265651492.02,901600000.0,0.2946,0.0907,-35.46,314.02,,294644512.0,1000000000.0,24106476.3713478
CARV,2024-11-13 15:00:00,1731484800000,-0.00514,0.8234,8435.0,69770.949,242610291.18,823400000.0,0.2946,0.0994,-41.06,278.11,,294644512.0,1000000000.0,24106476.3713478
CARV,2024-11-16 15:00:00,1731744000000,-0.007047,0.8931,31402.0,279893.32,263147013.67,893100000.0,0.2946,0.0916,-36.07,310.12,,294644512.0,1000000000.0,24106476.3713478
CARV,2024-11-17 15:00:00,1731830400000,-0.006863,0.8772,12440.0,108204.737,258462165.93,877200000.0,0.2946,0.0933,-37.21,302.81,,294644512.0,1000000000.0,24106476.3713478
CARV,2024-11-17 23:00:00,1731859200000,-0.006,0.866,13100.0,114898.974,255162147.39,866000000.0,0.2946,0.0945,-38.01,297.67,,294644512.0,1000000000.0,24106476.3713478
CARV,2024-11-18 07:00:00,1731888000000,-0.007492,0.8841,6256.0,54873.733,260495213.06,884100000.0,0.2946,0.0925,-36.72,305.98,,294644512.0,1000000000.0,24106476.3713478
CARV,2024-12-09 23:00:00,1733760000000,-0.006253,0.9905,11403.0,113954.578,291845389.14,990500000.0,0.2946,0.0826,-29.1,354.84,,294644512.0,1000000000.0,24106476.3713478
CARV,2024-12-10 07:00:00,1733788800000,-0.02,0.8993,29992.0,273982.569,264973809.64,899300000.0,0.2946,0.091,-35.63,312.96,,294644512.0,1000000000.0,24106476.3713478
CARV,2024-12-10 15:00:00,1733817600000,-0.011349,0.8936,19267.0,173742.481,263294335.92,893600000.0,0.2946,0.0916,-36.04,310.34,,294644512.0,1000000000.0,24106476.3713478
CARV,2024-12-10 23:00:00,1733846400000,-0.014972,0.844,32005.0,268136.446,248679968.13,844000000.0,0.2946,0.0969,-39.59,287.57,,294644512.0,1000000000.0,24106476.3713478
CARV,2024-12-11 07:00:00,1733875200000,-0.009459,0.8443,20492.0,174992.999,248768361.48,844300000.0,0.2946,0.0969,-39.57,287.71,,294644512.0,1000000000.0,24106476.3713478
CARV,2024-12-11 15:00:00,1733904000000,-0.00836,0.8738,17842.0,153643.355,257460374.59,873800000.0,0.2946,0.0936,-37.45,301.25,,294644512.0,1000000000.0,24106476.3713478
CARV,2024-12-13 07:00:00,1734048000000,-0.006287,0.9434,11819.0,112383.94,277967632.62,943400000.0,0.2946,0.0867,-32.47,333.21,,294644512.0,1000000000.0,24106476.3713478
CARV,2024-12-15 15:00:00,1734249600000,-0.009165,0.9982,56310.0,551182.74,294114151.88,998200000.0,0.2946,0.082,-28.55,358.38,,294644512.0,1000000000.0,24106476.3713478
CARV,2024-12-15 23:00:00,1734278400000,-0.005848,0.9939,19621.0,195598.323,292847180.48,993900000.0,0.2946,0.0823,-28.86,356.4,,294644512.0,1000000000.0,24106476.3713478
CARV,2024-12-16 15:00:00,1734336000000,-0.005687,0.9408,16222.0,156034.784,277201556.89,940800000.0,0.2946,0.087,-32.66,332.02,,294644512.0,1000000000.0,24106476.3713478
CARV,2024-12-16 23:00:00,1734364800000,-0.006874,0.9721,11288.0,110057.655,286423930.12,972100000.0,0.2946,0.0842,-30.42,346.39,,294644512.0,1000000000.0,24106476.3713478
CARV,2024-12-17 15:00:00,1734422400000,-0.012042,1.0243,25241.0,262468.073,301804373.64,1024300000.0,0.2946,0.0799,-26.68,370.36,,294644512.0,1000000000.0,24106476.3713478
CARV,2025-01-01 23:00:00,1735747200000,-0.007829,0.8949,28812.0,257783.054,263677373.79,894900000.0,0.2946,0.0914,-35.94,310.94,,294644512.0,1000000000.0,24106476.3713478
CARV,2025-01-09 23:00:00,1736438400000,-0.011425,0.8384,37234.0,318021.882,247029958.86,838400000.0,0.2946,0.0976,-39.99,285.0,,294644512.0,1000000000.0,24106476.3713478
CARV,2025-02-27 15:00:00,1740643200000,-0.02,0.5374,1071556.0,5782715.722,158341960.75,537400000.0,0.2946,0.1522,-61.53,146.78,,294644512.0,1000000000.0,24106476.3713478
CARV,2025-02-27 19:00:00,1740657600000,-0.016869,0.4829,1031058.0,5216209.712,142283834.84,482900000.0,0.2946,0.1694,-65.43,121.75,,294644512.0,1000000000.0,24106476.3713478
CARV,2025-02-27 23:00:00,1740672000000,-0.012384,0.5,253120.0,1237788.021,147322256.0,500000000.0,0.2946,0.1636,-64.21,129.6,,294644512.0,1000000000.0,24106476.3713478
CARV,2025-02-28 07:00:00,1740700800000,-0.011376,0.4353,434759.0,2044965.145,128258756.07,435300000.0,0.2946,0.188,-68.84,99.89,,294644512.0,1000000000.0,24106476.3713478
CARV,2025-03-11 07:00:00,1741651200000,-0.005451,0.283,28275.0,78553.289,83384396.9,283000000.0,0.2946,0.2891,-79.74,29.95,,294644512.0,1000000000.0,24106476.3713478
CARV,2025-03-11 11:00:00,1741665600000,-0.005337,0.2823,13448.0,38216.476,83178145.74,282300000.0,0.2946,0.2898,-79.79,29.63,,294644512.0,1000000000.0,24106476.3713478
CARV,2025-03-17 15:00:00,1742198400000,-0.02,0.3489,308589.0,1123429.148,102801470.24,348900000.0,0.2946,0.2345,-75.03,60.22,,294644512.0,1000000000.0,24106476.3713478
CARV,2025-03-17 19:00:00,1742212800000,-0.0162,0.3554,285395.0,1029904.066,104716659.56,355400000.0,0.2946,0.2302,-74.56,63.2,,294644512.0,1000000000.0,24106476.3713478
CARV,2025-03-17 23:00:00,1742227200000,-0.017854,0.3621,119171.0,429962.085,106690777.8,362100000.0,0.2946,0.2259,-74.08,66.28,,294644512.0,1000000000.0,24106476.3713478
CARV,2025-03-18 03:00:00,1742241600000,-0.011908,0.357,78749.0,283187.155,105188090.78,357000000.0,0.2946,0.2292,-74.45,63.94,,294644512.0,1000000000.0,24106476.3713478
CARV,2025-03-18 07:00:00,1742256000000,-0.016753,0.3664,307944.0,1132337.928,107957749.2,366400000.0,0.2946,0.2233,-73.77,68.25,,294644512.0,1000000000.0,24106476.3713478
CARV,2025-03-18 11:00:00,1742270400000,-0.018408,0.3243,128204.0,446349.082,95553215.24,324300000.0,0.2946,0.2523,-76.79,48.92,,294644512.0,1000000000.0,24106476.3713478
CARV,2025-03-23 15:00:00,1742716800000,-0.005313,0.3799,97563.0,373249.193,111935450.11,379900000.0,0.2946,0.2154,-72.81,74.45,,294644512.0,1000000000.0,24106476.3713478
CARV,2025-03-23 19:00:00,1742731200000,-0.008092,0.3693,173050.0,666414.024,108812218.28,369300000.0,0.2946,0.2215,-73.57,69.58,,294644512.0,1000000000.0,24106476.3713478
CARV,2025-03-23 23:00:00,1742745600000,-0.008734,0.3577,64499.0,233957.453,105394341.94,357700000.0,0.2946,0.2287,-74.4,64.26,,294644512.0,1000000000.0,24106476.3713478
CARV,2025-03-26 11:00:00,1742961600000,-0.011302,0.3739,151830.0,585909.958,110167583.04,373900000.0,0.2946,0.2188,-73.24,71.7,,294644512.0,1000000000.0,24106476.3713478
CARV,2025-03-27 23:00:00,1743091200000,-0.00971,0.4027,56296.0,230379.976,118653344.98,402700000.0,0.2946,0.2032,-71.18,84.92,,294644512.0,1000000000.0,24106476.3713478
CARV,2025-03-28 11:00:00,1743134400000,-0.0125,0.4345,156006.0,688375.947,128023040.46,434500000.0,0.2946,0.1883,-68.9,99.52,,294644512.0,1000000000.0,24106476.3713478
CARV,2025-03-28 15:00:00,1743148800000,-0.016494,0.4512,331066.0,1458847.694,132943603.81,451200000.0,0.2946,0.1813,-67.7,107.19,,294644512.0,1000000000.0,24106476.3713478
CARV,2025-03-28 19:00:00,1743163200000,-0.02,0.4674,378010.0,1724550.31,137716844.91,467400000.0,0.2946,0.175,-66.54,114.63,,294644512.0,1000000000.0,24106476.3713478
CARV,2025-03-28 23:00:00,1743177600000,-0.016344,0.4602,216279.0,987815.712,135595404.42,460200000.0,0.2946,0.1778,-67.06,111.33,,294644512.0,1000000000.0,24106476.3713478
CARV,2025-03-29 03:00:00,1743192000000,-0.010084,0.4557,110916.0,507602.588,134269504.12,455700000.0,0.2946,0.1795,-67.38,109.26,,294644512.0,1000000000.0,24106476.3713478
CARV,2025-03-29 07:00:00,1743206400000,-0.008776,0.4207,169511.0,745010.467,123956946.2,420700000.0,0.2946,0.1945,-69.89,93.19,,294644512.0,1000000000.0,24106476.3713478
CARV,2025-04-02 11:00:00,1743566400000,-0.009675,0.3841,93290.0,369125.33,113172957.06,384100000.0,0.2946,0.213,-72.51,76.38,,294644512.0,1000000000.0,24106476.3713478
CARV,2025-04-07 03:00:00,1743969600000,-0.005367,0.2986,11298.0,34115.122,87980851.28,298600000.0,0.2946,0.274,-78.63,37.12,,294644512.0,1000000000.0,24106476.3713478
CARV,2025-04-07 07:00:00,1743984000000,-0.007634,0.2952,21449.0,64021.419,86979059.94,295200000.0,0.2946,0.2772,-78.87,35.56,,294644512.0,1000000000.0,24106476.3713478
CARV,2025-04-07 11:00:00,1743998400000,-0.007409,0.2738,30771.0,87052.845,80673667.39,273800000.0,0.2946,0.2988,-80.4,25.73,,294644512.0,1000000000.0,24106476.3713478
CARV,2025-04-08 23:00:00,1744128000000,-0.006827,0.2959,27731.0,82831.943,87185311.1,295900000.0,0.2946,0.2765,-78.82,35.88,,294644512.0,1000000000.0,24106476.3713478
CARV,2025-04-09 03:00:00,1744142400000,-0.005843,0.3004,16749.0,49652.606,88511211.4,300400000.0,0.2946,0.2724,-78.5,37.94,,294644512.0,1000000000.0,24106476.3713478
CARV,2025-04-09 07:00:00,1744156800000,-0.007028,0.2894,19180.0,56944.398,85270121.77,289400000.0,0.2946,0.2827,-79.29,32.89,,294644512.0,1000000000.0,24106476.3713478
CARV,2025-04-10 07:00:00,1744243200000,-0.006277,0.3203,26101.0,84197.844,94374637.19,320300000.0,0.2946,0.2554,-77.07,47.08,,294644512.0,1000000000.0,24106476.3713478
CARV,2025-04-10 15:00:00,1744272000000,-0.006152,0.3179,19119.0,61034.506,93667490.36,317900000.0,0.2946,0.2574,-77.25,45.98,,294644512.0,1000000000.0,24106476.3713478
CARV,2025-04-10 19:00:00,1744286400000,-0.005477,0.3065,19592.0,61232.754,90308542.93,306500000.0,0.2946,0.2669,-78.06,40.75,,294644512.0,1000000000.0,24106476.3713478
CARV,2025-04-10 23:00:00,1744300800000,-0.005933,0.3038,42577.0,129628.902,89513002.75,303800000.0,0.2946,0.2693,-78.25,39.51,,294644512.0,1000000000.0,24106476.3713478
CARV,2025-04-11 07:00:00,1744329600000,-0.00521,0.3123,13178.0,40658.755,92017481.1,312300000.0,0.2946,0.262,-77.65,43.41,,294644512.0,1000000000.0,24106476.3713478
CARV,2025-04-11 15:00:00,1744358400000,-0.007501,0.3252,62660.0,207523.963,95818395.3,325200000.0,0.2946,0.2516,-76.72,49.33,,294644512.0,1000000000.0,24106476.3713478
CARV,2025-04-12 11:00:00,1744430400000,-0.014899,0.3699,90306.0,328320.128,108989004.99,369900000.0,0.2946,0.2212,-73.52,69.86,,294644512.0,1000000000.0,24106476.3713478
CARV,2025-04-12 15:00:00,1744444800000,-0.011958,0.3541,75667.0,275461.891,104333621.7,354100000.0,0.2946,0.2311,-74.65,62.6,,294644512.0,1000000000.0,24106476.3713478
CARV,2025-04-13 07:00:00,1744502400000,-0.00574,0.3486,169055.0,599188.387,102713076.88,348600000.0,0.2946,0.2347,-75.05,60.08,,294644512.0,1000000000.0,24106476.3713478
CARV,2025-04-13 11:00:00,1744516800000,-0.008531,0.347,47622.0,164777.876,102241645.66,347000000.0,0.2946,0.2358,-75.16,59.34,,294644512.0,1000000000.0,24106476.3713478
CARV,2025-04-13 15:00:00,1744531200000,-0.006713,0.3401,46174.0,157956.997,100208598.53,340100000.0,0.2946,0.2406,-75.66,56.18,,294644512.0,1000000000.0,24106476.3713478
CARV,2025-04-13 19:00:00,1744545600000,-0.006006,0.3352,65387.0,220391.836,98764840.42,335200000.0,0.2946,0.2441,-76.01,53.93,,294644512.0,1000000000.0,24106476.3713478
CARV,2025-04-13 23:00:00,1744560000000,-0.007271,0.3291,60623.0,202477.43,96967508.9,329100000.0,0.2946,0.2486,-76.44,51.12,,294644512.0,1000000000.0,24106476.3713478
CARV,2025-04-14 03:00:00,1744574400000,-0.005205,0.3223,56640.0,182599.906,94963926.22,322300000.0,0.2946,0.2538,-76.93,48.0,,294644512.0,1000000000.0,24106476.3713478
CARV,2025-04-14 07:00:00,1744588800000,-0.009325,0.3423,203390.0,691158.265,100856816.46,342300000.0,0.2946,0.239,-75.5,57.19,,294644512.0,1000000000.0,24106476.3713478
CARV,2025-04-14 11:00:00,1744603200000,-0.009436,0.3437,39034.0,133942.12,101269318.77,343700000.0,0.2946,0.238,-75.4,57.83,,294644512.0,1000000000.0,24106476.3713478
CARV,2025-04-15 07:00:00,1744675200000,-0.008097,0.3333,53416.0,175952.097,98205015.85,333300000.0,0.2946,0.2455,-76.14,53.05,,294644512.0,1000000000.0,24106476.3713478
CARV,2025-04-15 11:00:00,1744689600000,-0.005308,0.335,27362.0,91318.957,98705911.52,335000000.0,0.2946,0.2442,-76.02,53.83,,294644512.0,1000000000.0,24106476.3713478
CARV,2025-04-18 03:00:00,1744920000000,-0.01192,0.3037,412758.0,1248609.975,89483538.29,303700000.0,0.2946,0.2694,-78.26,39.46,,294644512.0,1000000000.0,24106476.3713478
CARV,2025-04-18 07:00:00,1744934400000,-0.008416,0.3219,721964.0,2277278.263,94846068.41,321900000.0,0.2946,0.2542,-76.96,47.82,,294644512.0,1000000000.0,24106476.3713478
CARV,2025-04-18 11:00:00,1744948800000,-0.011495,0.312,508635.0,1584544.735,91929087.74,312000000.0,0.2946,0.2622,-77.67,43.27,,294644512.0,1000000000.0,24106476.3713478
CARV,2025-04-18 15:00:00,1744963200000,-0.013497,0.306,1248790.0,3804854.28,90161220.67,306000000.0,0.2946,0.2674,-78.1,40.52,,294644512.0,1000000000.0,24106476.3713478
CARV,2025-04-18 19:00:00,1744977600000,-0.02,0.3145,2596168.0,7893490.279,92665699.02,314500000.0,0.2946,0.2601,-77.49,44.42,,294644512.0,1000000000.0,24106476.3713478
CARV,2025-06-23 03:00:00,1750622400000,-0.007983,0.2247,34517.0,75226.133,66206621.85,224700000.0,0.2946,0.3641,-83.92,3.18,,294644512.0,1000000000.0,24106476.3713478
CARV,2025-06-23 15:00:00,1750665600000,-0.02,0.2402,706002.0,1590822.128,70773611.78,240200000.0,0.2946,0.3406,-82.81,10.3,,294644512.0,1000000000.0,24106476.3713478
CARV,2025-06-23 19:00:00,1750680000000,-0.02,0.2274,360392.0,827187.26,67002162.03,227400000.0,0.2946,0.3598,-83.72,4.42,,294644512.0,1000000000.0,24106476.3713478
CARV,2025-06-24 03:00:00,1750708800000,-0.006267,0.2395,196000.0,461541.302,70567360.62,239500000.0,0.2946,0.3416,-82.86,9.98,,294644512.0,1000000000.0,24106476.3713478
CARV,2025-06-24 07:00:00,1750723200000,-0.00913,0.2294,927885.0,2143007.031,67591451.05,229400000.0,0.2946,0.3566,-83.58,5.34,,294644512.0,1000000000.0,24106476.3713478
CARV,2025-06-24 11:00:00,1750737600000,-0.005478,0.2385,88474.0,207543.906,70272716.11,238500000.0,0.2946,0.343,-82.93,9.52,,294644512.0,1000000000.0,24106476.3713478
CARV,2025-07-05 11:00:00,1751688000000,-0.02,0.3036,1293651.0,3877039.21,89454073.84,303600000.0,0.2946,0.2695,-78.27,39.41,,294644512.0,1000000000.0,24106476.3713478
CARV,2025-07-05 12:00:00,1751691600000,-0.011995,0.3036,1293651.0,3877039.21,89454073.84,303600000.0,0.2946,0.2695,-78.27,39.41,,294644512.0,1000000000.0,24106476.3713478
CARV,2025-07-05 13:00:00,1751695200000,-0.012144,0.3036,1293651.0,3877039.21,89454073.84,303600000.0,0.2946,0.2695,-78.27,39.41,,294644512.0,1000000000.0,24106476.3713478
CARV,2025-07-05 14:00:00,1751698800000,-0.007416,0.3036,1293651.0,3877039.21,89454073.84,303600000.0,0.2946,0.2695,-78.27,39.41,,294644512.0,1000000000.0,24106476.3713478
CARV,2025-07-05 15:00:00,1751702400000,-0.005773,0.309,1865860.0,5817795.617,91045154.21,309000000.0,0.2946,0.2648,-77.88,41.89,,294644512.0,1000000000.0,24106476.3713478
CARV,2025-07-05 17:00:00,1751709600000,-0.008461,0.309,1865860.0,5817795.617,91045154.21,309000000.0,0.2946,0.2648,-77.88,41.89,,294644512.0,1000000000.0,24106476.3713478
CARV,2025-07-05 20:00:00,1751720400000,-0.006793,0.2939,1662611.0,4999784.637,86596022.08,293900000.0,0.2946,0.2784,-78.96,34.96,,294644512.0,1000000000.0,24106476.3713478
CARV,2025-07-05 21:00:00,1751724000000,-0.005865,0.2939,1662611.0,4999784.637,86596022.08,293900000.0,0.2946,0.2784,-78.96,34.96,,294644512.0,1000000000.0,24106476.3713478
CARV,2025-07-07 13:00:00,1751868000000,-0.005612,0.2574,719843.0,1879937.258,75841497.39,257400000.0,0.2946,0.3179,-81.58,18.2,,294644512.0,1000000000.0,24106476.3713478
NIL,2025-03-24 19:00:00,1742817600000,-0.005064,0.7351,54823634.0,41098540.6754,143454765.0,735100000.0,0.1951,0.0824,-22.75,203.6,,195150000.0,1000000000.0,11817928.36708347
MUBARAK,2025-03-16 19:00:00,1742126400000,-0.005033,0.07671,5633983.0,42896714.769,76710000.0,76710000.0,1.0,0.1918,-64.45,28045.81,,1000000000.0,1000000000.0,14716300.78013881
MUBARAK,2025-03-16 23:00:00,1742140800000,-0.0051,0.07746,1498988.0,11467569.654,77460000.0,77460000.0,1.0,0.19,-64.11,28320.99,,1000000000.0,1000000000.0,14716300.78013881
MUBARAK,2025-03-17 03:00:00,1742155200000,-0.005028,0.07611,1411459.0,11372921.363,76110000.0,76110000.0,1.0,0.1934,-64.73,27825.66,,1000000000.0,1000000000.0,14716300.78013881
MUBARAK,2025-03-17 07:00:00,1742169600000,-0.005002,0.12089,2330917.0,24532281.132,120890000.0,120890000.0,1.0,0.1217,-43.98,44255.97,,1000000000.0,1000000000.0,14716300.78013881
MUBARAK,2025-03-17 11:00:00,1742184000000,-0.005013,0.126,1889070.0,23641505.071,126000000.0,126000000.0,1.0,0.1168,-41.61,46130.89,,1000000000.0,1000000000.0,14716300.78013881
MUBARAK,2025-03-17 15:00:00,1742198400000,-0.005019,0.09372,5876915.0,67345578.299,93720000.0,93720000.0,1.0,0.157,-56.57,34286.98,,1000000000.0,1000000000.0,14716300.78013881
MUBARAK,2025-03-17 19:00:00,1742212800000,-0.007045,0.13924,8644562.0,105766785.131,139240000.0,139240000.0,1.0,0.1057,-35.48,50988.81,,1000000000.0,1000000000.0,14716300.78013881
NKN,2025-04-18 23:00:00,1744992000000,-0.00562,0.0208,264099798.0,5663824.88745,16459910.19,16459910.19,1.0,0.1678,-98.6,224.47,,791341836.1275951,791341836.1275951,2761267.66579005
NKN,2025-04-19 07:00:00,1745020800000,-0.008059,0.02165,53023115.0,1127561.04975,17132550.75,17132550.75,1.0,0.1612,-98.54,237.73,,791341836.1275951,791341836.1275951,2761267.66579005
NKN,2025-04-19 23:00:00,1745078400000,-0.011664,0.02449,90965590.0,2281973.75752,19379961.57,19379961.57,1.0,0.1425,-98.35,282.03,,791341836.1275951,791341836.1275951,2761267.66579005
NKN,2025-04-20 07:00:00,1745107200000,-0.006256,0.03286,125736225.0,3476246.84424,26003492.74,26003492.74,1.0,0.1062,-97.78,412.59,,791341836.1275951,791341836.1275951,2761267.66579005
NKN,2025-04-20 15:00:00,1745136000000,-0.018018,0.04301,342819345.0,14521954.28553,34035612.37,34035612.37,1.0,0.0811,-97.1,570.93,,791341836.1275951,791341836.1275951,2761267.66579005
NKN,2025-04-20 19:00:00,1745150400000,-0.01202,0.04888,754204723.0,37322072.60379,38680788.95,38680788.95,1.0,0.0714,-96.7,662.49,,791341836.1275951,791341836.1275951,2761267.66579005
NKN,2025-04-20 23:00:00,1745164800000,-0.016345,0.04312,342427190.0,14764740.48653,34122659.97,34122659.97,1.0,0.0809,-97.09,572.64,,791341836.1275951,791341836.1275951,2761267.66579005
NKN,2025-04-21 03:00:00,1745179200000,-0.012187,0.0442,204221333.0,9277360.26214,34977309.16,34977309.16,1.0,0.0789,-97.02,589.49,,791341836.1275951,791341836.1275951,2761267.66579005
NKN,2025-04-21 07:00:00,1745193600000,-0.011036,0.04219,132273429.0,5729096.40252,33386712.07,33386712.07,1.0,0.0827,-97.16,558.13,,791341836.1275951,791341836.1275951,2761267.66579005
NKN,2025-04-21 11:00:00,1745208000000,-0.010301,0.03619,207389578.0,8264188.72903,28638661.05,28638661.05,1.0,0.0964,-97.56,464.54,,791341836.1275951,791341836.1275951,2761267.66579005
MOVE,2024-12-10 11:00:00,1733803200000,-0.011955,1.0184,64766326.0,65523228.9264,2749680000.0,10184000000.0,0.27,0.0096,-29.72,811.13,,2700000000.0,10000000000.0,26520135.47285797
MOVE,2024-12-10 15:00:00,1733817600000,-0.006356,0.8854,46930098.0,43662124.5101,2390580000.0,8854000000.0,0.27,0.0111,-38.9,692.14,,2700000000.0,10000000000.0,26520135.47285797
MOVE,2025-03-26 03:00:00,1742932800000,-0.010065,0.5477,28596264.0,15587550.0874,1478790000.0,5477000000.0,0.27,0.0179,-62.2,390.01,,2700000000.0,10000000000.0,26520135.47285797
MOVE,2025-03-26 07:00:00,1742947200000,-0.007279,0.5404,33560546.0,18726490.362,1459080000.0,5404000000.0,0.27,0.0182,-62.7,383.48,,2700000000.0,10000000000.0,26520135.47285797
MOVE,2025-03-26 11:00:00,1742961600000,-0.008916,0.5477,17134339.0,9284333.627,1478790000.0,5477000000.0,0.27,0.0179,-62.2,390.01,,2700000000.0,10000000000.0,26520135.47285797
MOVE,2025-04-15 07:00:00,1744675200000,-0.007397,0.3036,4217130.0,1258752.2004,819720000.0,3036000000.0,0.27,0.0324,-79.05,171.62,,2700000000.0,10000000000.0,26520135.47285797
MOVE,2025-04-15 11:00:00,1744689600000,-0.005812,0.2936,4710377.0,1397071.3256,792720000.0,2936000000.0,0.27,0.0335,-79.74,162.67,,2700000000.0,10000000000.0,26520135.47285797
MOVE,2025-04-16 07:00:00,1744761600000,-0.005996,0.2658,3257883.0,881623.8111,717660000.0,2658000000.0,0.27,0.037,-81.66,137.8,,2700000000.0,10000000000.0,26520135.47285797
MOVE,2025-04-18 11:00:00,1744948800000,-0.005118,0.239,2638627.0,637948.9354,645300000.0,2390000000.0,0.27,0.0411,-83.51,113.82,,2700000000.0,10000000000.0,26520135.47285797
MOVE,2025-04-20 23:00:00,1745164800000,-0.005407,0.2218,3781875.0,829466.4995,598860000.0,2218000000.0,0.27,0.0443,-84.69,98.44,,2700000000.0,10000000000.0,26520135.47285797
MOVE,2025-05-02 03:00:00,1746129600000,-0.005375,0.1852,59819966.0,11482167.6324,500040000.0,1852000000.0,0.27,0.053,-87.22,65.69,,2700000000.0,10000000000.0,26520135.47285797
MOVE,2025-05-02 11:00:00,1746158400000,-0.012886,0.1923,56681340.0,10936488.3378,519210000.0,1923000000.0,0.27,0.0511,-86.73,72.04,,2700000000.0,10000000000.0,26520135.47285797
MOVE,2025-05-02 15:00:00,1746172800000,-0.015735,0.1977,80019862.0,15536279.2387,533790000.0,1977000000.0,0.27,0.0497,-86.36,76.88,,2700000000.0,10000000000.0,26520135.47285797
MOVE,2025-05-02 19:00:00,1746187200000,-0.012504,0.1975,66343768.0,13029309.9476,533250000.0,1975000000.0,0.27,0.0497,-86.37,76.7,,2700000000.0,10000000000.0,26520135.47285797
MOVE,2025-05-02 23:00:00,1746201600000,-0.008801,0.1899,41306418.0,7998722.7719,512730000.0,1899000000.0,0.27,0.0517,-86.89,69.9,,2700000000.0,10000000000.0,26520135.47285797
MOVE,2025-05-03 03:00:00,1746216000000,-0.007728,0.1955,44516667.0,8543677.3059,527850000.0,1955000000.0,0.27,0.0502,-86.51,74.91,,2700000000.0,10000000000.0,26520135.47285797
MOVE,2025-05-03 07:00:00,1746230400000,-0.009849,0.1875,39378994.0,7520185.5845,506250000.0,1875000000.0,0.27,0.0524,-87.06,67.75,,2700000000.0,10000000000.0,26520135.47285797
MOVE,2025-05-03 11:00:00,1746244800000,-0.007323,0.1857,33374034.0,6224935.371,501390000.0,1857000000.0,0.27,0.0529,-87.18,66.14,,2700000000.0,10000000000.0,26520135.47285797
MOVE,2025-05-03 15:00:00,1746259200000,-0.006697,0.1834,35374787.0,6529016.7761,495180000.0,1834000000.0,0.27,0.0536,-87.34,64.08,,2700000000.0,10000000000.0,26520135.47285797
MOVE,2025-05-03 19:00:00,1746273600000,-0.008158,0.1824,30106073.0,5495087.6555,492480000.0,1824000000.0,0.27,0.0539,-87.41,63.19,,2700000000.0,10000000000.0,26520135.47285797
MOVE,2025-05-03 23:00:00,1746288000000,-0.006128,0.1815,27728482.0,5003495.9294,490050000.0,1815000000.0,0.27,0.0541,-87.47,62.38,,2700000000.0,10000000000.0,26520135.47285797
MOVE,2025-05-04 03:00:00,1746302400000,-0.005737,0.1808,19134843.0,3447905.3831,488160000.0,1808000000.0,0.27,0.0543,-87.52,61.76,,2700000000.0,10000000000.0,26520135.47285797
MOVE,2025-05-04 07:00:00,1746316800000,-0.006048,0.1679,20262721.0,3515401.774,453330000.0,1679000000.0,0.27,0.0585,-88.41,50.21,,2700000000.0,10000000000.0,26520135.47285797
MOVE,2025-05-05 19:00:00,1746446400000,-0.005409,0.165,18465642.0,3048298.3129,445500000.0,1650000000.0,0.27,0.0595,-88.61,47.62,,2700000000.0,10000000000.0,26520135.47285797
MOVE,2025-05-06 11:00:00,1746504000000,-0.006743,0.1765,25762255.0,4485825.7827,476550000.0,1765000000.0,0.27,0.0557,-87.82,57.91,,2700000000.0,10000000000.0,26520135.47285797
MOVE,2025-05-07 15:00:00,1746604800000,-0.007739,0.1579,69436194.0,10831061.7036,426330000.0,1579000000.0,0.27,0.0622,-89.1,41.27,,2700000000.0,10000000000.0,26520135.47285797
MOVE,2025-06-23 19:00:00,1750680000000,-0.00573,0.152,56010237.0,8300113.5765,410400000.0,1520000000.0,0.27,0.0646,-89.51,35.99,,2700000000.0,10000000000.0,26520135.47285797
MOVE,2025-06-26 15:00:00,1750924800000,-0.008123,0.1831,27004301.0,5100711.9596,494370000.0,1831000000.0,0.27,0.0536,-87.36,63.81,,2700000000.0,10000000000.0,26520135.47285797
MOVE,2025-06-26 19:00:00,1750939200000,-0.006492,0.18,15906598.0,2872766.758,486000000.0,1800000000.0,0.27,0.0546,-87.58,61.04,,2700000000.0,10000000000.0,26520135.47285797
MOVE,2025-06-26 23:00:00,1750953600000,-0.005739,0.1823,6912596.0,1246958.6027,492210000.0,1823000000.0,0.27,0.0539,-87.42,63.1,,2700000000.0,10000000000.0,26520135.47285797
MAGIC,2025-04-20 07:00:00,1745107200000,-0.015207,0.1433,14363780.0,19182240.379,45062738.2,49827417.2,,,,,,0.0,347714007.0,0.0
MAGIC,2025-04-20 15:00:00,1745136000000,-0.006412,0.1373,6927380.0,9342150.552,43175952.23,47741133.16,,,,,,0.0,347714007.0,0.0
MAGIC,2025-04-20 23:00:00,1745164800000,-0.021656,0.1857,16729271.0,32115315.53,58396025.71,64570491.1,,,,,,0.0,347714007.0,0.0
MAGIC,2025-04-21 07:00:00,1745193600000,-0.011131,0.185,4478710.0,8636093.726,58175900.68,64327091.3,,,,,,0.0,347714007.0,0.0
MAGIC,2025-04-21 15:00:00,1745222400000,-0.006244,0.2379,13079187.0,28281004.989,74811063.63,82721162.27,,,,,,0.0,347714007.0,0.0
MAGIC,2025-04-21 23:00:00,1745251200000,-0.025,0.2549,24162395.0,59296386.615,80156957.21,88632300.38,,,,,,0.0,347714007.0,0.0
MAGIC,2025-04-22 03:00:00,1745265600000,-0.022214,0.2342,10883948.0,26908428.176,73647545.62,81434620.44,,,,,,0.0,347714007.0,0.0
MAGIC,2025-04-22 07:00:00,1745280000000,-0.006263,0.2437,8427582.0,20144615.332,76634956.73,84737903.51,,,,,,0.0,347714007.0,0.0
MAGIC,2025-04-22 11:00:00,1745294400000,-0.018026,0.2616,11194880.0,28202411.49,82263868.2,90961984.23,,,,,,0.0,347714007.0,0.0
MAGIC,2025-04-22 15:00:00,1745308800000,-0.017219,0.2495,12340481.0,31138062.214,78458849.84,86754644.75,,,,,,0.0,347714007.0,0.0
MAGIC,2025-04-22 19:00:00,1745323200000,-0.015525,0.2194,11268865.0,26979254.335,68993473.56,76288453.14,,,,,,0.0,347714007.0,0.0
MAGIC,2025-04-22 23:00:00,1745337600000,-0.006383,0.2206,5155919.0,11363624.015,69370830.76,76705709.94,,,,,,0.0,347714007.0,0.0
MAGIC,2025-04-23 03:00:00,1745352000000,-0.011092,0.223,3611660.0,7924472.781,70125545.14,77540223.56,,,,,,0.0,347714007.0,0.0
MAGIC,2025-04-23 07:00:00,1745366400000,-0.0056,0.2138,2349416.0,5030099.128,67232473.33,74341254.7,,,,,,0.0,347714007.0,0.0
MAGIC,2025-04-23 15:00:00,1745395200000,-0.006867,0.2153,1846628.0,3968822.361,67704169.82,74862825.71,,,,,,0.0,347714007.0,0.0
MAGIC,2025-06-16 19:00:00,1750075200000,-0.007098,0.1567,3131464.0,4863889.597,49276560.2,54486784.9,,,,,,0.0,347714007.0,0.0
MAGIC,2025-06-17 15:00:00,1750147200000,-0.007652,0.1545,3405393.0,5346490.453,48584738.68,53721814.08,,,,,,0.0,347714007.0,0.0
MAGIC,2025-07-08 23:00:00,1751990400000,-0.016547,0.1578,11779466.0,18908006.467,49622470.96,54869270.3,,,,,,0.0,347714007.0,0.0
MAGIC,2025-07-09 03:00:00,1752004800000,-0.006634,0.1657,9353911.0,15615811.295,52106739.15,57616210.96,,,,,,0.0,347714007.0,0.0
MAGIC,2025-07-09 07:00:00,1752019200000,-0.005314,0.1682,3534026.0,6020183.14,52892899.97,58485495.98,,,,,,0.0,347714007.0,0.0
MAGIC,2025-07-09 11:00:00,1752033600000,-0.006749,0.1958,6178667.0,11157837.117,61572115.42,68082402.57,,,,,,0.0,347714007.0,0.0
MAGIC,2025-07-09 15:00:00,1752048000000,-0.010514,0.2051,15452020.0,31611030.972,64496633.67,71316142.84,,,,,,0.0,347714007.0,0.0
MAGIC,2025-07-09 19:00:00,1752062400000,-0.01221,0.2013,6268632.0,12601055.605,63301669.23,69994829.61,,,,,,0.0,347714007.0,0.0
MAGIC,2025-08-02 07:00:00,1754092800000,-0.005354,0.1803,3190044.0,5679376.858,56697918.34,62692835.46,,,,,,0.0,347714007.0,0.0
LPT,2024-02-17 03:00:00,1708113600000,-0.011084,14.387,45594004.0,64585064.9362,627368928.41,627368928.41,1.0,0.0429,-85.65,3320.7,,43606653.81305624,43606653.81305624,26906700.32743533
LPT,2024-02-17 23:00:00,1708185600000,-0.009553,17.51,20766775.0,38334750.6018,763552508.27,763552508.27,1.0,0.0352,-82.53,4063.23,,43606653.81305624,43606653.81305624,26906700.32743533
LPT,2025-04-23 03:00:00,1745352000000,-0.008787,5.488,9094739.0,5002676.0762,239313316.13,239313316.13,1.0,0.1124,-94.53,1204.84,,43606653.81305624,43606653.81305624,26906700.32743533
LPT,2025-05-30 11:00:00,1748577600000,-0.006927,7.701,41322799.0,29896808.411,335814841.01,335814841.01,1.0,0.0801,-92.32,1731.01,,43606653.81305624,43606653.81305624,26906700.32743533
LPT,2025-05-30 15:00:00,1748592000000,-0.00507,10.683,28307918.0,26798449.0079,465849882.68,465849882.68,1.0,0.0578,-89.34,2440.02,,43606653.81305624,43606653.81305624,26906700.32743533
LPT,2025-05-30 16:00:00,1748595600000,-0.00508,10.683,28307918.0,26798449.0079,465849882.68,465849882.68,1.0,0.0578,-89.34,2440.02,,43606653.81305624,43606653.81305624,26906700.32743533
LPT,2025-05-30 17:00:00,1748599200000,-0.02,10.683,28307918.0,26798449.0079,465849882.68,465849882.68,1.0,0.0578,-89.34,2440.02,,43606653.81305624,43606653.81305624,26906700.32743533
LPT,2025-05-30 18:00:00,1748602800000,-0.02,10.683,28307918.0,26798449.0079,465849882.68,465849882.68,1.0,0.0578,-89.34,2440.02,,43606653.81305624,43606653.81305624,26906700.32743533
LPT,2025-05-30 19:00:00,1748606400000,-0.018189,11.776,15981785.0,19416588.3232,513511955.3,513511955.3,1.0,0.0524,-88.25,2699.9,,43606653.81305624,43606653.81305624,26906700.32743533
LPT,2025-05-30 20:00:00,1748610000000,-0.02,11.776,15981785.0,19416588.3232,513511955.3,513511955.3,1.0,0.0524,-88.25,2699.9,,43606653.81305624,43606653.81305624,26906700.32743533
LPT,2025-05-30 21:00:00,1748613600000,-0.02,11.776,15981785.0,19416588.3232,513511955.3,513511955.3,1.0,0.0524,-88.25,2699.9,,43606653.81305624,43606653.81305624,26906700.32743533
LPT,2025-05-30 22:00:00,1748617200000,-0.02,11.776,15981785.0,19416588.3232,513511955.3,513511955.3,1.0,0.0524,-88.25,2699.9,,43606653.81305624,43606653.81305624,26906700.32743533
LPT,2025-05-30 23:00:00,1748620800000,-0.015448,11.195,8377116.0,9288221.7389,488176489.44,488176489.44,1.0,0.0551,-88.83,2561.76,,43606653.81305624,43606653.81305624,26906700.32743533
LPT,2025-05-31 00:00:00,1748624400000,-0.009307,11.195,8377116.0,9288221.7389,488176489.44,488176489.44,1.0,0.0551,-88.83,2561.76,,43606653.81305624,43606653.81305624,26906700.32743533
LPT,2025-05-31 01:00:00,1748628000000,-0.016486,11.195,8377116.0,9288221.7389,488176489.44,488176489.44,1.0,0.0551,-88.83,2561.76,,43606653.81305624,43606653.81305624,26906700.32743533
LPT,2025-05-31 02:00:00,1748631600000,-0.007934,11.195,8377116.0,9288221.7389,488176489.44,488176489.44,1.0,0.0551,-88.83,2561.76,,43606653.81305624,43606653.81305624,26906700.32743533
LPT,2025-05-31 03:00:00,1748635200000,-0.006955,11.666,7529243.0,9203547.5352,508715223.38,508715223.38,1.0,0.0529,-88.36,2673.74,,43606653.81305624,43606653.81305624,26906700.32743533
LPT,2025-05-31 04:00:00,1748638800000,-0.01002,11.666,7529243.0,9203547.5352,508715223.38,508715223.38,1.0,0.0529,-88.36,2673.74,,43606653.81305624,43606653.81305624,26906700.32743533
LPT,2025-05-31 05:00:00,1748642400000,-0.010444,11.666,7529243.0,9203547.5352,508715223.38,508715223.38,1.0,0.0529,-88.36,2673.74,,43606653.81305624,43606653.81305624,26906700.32743533
LPT,2025-05-31 06:00:00,1748646000000,-0.014735,11.666,7529243.0,9203547.5352,508715223.38,508715223.38,1.0,0.0529,-88.36,2673.74,,43606653.81305624,43606653.81305624,26906700.32743533
LPT,2025-05-31 07:00:00,1748649600000,-0.005115,11.23,4766699.0,5730216.3103,489702722.32,489702722.32,1.0,0.0549,-88.8,2570.08,,43606653.81305624,43606653.81305624,26906700.32743533
LPT,2025-05-31 08:00:00,1748653200000,-0.010189,11.23,4766699.0,5730216.3103,489702722.32,489702722.32,1.0,0.0549,-88.8,2570.08,,43606653.81305624,43606653.81305624,26906700.32743533
LPT,2025-05-31 09:00:00,1748656800000,-0.008931,11.23,4766699.0,5730216.3103,489702722.32,489702722.32,1.0,0.0549,-88.8,2570.08,,43606653.81305624,43606653.81305624,26906700.32743533
LPT,2025-05-31 10:00:00,1748660400000,-0.005892,11.23,4766699.0,5730216.3103,489702722.32,489702722.32,1.0,0.0549,-88.8,2570.08,,43606653.81305624,43606653.81305624,26906700.32743533
LPT,2025-05-31 11:00:00,1748664000000,-0.007514,11.685,3364894.0,3785204.9154,509543749.81,509543749.81,1.0,0.0528,-88.34,2678.26,,43606653.81305624,43606653.81305624,26906700.32743533
LPT,2025-05-31 12:00:00,1748667600000,-0.006051,11.685,3364894.0,3785204.9154,509543749.81,509543749.81,1.0,0.0528,-88.34,2678.26,,43606653.81305624,43606653.81305624,26906700.32743533
LPT,2025-05-31 14:00:00,1748674800000,-0.006205,11.685,3364894.0,3785204.9154,509543749.81,509543749.81,1.0,0.0528,-88.34,2678.26,,43606653.81305624,43606653.81305624,26906700.32743533
LPT,2025-05-31 15:00:00,1748678400000,-0.008969,10.32,3525558.0,3907349.3527,450020667.35,450020667.35,1.0,0.0598,-89.71,2353.72,,43606653.81305624,43606653.81305624,26906700.32743533
LPT,2025-05-31 18:00:00,1748689200000,-0.006738,10.32,3525558.0,3907349.3527,450020667.35,450020667.35,1.0,0.0598,-89.71,2353.72,,43606653.81305624,43606653.81305624,26906700.32743533
LPT,2025-06-01 07:00:00,1748736000000,-0.00571,9.044,1040289.0,953268.5005,394378577.09,394378577.09,1.0,0.0682,-90.98,2050.33,,43606653.81305624,43606653.81305624,26906700.32743533
LPT,2025-06-05 01:00:00,1749060000000,-0.007323,9.917,5477982.0,5300006.1368,432447185.86,432447185.86,1.0,0.0622,-90.11,2257.9,,43606653.81305624,43606653.81305624,26906700.32743533
LPT,2025-06-29 08:00:00,1751158800000,-0.005193,6.399,972126.0,624706.0547,279038977.75,279038977.75,1.0,0.0964,-93.62,1421.45,,43606653.81305624,43606653.81305624,26906700.32743533
LPT,2025-06-29 13:00:00,1751176800000,-0.005109,6.818,1397112.0,947360.591,297310165.7,297310165.7,1.0,0.0905,-93.2,1521.07,,43606653.81305624,43606653.81305624,26906700.32743533
LPT,2025-07-05 20:00:00,1751720400000,-0.00777,6.319,1224687.0,784304.9193,275550445.44,275550445.44,1.0,0.0976,-93.7,1402.42,,43606653.81305624,43606653.81305624,26906700.32743533
NOT,2024-05-16 23:00:00,1715875200000,-0.02,0.007385,5717991.0,42367891.969,734317496.57,756644626.17,0.9705,0.032,-74.5,360.0,,99433648825.2978,102456956826.9109,23507830.68948033
NOT,2024-05-17 03:00:00,1715889600000,-0.005765,0.007552,1964694.0,14540198.119,750922915.93,773754937.96,0.9705,0.0313,-73.92,370.4,,99433648825.2978,102456956826.9109,23507830.68948033
NOT,2024-05-17 07:00:00,1715904000000,-0.005806,0.006896,1604103.0,11372299.143,685694442.3,706543174.28,0.9705,0.0343,-76.19,329.54,,99433648825.2978,102456956826.9109,23507830.68948033
NOT,2024-05-17 19:00:00,1715947200000,-0.005227,0.007033,3114192.0,21403493.505,699316852.19,720579777.36,0.9705,0.0336,-75.71,338.07,,99433648825.2978,102456956826.9109,23507830.68948033
NXPC,2025-05-15 15:00:00,1747296000000,-0.009144,3.087,29389963.0,95196624.784,605951650.58,3087000000.0,0.1963,0.0457,-19.6,316.01,,196291432.0,1000000000.0,27688997.64575319
NXPC,2025-05-15 23:00:00,1747324800000,-0.01799,2.614,13204648.0,34543511.847,513105803.25,2614000000.0,0.1963,0.054,-31.92,252.27,,196291432.0,1000000000.0,27688997.64575319
MTL,2024-06-21 15:00:00,1718956800000,-0.014498,1.2457,7276061.0,9303289.4496,107313675.42,82949777.78,,,,,,0.0,66588888.0,0.0
MTL,2024-06-23 15:00:00,1719129600000,-0.005362,1.2698,2607558.0,3372094.8561,109389825.03,84554569.98,,,,,,0.0,66588888.0,0.0
MTL,2024-06-24 15:00:00,1719216000000,-0.022726,1.4349,15162761.0,22040336.3503,123612742.12,95548395.39,,,,,,0.0,66588888.0,0.0
MTL,2024-06-24 23:00:00,1719244800000,-0.0161,1.3859,7334315.0,10275016.5744,119391525.05,92285539.88,,,,,,0.0,66588888.0,0.0
MTL,2024-06-25 07:00:00,1719273600000,-0.011177,1.3698,3622646.0,5071762.3771,118004553.73,91213458.78,,,,,,0.0,66588888.0,0.0
MTL,2024-06-25 23:00:00,1719331200000,-0.005029,1.3834,1519858.0,2087594.1983,119176156.84,92119067.66,,,,,,0.0,66588888.0,0.0
OGN,2024-11-02 23:00:00,1730563200000,-0.009736,0.0944,73483277.0,7279894.7081,63728494.68,133072361.46,0.4789,2.6791,-97.21,120.37,,675089986.0,1409664846.0,170732666.72655603
OGN,2024-12-28 07:00:00,1735344000000,-0.011798,0.1495,63534628.0,9129563.9466,100925952.91,210744894.48,0.4789,1.6917,-95.59,248.99,,675089986.0,1409664846.0,170732666.72655603
OGN,2024-12-28 15:00:00,1735372800000,-0.016909,0.1365,45077598.0,6423748.8359,92149783.09,192419251.48,0.4789,1.8528,-95.97,218.64,,675089986.0,1409664846.0,170732666.72655603
OGN,2024-12-28 23:00:00,1735401600000,-0.005086,0.1308,9863312.0,1319582.4931,88301770.17,184384161.86,0.4789,1.9335,-96.14,205.34,,675089986.0,1409664846.0,170732666.72655603
LA,2025-06-04 23:00:00,1749052800000,-0.005036,0.5067,7321018.0,3506509.8155,97793100.0,506700000.0,0.193,0.1561,-88.75,143.67,,193000000.0,1000000000.0,15265360.84760369
LA,2025-06-05 03:00:00,1749067200000,-0.005034,0.7675,6170414.0,3842469.9597,148127500.0,767500000.0,0.193,0.1031,-82.95,269.09,,193000000.0,1000000000.0,15265360.84760369
LA,2025-06-05 07:00:00,1749081600000,-0.00508,1.529,16757418.0,19024277.206,295097000.0,1529000000.0,0.193,0.0517,-66.04,635.3,,193000000.0,1000000000.0,15265360.84760369
LA,2025-06-05 11:00:00,1749096000000,-0.01012,1.24,13096602.0,18521508.7919,239320000.0,1240000000.0,0.193,0.0638,-72.46,496.32,,193000000.0,1000000000.0,15265360.84760369
LA,2025-06-05 15:00:00,1749110400000,-0.019783,1.3575,20619995.0,25328851.143,261997500.0,1357500000.0,0.193,0.0583,-69.85,552.83,,193000000.0,1000000000.0,15265360.84760369
LA,2025-06-05 19:00:00,1749124800000,-0.02,1.3043,21639933.0,29333650.6596,251729900.0,1304300000.0,0.193,0.0606,-71.03,527.24,,193000000.0,1000000000.0,15265360.84760369
LA,2025-06-05 20:00:00,1749128400000,-0.012883,1.3043,21639933.0,29333650.6596,251729900.0,1304300000.0,0.193,0.0606,-71.03,527.24,,193000000.0,1000000000.0,15265360.84760369
LA,2025-06-05 21:00:00,1749132000000,-0.012005,1.3043,21639933.0,29333650.6596,251729900.0,1304300000.0,0.193,0.0606,-71.03,527.24,,193000000.0,1000000000.0,15265360.84760369
LA,2025-06-05 23:00:00,1749139200000,-0.011336,1.2553,8427363.0,10731220.2739,242272900.0,1255300000.0,0.193,0.063,-72.12,503.68,,193000000.0,1000000000.0,15265360.84760369
LA,2025-06-06 00:00:00,1749142800000,-0.008073,1.2553,8427363.0,10731220.2739,242272900.0,1255300000.0,0.193,0.063,-72.12,503.68,,193000000.0,1000000000.0,15265360.84760369
LA,2025-06-06 01:00:00,1749146400000,-0.005878,1.2553,8427363.0,10731220.2739,242272900.0,1255300000.0,0.193,0.063,-72.12,503.68,,193000000.0,1000000000.0,15265360.84760369
LA,2025-06-06 02:00:00,1749150000000,-0.009196,1.2553,8427363.0,10731220.2739,242272900.0,1255300000.0,0.193,0.063,-72.12,503.68,,193000000.0,1000000000.0,15265360.84760369
LA,2025-06-06 04:00:00,1749157200000,-0.013457,1.3466,7413915.0,9882778.2419,259893800.0,1346600000.0,0.193,0.0587,-70.09,547.59,,193000000.0,1000000000.0,15265360.84760369
LA,2025-06-06 05:00:00,1749160800000,-0.00848,1.3466,7413915.0,9882778.2419,259893800.0,1346600000.0,0.193,0.0587,-70.09,547.59,,193000000.0,1000000000.0,15265360.84760369
LA,2025-06-06 07:00:00,1749168000000,-0.011288,1.5952,13381328.0,21179788.0897,307873600.0,1595200000.0,0.193,0.0496,-64.57,667.14,,193000000.0,1000000000.0,15265360.84760369
LA,2025-06-06 08:00:00,1749171600000,-0.014183,1.5952,13381328.0,21179788.0897,307873600.0,1595200000.0,0.193,0.0496,-64.57,667.14,,193000000.0,1000000000.0,15265360.84760369
LA,2025-06-06 09:00:00,1749175200000,-0.008865,1.5952,13381328.0,21179788.0897,307873600.0,1595200000.0,0.193,0.0496,-64.57,667.14,,193000000.0,1000000000.0,15265360.84760369
LA,2025-06-06 10:00:00,1749178800000,-0.010057,1.5952,13381328.0,21179788.0897,307873600.0,1595200000.0,0.193,0.0496,-64.57,667.14,,193000000.0,1000000000.0,15265360.84760369
LA,2025-06-06 11:00:00,1749182400000,-0.006145,1.4717,7638818.0,11479892.0149,284038100.0,1471700000.0,0.193,0.0537,-67.31,607.75,,193000000.0,1000000000.0,15265360.84760369
LA,2025-06-06 15:00:00,1749196800000,-0.006588,1.5343,7053613.0,10617263.2179,296119900.0,1534300000.0,0.193,0.0516,-65.92,637.85,,193000000.0,1000000000.0,15265360.84760369
LA,2025-06-06 16:00:00,1749200400000,-0.005979,1.5343,7053613.0,10617263.2179,296119900.0,1534300000.0,0.193,0.0516,-65.92,637.85,,193000000.0,1000000000.0,15265360.84760369
LA,2025-06-06 20:00:00,1749214800000,-0.006103,1.3939,6625286.0,9834125.2073,269022700.0,1393900000.0,0.193,0.0567,-69.04,570.33,,193000000.0,1000000000.0,15265360.84760369
LA,2025-06-06 21:00:00,1749218400000,-0.005048,1.3939,6625286.0,9834125.2073,269022700.0,1393900000.0,0.193,0.0567,-69.04,570.33,,193000000.0,1000000000.0,15265360.84760369
LA,2025-06-06 23:00:00,1749225600000,-0.005143,1.3375,6931315.0,9259538.3291,258137500.0,1337500000.0,0.193,0.0591,-70.29,543.21,,193000000.0,1000000000.0,15265360.84760369
LA,2025-06-07 00:00:00,1749229200000,-0.006472,1.3375,6931315.0,9259538.3291,258137500.0,1337500000.0,0.193,0.0591,-70.29,543.21,,193000000.0,1000000000.0,15265360.84760369
LA,2025-06-07 10:00:00,1749265200000,-0.007228,1.242,2108966.0,2714642.4142,239706000.0,1242000000.0,0.193,0.0637,-72.41,497.28,,193000000.0,1000000000.0,15265360.84760369
LA,2025-06-07 13:00:00,1749276000000,-0.005362,1.1906,3575511.0,4283290.2014,229785800.0,1190600000.0,0.193,0.0664,-73.56,472.56,,193000000.0,1000000000.0,15265360.84760369
LA,2025-07-09 18:00:00,1752058800000,-0.008942,0.6407,20380542.0,12668135.7765,123655100.0,640700000.0,0.193,0.1235,-85.77,208.12,,193000000.0,1000000000.0,15265360.84760369
LA,2025-07-09 22:00:00,1752073200000,-0.008371,0.6254,26271685.0,17364759.5393,120702200.0,625400000.0,0.193,0.1265,-86.11,200.76,,193000000.0,1000000000.0,15265360.84760369
LA,2025-07-09 23:00:00,1752076800000,-0.008537,0.5122,22962015.0,12944320.1981,98854600.0,512200000.0,0.193,0.1544,-88.62,146.32,,193000000.0,1000000000.0,15265360.84760369
OL,2025-04-16 07:00:00,1744761600000,-0.00802,0.0366,13224150.0,4797051.88,22801106.45,183000000.0,0.1246,0.1945,-94.66,265.85,,622981050.4506,5000000000.0,4435345.74743447
NMR,2024-08-19 19:00:00,1724068800000,-0.009218,13.03,2136633.0,2906786.729,97921902.08,138969143.0,0.7046,0.0686,-92.27,575.95,,7515111.44152952,10665321.79584391,6714336.97178432
NMR,2024-08-20 03:00:00,1724097600000,-0.018153,15.61,6600953.0,10393707.82,117310889.6,166485673.23,0.7046,0.0572,-90.74,709.79,,7515111.44152952,10665321.79584391,6714336.97178432
NMR,2024-08-20 07:00:00,1724112000000,-0.008146,15.68,2187097.0,3420181.002,117836947.4,167232245.76,0.7046,0.057,-90.69,713.42,,7515111.44152952,10665321.79584391,6714336.97178432
NMR,2024-08-20 15:00:00,1724140800000,-0.007759,15.39,2717326.0,4308430.034,115657565.09,164139302.44,0.7046,0.0581,-90.87,698.38,,7515111.44152952,10665321.79584391,6714336.97178432
NMR,2024-08-20 19:00:00,1724155200000,-0.006639,14.7,1652449.0,2482431.223,110472138.19,156780230.4,0.7046,0.0608,-91.28,662.58,,7515111.44152952,10665321.79584391,6714336.97178432
NMR,2025-03-18 03:00:00,1742241600000,-0.014289,10.92,5664536.0,6439496.779,82065016.94,116465314.01,0.7046,0.0818,-93.52,466.49,,7515111.44152952,10665321.79584391,6714336.97178432
NMR,2025-05-30 19:00:00,1748606400000,-0.007655,10.453,10203853.0,11306349.369,78555459.9,111484608.73,0.7046,0.0855,-93.8,442.26,,7515111.44152952,10665321.79584391,6714336.97178432
OG,2024-11-26 23:00:00,1732636800000,-0.006007,6.353,6212869.0,3959067.5529,27318509.89,31765000.0,0.86,0.8331,-72.49,445.48,,4300096.0,5000000.0,22758841.69838244
OG,2025-01-29 07:00:00,1738108800000,-0.012478,4.209,1531534.0,641331.9969,18099104.06,21045000.0,0.86,1.2575,-81.78,261.39,,4300096.0,5000000.0,22758841.69838244
OG,2025-01-29 15:00:00,1738137600000,-0.013368,4.249,3400129.0,1497984.566,18271107.9,21245000.0,0.86,1.2456,-81.6,264.83,,4300096.0,5000000.0,22758841.69838244
OG,2025-01-29 23:00:00,1738166400000,-0.015471,4.283,2868337.0,1236670.7262,18417311.17,21415000.0,0.86,1.2357,-81.46,267.75,,4300096.0,5000000.0,22758841.69838244
OG,2025-03-09 15:00:00,1741507200000,-0.01205,4.328,12837135.0,5847499.3524,18610815.49,21640000.0,0.86,1.2229,-81.26,271.61,,4300096.0,5000000.0,22758841.69838244
OG,2025-03-09 23:00:00,1741536000000,-0.005038,4.175,5022838.0,2077780.3124,17952900.8,20875000.0,0.86,1.2677,-81.92,258.47,,4300096.0,5000000.0,22758841.69838244
OG,2025-03-10 07:00:00,1741564800000,-0.006623,4.031,449941.0,183126.9283,17333686.98,20155000.0,0.86,1.313,-82.55,246.11,,4300096.0,5000000.0,22758841.69838244
OM,2024-07-04 03:00:00,1720036800000,-0.02,0.89332,2235256.0,18566733.6547,932228215.94,1505196648.43,0.6193,0.043,-90.11,5068.37,,1043554623.1339108,1684946769.8374374,40080951.38973103
OM,2024-07-04 07:00:00,1720051200000,-0.005735,0.81917,1583606.0,13694833.8942,854848640.63,1380257845.45,0.6193,0.0469,-90.94,4639.37,,1043554623.1339108,1684946769.8374374,40080951.38973103
OM,2024-07-11 23:00:00,1720713600000,-0.005451,1.07639,2403633.0,26357037.5437,1123271760.8,1813659853.59,0.6193,0.0357,-88.09,6127.54,,1043554623.1339108,1684946769.8374374,40080951.38973103
OM,2025-03-19 11:00:00,1742356800000,-0.006916,6.74929,40367.0,2767615.6042,7043252782.37,11372194384.2,0.6193,0.0057,-25.31,38948.55,,1043554623.1339108,1684946769.8374374,40080951.38973103
OM,2025-03-20 11:00:00,1742443200000,-0.008685,6.83872,29559.0,2011686.5985,7136577872.32,11522879173.82,0.6193,0.0056,-24.32,39465.96,,1043554623.1339108,1684946769.8374374,40080951.38973103
OM,2025-04-14 03:00:00,1744574400000,-0.011956,1.00901,31412483.0,276370488.2938,1052957050.29,1700128140.23,0.6193,0.0381,-88.83,5737.71,,1043554623.1339108,1684946769.8374374,40080951.38973103
OM,2025-04-15 11:00:00,1744689600000,-0.006587,0.61961,3300671.0,20133017.3338,646596880.04,1044009868.06,0.6193,0.062,-93.14,3484.8,,1043554623.1339108,1684946769.8374374,40080951.38973103
ONT,2025-01-13 15:00:00,1736755200000,-0.02,0.2609,26095438.0,6893125.3884,238644670.89,260900000.0,0.9147,0.0504,-97.67,146.58,,914697857.0,1000000000.0,12030438.98225647
ONT,2025-01-13 23:00:00,1736784000000,-0.015678,0.2516,22535665.0,5758107.7998,230137980.82,251600000.0,0.9147,0.0523,-97.75,137.79,,914697857.0,1000000000.0,12030438.98225647
ONT,2025-01-14 07:00:00,1736812800000,-0.011594,0.2447,8249629.0,2108279.9324,223826565.61,244700000.0,0.9147,0.0537,-97.81,131.27,,914697857.0,1000000000.0,12030438.98225647
ONT,2025-02-01 23:00:00,1738425600000,-0.009107,0.2396,3936310.0,949042.8256,219161606.54,239600000.0,0.9147,0.0549,-97.86,126.45,,914697857.0,1000000000.0,12030438.98225647
GLM,2024-04-27 15:00:00,1714204800000,-0.015,0.49291,2785909.0,13612815.2393,492910000.0,492910000.0,,,,,,0.0,1000000000.0,0.0
GLM,2024-04-27 23:00:00,1714233600000,-0.02,0.4975,4493540.0,23235199.4621,497500000.0,497500000.0,,,,,,0.0,1000000000.0,0.0
GLM,2024-04-28 03:00:00,1714248000000,-0.006006,0.49173,962599.0,4715768.6797,491730000.0,491730000.0,,,,,,0.0,1000000000.0,0.0
GLM,2024-04-28 19:00:00,1714305600000,-0.008352,0.54051,5188462.0,28748011.1991,540510000.0,540510000.0,,,,,,0.0,1000000000.0,0.0
GLM,2024-04-28 23:00:00,1714320000000,-0.009921,0.53105,1279739.0,6709864.1348,531050000.0,531050000.0,,,,,,0.0,1000000000.0,0.0
GLM,2024-04-29 11:00:00,1714363200000,-0.011672,0.5379,1885129.0,10142754.96,537900000.0,537900000.0,,,,,,0.0,1000000000.0,0.0
GLM,2024-04-29 15:00:00,1714377600000,-0.005729,0.5352,1441791.0,7658679.464,535200000.0,535200000.0,,,,,,0.0,1000000000.0,0.0
GLM,2024-05-05 19:00:00,1714910400000,-0.016394,0.6299,3806518.0,24226329.828,629900000.0,629900000.0,,,,,,0.0,1000000000.0,0.0
GLM,2024-07-07 15:00:00,1720339200000,-0.009741,0.3226,618967.0,1967442.226,322600000.0,322600000.0,,,,,,0.0,1000000000.0,0.0
GLM,2024-07-07 19:00:00,1720353600000,-0.007517,0.3136,809516.0,2563415.768,313600000.0,313600000.0,,,,,,0.0,1000000000.0,0.0
GLM,2024-07-07 23:00:00,1720368000000,-0.013462,0.308,384199.0,1185844.997,308000000.0,308000000.0,,,,,,0.0,1000000000.0,0.0
GLM,2024-07-08 11:00:00,1720411200000,-0.019003,0.309,579920.0,1789803.795,309000000.0,309000000.0,,,,,,0.0,1000000000.0,0.0
GLM,2024-07-08 15:00:00,1720425600000,-0.012309,0.3169,434282.0,1345441.605,316900000.0,316900000.0,,,,,,0.0,1000000000.0,0.0
GLM,2024-07-08 19:00:00,1720440000000,-0.005187,0.3028,150237.0,467242.268,302800000.0,302800000.0,,,,,,0.0,1000000000.0,0.0
GLM,2024-07-09 07:00:00,1720483200000,-0.005045,0.3123,210966.0,660635.982,312300000.0,312300000.0,,,,,,0.0,1000000000.0,0.0
GLM,2024-08-02 23:00:00,1722614400000,-0.008437,0.3248,523605.0,1682606.152,324800000.0,324800000.0,,,,,,0.0,1000000000.0,0.0
GLM,2024-08-11 19:00:00,1723377600000,-0.01042,0.3157,1858138.0,6198316.43,315700000.0,315700000.0,,,,,,0.0,1000000000.0,0.0
GLM,2024-08-11 23:00:00,1723392000000,-0.008662,0.3239,461040.0,1478060.804,323900000.0,323900000.0,,,,,,0.0,1000000000.0,0.0
GLM,2024-08-12 11:00:00,1723435200000,-0.00978,0.3187,929212.0,2971191.05,318700000.0,318700000.0,,,,,,0.0,1000000000.0,0.0
GLM,2024-08-12 15:00:00,1723449600000,-0.006306,0.3231,489723.0,1576219.204,323100000.0,323100000.0,,,,,,0.0,1000000000.0,0.0
GLM,2024-09-30 15:00:00,1727683200000,-0.005537,0.3819,614522.0,2406425.944,381900000.0,381900000.0,,,,,,0.0,1000000000.0,0.0
GLM,2024-11-25 23:00:00,1732550400000,-0.006309,0.4623,238524.0,1102600.155,462300000.0,462300000.0,,,,,,0.0,1000000000.0,0.0
GLM,2024-11-26 07:00:00,1732579200000,-0.009675,0.6065,4668825.0,26832245.94,606500000.0,606500000.0,,,,,,0.0,1000000000.0,0.0
GLM,2024-11-26 15:00:00,1732608000000,-0.015,0.5654,2599203.0,14479713.148,565400000.0,565400000.0,,,,,,0.0,1000000000.0,0.0
GLM,2024-11-26 23:00:00,1732636800000,-0.015,0.5004,949757.0,4823499.88,500400000.0,500400000.0,,,,,,0.0,1000000000.0,0.0
GLM,2024-11-27 07:00:00,1732665600000,-0.015,0.4703,892010.0,4315379.061,470300000.0,470300000.0,,,,,,0.0,1000000000.0,0.0
GLM,2024-11-27 15:00:00,1732694400000,-0.011356,0.4743,640444.0,3044920.623,474300000.0,474300000.0,,,,,,0.0,1000000000.0,0.0
GLM,2024-11-27 23:00:00,1732723200000,-0.010494,0.4851,540178.0,2597267.24,485100000.0,485100000.0,,,,,,0.0,1000000000.0,0.0
GLM,2024-11-28 07:00:00,1732752000000,-0.007026,0.461,371074.0,1749712.474,461000000.0,461000000.0,,,,,,0.0,1000000000.0,0.0
GLM,2025-01-01 15:00:00,1735718400000,-0.011268,0.375,643505.0,2485279.089,375000000.0,375000000.0,,,,,,0.0,1000000000.0,0.0
GLM,2025-02-16 15:00:00,1739692800000,-0.007938,0.3405,8553550.0,28303484.176,340500000.0,340500000.0,,,,,,0.0,1000000000.0,0.0
GLM,2025-02-16 23:00:00,1739721600000,-0.03,0.3566,5534720.0,19157469.591,356600000.0,356600000.0,,,,,,0.0,1000000000.0,0.0
GLM,2025-02-17 03:00:00,1739736000000,-0.03,0.3855,5442481.0,19729560.135,385500000.0,385500000.0,,,,,,0.0,1000000000.0,0.0
GLM,2025-02-17 07:00:00,1739750400000,-0.03,0.3711,4656357.0,17311287.278,371100000.0,371100000.0,,,,,,0.0,1000000000.0,0.0
GLM,2025-02-17 11:00:00,1739764800000,-0.03,0.3381,3472305.0,12313394.292,338100000.0,338100000.0,,,,,,0.0,1000000000.0,0.0
GLM,2025-02-17 15:00:00,1739779200000,-0.012596,0.3314,1452270.0,4798307.29,331400000.0,331400000.0,,,,,,0.0,1000000000.0,0.0
GLM,2025-02-17 19:00:00,1739793600000,-0.014564,0.3174,2134044.0,6923401.146,317400000.0,317400000.0,,,,,,0.0,1000000000.0,0.0
GLM,2025-02-17 23:00:00,1739808000000,-0.006186,0.3101,480416.0,1501272.722,310100000.0,310100000.0,,,,,,0.0,1000000000.0,0.0
GLM,2025-02-18 03:00:00,1739822400000,-0.007514,0.3132,159869.0,497953.281,313200000.0,313200000.0,,,,,,0.0,1000000000.0,0.0
GLM,2025-02-18 07:00:00,1739836800000,-0.008657,0.2935,354705.0,1069574.207,293500000.0,293500000.0,,,,,,0.0,1000000000.0,0.0
GLM,2025-02-18 11:00:00,1739851200000,-0.005858,0.2888,287562.0,829181.973,288800000.0,288800000.0,,,,,,0.0,1000000000.0,0.0
GLM,2025-02-18 15:00:00,1739865600000,-0.005036,0.2903,154667.0,445866.774,290300000.0,290300000.0,,,,,,0.0,1000000000.0,0.0
GLM,2025-02-19 11:00:00,1739937600000,-0.012591,0.2928,451774.0,1311465.365,292800000.0,292800000.0,,,,,,0.0,1000000000.0,0.0
GLM,2025-02-20 07:00:00,1740009600000,-0.008326,0.3369,1839191.0,6061799.003,336900000.0,336900000.0,,,,,,0.0,1000000000.0,0.0
GLM,2025-02-20 11:00:00,1740024000000,-0.017389,0.3267,2055184.0,6819663.226,326700000.0,326700000.0,,,,,,0.0,1000000000.0,0.0
GLM,2025-02-23 11:00:00,1740283200000,-0.007111,0.3457,1442064.0,4996644.573,345700000.0,345700000.0,,,,,,0.0,1000000000.0,0.0
GLM,2025-02-23 15:00:00,1740297600000,-0.007295,0.409,4252992.0,16130396.22,409000000.0,409000000.0,,,,,,0.0,1000000000.0,0.0
GLM,2025-02-23 19:00:00,1740312000000,-0.020874,0.3676,3682939.0,14339264.479,367600000.0,367600000.0,,,,,,0.0,1000000000.0,0.0
GLM,2025-03-13 11:00:00,1741838400000,-0.005999,0.2981,269658.0,812257.84,298100000.0,298100000.0,,,,,,0.0,1000000000.0,0.0
ORBS,2024-04-13 03:00:00,1712952000000,-0.007927,0.04629,994754.0,4541568.693,216940140.04,462900000.0,,,,,,0.0,10000000000.0,0.0
ORBS,2024-04-13 07:00:00,1712966400000,-0.019132,0.04889,1707087.0,8246178.814,229125155.47,488900000.0,,,,,,0.0,10000000000.0,0.0
ORBS,2024-04-15 03:00:00,1713124800000,-0.00528,0.04165,180793.0,728033.425,195194574.05,416500000.0,,,,,,0.0,10000000000.0,0.0
ORBS,2024-04-19 11:00:00,1713499200000,-0.005672,0.04,1023222.0,4083756.417,187461775.8,400000000.0,,,,,,0.0,10000000000.0,0.0
ORBS,2025-03-18 11:00:00,1742270400000,-0.010934,0.02029,152151.0,323191.376,95089985.77,202900000.0,,,,,,0.0,10000000000.0,0.0
ORBS,2025-06-13 11:00:00,1749787200000,-0.015,0.02354,2059943.0,4856852.496,110321255.06,235400000.0,,,,,,0.0,10000000000.0,0.0
ORBS,2025-06-13 13:00:00,1749794400000,-0.005651,0.02354,2059943.0,4856852.496,110321255.06,235400000.0,,,,,,0.0,10000000000.0,0.0
ORBS,2025-06-22 11:00:00,1750564800000,-0.008511,0.02369,492985.0,1154742.905,111024236.72,236900000.0,,,,,,0.0,10000000000.0,0.0
OXT,2024-11-24 23:00:00,1732464000000,-0.009796,0.11801,926814.0,11074410.08,117681299.01,118010000.0,0.9972,0.0587,-88.39,153.03,,997214634.4279902,1000000000.0,6911560.4453999
OXT,2024-11-25 07:00:00,1732492800000,-0.006755,0.1158,661360.0,7895089.9,115477454.67,115800000.0,0.9972,0.0599,-88.6,148.29,,997214634.4279902,1000000000.0,6911560.4453999
ORDER,2024-08-30 23:00:00,1725033600000,-0.006129,0.1945,1740094.0,3375523.151,49038800.24,194500000.0,0.2521,0.3285,-48.28,195.5,,252127507.64,1000000000.0,16109606.15528467
ORDER,2024-09-01 07:00:00,1725148800000,-0.005287,0.1785,155978.0,281911.675,45004760.11,178500000.0,0.2521,0.358,-52.54,171.2,,252127507.64,1000000000.0,16109606.15528467
ORDER,2024-12-03 15:00:00,1733212800000,-0.006059,0.2846,1331759.0,3657956.693,71755488.67,284600000.0,0.2521,0.2245,-24.32,332.39,,252127507.64,1000000000.0,16109606.15528467
PAXG,2025-02-03 07:00:00,1738540800000,-0.005203,2777.0,2720731.0,7592752.469,782355359.7,782355359.7,1.0,0.0875,-21.12,100.08,,281726.813,281726.813,68432814.54447055
LABUBU,2025-05-30 23:00:00,1748620800000,-0.00503,0.06069,3300377.0,2144078.0858,60552884.38,60552884.38,1.0,0.1367,-18.0,196236.06,,997740721.37,997740721.37,8276088.71952575
LABUBU,2025-05-31 03:00:00,1748635200000,-0.00503,0.05701,2153759.0,1280446.0027,56881198.53,56881198.53,1.0,0.1455,-22.98,184331.02,,997740721.37,997740721.37,8276088.71952575
LABUBU,2025-05-31 07:00:00,1748649600000,-0.00503,0.04952,946407.0,521000.7876,49408120.52,49408120.52,1.0,0.1675,-33.1,160100.39,,997740721.37,997740721.37,8276088.71952575
LABUBU,2025-05-31 11:00:00,1748664000000,-0.00503,0.05763,1192450.0,673908.7,57499797.77,57499797.77,1.0,0.1439,-22.14,186336.76,,997740721.37,997740721.37,8276088.71952575
LABUBU,2025-05-31 15:00:00,1748678400000,-0.00503,0.05864,1254339.0,749092.7919,58507515.9,58507515.9,1.0,0.1415,-20.77,189604.17,,997740721.37,997740721.37,8276088.71952575
LABUBU,2025-05-31 19:00:00,1748692800000,-0.005025,0.05186,987804.0,538273.6345,51742833.81,51742833.81,1.0,0.1599,-29.93,167670.44,,997740721.37,997740721.37,8276088.71952575
LABUBU,2025-05-31 23:00:00,1748707200000,-0.00503,0.05275,629320.0,329614.5513,52630823.05,52630823.05,1.0,0.1572,-28.73,170549.64,,997740721.37,997740721.37,8276088.71952575
LABUBU,2025-06-01 03:00:00,1748721600000,-0.00503,0.05319,363286.0,192429.8755,53069828.97,53069828.97,1.0,0.1559,-28.14,171973.07,,997740721.37,997740721.37,8276088.71952575
LABUBU,2025-06-01 07:00:00,1748736000000,-0.00503,0.04784,331174.0,173558.0492,47731916.11,47731916.11,1.0,0.1734,-35.37,154665.48,,997740721.37,997740721.37,8276088.71952575
LABUBU,2025-06-01 11:00:00,1748750400000,-0.005021,0.0452,434078.0,206196.723,45097880.61,45097880.61,1.0,0.1835,-38.93,146124.91,,997740721.37,997740721.37,8276088.71952575
LABUBU,2025-06-01 15:00:00,1748764800000,-0.00503,0.04614,355894.0,163860.0303,46035756.88,46035756.88,1.0,0.1798,-37.66,149165.87,,997740721.37,997740721.37,8276088.71952575
LABUBU,2025-06-01 19:00:00,1748779200000,-0.00503,0.05724,1250188.0,711140.3752,57110678.89,57110678.89,1.0,0.1449,-22.67,185075.08,,997740721.37,997740721.37,8276088.71952575
LABUBU,2025-06-01 23:00:00,1748793600000,-0.00503,0.05718,595321.0,332640.5572,57050814.45,57050814.45,1.0,0.1451,-22.75,184880.98,,997740721.37,997740721.37,8276088.71952575
LABUBU,2025-06-02 03:00:00,1748808000000,-0.005024,0.067,361509.0,218033.8831,66848628.33,66848628.33,1.0,0.1238,-9.48,216649.31,,997740721.37,997740721.37,8276088.71952575
LABUBU,2025-06-02 07:00:00,1748822400000,-0.00503,0.06097,639986.0,414488.4551,60832251.78,60832251.78,1.0,0.136,-17.63,197141.87,,997740721.37,997740721.37,8276088.71952575
LABUBU,2025-06-02 11:00:00,1748836800000,-0.00503,0.05911,360836.0,206324.3974,58976454.04,58976454.04,1.0,0.1403,-20.14,191124.65,,997740721.37,997740721.37,8276088.71952575
LABUBU,2025-06-02 15:00:00,1748851200000,-0.005024,0.05588,396065.0,219381.9257,55753751.51,55753751.51,1.0,0.1484,-24.5,180675.4,,997740721.37,997740721.37,8276088.71952575
LABUBU,2025-06-02 19:00:00,1748865600000,-0.00503,0.05153,406303.0,221228.9412,51413579.37,51413579.37,1.0,0.161,-30.38,166602.87,,997740721.37,997740721.37,8276088.71952575
LABUBU,2025-06-02 23:00:00,1748880000000,-0.00503,0.0407,1398471.0,620088.3422,40608047.36,40608047.36,1.0,0.2038,-45.01,131567.12,,997740721.37,997740721.37,8276088.71952575
LABUBU,2025-06-03 03:00:00,1748894400000,-0.00503,0.04412,786721.0,336447.2832,44020320.63,44020320.63,1.0,0.188,-40.39,142631.04,,997740721.37,997740721.37,8276088.71952575
LABUBU,2025-06-03 07:00:00,1748908800000,-0.005028,0.04165,313979.0,137738.6393,41555901.05,41555901.05,1.0,0.1992,-43.73,134640.43,,997740721.37,997740721.37,8276088.71952575
LABUBU,2025-06-03 11:00:00,1748923200000,-0.00503,0.03603,526306.0,203583.1824,35948598.19,35948598.19,1.0,0.2302,-51.32,116459.37,,997740721.37,997740721.37,8276088.71952575
LABUBU,2025-06-16 23:00:00,1750089600000,-0.00503,0.04922,675056.0,330701.7092,49108798.31,49108798.31,1.0,0.1685,-33.5,159129.87,,997740721.37,997740721.37,8276088.71952575
LABUBU,2025-06-17 03:00:00,1750104000000,-0.00503,0.0442,476228.0,213341.3229,44100139.88,44100139.88,1.0,0.1877,-40.28,142889.84,,997740721.37,997740721.37,8276088.71952575
LABUBU,2025-06-17 07:00:00,1750118400000,-0.005024,0.0454,292952.0,131643.566,45297428.75,45297428.75,1.0,0.1827,-38.66,146771.92,,997740721.37,997740721.37,8276088.71952575
LABUBU,2025-06-17 11:00:00,1750132800000,-0.00503,0.04258,198668.0,88709.8819,42483799.92,42483799.92,1.0,0.1948,-42.47,137649.04,,997740721.37,997740721.37,8276088.71952575
LABUBU,2025-06-17 15:00:00,1750147200000,-0.005023,0.03984,324454.0,130641.0259,39749990.34,39749990.34,1.0,0.2082,-46.17,128784.96,,997740721.37,997740721.37,8276088.71952575
LABUBU,2025-06-17 19:00:00,1750161600000,-0.00503,0.038,325802.0,125152.49,37914147.41,37914147.41,1.0,0.2183,-48.66,122832.45,,997740721.37,997740721.37,8276088.71952575
LABUBU,2025-06-17 23:00:00,1750176000000,-0.00503,0.04072,371328.0,147736.1626,40628002.17,40628002.17,1.0,0.2037,-44.98,131631.82,,997740721.37,997740721.37,8276088.71952575
LABUBU,2025-06-18 03:00:00,1750190400000,-0.00503,0.03782,206551.0,78830.5079,37734554.08,37734554.08,1.0,0.2193,-48.9,122250.13,,997740721.37,997740721.37,8276088.71952575
LABUBU,2025-06-18 07:00:00,1750204800000,-0.00503,0.03955,143551.0,56528.1087,39460645.53,39460645.53,1.0,0.2097,-46.57,127846.79,,997740721.37,997740721.37,8276088.71952575
LABUBU,2025-06-18 11:00:00,1750219200000,-0.00503,0.03888,175547.0,70557.6827,38792159.25,38792159.25,1.0,0.2133,-47.47,125679.3,,997740721.37,997740721.37,8276088.71952575
LABUBU,2025-06-18 15:00:00,1750233600000,-0.00503,0.03832,244864.0,97516.2679,38233424.44,38233424.44,1.0,0.2165,-48.23,123867.67,,997740721.37,997740721.37,8276088.71952575
LABUBU,2025-06-18 19:00:00,1750248000000,-0.005024,0.03701,183063.0,68622.3848,36926384.1,36926384.1,1.0,0.2241,-50.0,119629.73,,997740721.37,997740721.37,8276088.71952575
LABUBU,2025-06-18 23:00:00,1750262400000,-0.005022,0.03452,245510.0,87208.8876,34442009.7,34442009.7,1.0,0.2403,-53.36,111574.42,,997740721.37,997740721.37,8276088.71952575
LABUBU,2025-06-19 03:00:00,1750276800000,-0.00503,0.03674,151211.0,54090.2927,36656994.1,36656994.1,1.0,0.2258,-50.36,118756.26,,997740721.37,997740721.37,8276088.71952575
LABUBU,2025-06-19 07:00:00,1750291200000,-0.00503,0.03527,112081.0,40545.0023,35190315.24,35190315.24,1.0,0.2352,-52.35,114000.72,,997740721.37,997740721.37,8276088.71952575
LABUBU,2025-06-19 11:00:00,1750305600000,-0.00503,0.03289,146232.0,50684.7777,32815692.33,32815692.33,1.0,0.2522,-55.56,106301.27,,997740721.37,997740721.37,8276088.71952575
LABUBU,2025-06-19 15:00:00,1750320000000,-0.00503,0.02996,479715.0,150971.4041,29892312.01,29892312.01,1.0,0.2769,-59.52,96822.53,,997740721.37,997740721.37,8276088.71952575
NEWT,2025-06-24 23:00:00,1750780800000,-0.02,0.5576,28130846.0,16202233.0955,119884000.0,557600000.0,0.215,0.2035,-33.12,93.65,,215000000.0,1000000000.0,24399206.32105398
NEWT,2025-06-25 00:00:00,1750784400000,-0.016562,0.5576,28130846.0,16202233.0955,119884000.0,557600000.0,0.215,0.2035,-33.12,93.65,,215000000.0,1000000000.0,24399206.32105398
NEWT,2025-06-25 01:00:00,1750788000000,-0.01175,0.5576,28130846.0,16202233.0955,119884000.0,557600000.0,0.215,0.2035,-33.12,93.65,,215000000.0,1000000000.0,24399206.32105398
NEWT,2025-06-25 02:00:00,1750791600000,-0.006494,0.5576,28130846.0,16202233.0955,119884000.0,557600000.0,0.215,0.2035,-33.12,93.65,,215000000.0,1000000000.0,24399206.32105398
NEWT,2025-06-25 08:00:00,1750813200000,-0.008349,0.4827,11466810.0,5831124.2533,103780500.0,482700000.0,0.215,0.2351,-42.1,67.64,,215000000.0,1000000000.0,24399206.32105398
NEWT,2025-06-25 20:00:00,1750856400000,-0.005007,0.4615,19682685.0,9025508.3442,99222500.0,461500000.0,0.215,0.2459,-44.65,60.28,,215000000.0,1000000000.0,24399206.32105398
NEWT,2025-06-26 00:00:00,1750870800000,-0.005725,0.4403,12527173.0,5598743.7908,94664500.0,440300000.0,0.215,0.2577,-47.19,52.91,,215000000.0,1000000000.0,24399206.32105398
NEWT,2025-06-26 05:00:00,1750888800000,-0.006358,0.432,5152330.0,2199291.1011,92880000.0,432000000.0,0.215,0.2627,-48.19,50.03,,215000000.0,1000000000.0,24399206.32105398
NEWT,2025-06-26 06:00:00,1750892400000,-0.009062,0.432,5152330.0,2199291.1011,92880000.0,432000000.0,0.215,0.2627,-48.19,50.03,,215000000.0,1000000000.0,24399206.32105398
NEWT,2025-06-26 07:00:00,1750896000000,-0.006641,0.4147,6142380.0,2606324.7689,89160500.0,414700000.0,0.215,0.2737,-50.26,44.02,,215000000.0,1000000000.0,24399206.32105398
NEWT,2025-06-26 08:00:00,1750899600000,-0.008566,0.4147,6142380.0,2606324.7689,89160500.0,414700000.0,0.215,0.2737,-50.26,44.02,,215000000.0,1000000000.0,24399206.32105398
NEWT,2025-07-23 23:00:00,1753286400000,-0.00871,0.4114,3503055.0,1488564.0719,88451000.0,411400000.0,0.215,0.2758,-50.66,42.88,,215000000.0,1000000000.0,24399206.32105398
NEWT,2025-07-24 11:00:00,1753329600000,-0.009259,0.5885,15158202.0,7893836.0198,126527500.0,588500000.0,0.215,0.1928,-29.41,104.38,,215000000.0,1000000000.0,24399206.32105398
NEWT,2025-07-24 15:00:00,1753344000000,-0.016,0.6499,33201419.0,21484341.2672,139728500.0,649900000.0,0.215,0.1746,-22.05,125.71,,215000000.0,1000000000.0,24399206.32105398
NEWT,2025-07-24 19:00:00,1753358400000,-0.01716,0.5687,17748476.0,10852245.4874,122270500.0,568700000.0,0.215,0.1996,-31.79,97.51,,215000000.0,1000000000.0,24399206.32105398
NEWT,2025-07-24 23:00:00,1753372800000,-0.005965,0.5524,8362450.0,4461142.783,118766000.0,552400000.0,0.215,0.2054,-33.74,91.85,,215000000.0,1000000000.0,24399206.32105398
NEWT,2025-07-25 03:00:00,1753387200000,-0.006477,0.5722,7237303.0,4212813.2111,123023000.0,572200000.0,0.215,0.1983,-31.37,98.72,,215000000.0,1000000000.0,24399206.32105398
NEWT,2025-07-25 07:00:00,1753401600000,-0.010382,0.4681,4341015.0,2275183.1066,100641500.0,468100000.0,0.215,0.2424,-43.86,62.57,,215000000.0,1000000000.0,24399206.32105398
NEWT,2025-07-25 23:00:00,1753459200000,-0.005031,0.4261,2510482.0,1049394.8943,91611500.0,426100000.0,0.215,0.2663,-48.89,47.98,,215000000.0,1000000000.0,24399206.32105398
NEWT,2025-07-26 11:00:00,1753502400000,-0.005179,0.4078,1608033.0,669818.0051,87677000.0,407800000.0,0.215,0.2783,-51.09,41.63,,215000000.0,1000000000.0,24399206.32105398
PERP,2025-04-20 11:00:00,1745121600000,-0.005629,0.2382,1061786.0,2629151.815,15721713.79,35730000.0,0.44,0.7565,-99.04,44.6,,66002156.95,150000000.0,11893298.52562628
PERP,2025-04-20 19:00:00,1745150400000,-0.010386,0.3178,4829307.0,14550963.297,20975485.48,47670000.0,0.44,0.567,-98.72,92.92,,66002156.95,150000000.0,11893298.52562628
PERP,2025-04-20 23:00:00,1745164800000,-0.011109,0.2715,1245931.0,3553556.769,17919585.61,40725000.0,0.44,0.6637,-98.91,64.82,,66002156.95,150000000.0,11893298.52562628
OMNI,2025-07-29 19:00:00,1753790400000,-0.02,4.772,128964964.0,65858506.782,164483626.44,477200000.0,0.3447,0.1595,-84.05,247.77,,34468488.35655884,100000000.0,26240246.07671442
OMNI,2025-07-29 20:00:00,1753794000000,-0.01072,4.772,128964964.0,65858506.782,164483626.44,477200000.0,0.3447,0.1595,-84.05,247.77,,34468488.35655884,100000000.0,26240246.07671442
OMNI,2025-07-29 21:00:00,1753797600000,-0.007871,4.772,128964964.0,65858506.782,164483626.44,477200000.0,0.3447,0.1595,-84.05,247.77,,34468488.35655884,100000000.0,26240246.07671442
OMNI,2025-07-30 03:00:00,1753819200000,-0.010312,5.067,40230225.0,20744448.3123,174651830.5,506700000.0,0.3447,0.1502,-83.07,269.26,,34468488.35655884,100000000.0,26240246.07671442
OMNI,2025-07-30 04:00:00,1753822800000,-0.007841,5.067,40230225.0,20744448.3123,174651830.5,506700000.0,0.3447,0.1502,-83.07,269.26,,34468488.35655884,100000000.0,26240246.07671442
OMNI,2025-07-30 05:00:00,1753826400000,-0.007607,5.067,40230225.0,20744448.3123,174651830.5,506700000.0,0.3447,0.1502,-83.07,269.26,,34468488.35655884,100000000.0,26240246.07671442
OMNI,2025-07-30 08:00:00,1753837200000,-0.007624,4.874,36876644.0,18682842.9484,167999412.25,487400000.0,0.3447,0.1562,-83.71,255.2,,34468488.35655884,100000000.0,26240246.07671442
OMNI,2025-07-30 14:00:00,1753858800000,-0.005838,5.326,38049628.0,19340022.0733,183579168.99,532600000.0,0.3447,0.1429,-82.2,288.14,,34468488.35655884,100000000.0,26240246.07671442
OMNI,2025-07-30 15:00:00,1753862400000,-0.010251,4.885,41950714.0,21539647.1903,168378565.62,488500000.0,0.3447,0.1558,-83.68,256.0,,34468488.35655884,100000000.0,26240246.07671442
OMNI,2025-07-30 16:00:00,1753866000000,-0.00684,4.885,41950714.0,21539647.1903,168378565.62,488500000.0,0.3447,0.1558,-83.68,256.0,,34468488.35655884,100000000.0,26240246.07671442
MVL,2024-12-23 15:00:00,1734940800000,-0.005437,0.004492,495225.0,228230.5659,121521891.21,134760000.0,0.9018,0.0048,-93.63,2676.22,,27052958863.102654,30000000000.0,584861.23066265
MVL,2024-12-23 23:00:00,1734969600000,-0.006133,0.004471,74928.0,33176.561,120953779.08,134130000.0,0.9018,0.0048,-93.66,2663.24,,27052958863.102654,30000000000.0,584861.23066265
MVL,2024-12-26 15:00:00,1735200000000,-0.005583,0.004176,1417629.0,595098.2217,112973156.21,125280000.0,0.9018,0.0052,-94.08,2480.92,,27052958863.102654,30000000000.0,584861.23066265
MVL,2025-01-01 07:00:00,1735689600000,-0.00688,0.004158,66655.0,27706.607,112486202.95,124740000.0,0.9018,0.0052,-94.11,2469.8,,27052958863.102654,30000000000.0,584861.23066265
MVL,2025-01-08 15:00:00,1736323200000,-0.007293,0.004267,94896.0,40715.0743,115434975.47,128010000.0,0.9018,0.0051,-93.95,2537.16,,27052958863.102654,30000000000.0,584861.23066265
MVL,2025-01-08 23:00:00,1736352000000,-0.005258,0.004513,135041.0,61632.9021,122090003.35,135390000.0,0.9018,0.0048,-93.6,2689.2,,27052958863.102654,30000000000.0,584861.23066265
MVL,2025-01-10 15:00:00,1736496000000,-0.010669,0.00526,822471.0,431016.0899,142298563.62,157800000.0,0.9018,0.0041,-92.54,3150.87,,27052958863.102654,30000000000.0,584861.23066265
MVL,2025-01-13 07:00:00,1736726400000,-0.005791,0.004512,160309.0,74192.1369,122062950.39,135360000.0,0.9018,0.0048,-93.6,2688.58,,27052958863.102654,30000000000.0,584861.23066265
MVL,2025-01-13 15:00:00,1736755200000,-0.005775,0.004185,135015.0,57565.974,113216632.84,125550000.0,0.9018,0.0052,-94.07,2486.48,,27052958863.102654,30000000000.0,584861.23066265
MVL,2025-02-12 15:00:00,1739347200000,-0.005037,0.003908,42677.0,16628.5827,105722963.24,117240000.0,0.9018,0.0055,-94.46,2315.29,,27052958863.102654,30000000000.0,584861.23066265
MVL,2025-02-24 15:00:00,1740384000000,-0.005484,0.003799,90969.0,34568.4594,102774190.72,113970000.0,0.9018,0.0057,-94.61,2247.92,,27052958863.102654,30000000000.0,584861.23066265
MVL,2025-02-25 07:00:00,1740441600000,-0.005975,0.003576,46648.0,16786.2147,96741380.89,107280000.0,0.9018,0.006,-94.93,2110.1,,27052958863.102654,30000000000.0,584861.23066265
MVL,2025-02-25 15:00:00,1740470400000,-0.009161,0.00345,119443.0,41096.5102,93332708.08,103500000.0,0.9018,0.0063,-95.11,2032.23,,27052958863.102654,30000000000.0,584861.23066265
MVL,2025-03-09 23:00:00,1741536000000,-0.006488,0.003027,70228.0,21220.5687,81889306.48,90810000.0,0.9018,0.0071,-95.71,1770.8,,27052958863.102654,30000000000.0,584861.23066265
MVL,2025-03-10 07:00:00,1741564800000,-0.007483,0.00301,75488.0,22715.2749,81429406.18,90300000.0,0.9018,0.0072,-95.73,1760.29,,27052958863.102654,30000000000.0,584861.23066265
MVL,2025-03-16 15:00:00,1742112000000,-0.011599,0.003408,346346.0,120895.3548,92196483.81,102240000.0,0.9018,0.0063,-95.17,2006.27,,27052958863.102654,30000000000.0,584861.23066265
MVL,2025-03-16 23:00:00,1742140800000,-0.006614,0.003275,386953.0,128863.2084,88598440.28,98250000.0,0.9018,0.0066,-95.36,1924.07,,27052958863.102654,30000000000.0,584861.23066265
PHA,2024-06-30 23:00:00,1719763200000,-0.007806,0.1483,440345.0,661097.468,119743555.56,148300000.0,0.8074,0.4728,-89.48,109.7,,807441372.6318759,1000000000.0,56619718.20638408
PHA,2024-12-24 23:00:00,1735056000000,-0.006522,0.2102,5329354.0,11315708.175,169724176.53,210200000.0,0.8074,0.3336,-85.09,197.23,,807441372.6318759,1000000000.0,56619718.20638408
PHA,2024-12-25 07:00:00,1735084800000,-0.005279,0.2215,2745945.0,5864017.569,178848264.04,221500000.0,0.8074,0.3166,-84.28,213.21,,807441372.6318759,1000000000.0,56619718.20638408
PHA,2024-12-26 07:00:00,1735171200000,-0.005168,0.2914,2343809.0,6702491.754,235288415.98,291400000.0,0.8074,0.2406,-79.32,312.05,,807441372.6318759,1000000000.0,56619718.20638408
PHA,2024-12-26 15:00:00,1735200000000,-0.006108,0.2851,1791148.0,4906066.042,230201535.34,285100000.0,0.8074,0.246,-79.77,303.14,,807441372.6318759,1000000000.0,56619718.20638408
PHA,2024-12-27 23:00:00,1735315200000,-0.006262,0.4571,14978757.0,66447307.7,369081451.43,457100000.0,0.8074,0.1534,-67.57,546.35,,807441372.6318759,1000000000.0,56619718.20638408
PHA,2024-12-28 07:00:00,1735344000000,-0.009036,0.4701,8251097.0,39639481.191,379578189.27,470100000.0,0.8074,0.1492,-66.65,564.73,,807441372.6318759,1000000000.0,56619718.20638408
PHA,2024-12-28 15:00:00,1735372800000,-0.005225,0.5298,11086347.0,59266062.989,427782439.22,529800000.0,0.8074,0.1324,-62.41,649.15,,807441372.6318759,1000000000.0,56619718.20638408
PI,2025-02-20 19:00:00,1740052800000,-0.021974,0.9,67081050.0,63361516.2182,7102032843.47,90000000000.0,0.0789,0.0091,-69.82,168.63,,7891147603.853072,100000000000.0,64427767.38250795
PI,2025-02-20 23:00:00,1740067200000,-0.01857,0.8095,86448015.0,65437045.4196,6387883985.32,80950000000.0,0.0789,0.0101,-72.85,141.62,,7891147603.853072,100000000000.0,64427767.38250795
PI,2025-02-21 03:00:00,1740081600000,-0.016548,0.8734,37496186.0,29753693.5026,6892128317.21,87340000000.0,0.0789,0.0093,-70.71,160.69,,7891147603.853072,100000000000.0,64427767.38250795
PI,2025-02-21 07:00:00,1740096000000,-0.013554,0.7629,21281775.0,17613441.1318,6020156506.98,76290000000.0,0.0789,0.0107,-74.41,127.71,,7891147603.853072,100000000000.0,64427767.38250795
PI,2025-02-21 11:00:00,1740110400000,-0.012643,0.6464,40972402.0,27337140.4301,5100837811.13,64640000000.0,0.0789,0.0126,-78.32,92.94,,7891147603.853072,100000000000.0,64427767.38250795
PORT3,2025-06-04 19:00:00,1749038400000,-0.005556,0.05036,222823.0,1151039.22,25172306.1,50360000.0,0.4998,0.0961,-84.66,356.1,,499847222.0,1000000000.0,2419934.40334585
POLYX,2024-07-11 11:00:00,1720670400000,-0.005378,0.2593,1829175.0,4646108.6543,309007125.45,224318802.63,,,,,,0.0,865093724.0,0.0
POLYX,2024-07-11 15:00:00,1720684800000,-0.01242,0.24877,1467796.0,3703267.0609,296458552.25,215209365.72,,,,,,0.0,865093724.0,0.0
ONG,2024-04-24 19:00:00,1713960000000,-0.006086,0.6622,315185.0,2093198.516,279410777.13,662200000.0,0.4219,0.0126,-85.58,1583.35,,421943185.0414432,1000000000.0,3509702.16995097
ONG,2024-06-20 15:00:00,1718870400000,-0.00894,0.352,1398602.0,4883467.738,148524001.13,352000000.0,0.4219,0.0236,-92.34,794.81,,421943185.0414432,1000000000.0,3509702.16995097
ONG,2024-06-21 11:00:00,1718942400000,-0.013672,0.3691,450008.0,1651865.451,155739229.6,369100000.0,0.4219,0.0225,-91.96,838.28,,421943185.0414432,1000000000.0,3509702.16995097
ONG,2024-06-21 15:00:00,1718956800000,-0.012204,0.3665,354890.0,1300290.24,154642177.32,366500000.0,0.4219,0.0227,-92.02,831.67,,421943185.0414432,1000000000.0,3509702.16995097
ONG,2024-06-21 19:00:00,1718971200000,-0.009246,0.3647,375493.0,1366351.031,153882679.58,364700000.0,0.4219,0.0228,-92.06,827.09,,421943185.0414432,1000000000.0,3509702.16995097
ONG,2024-06-21 23:00:00,1718985600000,-0.00679,0.3534,213829.0,760587.674,149114721.59,353400000.0,0.4219,0.0235,-92.3,798.36,,421943185.0414432,1000000000.0,3509702.16995097
ONG,2024-06-22 11:00:00,1719028800000,-0.008411,0.3674,303806.0,1095944.542,155021926.18,367400000.0,0.4219,0.0226,-92.0,833.95,,421943185.0414432,1000000000.0,3509702.16995097
ONG,2024-07-07 15:00:00,1720339200000,-0.00509,0.3173,205639.0,656745.667,133882572.61,317300000.0,0.4219,0.0262,-93.09,706.6,,421943185.0414432,1000000000.0,3509702.16995097
ONG,2024-07-07 19:00:00,1720353600000,-0.005624,0.3048,231414.0,725248.983,128608282.8,304800000.0,0.4219,0.0273,-93.36,674.82,,421943185.0414432,1000000000.0,3509702.16995097
ONG,2024-07-07 23:00:00,1720368000000,-0.007901,0.3062,68300.0,207166.062,129199003.26,306200000.0,0.4219,0.0272,-93.33,678.38,,421943185.0414432,1000000000.0,3509702.16995097
ONG,2024-09-21 11:00:00,1726891200000,-0.011336,0.3682,2535899.0,9462154.858,155359480.73,368200000.0,0.4219,0.0226,-91.98,835.99,,421943185.0414432,1000000000.0,3509702.16995097
ONG,2025-01-09 15:00:00,1736409600000,-0.0065,0.3854,771789.0,2910629.31,162616903.51,385400000.0,0.4219,0.0216,-91.61,879.71,,421943185.0414432,1000000000.0,3509702.16995097
ONG,2025-01-09 19:00:00,1736424000000,-0.008824,0.3733,505797.0,1903190.805,157511390.98,373300000.0,0.4219,0.0223,-91.87,848.95,,421943185.0414432,1000000000.0,3509702.16995097
ONG,2025-04-10 11:00:00,1744257600000,-0.011232,0.1813,93763.0,172022.816,76498299.45,181300000.0,0.4219,0.0459,-96.05,360.88,,421943185.0414432,1000000000.0,3509702.16995097
PRCL,2024-04-17 07:00:00,1713312000000,-0.011609,0.55,342269.0,1842014.92,226756451.35,550000000.0,0.4123,0.0505,-34.47,1028.37,,412284457.0,1000000000.0,11455009.6289524
PRCL,2024-04-17 15:00:00,1713340800000,-0.015,0.486,358170.0,1841336.28,200370246.1,486000000.0,0.4123,0.0572,-42.1,897.07,,412284457.0,1000000000.0,11455009.6289524
PRCL,2024-04-17 23:00:00,1713369600000,-0.009086,0.483,162046.0,780105.25,199133392.73,483000000.0,0.4123,0.0575,-42.46,890.91,,412284457.0,1000000000.0,11455009.6289524
PRCL,2024-04-18 15:00:00,1713427200000,-0.006173,0.422,128615.0,536167.05,173984040.85,422000000.0,0.4123,0.0658,-49.72,765.77,,412284457.0,1000000000.0,11455009.6289524
PARTI,2025-03-25 19:00:00,1742904000000,-0.005062,0.3425,19953263.0,73459684.548,79802500.0,342500000.0,0.233,0.2021,-19.98,144.2,,233000000.0,1000000000.0,16128049.39011595
PARTI,2025-05-05 23:00:00,1746460800000,-0.00841,0.2991,9404075.0,28163289.301,69690300.0,299100000.0,0.233,0.2314,-30.12,113.26,,233000000.0,1000000000.0,16128049.39011595
PENGU,2024-12-17 23:00:00,1734451200000,-0.015691,0.03183,65873163.0,21583121.0182,2000846407.55,2829333333.31,0.7072,0.2251,-44.53,756.88,,62860396090.04,88888888888.0,450293454.4757081
AERGO,2024-04-11 23:00:00,1712851200000,-0.008439,0.10974,,,53223899.54,54870000.0,0.97,0.1548,-84.26,581.52,,484999995.7689212,500000000.0,8238860.76589961
AERGO,2024-04-12 07:00:00,1712880000000,-0.0225,0.10974,,,53223899.54,54870000.0,0.97,0.1548,-84.26,581.52,,484999995.7689212,500000000.0,8238860.76589961
AERGO,2024-04-12 15:00:00,1712908800000,-0.019815,0.10974,,,53223899.54,54870000.0,0.97,0.1548,-84.26,581.52,,484999995.7689212,500000000.0,8238860.76589961
AERGO,2024-04-12 23:00:00,1712937600000,-0.012192,0.10974,,,53223899.54,54870000.0,0.97,0.1548,-84.26,581.52,,484999995.7689212,500000000.0,8238860.76589961
AERGO,2024-04-13 15:00:00,1712995200000,-0.017302,0.10974,,,53223899.54,54870000.0,0.97,0.1548,-84.26,581.52,,484999995.7689212,500000000.0,8238860.76589961
AERGO,2024-04-13 23:00:00,1713024000000,-0.006417,0.10974,,,53223899.54,54870000.0,0.97,0.1548,-84.26,581.52,,484999995.7689212,500000000.0,8238860.76589961
AERGO,2024-05-12 15:00:00,1715500800000,-0.009674,0.10974,,,53223899.54,54870000.0,0.97,0.1548,-84.26,581.52,,484999995.7689212,500000000.0,8238860.76589961
AERGO,2024-05-12 23:00:00,1715529600000,-0.007883,0.10974,,,53223899.54,54870000.0,0.97,0.1548,-84.26,581.52,,484999995.7689212,500000000.0,8238860.76589961
AERGO,2024-06-05 15:00:00,1717574400000,-0.011193,0.10974,,,53223899.54,54870000.0,0.97,0.1548,-84.26,581.52,,484999995.7689212,500000000.0,8238860.76589961
AERGO,2025-03-18 15:00:00,1742284800000,-0.011348,0.10974,,,53223899.54,54870000.0,0.97,0.1548,-84.26,581.52,,484999995.7689212,500000000.0,8238860.76589961
AERGO,2025-03-18 19:00:00,1742299200000,-0.017145,0.10974,,,53223899.54,54870000.0,0.97,0.1548,-84.26,581.52,,484999995.7689212,500000000.0,8238860.76589961
AERGO,2025-03-21 15:00:00,1742544000000,-0.008133,0.10974,,,53223899.54,54870000.0,0.97,0.1548,-84.26,581.52,,484999995.7689212,500000000.0,8238860.76589961
AERGO,2025-03-27 15:00:00,1743062400000,-0.005122,0.10975,,,53228749.54,54875000.0,0.97,0.1548,-84.26,581.58,,484999995.7689212,500000000.0,8238860.76589961
AERGO,2025-04-07 11:00:00,1743998400000,-0.010004,0.08292,383992.0,311203.4727,40216199.65,41460000.0,0.97,0.2049,-88.1,414.96,,484999995.7689212,500000000.0,8238860.76589961
AERGO,2025-04-07 15:00:00,1744012800000,-0.008668,0.10585,5577835.0,5608087.7566,51337249.55,52925000.0,0.97,0.1605,-84.82,557.36,,484999995.7689212,500000000.0,8238860.76589961
AERGO,2025-04-07 19:00:00,1744027200000,-0.03,0.10593,4869446.0,5218015.7919,51376049.55,52965000.0,0.97,0.1604,-84.8,557.86,,484999995.7689212,500000000.0,8238860.76589961
AERGO,2025-04-08 11:00:00,1744084800000,-0.007795,0.1258,1367444.0,1717120.9411,61012999.47,62900000.0,0.97,0.135,-81.95,681.25,,484999995.7689212,500000000.0,8238860.76589961
AERGO,2025-04-08 15:00:00,1744099200000,-0.012424,0.13353,2976175.0,3982070.288,64762049.44,66765000.0,0.97,0.1272,-80.84,729.26,,484999995.7689212,500000000.0,8238860.76589961
AERGO,2025-04-08 19:00:00,1744113600000,-0.010248,0.14421,8334512.0,12320418.0197,69941849.39,72105000.0,0.97,0.1178,-79.31,795.59,,484999995.7689212,500000000.0,8238860.76589961
AERGO,2025-04-16 15:00:00,1744790400000,-0.012814,0.40145,12204920.0,56906120.5147,194703248.3,200725000.0,0.97,0.0423,-42.41,2393.12,,484999995.7689212,500000000.0,8238860.76589961
AERGO,2025-04-16 19:00:00,1744804800000,-0.03,0.23314,12002979.0,32351017.1404,113072899.01,116570000.0,0.97,0.0729,-66.55,1347.87,,484999995.7689212,500000000.0,8238860.76589961
AERGO,2025-04-16 23:00:00,1744819200000,-0.03,0.16613,13978687.0,25989898.2445,80573049.3,83065000.0,0.97,0.1023,-76.17,931.71,,484999995.7689212,500000000.0,8238860.76589961
AERGO,2025-04-17 01:00:00,1744826400000,-0.02,0.16613,13978687.0,25989898.2445,80573049.3,83065000.0,0.97,0.1023,-76.17,931.71,,484999995.7689212,500000000.0,8238860.76589961
AERGO,2025-04-17 03:00:00,1744833600000,-0.02,0.13711,12158410.0,18185625.2528,66498349.42,68555000.0,0.97,0.1239,-80.33,751.49,,484999995.7689212,500000000.0,8238860.76589961
AERGO,2025-04-17 09:00:00,1744855200000,-0.02,0.13967,12220545.0,16391115.265,67739949.41,69835000.0,0.97,0.1216,-79.96,767.39,,484999995.7689212,500000000.0,8238860.76589961
AERGO,2025-04-17 11:00:00,1744862400000,-0.02,0.15268,11507486.0,16691944.3056,74049799.35,76340000.0,0.97,0.1113,-78.1,848.19,,484999995.7689212,500000000.0,8238860.76589961
AERGO,2025-04-17 13:00:00,1744869600000,-0.02,0.15268,11507486.0,16691944.3056,74049799.35,76340000.0,0.97,0.1113,-78.1,848.19,,484999995.7689212,500000000.0,8238860.76589961
AERGO,2025-04-17 15:00:00,1744876800000,-0.02,0.18293,18386318.0,30747301.5291,88721049.23,91465000.0,0.97,0.0929,-73.76,1036.05,,484999995.7689212,500000000.0,8238860.76589961
AERGO,2025-04-17 17:00:00,1744884000000,-0.02,0.18293,18386318.0,30747301.5291,88721049.23,91465000.0,0.97,0.0929,-73.76,1036.05,,484999995.7689212,500000000.0,8238860.76589961
AERGO,2025-04-17 19:00:00,1744891200000,-0.02,0.16211,14559569.0,24228143.301,78623349.31,81055000.0,0.97,0.1048,-76.74,906.75,,484999995.7689212,500000000.0,8238860.76589961
AERGO,2025-04-17 21:00:00,1744898400000,-0.01453,0.16211,14559569.0,24228143.301,78623349.31,81055000.0,0.97,0.1048,-76.74,906.75,,484999995.7689212,500000000.0,8238860.76589961
AERGO,2025-04-17 23:00:00,1744905600000,-0.018478,0.16537,8153327.0,13241998.9382,80204449.3,82685000.0,0.97,0.1027,-76.28,927.0,,484999995.7689212,500000000.0,8238860.76589961
AERGO,2025-04-18 01:00:00,1744912800000,-0.013193,0.16537,8153327.0,13241998.9382,80204449.3,82685000.0,0.97,0.1027,-76.28,927.0,,484999995.7689212,500000000.0,8238860.76589961
AERGO,2025-04-18 03:00:00,1744920000000,-0.013417,0.212,10500035.0,19497088.5262,102819999.1,106000000.0,0.97,0.0801,-69.59,1216.58,,484999995.7689212,500000000.0,8238860.76589961
AERGO,2025-04-18 05:00:00,1744927200000,-0.014033,0.212,10500035.0,19497088.5262,102819999.1,106000000.0,0.97,0.0801,-69.59,1216.58,,484999995.7689212,500000000.0,8238860.76589961
AERGO,2025-04-18 07:00:00,1744934400000,-0.02,0.23762,21809777.0,48619381.0646,115245698.99,118810000.0,0.97,0.0715,-65.91,1375.69,,484999995.7689212,500000000.0,8238860.76589961
AERGO,2025-04-18 09:00:00,1744941600000,-0.02,0.23762,21809777.0,48619381.0646,115245698.99,118810000.0,0.97,0.0715,-65.91,1375.69,,484999995.7689212,500000000.0,8238860.76589961
AERGO,2025-04-18 11:00:00,1744948800000,-0.02,0.23359,13047837.0,29557586.8658,113291149.01,116795000.0,0.97,0.0727,-66.49,1350.66,,484999995.7689212,500000000.0,8238860.76589961
AERGO,2025-04-18 13:00:00,1744956000000,-0.02,0.23359,13047837.0,29557586.8658,113291149.01,116795000.0,0.97,0.0727,-66.49,1350.66,,484999995.7689212,500000000.0,8238860.76589961
AERGO,2025-04-18 15:00:00,1744963200000,-0.02,0.23032,14331022.0,33593351.1407,111705199.03,115160000.0,0.97,0.0738,-66.96,1330.35,,484999995.7689212,500000000.0,8238860.76589961
AERGO,2025-04-18 17:00:00,1744970400000,-0.017573,0.23032,14331022.0,33593351.1407,111705199.03,115160000.0,0.97,0.0738,-66.96,1330.35,,484999995.7689212,500000000.0,8238860.76589961
AERGO,2025-04-18 19:00:00,1744977600000,-0.017373,0.23025,11961078.0,27068213.8347,111671249.03,115125000.0,0.97,0.0738,-66.97,1329.92,,484999995.7689212,500000000.0,8238860.76589961
AERGO,2025-04-18 21:00:00,1744984800000,-0.016722,0.23025,11961078.0,27068213.8347,111671249.03,115125000.0,0.97,0.0738,-66.97,1329.92,,484999995.7689212,500000000.0,8238860.76589961
AERGO,2025-04-18 23:00:00,1744992000000,-0.011536,0.23351,4389467.0,10003755.9298,113252349.01,116755000.0,0.97,0.0727,-66.5,1350.16,,484999995.7689212,500000000.0,8238860.76589961
AERGO,2025-04-19 01:00:00,1744999200000,-0.00703,0.23351,4389467.0,10003755.9298,113252349.01,116755000.0,0.97,0.0727,-66.5,1350.16,,484999995.7689212,500000000.0,8238860.76589961
AERGO,2025-04-19 03:00:00,1745006400000,-0.008144,0.29065,10374177.0,27129571.0608,140965248.77,145325000.0,0.97,0.0584,-58.3,1705.02,,484999995.7689212,500000000.0,8238860.76589961
AERGO,2025-04-19 05:00:00,1745013600000,-0.012915,0.29065,10374177.0,27129571.0608,140965248.77,145325000.0,0.97,0.0584,-58.3,1705.02,,484999995.7689212,500000000.0,8238860.76589961
AERGO,2025-04-19 07:00:00,1745020800000,-0.016403,0.27686,9617734.0,26145458.0797,134277098.83,138430000.0,0.97,0.0614,-60.28,1619.38,,484999995.7689212,500000000.0,8238860.76589961
AERGO,2025-04-19 09:00:00,1745028000000,-0.010562,0.27686,9617734.0,26145458.0797,134277098.83,138430000.0,0.97,0.0614,-60.28,1619.38,,484999995.7689212,500000000.0,8238860.76589961
AERGO,2025-04-19 11:00:00,1745035200000,-0.010562,0.27195,4746778.0,13111287.2953,131895748.85,135975000.0,0.97,0.0625,-60.99,1588.89,,484999995.7689212,500000000.0,8238860.76589961
AERGO,2025-04-19 13:00:00,1745042400000,-0.011436,0.27195,4746778.0,13111287.2953,131895748.85,135975000.0,0.97,0.0625,-60.99,1588.89,,484999995.7689212,500000000.0,8238860.76589961
AERGO,2025-04-19 15:00:00,1745049600000,-0.005894,0.289,4505491.0,12482789.6495,140164998.78,144500000.0,0.97,0.0588,-58.54,1694.77,,484999995.7689212,500000000.0,8238860.76589961
AERGO,2025-04-19 17:00:00,1745056800000,-0.00732,0.289,4505491.0,12482789.6495,140164998.78,144500000.0,0.97,0.0588,-58.54,1694.77,,484999995.7689212,500000000.0,8238860.76589961
AERGO,2025-04-19 19:00:00,1745064000000,-0.005429,0.29601,10613374.0,32258581.9358,143564848.75,148005000.0,0.97,0.0574,-57.54,1738.31,,484999995.7689212,500000000.0,8238860.76589961
AERGO,2025-04-19 21:00:00,1745071200000,-0.005484,0.29601,10613374.0,32258581.9358,143564848.75,148005000.0,0.97,0.0574,-57.54,1738.31,,484999995.7689212,500000000.0,8238860.76589961
AERGO,2025-04-20 03:00:00,1745092800000,-0.005584,0.3026,4542635.0,14461313.758,146760998.72,151300000.0,0.97,0.0561,-56.59,1779.23,,484999995.7689212,500000000.0,8238860.76589961
AERGO,2025-04-20 05:00:00,1745100000000,-0.005163,0.3026,4542635.0,14461313.758,146760998.72,151300000.0,0.97,0.0561,-56.59,1779.23,,484999995.7689212,500000000.0,8238860.76589961
AERGO,2025-04-20 07:00:00,1745107200000,-0.008137,0.2985,3640826.0,10797268.5575,144772498.74,149250000.0,0.97,0.0569,-57.18,1753.77,,484999995.7689212,500000000.0,8238860.76589961
AERGO,2025-04-20 09:00:00,1745114400000,-0.007115,0.2985,3640826.0,10797268.5575,144772498.74,149250000.0,0.97,0.0569,-57.18,1753.77,,484999995.7689212,500000000.0,8238860.76589961
AERGO,2025-04-20 11:00:00,1745121600000,-0.005738,0.30408,1627300.0,4880625.5391,147478798.71,152040000.0,0.97,0.0559,-56.38,1788.42,,484999995.7689212,500000000.0,8238860.76589961
AERGO,2025-04-20 17:00:00,1745143200000,-0.005117,0.28874,3112031.0,9033533.2577,140038898.78,144370000.0,0.97,0.0588,-58.58,1693.16,,484999995.7689212,500000000.0,8238860.76589961
AERGO,2025-04-20 19:00:00,1745150400000,-0.016179,0.2662,2654109.0,7399929.8787,129106998.87,133100000.0,0.97,0.0638,-61.81,1553.18,,484999995.7689212,500000000.0,8238860.76589961
AERGO,2025-04-20 21:00:00,1745157600000,-0.007887,0.2662,2654109.0,7399929.8787,129106998.87,133100000.0,0.97,0.0638,-61.81,1553.18,,484999995.7689212,500000000.0,8238860.76589961
AERGO,2025-04-20 23:00:00,1745164800000,-0.010646,0.26543,3861440.0,9804408.6125,128733548.88,132715000.0,0.97,0.064,-61.92,1548.4,,484999995.7689212,500000000.0,8238860.76589961
AERGO,2025-04-21 03:00:00,1745179200000,-0.01051,0.28669,3110152.0,8782726.5351,139044648.79,143345000.0,0.97,0.0593,-58.87,1680.43,,484999995.7689212,500000000.0,8238860.76589961
AERGO,2025-04-21 05:00:00,1745186400000,-0.014871,0.28669,3110152.0,8782726.5351,139044648.79,143345000.0,0.97,0.0593,-58.87,1680.43,,484999995.7689212,500000000.0,8238860.76589961
AERGO,2025-04-21 07:00:00,1745193600000,-0.015788,0.27819,2153517.0,5961637.1241,134922148.82,139095000.0,0.97,0.0611,-60.09,1627.64,,484999995.7689212,500000000.0,8238860.76589961
AERGO,2025-04-21 09:00:00,1745200800000,-0.010419,0.27819,2153517.0,5961637.1241,134922148.82,139095000.0,0.97,0.0611,-60.09,1627.64,,484999995.7689212,500000000.0,8238860.76589961
AERGO,2025-04-21 11:00:00,1745208000000,-0.005852,0.27224,904218.0,2445620.6682,132036398.85,136120000.0,0.97,0.0624,-60.95,1590.69,,484999995.7689212,500000000.0,8238860.76589961
AERGO,2025-04-21 19:00:00,1745236800000,-0.008381,0.27022,1235749.0,3332503.5074,131056698.86,135110000.0,0.97,0.0629,-61.24,1578.14,,484999995.7689212,500000000.0,8238860.76589961
AERGO,2025-04-22 01:00:00,1745258400000,-0.006568,0.27498,1470513.0,4022535.3875,133365298.84,137490000.0,0.97,0.0618,-60.55,1607.7,,484999995.7689212,500000000.0,8238860.76589961
AERGO,2025-04-24 17:00:00,1745488800000,-0.005178,0.21822,1689825.0,3660388.4879,105836699.08,109110000.0,0.97,0.0778,-68.69,1255.21,,484999995.7689212,500000000.0,8238860.76589961
AERGO,2025-04-28 11:00:00,1745812800000,-0.00885,0.19347,581131.0,1148550.4117,93832949.18,96735000.0,0.97,0.0878,-72.25,1101.5,,484999995.7689212,500000000.0,8238860.76589961
AERGO,2025-05-03 11:00:00,1746244800000,-0.005814,0.20306,3432864.0,6991008.6556,98484099.14,101530000.0,0.97,0.0837,-70.87,1161.06,,484999995.7689212,500000000.0,8238860.76589961
AERGO,2025-05-24 11:00:00,1748059200000,-0.00827,0.15091,1334237.0,1992250.2985,73191349.36,75455000.0,0.97,0.1126,-78.35,837.19,,484999995.7689212,500000000.0,8238860.76589961
AERGO,2025-05-24 15:00:00,1748073600000,-0.006615,0.14921,1008454.0,1500920.8673,72366849.37,74605000.0,0.97,0.1138,-78.59,826.64,,484999995.7689212,500000000.0,8238860.76589961
AERGO,2025-05-25 11:00:00,1748145600000,-0.010691,0.16095,1618424.0,2561779.1416,78060749.32,80475000.0,0.97,0.1055,-76.91,899.55,,484999995.7689212,500000000.0,8238860.76589961
AERGO,2025-05-25 23:00:00,1748188800000,-0.007235,0.16747,2237036.0,3702604.1531,81222949.29,83735000.0,0.97,0.1014,-75.98,940.04,,484999995.7689212,500000000.0,8238860.76589961
AERGO,2025-05-26 03:00:00,1748203200000,-0.006144,0.16664,1510956.0,2504899.2803,80820399.29,83320000.0,0.97,0.1019,-76.09,934.88,,484999995.7689212,500000000.0,8238860.76589961
AERGO,2025-05-26 11:00:00,1748232000000,-0.005021,0.16024,2006061.0,3356753.5275,77716399.32,80120000.0,0.97,0.106,-77.01,895.14,,484999995.7689212,500000000.0,8238860.76589961
AERGO,2025-05-27 11:00:00,1748318400000,-0.005155,0.16031,429151.0,684638.0337,77750349.32,80155000.0,0.97,0.106,-77.0,895.57,,484999995.7689212,500000000.0,8238860.76589961
AERGO,2025-06-05 15:00:00,1749110400000,-0.005702,0.12955,1007918.0,1309084.6995,62831749.45,64775000.0,0.97,0.1311,-81.42,704.54,,484999995.7689212,500000000.0,8238860.76589961
AERGO,2025-06-05 19:00:00,1749124800000,-0.005779,0.12952,539854.0,688282.6782,62817199.45,64760000.0,0.97,0.1312,-81.42,704.36,,484999995.7689212,500000000.0,8238860.76589961
AERGO,2025-06-20 15:00:00,1750406400000,-0.007642,0.12819,7859702.0,9948987.2511,62172149.46,64095000.0,0.97,0.1325,-81.61,696.1,,484999995.7689212,500000000.0,8238860.76589961
AERGO,2025-06-20 19:00:00,1750420800000,-0.013676,0.13063,7715505.0,9918665.3663,63355549.45,65315000.0,0.97,0.13,-81.26,711.25,,484999995.7689212,500000000.0,8238860.76589961
AERGO,2025-06-20 23:00:00,1750435200000,-0.011316,0.135,8476713.0,11163790.5082,65474999.43,67500000.0,0.97,0.1258,-80.63,738.39,,484999995.7689212,500000000.0,8238860.76589961
AERGO,2025-06-21 03:00:00,1750449600000,-0.012983,0.13282,6956142.0,9057892.5204,64417699.44,66410000.0,0.97,0.1279,-80.95,724.85,,484999995.7689212,500000000.0,8238860.76589961
AERGO,2025-06-21 07:00:00,1750464000000,-0.006714,0.14219,8501217.0,11972769.4146,68962149.4,71095000.0,0.97,0.1195,-79.6,783.04,,484999995.7689212,500000000.0,8238860.76589961
AERGO,2025-06-21 11:00:00,1750478400000,-0.015458,0.14526,7891446.0,11203551.2446,70451099.39,72630000.0,0.97,0.1169,-79.16,802.11,,484999995.7689212,500000000.0,8238860.76589961
AERGO,2025-06-21 15:00:00,1750492800000,-0.014143,0.14369,8123168.0,11688614.3441,69689649.39,71845000.0,0.97,0.1182,-79.39,792.36,,484999995.7689212,500000000.0,8238860.76589961
AERGO,2025-06-21 19:00:00,1750507200000,-0.010852,0.132,9253118.0,12405480.2814,64019999.44,66000000.0,0.97,0.1287,-81.06,719.76,,484999995.7689212,500000000.0,8238860.76589961
AERGO,2025-06-21 23:00:00,1750521600000,-0.007484,0.12985,4076651.0,5359797.6303,62977249.45,64925000.0,0.97,0.1308,-81.37,706.41,,484999995.7689212,500000000.0,8238860.76589961
AERGO,2025-06-22 03:00:00,1750536000000,-0.006293,0.12267,2154104.0,2723893.3457,59494949.48,61335000.0,0.97,0.1385,-82.4,661.82,,484999995.7689212,500000000.0,8238860.76589961
PYR,2025-04-24 23:00:00,1745510400000,-0.008372,1.127,307571.0,350632.758,49637831.39,56350000.0,0.8809,0.3052,-97.73,43.83,,44044215.96142888,50000000.0,15148378.86094035
MOCA,2024-07-12 23:00:00,1720800000000,-0.00701,0.1226,537719.0,660981.761,444435594.86,1089777777.67,0.4078,0.0482,-75.05,102.74,,3625086418.0825,8888888888.0,21432485.45011523
MOCA,2024-07-13 07:00:00,1720828800000,-0.011809,0.1119,864498.0,974349.585,405647170.18,994666666.57,0.4078,0.0528,-77.23,85.04,,3625086418.0825,8888888888.0,21432485.45011523
MOCA,2024-07-13 15:00:00,1720857600000,-0.010771,0.1081,941291.0,1024801.981,391871841.79,960888888.79,0.4078,0.0547,-78.0,78.76,,3625086418.0825,8888888888.0,21432485.45011523
MOCA,2024-07-13 23:00:00,1720886400000,-0.010392,0.1111,1213357.0,1368323.839,402747101.05,987555555.46,0.4078,0.0532,-77.39,83.72,,3625086418.0825,8888888888.0,21432485.45011523
MOCA,2024-07-14 07:00:00,1720915200000,-0.015,0.1104,698034.0,777684.951,400209540.56,981333333.24,0.4078,0.0536,-77.54,82.56,,3625086418.0825,8888888888.0,21432485.45011523
MOCA,2024-07-14 15:00:00,1720944000000,-0.007041,0.1094,451577.0,495977.459,396584454.14,972444444.35,0.4078,0.054,-77.74,80.91,,3625086418.0825,8888888888.0,21432485.45011523
MOCA,2024-07-14 23:00:00,1720972800000,-0.009243,0.1108,468729.0,522093.167,401659575.12,984888888.79,0.4078,0.0534,-77.45,83.23,,3625086418.0825,8888888888.0,21432485.45011523
MOCA,2024-07-15 07:00:00,1721001600000,-0.007453,0.11,242429.0,266655.762,398759505.99,977777777.68,0.4078,0.0537,-77.62,81.9,,3625086418.0825,8888888888.0,21432485.45011523
MOCA,2024-07-15 15:00:00,1721030400000,-0.006144,0.1091,417088.0,456188.152,395496928.21,969777777.68,0.4078,0.0542,-77.8,80.41,,3625086418.0825,8888888888.0,21432485.45011523
MOCA,2024-07-16 07:00:00,1721088000000,-0.008629,0.1104,431721.0,478110.305,400209540.56,981333333.24,0.4078,0.0536,-77.54,82.56,,3625086418.0825,8888888888.0,21432485.45011523
MOCA,2024-07-16 23:00:00,1721145600000,-0.007072,0.1052,482268.0,505639.416,381359091.18,935111111.02,0.4078,0.0562,-78.59,73.97,,3625086418.0825,8888888888.0,21432485.45011523
MOCA,2024-07-17 07:00:00,1721174400000,-0.005333,0.0973,588609.0,590940.187,352720908.48,864888888.8,0.4078,0.0608,-80.2,60.9,,3625086418.0825,8888888888.0,21432485.45011523
MOCA,2024-07-18 07:00:00,1721260800000,-0.00832,0.0842,299386.0,251135.739,305232276.4,748444444.37,0.4078,0.0702,-82.87,39.24,,3625086418.0825,8888888888.0,21432485.45011523
MOCA,2024-08-02 23:00:00,1722614400000,-0.008578,0.1239,319920.0,389942.323,449148207.2,1101333333.22,0.4078,0.0477,-74.79,104.89,,3625086418.0825,8888888888.0,21432485.45011523
MOCA,2024-08-03 07:00:00,1722643200000,-0.011758,0.1221,435481.0,518291.861,442623051.65,1085333333.22,0.4078,0.0484,-75.15,101.91,,3625086418.0825,8888888888.0,21432485.45011523
MOCA,2024-08-03 15:00:00,1722672000000,-0.005572,0.1279,634508.0,809958.947,463648552.87,1136888888.78,0.4078,0.0462,-73.97,111.5,,3625086418.0825,8888888888.0,21432485.45011523
MOCA,2024-08-03 23:00:00,1722700800000,-0.012055,0.1199,1018415.0,1320762.921,434647861.53,1065777777.67,0.4078,0.0493,-75.6,98.27,,3625086418.0825,8888888888.0,21432485.45011523
MOCA,2024-08-04 07:00:00,1722729600000,-0.015,0.1338,501447.0,643218.467,485036562.74,1189333333.21,0.4078,0.0442,-72.77,121.26,,3625086418.0825,8888888888.0,21432485.45011523
MOCA,2024-08-04 15:00:00,1722758400000,-0.008635,0.1214,335602.0,408223.161,440085491.16,1079111111.0,0.4078,0.0487,-75.3,100.75,,3625086418.0825,8888888888.0,21432485.45011523
MOCA,2024-08-05 07:00:00,1722816000000,-0.005825,0.111,371476.0,431187.584,402384592.41,986666666.57,0.4078,0.0533,-77.41,83.56,,3625086418.0825,8888888888.0,21432485.45011523
MOCA,2024-12-16 15:00:00,1734336000000,-0.02,0.2107,9344854.0,20673727.867,763805708.29,1872888888.7,0.4078,0.0281,-57.13,248.43,,3625086418.0825,8888888888.0,21432485.45011523
MOCA,2024-12-20 11:00:00,1734667200000,-0.007618,0.1836,2002300.0,3674819.111,665565866.36,1631999999.84,0.4078,0.0322,-62.64,203.61,,3625086418.0825,8888888888.0,21432485.45011523
MOCA,2024-12-21 11:00:00,1734753600000,-0.009802,0.2921,1884302.0,5384956.056,1058887742.72,2596444444.18,0.4078,0.0202,-40.56,383.04,,3625086418.0825,8888888888.0,21432485.45011523
MOCA,2024-12-21 19:00:00,1734782400000,-0.009169,0.2974,2977372.0,8677237.382,1078100700.74,2643555555.29,0.4078,0.0199,-39.48,391.8,,3625086418.0825,8888888888.0,21432485.45011523
MOCA,2025-01-30 15:00:00,1738224000000,-0.006115,0.2165,727912.0,1517987.811,784831209.51,1924444444.25,0.4078,0.0273,-55.95,258.02,,3625086418.0825,8888888888.0,21432485.45011523
MOCA,2025-01-31 11:00:00,1738296000000,-0.009829,0.2116,1554525.0,3431235.34,767068286.07,1880888888.7,0.4078,0.0279,-56.94,249.92,,3625086418.0825,8888888888.0,21432485.45011523
MOCA,2025-02-01 11:00:00,1738382400000,-0.005307,0.2042,217783.0,439345.236,740242646.57,1815111110.93,0.4078,0.029,-58.45,237.68,,3625086418.0825,8888888888.0,21432485.45011523
MOCA,2025-02-07 15:00:00,1738915200000,-0.007797,0.1424,555455.0,769060.388,516212305.93,1265777777.65,0.4078,0.0415,-71.02,135.48,,3625086418.0825,8888888888.0,21432485.45011523
MBL,2024-07-19 15:00:00,1721376000000,-0.008715,0.002688,872748.0,2429264.231,50302928.83,80640000.0,0.6238,0.1077,-94.16,250.13,,18713887214.0,30000000000.0,5416308.51099277
MBL,2024-08-15 15:00:00,1723708800000,-0.0225,0.002786,650689.0,1832605.657,52136889.78,83580000.0,0.6238,0.1039,-93.94,262.89,,18713887214.0,30000000000.0,5416308.51099277
MBL,2024-08-15 23:00:00,1723737600000,-0.006765,0.002806,119764.0,337398.77,52511167.52,84180000.0,0.6238,0.1031,-93.9,265.5,,18713887214.0,30000000000.0,5416308.51099277
MBL,2024-11-12 23:00:00,1731427200000,-0.009451,0.003091,690575.0,2216943.708,57844625.38,92730000.0,0.6238,0.0936,-93.28,302.62,,18713887214.0,30000000000.0,5416308.51099277
MBL,2024-11-13 15:00:00,1731484800000,-0.005803,0.002839,33117.0,93617.953,53128725.8,85170000.0,0.6238,0.1019,-93.83,269.8,,18713887214.0,30000000000.0,5416308.51099277
MBL,2024-11-13 23:00:00,1731513600000,-0.005574,0.002922,47913.0,143401.777,54681978.44,87660000.0,0.6238,0.0991,-93.65,280.61,,18713887214.0,30000000000.0,5416308.51099277
MBL,2024-12-10 07:00:00,1733788800000,-0.005278,0.003647,4968.0,18524.26,68249546.67,109410000.0,0.6238,0.0794,-92.07,375.04,,18713887214.0,30000000000.0,5416308.51099277
MBL,2024-12-22 23:00:00,1734883200000,-0.00737,0.003109,171580.0,549027.996,58181475.35,93270000.0,0.6238,0.0931,-93.24,304.96,,18713887214.0,30000000000.0,5416308.51099277
MBL,2024-12-23 15:00:00,1734940800000,-0.010866,0.003369,55828.0,189789.146,63047086.02,101070000.0,0.6238,0.0859,-92.68,338.83,,18713887214.0,30000000000.0,5416308.51099277
MBL,2024-12-23 23:00:00,1734969600000,-0.016635,0.003373,160424.0,531567.58,63121941.57,101190000.0,0.6238,0.0858,-92.67,339.35,,18713887214.0,30000000000.0,5416308.51099277
MBL,2024-12-24 07:00:00,1734998400000,-0.005716,0.003356,43294.0,145440.059,62803805.49,100680000.0,0.6238,0.0862,-92.7,337.14,,18713887214.0,30000000000.0,5416308.51099277
MBL,2024-12-30 15:00:00,1735545600000,-0.00959,0.003482,72452.0,254273.198,65161755.28,104460000.0,0.6238,0.0831,-92.43,353.55,,18713887214.0,30000000000.0,5416308.51099277
MBL,2024-12-31 07:00:00,1735603200000,-0.006589,0.003295,38830.0,129953.845,61662258.37,98850000.0,0.6238,0.0878,-92.84,329.19,,18713887214.0,30000000000.0,5416308.51099277
MBL,2024-12-31 15:00:00,1735632000000,-0.006133,0.003285,18198.0,59894.118,61475119.5,98550000.0,0.6238,0.0881,-92.86,327.89,,18713887214.0,30000000000.0,5416308.51099277
MBL,2025-01-10 15:00:00,1736496000000,-0.01217,0.003934,50832.0,202184.264,73620432.3,118020000.0,0.6238,0.0736,-91.45,412.43,,18713887214.0,30000000000.0,5416308.51099277
MBL,2025-01-10 23:00:00,1736524800000,-0.005756,0.003885,59603.0,229533.057,72703451.83,116550000.0,0.6238,0.0745,-91.55,406.04,,18713887214.0,30000000000.0,5416308.51099277
MBL,2025-01-11 07:00:00,1736553600000,-0.005221,0.003887,45578.0,176129.57,72740879.6,116610000.0,0.6238,0.0745,-91.55,406.3,,18713887214.0,30000000000.0,5416308.51099277
MBL,2025-01-11 15:00:00,1736582400000,-0.007436,0.003949,23716.0,93736.218,73901140.61,118470000.0,0.6238,0.0733,-91.41,414.38,,18713887214.0,30000000000.0,5416308.51099277
MBL,2025-02-22 15:00:00,1740211200000,-0.007543,0.002811,37607.0,107348.803,52604736.96,84330000.0,0.6238,0.103,-93.89,266.15,,18713887214.0,30000000000.0,5416308.51099277
MBL,2025-04-16 15:00:00,1744790400000,-0.011501,0.002355,114763.0,270388.006,44071204.39,70650000.0,0.6238,0.1229,-94.88,206.75,,18713887214.0,30000000000.0,5416308.51099277
MBL,2025-04-16 23:00:00,1744819200000,-0.021216,0.002387,59041.0,140708.415,44670048.78,71610000.0,0.6238,0.1213,-94.81,210.92,,18713887214.0,30000000000.0,5416308.51099277
MBL,2025-04-17 15:00:00,1744876800000,-0.01113,0.002498,185021.0,462424.577,46747290.26,74940000.0,0.6238,0.1159,-94.57,225.38,,18713887214.0,30000000000.0,5416308.51099277
MBL,2025-04-17 23:00:00,1744905600000,-0.015232,0.002557,57406.0,146208.844,47851409.61,76710000.0,0.6238,0.1132,-94.44,233.06,,18713887214.0,30000000000.0,5416308.51099277
MBL,2025-04-18 07:00:00,1744934400000,-0.009052,0.002416,23694.0,58237.505,45212751.51,72480000.0,0.6238,0.1198,-94.75,214.7,,18713887214.0,30000000000.0,5416308.51099277
MBL,2025-04-18 23:00:00,1744992000000,-0.006052,0.002415,24399.0,58586.499,45194037.62,72450000.0,0.6238,0.1198,-94.75,214.57,,18713887214.0,30000000000.0,5416308.51099277
MBL,2025-04-19 07:00:00,1745020800000,-0.008882,0.002391,33751.0,81060.683,44744904.33,71730000.0,0.6238,0.121,-94.8,211.44,,18713887214.0,30000000000.0,5416308.51099277
MBL,2025-04-22 15:00:00,1745308800000,-0.005426,0.002563,17138.0,43296.332,47963692.93,76890000.0,0.6238,0.1129,-94.43,233.85,,18713887214.0,30000000000.0,5416308.51099277
MBL,2025-07-30 23:00:00,1753891200000,-0.007086,0.002398,29507.0,69767.363,44875901.54,71940000.0,0.6238,0.1207,-94.79,212.35,,18713887214.0,30000000000.0,5416308.51099277
QI,2024-05-11 07:00:00,1715385600000,-0.009,0.01905,774470.0,1523090.097,137160000.0,137160000.0,1.0,0.0107,-95.33,,,7200000000.0,7200000000.0,1465063.58079041
QI,2024-05-11 15:00:00,1715414400000,-0.007852,0.01902,807401.0,1587429.483,136944000.0,136944000.0,1.0,0.0107,-95.34,,,7200000000.0,7200000000.0,1465063.58079041
OBT,2025-03-14 15:00:00,1741939200000,-0.012794,0.0271,1401922.0,4048989.455,127370000.0,271000000.0,0.47,0.0521,-16.95,383.18,,4700000000.0,10000000000.0,6630153.74812018
OBT,2025-03-14 19:00:00,1741953600000,-0.011335,0.02632,454476.0,1177254.958,123704000.0,263200000.0,0.47,0.0536,-19.34,369.27,,4700000000.0,10000000000.0,6630153.74812018
OBT,2025-03-15 11:00:00,1742011200000,-0.005281,0.02423,43299.0,105927.332,113881000.0,242300000.0,0.47,0.0582,-25.74,332.01,,4700000000.0,10000000000.0,6630153.74812018
OBT,2025-05-25 03:00:00,1748116800000,-0.006848,0.01323,577093.0,750925.046,62181000.0,132300000.0,0.47,0.1066,-59.46,135.88,,4700000000.0,10000000000.0,6630153.74812018
OBT,2025-05-25 07:00:00,1748131200000,-0.017366,0.0137,763392.0,1018537.956,64390000.0,137000000.0,0.47,0.103,-58.01,144.26,,4700000000.0,10000000000.0,6630153.74812018
OBT,2025-05-25 11:00:00,1748145600000,-0.012692,0.01269,281702.0,372723.503,59643000.0,126900000.0,0.47,0.1112,-61.11,126.26,,4700000000.0,10000000000.0,6630153.74812018
OBT,2025-06-02 23:00:00,1748880000000,-0.00673,0.00925,240064.0,241618.819,43475000.0,92500000.0,0.47,0.1525,-71.65,64.92,,4700000000.0,10000000000.0,6630153.74812018
OBT,2025-06-05 15:00:00,1749110400000,-0.005674,0.00985,170516.0,167936.568,46295000.0,98500000.0,0.47,0.1432,-69.81,75.62,,4700000000.0,10000000000.0,6630153.74812018
OBT,2025-06-07 15:00:00,1749283200000,-0.012306,0.00936,345469.0,311997.545,43992000.0,93600000.0,0.47,0.1507,-71.32,66.88,,4700000000.0,10000000000.0,6630153.74812018
OBT,2025-06-07 23:00:00,1749312000000,-0.005539,0.00948,73992.0,69895.432,44556000.0,94800000.0,0.47,0.1488,-70.95,69.02,,4700000000.0,10000000000.0,6630153.74812018
OBT,2025-06-11 19:00:00,1749643200000,-0.005474,0.00904,29475.0,26760.846,42488000.0,90400000.0,0.47,0.156,-72.3,61.18,,4700000000.0,10000000000.0,6630153.74812018
OBT,2025-06-19 23:00:00,1750348800000,-0.009359,0.00793,436034.0,342797.454,37271000.0,79300000.0,0.47,0.1779,-75.7,41.39,,4700000000.0,10000000000.0,6630153.74812018
OBT,2025-06-20 03:00:00,1750363200000,-0.008907,0.00774,140282.0,108388.451,36378000.0,77400000.0,0.47,0.1823,-76.28,38.0,,4700000000.0,10000000000.0,6630153.74812018
OBT,2025-06-20 11:00:00,1750392000000,-0.024227,0.00851,689314.0,618974.047,39997000.0,85100000.0,0.47,0.1658,-73.92,51.73,,4700000000.0,10000000000.0,6630153.74812018
OBT,2025-06-21 07:00:00,1750464000000,-0.011267,0.00848,129254.0,108928.073,39856000.0,84800000.0,0.47,0.1664,-74.01,51.19,,4700000000.0,10000000000.0,6630153.74812018
OBT,2025-07-12 23:00:00,1752336000000,-0.005679,0.008,58001.0,47175.089,37600000.0,80000000.0,0.47,0.1763,-75.48,42.64,,4700000000.0,10000000000.0,6630153.74812018
PRIME,2024-12-21 23:00:00,1734796800000,-0.007715,10.34,180883.0,187707.283,553010714.74,1148888887.74,,,,,,0.0,111111111.0,0.0
PRIME,2024-12-22 15:00:00,1734854400000,-0.005621,10.39,41426.0,42578.116,555684847.79,1154444443.29,,,,,,0.0,111111111.0,0.0
PRIME,2024-12-31 07:00:00,1735603200000,-0.010013,13.44,125277.0,166034.694,718806963.84,1493333331.84,,,,,,0.0,111111111.0,0.0
PIPPIN,2025-01-10 15:00:00,1736496000000,-0.005042,0.22914,8023606.0,17859363.0487,229139141.41,229139141.41,1.0,0.0321,-29.91,101393.1,,999996253.0,999996253.0,7352645.63400506
PIPPIN,2025-01-10 19:00:00,1736510400000,-0.008,0.22498,13866932.0,32735536.3445,224979157.0,224979157.0,1.0,0.0327,-31.18,99550.51,,999996253.0,999996253.0,7352645.63400506
PIPPIN,2025-01-10 23:00:00,1736524800000,-0.008,0.2334,7696773.0,18111429.9515,233399125.45,233399125.45,1.0,0.0315,-28.6,103279.99,,999996253.0,999996253.0,7352645.63400506
PIPPIN,2025-01-11 03:00:00,1736539200000,-0.008011,0.254,3501722.0,8384430.5367,253999048.26,253999048.26,1.0,0.0289,-22.3,112404.35,,999996253.0,999996253.0,7352645.63400506
PIPPIN,2025-01-11 07:00:00,1736553600000,-0.007996,0.25932,9259042.0,26451316.7964,259319028.33,259319028.33,1.0,0.0284,-20.68,114760.74,,999996253.0,999996253.0,7352645.63400506
PIPPIN,2025-01-11 11:00:00,1736568000000,-0.008008,0.25613,8015739.0,19447904.2498,256129040.28,256129040.28,1.0,0.0287,-21.65,113347.8,,999996253.0,999996253.0,7352645.63400506
PIPPIN,2025-01-11 15:00:00,1736582400000,-0.007989,0.22193,5015514.0,11234100.2448,221929168.43,221929168.43,1.0,0.0331,-32.11,98199.57,,999996253.0,999996253.0,7352645.63400506
PIPPIN,2025-01-11 19:00:00,1736596800000,-0.007996,0.22352,7216978.0,16489986.0507,223519162.47,223519162.47,1.0,0.0329,-31.63,98903.83,,999996253.0,999996253.0,7352645.63400506
PIPPIN,2025-01-11 23:00:00,1736611200000,-0.00793,0.24016,5449428.0,12283680.6622,240159100.12,240159100.12,1.0,0.0306,-26.54,106274.2,,999996253.0,999996253.0,7352645.63400506
PIPPIN,2025-01-12 03:00:00,1736625600000,-0.008013,0.21655,8209922.0,16112402.1201,216549188.59,216549188.59,1.0,0.034,-33.76,95816.61,,999996253.0,999996253.0,7352645.63400506
PIPPIN,2025-01-12 07:00:00,1736640000000,-0.007993,0.20438,3580182.0,7911597.5799,204379234.19,204379234.19,1.0,0.036,-37.48,90426.14,,999996253.0,999996253.0,7352645.63400506
PIPPIN,2025-01-12 11:00:00,1736654400000,-0.008013,0.2008,2128708.0,4321744.5613,200799247.6,200799247.6,1.0,0.0366,-38.58,88840.45,,999996253.0,999996253.0,7352645.63400506
PIPPIN,2025-01-12 15:00:00,1736668800000,-0.007994,0.2256,2331699.0,5001764.9015,225599154.68,225599154.68,1.0,0.0326,-30.99,99825.13,,999996253.0,999996253.0,7352645.63400506
PIPPIN,2025-01-12 19:00:00,1736683200000,-0.008016,0.1883,2934131.0,5980356.1096,188299294.44,188299294.44,1.0,0.039,-42.4,83303.82,,999996253.0,999996253.0,7352645.63400506
PIPPIN,2025-01-12 23:00:00,1736697600000,-0.00793,0.17603,2537282.0,4694515.3546,176029340.42,176029340.42,1.0,0.0418,-46.15,77869.06,,999996253.0,999996253.0,7352645.63400506
PIPPIN,2025-01-13 03:00:00,1736712000000,-0.00793,0.19372,3480020.0,6844716.1223,193719274.13,193719274.13,1.0,0.038,-40.74,85704.5,,999996253.0,999996253.0,7352645.63400506
PIPPIN,2025-01-13 07:00:00,1736726400000,-0.00793,0.1893,2358900.0,4816200.8004,189299290.69,189299290.69,1.0,0.0388,-42.09,83746.75,,999996253.0,999996253.0,7352645.63400506
PIPPIN,2025-01-13 11:00:00,1736740800000,-0.00793,0.17,2767982.0,4764579.6494,169999363.01,169999363.01,1.0,0.0433,-48.0,75198.19,,999996253.0,999996253.0,7352645.63400506
PIPPIN,2025-01-14 03:00:00,1736798400000,-0.005028,0.2412,7326237.0,18628458.372,241199096.22,241199096.22,1.0,0.0305,-26.22,106734.84,,999996253.0,999996253.0,7352645.63400506
PIPPIN,2025-01-14 07:00:00,1736812800000,-0.005045,0.1749,8839609.0,16984821.6456,174899344.65,174899344.65,1.0,0.042,-46.5,77368.55,,999996253.0,999996253.0,7352645.63400506
PIPPIN,2025-01-25 03:00:00,1737748800000,-0.005279,0.11217,2988138.0,3522241.3678,112169579.7,112169579.7,1.0,0.0655,-65.69,49583.52,,999996253.0,999996253.0,7352645.63400506
PIPPIN,2025-01-25 07:00:00,1737763200000,-0.005299,0.13047,3796695.0,4348505.8203,130469511.13,130469511.13,1.0,0.0564,-60.09,57689.15,,999996253.0,999996253.0,7352645.63400506
PIPPIN,2025-07-22 11:00:00,1753156800000,-0.01082,0.02383,6723558.0,1593963.7746,23829910.71,23829910.71,1.0,0.3085,-92.71,10455.03,,999996253.0,999996253.0,7352645.63400506
RDNT,2024-04-14 07:00:00,1713052800000,-0.0075,0.1984,216046.0,425132.528,256340824.09,297600000.0,0.8614,0.0203,-59.94,1679.14,,1292040444.0,1500000000.0,5190974.1490769
RDNT,2024-08-30 07:00:00,1724976000000,-0.009983,0.07282,7337411.0,5350940.3209,94086385.13,109230000.0,0.8614,0.0552,-85.3,553.01,,1292040444.0,1500000000.0,5190974.1490769
RDNT,2024-08-30 23:00:00,1725033600000,-0.006127,0.07641,6076705.0,4544778.4114,98724810.33,114615000.0,0.8614,0.0526,-84.57,585.2,,1292040444.0,1500000000.0,5190974.1490769
RDNT,2024-10-17 07:00:00,1729123200000,-0.009106,0.06619,7926284.0,5277160.3172,85520156.99,99285000.0,0.8614,0.0607,-86.63,493.55,,1292040444.0,1500000000.0,5190974.1490769
RDNT,2024-10-17 23:00:00,1729180800000,-0.008694,0.06171,3068791.0,1949637.1264,79731815.8,92565000.0,0.8614,0.0651,-87.54,453.38,,1292040444.0,1500000000.0,5190974.1490769
QUICK,2024-09-15 11:00:00,1726372800000,-0.005316,0.05399,1626284.0,8834171.056,40057994.81,51161351.69,0.783,0.149,-76.01,210.14,,741952117.3021324,947607921.668241,5969806.86827944
PROMPT,2025-04-10 23:00:00,1744300800000,-0.005945,0.1705,105445960.0,16479494.0548,55456140.67,170500000.0,0.3253,0.2112,-72.4,59.07,,325255957.0,1000000000.0,11710346.0126123
PROMPT,2025-04-11 03:00:00,1744315200000,-0.02,0.176,46813869.0,8250791.3538,57245048.43,176000000.0,0.3253,0.2046,-71.51,64.2,,325255957.0,1000000000.0,11710346.0126123
PROMPT,2025-04-11 07:00:00,1744329600000,-0.02,0.1693,23553503.0,3875753.5495,55065833.52,169300000.0,0.3253,0.2127,-72.59,57.95,,325255957.0,1000000000.0,11710346.0126123
PROMPT,2025-04-11 11:00:00,1744344000000,-0.02,0.1897,33889632.0,6229330.0518,61701055.04,189700000.0,0.3253,0.1898,-69.29,76.98,,325255957.0,1000000000.0,11710346.0126123
PROMPT,2025-04-11 23:00:00,1744387200000,-0.01448,0.3608,190735485.0,69920350.1805,117352349.29,360800000.0,0.3253,0.0998,-41.59,236.61,,325255957.0,1000000000.0,11710346.0126123
PROMPT,2025-04-12 15:00:00,1744444800000,-0.007915,0.4829,94171391.0,44941501.7157,157066101.64,482900000.0,0.3253,0.0746,-21.82,350.52,,325255957.0,1000000000.0,11710346.0126123
PROMPT,2025-04-12 19:00:00,1744459200000,-0.012254,0.5838,92155814.0,47376100.6014,189884427.7,583800000.0,0.3253,0.0617,-5.49,444.65,,325255957.0,1000000000.0,11710346.0126123
RESOLV,2025-07-02 11:00:00,1751428800000,-0.007882,0.13795,1833883.0,2546298.2982,39528186.47,137950000.0,0.2865,0.625,-66.42,7.05,,286539952.681688,1000000000.0,24703313.26727519
RESOLV,2025-07-11 15:00:00,1752220800000,-0.005141,0.20655,6113166.0,14105554.0478,59184827.23,206550000.0,0.2865,0.4174,-49.72,60.29,,286539952.681688,1000000000.0,24703313.26727519
RED,2025-03-13 03:00:00,1741809600000,-0.005153,0.585,7297430.0,4266673.8612,163800000.0,349245000.0,0.469,0.1044,-59.82,151.02,,280000000.0,597000000.0,17092716.77011898
RED,2025-03-13 11:00:00,1741838400000,-0.008365,0.6234,9059822.0,5544036.7603,174552000.0,372169800.0,0.469,0.0979,-57.18,167.49,,280000000.0,597000000.0,17092716.77011898
RED,2025-03-13 15:00:00,1741852800000,-0.011986,0.5786,9478171.0,5604200.9294,162008000.0,345424200.0,0.469,0.1055,-60.26,148.27,,280000000.0,597000000.0,17092716.77011898
RED,2025-03-13 19:00:00,1741867200000,-0.006752,0.5395,6031729.0,3384512.2043,151060000.0,322081500.0,0.469,0.1132,-62.95,131.49,,280000000.0,597000000.0,17092716.77011898
RED,2025-03-15 15:00:00,1742025600000,-0.007771,0.7372,36645598.0,25675596.7429,206416000.0,440108400.0,0.469,0.0828,-49.37,216.32,,280000000.0,597000000.0,17092716.77011898
RED,2025-03-15 19:00:00,1742040000000,-0.010065,0.819,33582729.0,24732172.9117,229320000.0,488943000.0,0.469,0.0745,-43.75,251.42,,280000000.0,597000000.0,17092716.77011898
RED,2025-03-25 15:00:00,1742889600000,-0.006261,0.678,8555310.0,5642303.4593,189840000.0,404766000.0,0.469,0.09,-53.43,190.92,,280000000.0,597000000.0,17092716.77011898
QTUM,2025-01-31 23:00:00,1738339200000,-0.006058,3.321,85612563.0,29549256.6489,351280780.88,358078210.33,0.981,0.3645,-96.89,331.29,,105775604.0,107822406.0,128048228.21757264
QTUM,2025-02-01 07:00:00,1738368000000,-0.011386,3.87,136859833.0,50996920.5448,409351587.48,417272711.22,0.981,0.3128,-96.38,402.59,,105775604.0,107822406.0,128048228.21757264
QTUM,2025-02-01 15:00:00,1738396800000,-0.02,3.871,41782494.0,16223020.1962,409457363.08,417380533.63,0.981,0.3127,-96.38,402.72,,105775604.0,107822406.0,128048228.21757264
QTUM,2025-02-01 23:00:00,1738425600000,-0.02,3.918,42568472.0,16479501.2322,414428816.47,422448186.71,0.981,0.309,-96.33,408.82,,105775604.0,107822406.0,128048228.21757264
QTUM,2025-02-02 07:00:00,1738454400000,-0.015524,3.529,36265109.0,13541411.7132,373282106.52,380505270.77,0.981,0.343,-96.7,358.3,,105775604.0,107822406.0,128048228.21757264
QTUM,2025-02-02 15:00:00,1738483200000,-0.006213,3.388,10421500.0,3663556.4843,358367746.35,365302311.53,0.981,0.3573,-96.83,339.99,,105775604.0,107822406.0,128048228.21757264
QTUM,2025-02-04 15:00:00,1738656000000,-0.005045,3.326,5119778.0,1689684.8471,351809658.9,358617322.36,0.981,0.364,-96.89,331.94,,105775604.0,107822406.0,128048228.21757264
RAD,2024-06-26 23:00:00,1719417600000,-0.015,1.556,4296357.0,6610852.389,80252223.16,155597790.48,0.5158,0.7244,-94.31,174.85,,51575978.89552598,99998580.0,58134446.2369821
RAD,2024-06-27 07:00:00,1719446400000,-0.009236,1.412,2627076.0,3735514.513,72825282.2,141197994.96,0.5158,0.7983,-94.84,149.42,,51575978.89552598,99998580.0,58134446.2369821
RAD,2024-06-27 15:00:00,1719475200000,-0.014234,1.391,2793475.0,4082149.033,71742186.64,139098024.78,0.5158,0.8103,-94.91,145.71,,51575978.89552598,99998580.0,58134446.2369821
RAD,2024-06-30 23:00:00,1719763200000,-0.005462,1.404,1236156.0,1703354.393,72412674.37,140398006.32,0.5158,0.8028,-94.87,148.0,,51575978.89552598,99998580.0,58134446.2369821
RAD,2024-10-23 23:00:00,1729699200000,-0.015,1.409,4654442.0,6513028.374,72670554.26,140897999.22,0.5158,0.8,-94.85,148.89,,51575978.89552598,99998580.0,58134446.2369821
RAD,2024-10-24 15:00:00,1729756800000,-0.005157,1.295,522229.0,682100.766,66790892.67,129498161.1,0.5158,0.8704,-95.27,128.75,,51575978.89552598,99998580.0,58134446.2369821
RAD,2025-02-02 23:00:00,1738512000000,-0.009679,1.159,1301241.0,1569477.325,59776559.54,115898354.22,0.5158,0.9725,-95.76,104.73,,51575978.89552598,99998580.0,58134446.2369821
RAD,2025-03-11 07:00:00,1741651200000,-0.012334,0.8814,4733156.0,4338078.4708,45459067.8,88138748.41,0.5158,1.2788,-96.78,55.69,,51575978.89552598,99998580.0,58134446.2369821
RAD,2025-03-11 23:00:00,1741708800000,-0.013021,0.9052,1774948.0,1738308.0138,46686576.1,90518714.62,0.5158,1.2452,-96.69,59.9,,51575978.89552598,99998580.0,58134446.2369821
REX,2025-06-13 07:00:00,1749772800000,-0.006253,0.01034,32330.0,33155.003,20178916.11,31020000.0,0.6505,0.1669,-87.28,120.14,,1951539276.0,3000000000.0,3368039.25159898
REX,2025-06-13 15:00:00,1749801600000,-0.006364,0.00965,250362.0,246252.024,18832354.01,28950000.0,0.6505,0.1788,-88.13,105.45,,1951539276.0,3000000000.0,3368039.25159898
REX,2025-06-13 23:00:00,1749830400000,-0.006247,0.00878,200146.0,177170.913,17134514.84,26340000.0,0.6505,0.1966,-89.2,86.93,,1951539276.0,3000000000.0,3368039.25159898
REX,2025-06-14 07:00:00,1749859200000,-0.006436,0.00912,63978.0,58303.085,17798038.2,27360000.0,0.6505,0.1892,-88.78,94.17,,1951539276.0,3000000000.0,3368039.25159898
REX,2025-06-14 15:00:00,1749888000000,-0.011625,0.00945,113217.0,106091.399,18442046.16,28350000.0,0.6505,0.1826,-88.37,101.19,,1951539276.0,3000000000.0,3368039.25159898
REX,2025-06-14 23:00:00,1749916800000,-0.005984,0.00833,153493.0,128928.297,16256322.17,24990000.0,0.6505,0.2072,-89.75,77.35,,1951539276.0,3000000000.0,3368039.25159898
RON,2024-06-18 15:00:00,1718697600000,-0.005117,2.291,17176.0,39825.062,1587940485.84,2291000000.0,0.6931,0.0031,-49.05,1059.25,,693121119.9637812,1000000000.0,4932518.43125816
RON,2024-09-02 07:00:00,1725235200000,-0.005028,1.526,34017.0,51792.878,1057702829.06,1526000000.0,0.6931,0.0047,-66.07,672.16,,693121119.9637812,1000000000.0,4932518.43125816
ROAM,2025-03-11 03:00:00,1741636800000,-0.00689,0.1598,90799.0,148702.945,49561347.03,159269520.13,0.3112,0.464,-60.96,135.27,,310146101.562237,996680351.272196,22997313.30713583
ROAM,2025-03-11 07:00:00,1741651200000,-0.00643,0.1499,62250.0,93596.766,46490900.62,149402384.66,0.3112,0.4947,-63.38,120.7,,310146101.562237,996680351.272196,22997313.30713583
ROAM,2025-06-27 15:00:00,1751011200000,-0.007315,0.1381,269393.0,368994.075,42831176.63,137641556.51,0.3112,0.5369,-66.26,103.32,,310146101.562237,996680351.272196,22997313.30713583
ROAM,2025-06-27 19:00:00,1751025600000,-0.009137,0.1386,427282.0,571679.458,42986249.68,138139896.69,0.3112,0.535,-66.14,104.06,,310146101.562237,996680351.272196,22997313.30713583
RPL,2024-06-14 15:00:00,1718352000000,-0.014162,27.55,6373261.0,17992698.025,595800282.11,595800282.11,1.0,0.0133,-82.19,30116.56,,21626144.54130466,21626144.54130466,7917591.55401172
RDO,2025-05-29 19:00:00,1748520000000,-0.01025,0.00694,3887286.0,3042297.508,14862552.19,69400000.0,0.2142,0.0711,-43.26,1431.63,,2141578125.0,10000000000.0,1056786.77238171
RDO,2025-05-29 23:00:00,1748534400000,-0.010047,0.00659,1169567.0,810947.302,14112999.84,65900000.0,0.2142,0.0749,-46.12,1354.38,,2141578125.0,10000000000.0,1056786.77238171
PUFFER,2024-10-15 07:00:00,1728950400000,-0.006651,0.5718,5306082.0,39857511.309,100607698.24,571800000.0,0.1759,0.1586,-42.68,314.36,,175949105.0,1000000000.0,15955369.49846927
PUFFER,2024-10-16 03:00:00,1729022400000,-0.005535,0.5257,740303.0,3845733.109,92496444.5,525700000.0,0.1759,0.1725,-47.3,280.95,,175949105.0,1000000000.0,15955369.49846927
PUFFER,2024-11-25 11:00:00,1732507200000,-0.011857,0.384,1746300.0,6684253.588,67564456.32,384000000.0,0.1759,0.2362,-61.5,178.27,,175949105.0,1000000000.0,15955369.49846927
PUFFER,2024-11-25 15:00:00,1732521600000,-0.013235,0.3794,506424.0,1908737.522,66755090.44,379400000.0,0.1759,0.239,-61.96,174.93,,175949105.0,1000000000.0,15955369.49846927
MGO,2025-06-24 19:00:00,1750766400000,-0.005021,0.01635,14091436.0,2272006.116,25996500.0,163500000.0,,,,,,0.0,10000000000.0,0.0
MGO,2025-06-24 23:00:00,1750780800000,-0.00503,0.02,16915158.0,3370016.0436,31800000.0,200000000.0,,,,,,0.0,10000000000.0,0.0
MGO,2025-06-25 03:00:00,1750795200000,-0.00503,0.01869,4969588.0,914084.3169,29717100.0,186900000.0,,,,,,0.0,10000000000.0,0.0
MGO,2025-06-25 07:00:00,1750809600000,-0.00503,0.01797,2219517.0,409611.707,28572300.0,179700000.0,,,,,,0.0,10000000000.0,0.0
MGO,2025-06-25 11:00:00,1750824000000,-0.005024,0.01785,2858591.0,535926.1517,28381500.0,178500000.0,,,,,,0.0,10000000000.0,0.0
MGO,2025-06-25 15:00:00,1750838400000,-0.005029,0.01732,1983283.0,347737.419,27538800.0,173200000.0,,,,,,0.0,10000000000.0,0.0
MGO,2025-06-25 19:00:00,1750852800000,-0.00503,0.01704,1675378.0,292068.9997,27093600.0,170400000.0,,,,,,0.0,10000000000.0,0.0
MGO,2025-06-25 23:00:00,1750867200000,-0.005021,0.01696,1318744.0,219818.879,26966400.0,169600000.0,,,,,,0.0,10000000000.0,0.0
MGO,2025-06-26 03:00:00,1750881600000,-0.00503,0.016,699797.0,113157.7986,25440000.0,160000000.0,,,,,,0.0,10000000000.0,0.0
MGO,2025-06-26 07:00:00,1750896000000,-0.00503,0.01582,435439.0,69706.2729,25153800.0,158200000.0,,,,,,0.0,10000000000.0,0.0
MGO,2025-06-26 11:00:00,1750910400000,-0.00503,0.01574,754960.0,125457.5129,25026600.0,157400000.0,,,,,,0.0,10000000000.0,0.0
MGO,2025-06-26 15:00:00,1750924800000,-0.005024,0.01588,582912.0,93089.4689,25249200.0,158800000.0,,,,,,0.0,10000000000.0,0.0
MGO,2025-06-26 19:00:00,1750939200000,-0.00503,0.01737,1693758.0,297714.999,27618300.0,173700000.0,,,,,,0.0,10000000000.0,0.0
MGO,2025-06-26 23:00:00,1750953600000,-0.00503,0.01705,850182.0,149749.2341,27109500.0,170500000.0,,,,,,0.0,10000000000.0,0.0
MGO,2025-06-27 03:00:00,1750968000000,-0.00503,0.0166,805748.0,136996.4522,26394000.0,166000000.0,,,,,,0.0,10000000000.0,0.0
MGO,2025-06-27 07:00:00,1750982400000,-0.005023,0.01775,421516.0,72641.0367,28222500.0,177500000.0,,,,,,0.0,10000000000.0,0.0
MGO,2025-06-27 11:00:00,1750996800000,-0.005027,0.01758,690591.0,121844.0356,27952200.0,175800000.0,,,,,,0.0,10000000000.0,0.0
MGO,2025-06-27 15:00:00,1751011200000,-0.005022,0.0175,420538.0,73383.8189,27825000.0,175000000.0,,,,,,0.0,10000000000.0,0.0
MGO,2025-06-27 19:00:00,1751025600000,-0.00503,0.01671,537724.0,90547.5972,26568900.0,167100000.0,,,,,,0.0,10000000000.0,0.0
MGO,2025-06-27 23:00:00,1751040000000,-0.00503,0.017,1152988.0,195124.9767,27030000.0,170000000.0,,,,,,0.0,10000000000.0,0.0
MGO,2025-06-28 03:00:00,1751054400000,-0.005021,0.01612,289211.0,47563.759,25630800.0,161200000.0,,,,,,0.0,10000000000.0,0.0
MGO,2025-06-28 07:00:00,1751068800000,-0.00503,0.01641,224447.0,36394.1821,26091900.0,164100000.0,,,,,,0.0,10000000000.0,0.0
MGO,2025-06-28 11:00:00,1751083200000,-0.005026,0.01645,182776.0,29863.0923,26155500.0,164500000.0,,,,,,0.0,10000000000.0,0.0
MGO,2025-06-28 15:00:00,1751097600000,-0.00503,0.01618,240266.0,38890.7163,25726200.0,161800000.0,,,,,,0.0,10000000000.0,0.0
MGO,2025-06-28 19:00:00,1751112000000,-0.00503,0.01582,368882.0,59169.558,25153800.0,158200000.0,,,,,,0.0,10000000000.0,0.0
MGO,2025-06-28 23:00:00,1751126400000,-0.00503,0.01522,365300.0,55686.8025,24199800.0,152200000.0,,,,,,0.0,10000000000.0,0.0
MGO,2025-06-29 03:00:00,1751140800000,-0.00503,0.01503,249968.0,37944.2462,23897700.0,150300000.0,,,,,,0.0,10000000000.0,0.0
MGO,2025-06-29 07:00:00,1751155200000,-0.00503,0.01517,256670.0,38859.9313,24120300.0,151700000.0,,,,,,0.0,10000000000.0,0.0
MGO,2025-06-29 11:00:00,1751169600000,-0.00503,0.01532,246988.0,37755.0238,24358800.0,153200000.0,,,,,,0.0,10000000000.0,0.0
MGO,2025-06-29 15:00:00,1751184000000,-0.00503,0.0158,252070.0,38931.8864,25122000.0,158000000.0,,,,,,0.0,10000000000.0,0.0
MGO,2025-06-29 19:00:00,1751198400000,-0.00503,0.01525,264604.0,40407.2486,24247500.0,152500000.0,,,,,,0.0,10000000000.0,0.0
MGO,2025-06-29 23:00:00,1751212800000,-0.00503,0.01523,217037.0,33014.4304,24215700.0,152300000.0,,,,,,0.0,10000000000.0,0.0
MGO,2025-06-30 03:00:00,1751227200000,-0.00503,0.01552,227639.0,34831.3021,24676800.0,155200000.0,,,,,,0.0,10000000000.0,0.0
MGO,2025-06-30 07:00:00,1751241600000,-0.00503,0.01528,242651.0,37352.9385,24295200.0,152800000.0,,,,,,0.0,10000000000.0,0.0
MGO,2025-06-30 11:00:00,1751256000000,-0.00503,0.0158,393547.0,61479.4986,25122000.0,158000000.0,,,,,,0.0,10000000000.0,0.0
MGO,2025-06-30 15:00:00,1751270400000,-0.00503,0.01606,477276.0,78436.8625,25535400.0,160600000.0,,,,,,0.0,10000000000.0,0.0
MGO,2025-06-30 19:00:00,1751284800000,-0.005029,0.01668,390809.0,63971.093,26521200.0,166800000.0,,,,,,0.0,10000000000.0,0.0
MGO,2025-06-30 23:00:00,1751299200000,-0.005022,0.0158,238599.0,38389.0336,25122000.0,158000000.0,,,,,,0.0,10000000000.0,0.0
MGO,2025-07-01 03:00:00,1751313600000,-0.005026,0.01585,207266.0,33046.8161,25201500.0,158500000.0,,,,,,0.0,10000000000.0,0.0
MGO,2025-07-01 07:00:00,1751328000000,-0.005027,0.01908,645397.0,116999.9184,30337200.0,190800000.0,,,,,,0.0,10000000000.0,0.0
MGO,2025-07-01 11:00:00,1751342400000,-0.00503,0.01825,1516557.0,290834.7567,29017500.0,182500000.0,,,,,,0.0,10000000000.0,0.0
MGO,2025-07-01 15:00:00,1751356800000,-0.00503,0.01687,545231.0,93746.222,26823300.0,168700000.0,,,,,,0.0,10000000000.0,0.0
MGO,2025-07-01 19:00:00,1751371200000,-0.00503,0.01538,347037.0,55299.0847,24454200.0,153800000.0,,,,,,0.0,10000000000.0,0.0
MGO,2025-07-01 23:00:00,1751385600000,-0.005028,0.01528,260562.0,39574.8787,24295200.0,152800000.0,,,,,,0.0,10000000000.0,0.0
SANTOS,2024-11-05 03:00:00,1730750400000,-0.006471,4.211,6066883.0,2625093.4533,56405731.42,126330000.0,0.4465,0.1878,-85.28,246.85,,13394854.291549,30000000.0,10593379.95413284
SANTOS,2024-11-05 19:00:00,1730808000000,-0.005583,4.388,14876490.0,6739948.1781,58776620.63,131640000.0,0.4465,0.1802,-84.66,261.42,,13394854.291549,30000000.0,10593379.95413284
POWR,2024-04-27 15:00:00,1714204800000,-0.012921,0.3326,1001530.0,3271445.498,176198802.62,332435736.51,,,,,,0.0,999506123.0,0.0
POWR,2024-04-27 19:00:00,1714219200000,-0.010834,0.3404,780045.0,2627720.181,180330945.31,340231884.27,,,,,,0.0,999506123.0,0.0
POWR,2024-11-26 15:00:00,1732608000000,-0.011531,0.348,1829150.0,6736801.49,184357135.63,347828130.8,,,,,,0.0,999506123.0,0.0
POWR,2024-11-26 19:00:00,1732622400000,-0.012489,0.3139,783037.0,2590865.106,166292255.39,313744972.01,,,,,,0.0,999506123.0,0.0
POWR,2024-11-26 23:00:00,1732636800000,-0.00879,0.3118,373253.0,1162651.401,165179755.43,311646009.15,,,,,,0.0,999506123.0,0.0
POWR,2024-11-27 03:00:00,1732651200000,-0.008729,0.3135,236393.0,739969.528,166080350.63,313345169.56,,,,,,0.0,999506123.0,0.0
POWR,2024-11-27 07:00:00,1732665600000,-0.006403,0.3422,1694634.0,5744897.299,181284516.7,342030995.29,,,,,,0.0,999506123.0,0.0
POWR,2024-11-27 11:00:00,1732680000000,-0.011791,0.3336,942376.0,3154048.246,176728564.5,333435242.63,,,,,,0.0,999506123.0,0.0
POWR,2024-11-27 15:00:00,1732694400000,-0.008162,0.321,539032.0,1745548.009,170053564.76,320841465.48,,,,,,0.0,999506123.0,0.0
POWR,2024-11-27 19:00:00,1732708800000,-0.005261,0.3292,243834.0,793818.134,174397612.21,329037415.69,,,,,,0.0,999506123.0,0.0
POWR,2024-12-22 23:00:00,1734883200000,-0.009089,0.2434,146936.0,358883.754,128944042.57,243279790.34,,,,,,0.0,999506123.0,0.0
POWR,2024-12-23 23:00:00,1734969600000,-0.00658,0.26,70119.0,179659.374,137738089.84,259871591.98,,,,,,0.0,999506123.0,0.0
POWR,2024-12-28 11:00:00,1735358400000,-0.010218,0.2806,938084.0,2630759.694,148651184.65,280461418.11,,,,,,0.0,999506123.0,0.0
POWR,2024-12-28 15:00:00,1735372800000,-0.005567,0.2672,372042.0,1006596.236,141552375.4,267068036.07,,,,,,0.0,999506123.0,0.0
POWR,2024-12-31 11:00:00,1735617600000,-0.006935,0.2719,439020.0,1195568.476,144042256.26,271765714.84,,,,,,0.0,999506123.0,0.0
POWR,2025-02-17 15:00:00,1739779200000,-0.010685,0.2373,243577.0,571562.572,125712495.07,237182802.99,,,,,,0.0,999506123.0,0.0
REQ,2024-02-10 23:00:00,1707580800000,-0.029815,0.12383,838090.0,11232324.927,92165578.31,123795061.49,,,,,,0.0,999717851.0,0.0
REQ,2024-02-11 07:00:00,1707609600000,-0.011073,0.13157,231378.0,2990890.056,97926392.13,131532877.66,,,,,,0.0,999717851.0,0.0
REQ,2024-02-11 15:00:00,1707638400000,-0.005179,0.12864,145398.0,1888876.212,95745618.94,128603704.35,,,,,,0.0,999717851.0,0.0
REQ,2024-03-27 07:00:00,1711497600000,-0.012887,0.1946,159337.0,3245330.284,144839065.96,194545093.8,,,,,,0.0,999717851.0,0.0
REQ,2024-12-14 07:00:00,1734134400000,-0.005379,0.15349,114917.0,1884781.497,114241255.06,153446692.95,,,,,,0.0,999717851.0,0.0
REQ,2024-12-31 15:00:00,1735632000000,-0.006232,0.13847,25429.0,344139.045,103062001.36,138430930.83,,,,,,0.0,999717851.0,0.0
REQ,2024-12-31 23:00:00,1735660800000,-0.00546,0.13609,21055.0,292266.055,101290588.32,136051602.34,,,,,,0.0,999717851.0,0.0
SCRT,2024-02-13 07:00:00,1707782400000,-0.011898,0.4555,2959419.0,1391868.1681,144345912.08,151153526.46,0.955,0.0271,-95.72,233.45,,316895525.967327,331840892.327199,3918568.8354514
SCRT,2024-11-17 23:00:00,1731859200000,-0.03,0.3912,14797804.0,5803922.0896,123969529.76,129816157.08,0.955,0.0316,-96.33,186.38,,316895525.967327,331840892.327199,3918568.8354514
SCRT,2024-11-18 07:00:00,1731888000000,-0.03,0.3678,4064219.0,1486892.5865,116554174.45,122051080.2,0.955,0.0336,-96.54,169.25,,316895525.967327,331840892.327199,3918568.8354514
SCRT,2024-11-18 23:00:00,1731945600000,-0.006732,0.3352,1084790.0,367960.6902,106223380.3,111233067.11,0.955,0.0369,-96.85,145.39,,316895525.967327,331840892.327199,3918568.8354514
SCRT,2024-11-20 23:00:00,1732118400000,-0.0055,0.33,5220809.0,1749662.3884,104575523.57,109507494.47,0.955,0.0375,-96.9,141.58,,316895525.967327,331840892.327199,3918568.8354514
SCRT,2024-12-28 23:00:00,1735401600000,-0.005873,0.4951,6474892.0,3301907.6586,156894974.91,164294425.79,0.955,0.025,-95.35,262.44,,316895525.967327,331840892.327199,3918568.8354514
SCRT,2024-12-29 11:00:00,1735444800000,-0.006595,0.4821,2430827.0,1212814.0529,152775333.07,159980494.19,0.955,0.0256,-95.47,252.93,,316895525.967327,331840892.327199,3918568.8354514
SEND,2024-12-16 23:00:00,1734364800000,-0.0075,3.6017,92052.0,327633.4969,175474971.67,360170000.0,0.4872,0.0207,-12.15,1208.71,,48720041.0,100000000.0,3635050.57696792
SEND,2024-12-20 07:00:00,1734652800000,-0.006797,2.4946,55130.0,139480.4268,121537014.28,249460000.0,0.4872,0.0299,-39.16,806.44,,48720041.0,100000000.0,3635050.57696792
SEND,2024-12-20 15:00:00,1734681600000,-0.005011,2.1269,172947.0,387195.5381,103622655.2,212690000.0,0.4872,0.0351,-48.12,672.83,,48720041.0,100000000.0,3635050.57696792
SEND,2025-01-20 23:00:00,1737388800000,-0.006741,2.2544,29963.0,69587.2615,109834460.43,225440000.0,0.4872,0.0331,-45.01,719.16,,48720041.0,100000000.0,3635050.57696792
SEND,2025-01-21 07:00:00,1737417600000,-0.0075,2.0101,45287.0,94364.8682,97932154.41,201010000.0,0.4872,0.0371,-50.97,630.39,,48720041.0,100000000.0,3635050.57696792
SEND,2025-01-21 23:00:00,1737475200000,-0.006002,2.104,18262.0,38158.4117,102506966.26,210400000.0,0.4872,0.0355,-48.68,664.51,,48720041.0,100000000.0,3635050.57696792
SEND,2025-01-29 07:00:00,1738108800000,-0.005352,1.6547,12447.0,20309.8141,80617051.84,165470000.0,0.4872,0.0451,-59.64,501.25,,48720041.0,100000000.0,3635050.57696792
SEND,2025-02-07 07:00:00,1738886400000,-0.006025,1.3273,71245.0,95035.4573,64666110.42,132730000.0,0.4872,0.0562,-67.63,382.29,,48720041.0,100000000.0,3635050.57696792
SEND,2025-02-08 07:00:00,1738972800000,-0.005907,1.4127,186175.0,273332.4575,68826801.92,141270000.0,0.4872,0.0528,-65.54,413.32,,48720041.0,100000000.0,3635050.57696792
SEND,2025-02-09 23:00:00,1739116800000,-0.00543,1.4844,15259.0,22858.0121,72320028.86,148440000.0,0.4872,0.0503,-63.79,439.37,,48720041.0,100000000.0,3635050.57696792
SEND,2025-02-10 23:00:00,1739203200000,-0.005065,1.495,22442.0,33873.8611,72836461.3,149500000.0,0.4872,0.0499,-63.54,443.22,,48720041.0,100000000.0,3635050.57696792
SEND,2025-02-11 07:00:00,1739232000000,-0.005012,1.5381,17461.0,26609.5197,74936295.06,153810000.0,0.4872,0.0485,-62.49,458.88,,48720041.0,100000000.0,3635050.57696792
SEND,2025-02-11 15:00:00,1739260800000,-0.005196,1.5654,20830.0,32874.6308,76266352.18,156540000.0,0.4872,0.0477,-61.82,468.8,,48720041.0,100000000.0,3635050.57696792
SEND,2025-02-27 03:00:00,1740600000000,-0.01,1.1078,1244511.0,1387715.159,53972061.42,110780000.0,0.4872,0.0674,-72.98,302.53,,48720041.0,100000000.0,3635050.57696792
FUN,2025-03-29 19:00:00,1743249600000,-0.00985,0.004091,2222920.0,8649828.343,44208170.98,44208170.98,1.0,0.3278,-98.79,289.4,,10806201658.398026,10806201658.398026,14493334.97325349
FUN,2025-03-29 23:00:00,1743264000000,-0.00985,0.003616,1425360.0,5514740.763,39075225.2,39075225.2,1.0,0.3709,-98.93,244.19,,10806201658.398026,10806201658.398026,14493334.97325349
FUN,2025-03-30 03:00:00,1743278400000,-0.00985,0.004081,1306958.0,5147811.939,44100108.97,44100108.97,1.0,0.3286,-98.79,288.45,,10806201658.398026,10806201658.398026,14493334.97325349
FUN,2025-03-30 07:00:00,1743292800000,-0.00985,0.00628,3879541.0,22702643.363,67862946.41,67862946.41,1.0,0.2136,-98.14,497.76,,10806201658.398026,10806201658.398026,14493334.97325349
FUN,2025-03-30 11:00:00,1743307200000,-0.01791,0.006302,1973007.0,12032134.6,68100682.85,68100682.85,1.0,0.2128,-98.13,499.85,,10806201658.398026,10806201658.398026,14493334.97325349
FUN,2025-03-30 15:00:00,1743321600000,-0.01791,0.006093,3631104.0,20991065.933,65842186.7,65842186.7,1.0,0.2201,-98.2,479.96,,10806201658.398026,10806201658.398026,14493334.97325349
FUN,2025-03-30 19:00:00,1743336000000,-0.01791,0.005936,3272210.0,19992646.875,64145613.04,64145613.04,1.0,0.2259,-98.24,465.01,,10806201658.398026,10806201658.398026,14493334.97325349
FUN,2025-03-30 23:00:00,1743350400000,-0.01791,0.006251,1901417.0,11617682.653,67549566.57,67549566.57,1.0,0.2146,-98.15,495.0,,10806201658.398026,10806201658.398026,14493334.97325349
FUN,2025-03-31 03:00:00,1743364800000,-0.01791,0.005899,1344966.0,8107136.405,63745783.58,63745783.58,1.0,0.2274,-98.25,461.49,,10806201658.398026,10806201658.398026,14493334.97325349
FUN,2025-03-31 15:00:00,1743408000000,-0.01,0.004629,1398873.0,6728764.386,50021907.48,50021907.48,1.0,0.2897,-98.63,340.61,,10806201658.398026,10806201658.398026,14493334.97325349
FUN,2025-03-31 19:00:00,1743422400000,-0.01,0.00438,1186938.0,5216440.322,47331163.26,47331163.26,1.0,0.3062,-98.7,316.91,,10806201658.398026,10806201658.398026,14493334.97325349
FUN,2025-04-01 07:00:00,1743465600000,-0.008688,0.004474,2032544.0,9684312.276,48346946.22,48346946.22,1.0,0.2998,-98.68,325.85,,10806201658.398026,10806201658.398026,14493334.97325349
FUN,2025-04-01 11:00:00,1743480000000,-0.007318,0.00433,499425.0,2202219.352,46790853.18,46790853.18,1.0,0.3097,-98.72,312.15,,10806201658.398026,10806201658.398026,14493334.97325349
FUN,2025-04-02 11:00:00,1743566400000,-0.007644,0.004102,944309.0,4002382.655,44327039.2,44327039.2,1.0,0.327,-98.79,290.45,,10806201658.398026,10806201658.398026,14493334.97325349
FUN,2025-04-03 11:00:00,1743652800000,-0.007925,0.00477,2063710.0,9639115.577,51545581.91,51545581.91,1.0,0.2812,-98.59,354.03,,10806201658.398026,10806201658.398026,14493334.97325349
FUN,2025-04-03 15:00:00,1743667200000,-0.02,0.005277,2714987.0,13420476.607,57024326.15,57024326.15,1.0,0.2542,-98.44,402.29,,10806201658.398026,10806201658.398026,14493334.97325349
FUN,2025-04-03 19:00:00,1743681600000,-0.02,0.005135,2525515.0,12840747.518,55489845.52,55489845.52,1.0,0.2612,-98.48,388.77,,10806201658.398026,10806201658.398026,14493334.97325349
FUN,2025-04-03 23:00:00,1743696000000,-0.018008,0.005933,3207236.0,17678721.918,64113194.44,64113194.44,1.0,0.2261,-98.24,464.73,,10806201658.398026,10806201658.398026,14493334.97325349
FUN,2025-04-04 03:00:00,1743710400000,-0.02,0.005677,1911632.0,10963432.719,61346806.81,61346806.81,1.0,0.2363,-98.32,440.36,,10806201658.398026,10806201658.398026,14493334.97325349
FUN,2025-04-04 07:00:00,1743724800000,-0.02,0.005991,1343471.0,7741194.963,64739954.14,64739954.14,1.0,0.2239,-98.23,470.25,,10806201658.398026,10806201658.398026,14493334.97325349
FUN,2025-04-04 11:00:00,1743739200000,-0.02,0.005194,1518754.0,8479804.436,56127411.41,56127411.41,1.0,0.2582,-98.46,394.39,,10806201658.398026,10806201658.398026,14493334.97325349
FUN,2025-04-04 15:00:00,1743753600000,-0.018424,0.005429,1638959.0,8803245.44,58666868.8,58666868.8,1.0,0.247,-98.39,416.76,,10806201658.398026,10806201658.398026,14493334.97325349
FUN,2025-04-04 19:00:00,1743768000000,-0.019861,0.005289,1300278.0,6891797.043,57154000.57,57154000.57,1.0,0.2536,-98.43,403.43,,10806201658.398026,10806201658.398026,14493334.97325349
FUN,2025-04-04 23:00:00,1743782400000,-0.010238,0.005416,786950.0,4231419.173,58526388.18,58526388.18,1.0,0.2476,-98.4,415.52,,10806201658.398026,10806201658.398026,14493334.97325349
FUN,2025-04-05 03:00:00,1743796800000,-0.012508,0.005505,346243.0,1880684.171,59488140.13,59488140.13,1.0,0.2436,-98.37,423.99,,10806201658.398026,10806201658.398026,14493334.97325349
FUN,2025-04-05 07:00:00,1743811200000,-0.006947,0.005752,459356.0,2559878.903,62157271.94,62157271.94,1.0,0.2332,-98.3,447.5,,10806201658.398026,10806201658.398026,14493334.97325349
FUN,2025-04-05 11:00:00,1743825600000,-0.008453,0.007558,4399698.0,31050728.271,81673272.13,81673272.13,1.0,0.1775,-97.76,619.4,,10806201658.398026,10806201658.398026,14493334.97325349
FUN,2025-04-05 15:00:00,1743840000000,-0.02,0.007917,3808887.0,29257195.723,85552698.53,85552698.53,1.0,0.1694,-97.66,653.57,,10806201658.398026,10806201658.398026,14493334.97325349
FUN,2025-04-05 19:00:00,1743854400000,-0.02,0.007923,4528235.0,35657693.32,85617535.74,85617535.74,1.0,0.1693,-97.65,654.14,,10806201658.398026,10806201658.398026,14493334.97325349
FUN,2025-04-05 23:00:00,1743868800000,-0.02,0.008225,4318566.0,34909948.772,88881008.64,88881008.64,1.0,0.1631,-97.57,682.89,,10806201658.398026,10806201658.398026,14493334.97325349
FUN,2025-04-06 01:00:00,1743876000000,-0.02,0.008225,4318566.0,34909948.772,88881008.64,88881008.64,1.0,0.1631,-97.57,682.89,,10806201658.398026,10806201658.398026,14493334.97325349
FUN,2025-04-06 03:00:00,1743883200000,-0.02,0.008055,3043873.0,24245475.144,87043954.36,87043954.36,1.0,0.1665,-97.62,666.71,,10806201658.398026,10806201658.398026,14493334.97325349
FUN,2025-04-06 05:00:00,1743890400000,-0.02,0.008055,3043873.0,24245475.144,87043954.36,87043954.36,1.0,0.1665,-97.62,666.71,,10806201658.398026,10806201658.398026,14493334.97325349
FUN,2025-04-06 07:00:00,1743897600000,-0.02,0.007361,3729235.0,27041392.608,79544450.41,79544450.41,1.0,0.1822,-97.82,600.65,,10806201658.398026,10806201658.398026,14493334.97325349
FUN,2025-04-06 09:00:00,1743904800000,-0.014456,0.007361,3729235.0,27041392.608,79544450.41,79544450.41,1.0,0.1822,-97.82,600.65,,10806201658.398026,10806201658.398026,14493334.97325349
FUN,2025-04-06 11:00:00,1743912000000,-0.018308,0.007285,2397464.0,17498846.257,78723179.08,78723179.08,1.0,0.1841,-97.84,593.42,,10806201658.398026,10806201658.398026,14493334.97325349
FUN,2025-04-06 13:00:00,1743919200000,-0.012721,0.007285,2397464.0,17498846.257,78723179.08,78723179.08,1.0,0.1841,-97.84,593.42,,10806201658.398026,10806201658.398026,14493334.97325349
FUN,2025-04-06 15:00:00,1743926400000,-0.012465,0.008611,4026176.0,32579843.455,93052202.48,93052202.48,1.0,0.1558,-97.45,719.63,,10806201658.398026,10806201658.398026,14493334.97325349
FUN,2025-04-06 17:00:00,1743933600000,-0.02,0.008611,4026176.0,32579843.455,93052202.48,93052202.48,1.0,0.1558,-97.45,719.63,,10806201658.398026,10806201658.398026,14493334.97325349
FUN,2025-04-06 19:00:00,1743940800000,-0.02,0.007974,4195705.0,35068318.03,86168652.02,86168652.02,1.0,0.1682,-97.64,659.0,,10806201658.398026,10806201658.398026,14493334.97325349
FUN,2025-04-06 21:00:00,1743948000000,-0.02,0.007974,4195705.0,35068318.03,86168652.02,86168652.02,1.0,0.1682,-97.64,659.0,,10806201658.398026,10806201658.398026,14493334.97325349
FUN,2025-04-06 23:00:00,1743955200000,-0.015984,0.00781,2396556.0,18957986.666,84396434.95,84396434.95,1.0,0.1717,-97.69,643.39,,10806201658.398026,10806201658.398026,14493334.97325349
FUN,2025-04-07 01:00:00,1743962400000,-0.006082,0.00781,2396556.0,18957986.666,84396434.95,84396434.95,1.0,0.1717,-97.69,643.39,,10806201658.398026,10806201658.398026,14493334.97325349
FUN,2025-04-07 09:00:00,1743991200000,-0.005915,0.008217,1241251.0,10354941.167,88794559.03,88794559.03,1.0,0.1632,-97.57,682.13,,10806201658.398026,10806201658.398026,14493334.97325349
FUN,2025-04-07 11:00:00,1743998400000,-0.006328,0.007424,892936.0,6856972.726,80225241.11,80225241.11,1.0,0.1807,-97.8,606.65,,10806201658.398026,10806201658.398026,14493334.97325349
FUN,2025-04-14 15:00:00,1744617600000,-0.00687,0.007494,492499.0,3753584.01,80981675.23,80981675.23,1.0,0.179,-97.78,613.31,,10806201658.398026,10806201658.398026,14493334.97325349
FUN,2025-04-14 19:00:00,1744632000000,-0.007022,0.0077,283919.0,2159446.798,83207752.77,83207752.77,1.0,0.1742,-97.72,632.92,,10806201658.398026,10806201658.398026,14493334.97325349
FUN,2025-06-18 23:00:00,1750262400000,-0.007736,0.004178,1027416.0,4311285.521,45148310.53,45148310.53,1.0,0.321,-98.76,297.68,,10806201658.398026,10806201658.398026,14493334.97325349
FUN,2025-06-19 03:00:00,1750276800000,-0.014663,0.004297,204856.0,867728.685,46434248.53,46434248.53,1.0,0.3121,-98.73,309.01,,10806201658.398026,10806201658.398026,14493334.97325349
FUN,2025-06-19 07:00:00,1750291200000,-0.010888,0.004319,95153.0,404730.012,46671984.96,46671984.96,1.0,0.3105,-98.72,311.1,,10806201658.398026,10806201658.398026,14493334.97325349
FUN,2025-06-19 11:00:00,1750305600000,-0.005519,0.004166,154596.0,644847.197,45018636.11,45018636.11,1.0,0.3219,-98.77,296.54,,10806201658.398026,10806201658.398026,14493334.97325349
FUN,2025-06-19 19:00:00,1750334400000,-0.007199,0.005243,866068.0,4209946.156,56656915.29,56656915.29,1.0,0.2558,-98.45,399.05,,10806201658.398026,10806201658.398026,14493334.97325349
FUN,2025-06-19 23:00:00,1750348800000,-0.02,0.005494,1114931.0,5711409.858,59369271.91,59369271.91,1.0,0.2441,-98.37,422.94,,10806201658.398026,10806201658.398026,14493334.97325349
FUN,2025-06-20 00:00:00,1750352400000,-0.015511,0.005494,1114931.0,5711409.858,59369271.91,59369271.91,1.0,0.2441,-98.37,422.94,,10806201658.398026,10806201658.398026,14493334.97325349
FUN,2025-06-20 01:00:00,1750356000000,-0.012882,0.005494,1114931.0,5711409.858,59369271.91,59369271.91,1.0,0.2441,-98.37,422.94,,10806201658.398026,10806201658.398026,14493334.97325349
FUN,2025-06-20 02:00:00,1750359600000,-0.008352,0.005494,1114931.0,5711409.858,59369271.91,59369271.91,1.0,0.2441,-98.37,422.94,,10806201658.398026,10806201658.398026,14493334.97325349
FUN,2025-06-20 03:00:00,1750363200000,-0.006745,0.00489,388433.0,2019906.701,52842326.11,52842326.11,1.0,0.2743,-98.55,365.45,,10806201658.398026,10806201658.398026,14493334.97325349
FUN,2025-06-20 17:00:00,1750413600000,-0.008928,0.00489,344326.0,1703691.295,52842326.11,52842326.11,1.0,0.2743,-98.55,365.45,,10806201658.398026,10806201658.398026,14493334.97325349
FUN,2025-06-20 18:00:00,1750417200000,-0.006362,0.00489,344326.0,1703691.295,52842326.11,52842326.11,1.0,0.2743,-98.55,365.45,,10806201658.398026,10806201658.398026,14493334.97325349
FUN,2025-06-20 21:00:00,1750428000000,-0.012859,0.005115,435460.0,2217569.849,55273721.48,55273721.48,1.0,0.2622,-98.49,386.87,,10806201658.398026,10806201658.398026,14493334.97325349
FUN,2025-06-21 10:00:00,1750474800000,-0.007172,0.005822,226472.0,1267042.006,62913706.06,62913706.06,1.0,0.2304,-98.28,454.16,,10806201658.398026,10806201658.398026,14493334.97325349
FUN,2025-06-21 11:00:00,1750478400000,-0.008841,0.006463,828823.0,5108676.747,69840481.32,69840481.32,1.0,0.2075,-98.09,515.18,,10806201658.398026,10806201658.398026,14493334.97325349
FUN,2025-06-21 14:00:00,1750489200000,-0.006684,0.006463,828823.0,5108676.747,69840481.32,69840481.32,1.0,0.2075,-98.09,515.18,,10806201658.398026,10806201658.398026,14493334.97325349
FUN,2025-06-21 15:00:00,1750492800000,-0.015717,0.006834,2054753.0,14026207.975,73849582.13,73849582.13,1.0,0.1963,-97.98,550.49,,10806201658.398026,10806201658.398026,14493334.97325349
FUN,2025-06-21 16:00:00,1750496400000,-0.01578,0.006834,2054753.0,14026207.975,73849582.13,73849582.13,1.0,0.1963,-97.98,550.49,,10806201658.398026,10806201658.398026,14493334.97325349
FUN,2025-06-21 17:00:00,1750500000000,-0.006504,0.006834,2054753.0,14026207.975,73849582.13,73849582.13,1.0,0.1963,-97.98,550.49,,10806201658.398026,10806201658.398026,14493334.97325349
FUN,2025-06-21 18:00:00,1750503600000,-0.009684,0.006834,2054753.0,14026207.975,73849582.13,73849582.13,1.0,0.1963,-97.98,550.49,,10806201658.398026,10806201658.398026,14493334.97325349
FUN,2025-06-21 19:00:00,1750507200000,-0.00544,0.006589,3758555.0,27173909.093,71202062.73,71202062.73,1.0,0.2036,-98.05,527.17,,10806201658.398026,10806201658.398026,14493334.97325349
FUN,2025-06-21 20:00:00,1750510800000,-0.018294,0.006589,3758555.0,27173909.093,71202062.73,71202062.73,1.0,0.2036,-98.05,527.17,,10806201658.398026,10806201658.398026,14493334.97325349
FUN,2025-06-21 21:00:00,1750514400000,-0.016165,0.006589,3758555.0,27173909.093,71202062.73,71202062.73,1.0,0.2036,-98.05,527.17,,10806201658.398026,10806201658.398026,14493334.97325349
FUN,2025-06-21 22:00:00,1750518000000,-0.009214,0.006589,3758555.0,27173909.093,71202062.73,71202062.73,1.0,0.2036,-98.05,527.17,,10806201658.398026,10806201658.398026,14493334.97325349
FUN,2025-06-21 23:00:00,1750521600000,-0.006601,0.006995,2172748.0,15852166.934,75589380.6,75589380.6,1.0,0.1917,-97.93,565.81,,10806201658.398026,10806201658.398026,14493334.97325349
FUN,2025-06-22 00:00:00,1750525200000,-0.016124,0.006995,2172748.0,15852166.934,75589380.6,75589380.6,1.0,0.1917,-97.93,565.81,,10806201658.398026,10806201658.398026,14493334.97325349
FUN,2025-06-22 01:00:00,1750528800000,-0.011242,0.006995,2172748.0,15852166.934,75589380.6,75589380.6,1.0,0.1917,-97.93,565.81,,10806201658.398026,10806201658.398026,14493334.97325349
FUN,2025-06-22 02:00:00,1750532400000,-0.012869,0.006995,2172748.0,15852166.934,75589380.6,75589380.6,1.0,0.1917,-97.93,565.81,,10806201658.398026,10806201658.398026,14493334.97325349
FUN,2025-06-22 11:00:00,1750564800000,-0.00894,0.007326,757993.0,5659816.945,79166233.35,79166233.35,1.0,0.1831,-97.83,597.32,,10806201658.398026,10806201658.398026,14493334.97325349
FUN,2025-06-22 12:00:00,1750568400000,-0.005305,0.007326,757993.0,5659816.945,79166233.35,79166233.35,1.0,0.1831,-97.83,597.32,,10806201658.398026,10806201658.398026,14493334.97325349
FUN,2025-06-22 13:00:00,1750572000000,-0.006083,0.007326,757993.0,5659816.945,79166233.35,79166233.35,1.0,0.1831,-97.83,597.32,,10806201658.398026,10806201658.398026,14493334.97325349
FUN,2025-06-22 14:00:00,1750575600000,-0.005702,0.007326,757993.0,5659816.945,79166233.35,79166233.35,1.0,0.1831,-97.83,597.32,,10806201658.398026,10806201658.398026,14493334.97325349
FUN,2025-06-22 15:00:00,1750579200000,-0.009517,0.007432,821851.0,6023572.271,80311690.73,80311690.73,1.0,0.1805,-97.8,607.41,,10806201658.398026,10806201658.398026,14493334.97325349
FUN,2025-06-22 17:00:00,1750586400000,-0.005561,0.007432,821851.0,6023572.271,80311690.73,80311690.73,1.0,0.1805,-97.8,607.41,,10806201658.398026,10806201658.398026,14493334.97325349
FUN,2025-06-22 18:00:00,1750590000000,-0.005104,0.007432,821851.0,6023572.271,80311690.73,80311690.73,1.0,0.1805,-97.8,607.41,,10806201658.398026,10806201658.398026,14493334.97325349
FUN,2025-06-23 09:00:00,1750644000000,-0.007362,0.011493,1036181.0,10067749.374,124195675.66,124195675.66,1.0,0.1167,-96.6,993.95,,10806201658.398026,10806201658.398026,14493334.97325349
FUN,2025-06-23 10:00:00,1750647600000,-0.00832,0.011493,1036181.0,10067749.374,124195675.66,124195675.66,1.0,0.1167,-96.6,993.95,,10806201658.398026,10806201658.398026,14493334.97325349
FUN,2025-06-23 11:00:00,1750651200000,-0.008237,0.012164,1659301.0,19756489.76,131446636.97,131446636.97,1.0,0.1103,-96.4,1057.82,,10806201658.398026,10806201658.398026,14493334.97325349
FUN,2025-06-23 12:00:00,1750654800000,-0.013034,0.012164,1659301.0,19756489.76,131446636.97,131446636.97,1.0,0.1103,-96.4,1057.82,,10806201658.398026,10806201658.398026,14493334.97325349
FUN,2025-06-23 13:00:00,1750658400000,-0.010765,0.012164,1659301.0,19756489.76,131446636.97,131446636.97,1.0,0.1103,-96.4,1057.82,,10806201658.398026,10806201658.398026,14493334.97325349
FUN,2025-06-23 14:00:00,1750662000000,-0.00689,0.012164,1659301.0,19756489.76,131446636.97,131446636.97,1.0,0.1103,-96.4,1057.82,,10806201658.398026,10806201658.398026,14493334.97325349
FUN,2025-06-23 15:00:00,1750665600000,-0.00691,0.012014,1331414.0,16624184.689,129825706.72,129825706.72,1.0,0.1116,-96.44,1043.54,,10806201658.398026,10806201658.398026,14493334.97325349
FUN,2025-06-23 16:00:00,1750669200000,-0.013468,0.012014,1331414.0,16624184.689,129825706.72,129825706.72,1.0,0.1116,-96.44,1043.54,,10806201658.398026,10806201658.398026,14493334.97325349
FUN,2025-06-23 17:00:00,1750672800000,-0.009189,0.012014,1331414.0,16624184.689,129825706.72,129825706.72,1.0,0.1116,-96.44,1043.54,,10806201658.398026,10806201658.398026,14493334.97325349
FUN,2025-06-23 18:00:00,1750676400000,-0.006452,0.012014,1331414.0,16624184.689,129825706.72,129825706.72,1.0,0.1116,-96.44,1043.54,,10806201658.398026,10806201658.398026,14493334.97325349
FUN,2025-06-23 19:00:00,1750680000000,-0.006563,0.010108,1135339.0,12623997.802,109229086.36,109229086.36,1.0,0.1327,-97.01,862.12,,10806201658.398026,10806201658.398026,14493334.97325349
FUN,2025-07-03 12:00:00,1751518800000,-0.007521,0.009902,106128.0,1097147.432,107003008.82,107003008.82,1.0,0.1354,-97.07,842.51,,10806201658.398026,10806201658.398026,14493334.97325349
FUN,2025-07-03 14:00:00,1751526000000,-0.005978,0.009902,106128.0,1097147.432,107003008.82,107003008.82,1.0,0.1354,-97.07,842.51,,10806201658.398026,10806201658.398026,14493334.97325349
FUN,2025-07-03 15:00:00,1751529600000,-0.005359,0.011022,62986.0,665009.507,119105954.68,119105954.68,1.0,0.1217,-96.74,949.12,,10806201658.398026,10806201658.398026,14493334.97325349
FUN,2025-07-03 17:00:00,1751536800000,-0.00915,0.011022,62986.0,665009.507,119105954.68,119105954.68,1.0,0.1217,-96.74,949.12,,10806201658.398026,10806201658.398026,14493334.97325349
FUN,2025-07-03 18:00:00,1751540400000,-0.005186,0.011022,62986.0,665009.507,119105954.68,119105954.68,1.0,0.1217,-96.74,949.12,,10806201658.398026,10806201658.398026,14493334.97325349
FUN,2025-07-03 23:00:00,1751558400000,-0.005954,0.011543,91731.0,1097342.552,124735985.74,124735985.74,1.0,0.1162,-96.58,998.71,,10806201658.398026,10806201658.398026,14493334.97325349
FUN,2025-07-04 10:00:00,1751598000000,-0.007928,0.011911,35922.0,412753.279,128712667.95,128712667.95,1.0,0.1126,-96.47,1033.74,,10806201658.398026,10806201658.398026,14493334.97325349
FUN,2025-07-04 12:00:00,1751605200000,-0.007457,0.012589,106456.0,1335302.982,136039272.68,136039272.68,1.0,0.1065,-96.27,1098.27,,10806201658.398026,10806201658.398026,14493334.97325349
FUN,2025-07-04 13:00:00,1751608800000,-0.005433,0.012589,106456.0,1335302.982,136039272.68,136039272.68,1.0,0.1065,-96.27,1098.27,,10806201658.398026,10806201658.398026,14493334.97325349
FUN,2025-07-04 17:00:00,1751623200000,-0.009512,0.013724,197273.0,2678479.629,148304311.56,148304311.56,1.0,0.0977,-95.94,1206.31,,10806201658.398026,10806201658.398026,14493334.97325349
FUN,2025-07-04 18:00:00,1751626800000,-0.007769,0.013724,197273.0,2678479.629,148304311.56,148304311.56,1.0,0.0977,-95.94,1206.31,,10806201658.398026,10806201658.398026,14493334.97325349
FUN,2025-07-05 06:00:00,1751670000000,-0.00539,0.013835,57250.0,776888.316,149503799.94,149503799.94,1.0,0.0969,-95.91,1216.87,,10806201658.398026,10806201658.398026,14493334.97325349
FUN,2025-07-05 08:00:00,1751677200000,-0.010228,0.014147,123870.0,1818759.901,152875334.86,152875334.86,1.0,0.0948,-95.81,1246.57,,10806201658.398026,10806201658.398026,14493334.97325349
FUN,2025-07-05 09:00:00,1751680800000,-0.005262,0.014147,123870.0,1818759.901,152875334.86,152875334.86,1.0,0.0948,-95.81,1246.57,,10806201658.398026,10806201658.398026,14493334.97325349
FUN,2025-07-05 12:00:00,1751691600000,-0.00604,0.014142,115099.0,1683282.205,152821303.85,152821303.85,1.0,0.0948,-95.81,1246.09,,10806201658.398026,10806201658.398026,14493334.97325349
FUN,2025-07-05 13:00:00,1751695200000,-0.005819,0.014142,115099.0,1683282.205,152821303.85,152821303.85,1.0,0.0948,-95.81,1246.09,,10806201658.398026,10806201658.398026,14493334.97325349
FUN,2025-07-05 20:00:00,1751720400000,-0.007783,0.01346,101876.0,1412154.11,145451474.32,145451474.32,1.0,0.0996,-96.02,1181.18,,10806201658.398026,10806201658.398026,14493334.97325349
PROM,2024-02-14 23:00:00,1707926400000,-0.007812,12.195,949326.0,11677260.478,222558750.0,234753750.0,0.9481,0.0306,-88.51,12035.17,,18250000.0,19250000.0,6815568.33170246
PROM,2024-02-15 07:00:00,1707955200000,-0.00579,12.803,394339.0,5019573.423,233654750.0,246457750.0,0.9481,0.0292,-87.94,12640.19,,18250000.0,19250000.0,6815568.33170246
PROM,2024-05-03 23:00:00,1714752000000,-0.005511,10.225,56633.0,588532.294,186606250.0,196831250.0,0.9481,0.0365,-90.36,10074.84,,18250000.0,19250000.0,6815568.33170246
PROM,2024-10-26 07:00:00,1729900800000,-0.007738,7.731,1130744.0,9022231.407,141090750.0,148821750.0,0.9481,0.0483,-92.72,7593.07,,18250000.0,19250000.0,6815568.33170246
PROM,2024-10-26 23:00:00,1729958400000,-0.006958,6.664,685516.0,4577823.723,121618000.0,128282000.0,0.9481,0.056,-93.72,6531.31,,18250000.0,19250000.0,6815568.33170246
PROM,2025-01-12 23:00:00,1736697600000,-0.04,7.553,1251376.0,9092973.21,137842250.0,145395250.0,0.9481,0.0494,-92.88,7415.95,,18250000.0,19250000.0,6815568.33170246
PROM,2025-01-13 07:00:00,1736726400000,-0.012652,6.444,311710.0,2105938.771,117603000.0,124047000.0,0.9481,0.058,-93.93,6312.39,,18250000.0,19250000.0,6815568.33170246
PROM,2025-01-13 15:00:00,1736755200000,-0.035409,7.479,1272086.0,9292007.216,136491750.0,143970750.0,0.9481,0.0499,-92.95,7342.31,,18250000.0,19250000.0,6815568.33170246
PROM,2025-01-13 19:00:00,1736769600000,-0.04,7.117,911556.0,6666219.953,129885250.0,137002250.0,0.9481,0.0525,-93.29,6982.08,,18250000.0,19250000.0,6815568.33170246
PROM,2025-01-13 23:00:00,1736784000000,-0.019687,7.703,708262.0,5243020.609,140579750.0,148282750.0,0.9481,0.0485,-92.74,7565.21,,18250000.0,19250000.0,6815568.33170246
PROM,2025-01-14 03:00:00,1736798400000,-0.01605,7.933,621583.0,4885370.351,144777250.0,152710250.0,0.9481,0.0471,-92.52,7794.08,,18250000.0,19250000.0,6815568.33170246
PROM,2025-01-14 07:00:00,1736812800000,-0.006648,7.87,282462.0,2257688.88,143627500.0,151497500.0,0.9481,0.0475,-92.58,7731.39,,18250000.0,19250000.0,6815568.33170246
PROM,2025-01-14 11:00:00,1736827200000,-0.010111,7.661,210520.0,1630464.51,139813250.0,147474250.0,0.9481,0.0487,-92.78,7523.42,,18250000.0,19250000.0,6815568.33170246
PROM,2025-01-14 15:00:00,1736841600000,-0.008197,7.881,176153.0,1349393.818,143828250.0,151709250.0,0.9481,0.0474,-92.57,7742.34,,18250000.0,19250000.0,6815568.33170246
SC,2024-02-17 23:00:00,1708185600000,-0.010995,0.012766,86589342.0,1118330.648315,715223275.84,781718295.2,0.9149,0.0094,-88.57,112771.57,,56025636522.0752,61234395676.30304,6708899.4511866
SC,2024-02-18 07:00:00,1708214400000,-0.006349,0.013116,55058551.0,725115.599589,734832248.62,803150333.69,0.9149,0.0091,-88.26,115866.12,,56025636522.0752,61234395676.30304,6708899.4511866
SC,2024-02-18 15:00:00,1708243200000,-0.006194,0.013413,79588829.0,1056721.052184,751471862.67,821336949.21,0.9149,0.0089,-87.99,118492.07,,56025636522.0752,61234395676.30304,6708899.4511866
SC,2024-02-24 15:00:00,1708761600000,-0.03,0.012351,695164442.0,9167614.156974,691972636.68,756306021.0,0.9149,0.0097,-88.94,109102.32,,56025636522.0752,61234395676.30304,6708899.4511866
SC,2024-02-24 23:00:00,1708790400000,-0.04,0.01211,565425272.0,6572012.019082,678470458.28,741548531.64,0.9149,0.0099,-89.16,106971.5,,56025636522.0752,61234395676.30304,6708899.4511866
SC,2024-02-25 03:00:00,1708804800000,-0.039783,0.012058,537204884.0,6226405.323118,675557125.18,738364343.06,0.9149,0.0099,-89.21,106511.73,,56025636522.0752,61234395676.30304,6708899.4511866
SC,2024-02-25 07:00:00,1708819200000,-0.03979,0.010902,552914123.0,6164713.945414,610791489.36,667577381.66,0.9149,0.011,-90.24,96290.87,,56025636522.0752,61234395676.30304,6708899.4511866
SC,2024-02-25 11:00:00,1708833600000,-0.031862,0.009534,750983619.0,7434971.541067,534148418.6,583808728.38,0.9149,0.0126,-91.47,84195.59,,56025636522.0752,61234395676.30304,6708899.4511866
SC,2024-02-25 15:00:00,1708848000000,-0.011161,0.01008,917137415.0,8908135.410471,564738416.14,617242708.42,0.9149,0.0119,-90.98,89023.1,,56025636522.0752,61234395676.30304,6708899.4511866
SC,2024-07-10 23:00:00,1720627200000,-0.007341,0.004922,1830902348.0,9452951.820729,275758182.96,301395695.52,0.9149,0.0243,-95.59,43418.24,,56025636522.0752,61234395676.30304,6708899.4511866
SC,2024-07-11 03:00:00,1720641600000,-0.009293,0.004888,515054715.0,2546908.187163,273853311.32,299313726.07,0.9149,0.0245,-95.62,43117.63,,56025636522.0752,61234395676.30304,6708899.4511866
SIGN,2025-04-29 15:00:00,1745913600000,-0.02,0.10595,53691755.0,58796234.9249,143032500.0,1059500000.0,0.135,0.0681,-18.2,69.34,,1350000000.0,10000000000.0,9745554.97677982
SIGN,2025-04-29 17:00:00,1745920800000,-0.008845,0.10595,53691755.0,58796234.9249,143032500.0,1059500000.0,0.135,0.0681,-18.2,69.34,,1350000000.0,10000000000.0,9745554.97677982
REZ,2025-02-25 19:00:00,1740484800000,-0.006021,0.01718,7284554.0,1233604.571,62007510.14,171800000.0,0.3609,0.3689,-93.49,144.04,,3609284641.545721,10000000000.0,22876598.28086064
REZ,2025-02-27 07:00:00,1740614400000,-0.014504,0.02125,15480420.0,3263371.2544,76697298.63,212500000.0,0.3609,0.2983,-91.95,201.85,,3609284641.545721,10000000000.0,22876598.28086064
REZ,2025-02-27 19:00:00,1740657600000,-0.012453,0.02128,15172296.0,3491373.2909,76805577.17,212800000.0,0.3609,0.2979,-91.93,202.28,,3609284641.545721,10000000000.0,22876598.28086064
REZ,2025-03-06 03:00:00,1741204800000,-0.016115,0.02195,39606524.0,9120657.8849,79223797.88,219500000.0,0.3609,0.2888,-91.68,211.79,,3609284641.545721,10000000000.0,22876598.28086064
REZ,2025-03-06 15:00:00,1741248000000,-0.006143,0.02166,12762545.0,2852565.9277,78177105.34,216600000.0,0.3609,0.2926,-91.79,207.67,,3609284641.545721,10000000000.0,22876598.28086064
REZ,2025-03-07 03:00:00,1741291200000,-0.02,0.02874,72174232.0,19936957.2478,103730840.6,287400000.0,0.3609,0.2205,-89.11,308.24,,3609284641.545721,10000000000.0,22876598.28086064
REZ,2025-03-07 07:00:00,1741305600000,-0.02,0.0311,60861809.0,17714985.8417,112248752.35,311000000.0,0.3609,0.2038,-88.21,341.77,,3609284641.545721,10000000000.0,22876598.28086064
REZ,2025-03-07 11:00:00,1741320000000,-0.02,0.02857,46135614.0,13842962.8946,103117262.21,285700000.0,0.3609,0.2219,-89.17,305.83,,3609284641.545721,10000000000.0,22876598.28086064
REZ,2025-03-07 15:00:00,1741334400000,-0.015616,0.027,32634545.0,8984636.4369,97450685.32,270000000.0,0.3609,0.2348,-89.77,283.53,,3609284641.545721,10000000000.0,22876598.28086064
REZ,2025-03-07 19:00:00,1741348800000,-0.005413,0.02844,44248660.0,12611162.4839,102648055.21,284400000.0,0.3609,0.2229,-89.22,303.98,,3609284641.545721,10000000000.0,22876598.28086064
REZ,2025-03-07 23:00:00,1741363200000,-0.013147,0.02735,24710798.0,6828025.7243,98713934.95,273500000.0,0.3609,0.2317,-89.63,288.5,,3609284641.545721,10000000000.0,22876598.28086064
REZ,2025-03-08 03:00:00,1741377600000,-0.005666,0.02611,12967791.0,3457990.4309,94238421.99,261100000.0,0.3609,0.2428,-90.1,270.89,,3609284641.545721,10000000000.0,22876598.28086064
REZ,2025-03-30 15:00:00,1743321600000,-0.010368,0.01754,22181432.0,3849444.1416,63306852.61,175400000.0,0.3609,0.3614,-93.35,149.15,,3609284641.545721,10000000000.0,22876598.28086064
REZ,2025-03-30 19:00:00,1743336000000,-0.005896,0.01672,19621152.0,3364554.0386,60347239.21,167200000.0,0.3609,0.3791,-93.66,137.5,,3609284641.545721,10000000000.0,22876598.28086064
REZ,2025-03-30 23:00:00,1743350400000,-0.005432,0.01699,8465333.0,1404802.2042,61321746.06,169900000.0,0.3609,0.3731,-93.56,141.34,,3609284641.545721,10000000000.0,22876598.28086064
REZ,2025-03-31 07:00:00,1743379200000,-0.013826,0.01994,44884639.0,8695892.7974,71969135.75,199400000.0,0.3609,0.3179,-92.44,183.24,,3609284641.545721,10000000000.0,22876598.28086064
REZ,2025-03-31 11:00:00,1743393600000,-0.00945,0.01722,34949802.0,6666707.7904,62151881.53,172200000.0,0.3609,0.3681,-93.47,144.61,,3609284641.545721,10000000000.0,22876598.28086064
REZ,2025-03-31 19:00:00,1743422400000,-0.005597,0.0165,15811736.0,2683611.5127,59553196.59,165000000.0,0.3609,0.3841,-93.75,134.38,,3609284641.545721,10000000000.0,22876598.28086064
REZ,2025-04-01 11:00:00,1743480000000,-0.01101,0.01949,64002870.0,13375749.4246,70344957.66,194900000.0,0.3609,0.3252,-92.61,176.85,,3609284641.545721,10000000000.0,22876598.28086064
REZ,2025-04-01 15:00:00,1743494400000,-0.008642,0.01833,18941909.0,3642062.5643,66158187.48,183300000.0,0.3609,0.3458,-93.05,160.37,,3609284641.545721,10000000000.0,22876598.28086064
REZ,2025-04-30 07:00:00,1745971200000,-0.005097,0.01493,25030195.0,3920556.2949,53886619.7,149300000.0,0.3609,0.4245,-94.34,112.08,,3609284641.545721,10000000000.0,22876598.28086064
SKATE,2025-06-15 19:00:00,1749988800000,-0.006875,0.04472,14182237.0,6254951.6147,9538397.34,44719999.03,0.2133,0.4341,-70.78,38.21,,213291532.7057473,999999978.4079046,4140474.31461863
SERAPH,2025-03-11 19:00:00,1741694400000,-0.01875,0.1362,711739.0,913393.874,36100570.4,136200000.0,0.2651,0.8108,-83.11,71.63,,265055583.0,1000000000.0,29270975.1507899
SERAPH,2025-03-11 23:00:00,1741708800000,-0.013869,0.1361,463823.0,630102.769,36074064.85,136100000.0,0.2651,0.8114,-83.12,71.5,,265055583.0,1000000000.0,29270975.1507899
SERAPH,2025-04-10 19:00:00,1744286400000,-0.005467,0.1938,13488.0,26219.823,51367771.99,193800000.0,0.2651,0.5698,-75.97,144.21,,265055583.0,1000000000.0,29270975.1507899
SLF,2025-06-20 23:00:00,1750435200000,-0.005565,0.0972,260821.0,252050.05,16232400.0,32659200.0,0.497,0.3384,-88.33,77.17,,167000000.0,336000000.0,5492260.03754162
SLF,2025-07-25 15:00:00,1753430400000,-0.008521,0.0868,1608654.0,1365710.497,14495600.0,29164800.0,0.497,0.3789,-89.58,58.21,,167000000.0,336000000.0,5492260.03754162
SLF,2025-07-25 23:00:00,1753459200000,-0.005895,0.0995,4048054.0,3882145.295,16616500.0,33432000.0,0.497,0.3305,-88.05,81.36,,167000000.0,336000000.0,5492260.03754162
SKL,2025-01-26 23:00:00,1737907200000,-0.010375,0.05693,76185982.0,4201084.7862,338241207.56,352482095.0,0.9596,0.1539,-95.35,257.7,,5941352671.0,6191500000.0,52067580.14342706
SKL,2025-08-13 15:00:00,1755072000000,-0.00571,0.03014,1025418410.0,31214586.94115,179072369.5,186611810.0,0.9596,0.2908,-97.54,89.38,,5941352671.0,6191500000.0,52067580.14342706
SKL,2025-08-13 23:00:00,1755100800000,-0.006132,0.02869,263935371.0,7672118.13202,170457408.13,177634135.0,0.9596,0.3055,-97.66,80.27,,5941352671.0,6191500000.0,52067580.14342706
SKL,2025-08-14 15:00:00,1755158400000,-0.007333,0.04671,1505482174.0,69528233.76504,277520583.26,289204965.0,0.9596,0.1876,-96.19,193.49,,5941352671.0,6191500000.0,52067580.14342706
SKL,2025-08-15 07:00:00,1755216000000,-0.006529,0.04905,309242742.0,15080849.41056,291423348.51,303693075.0,0.9596,0.1787,-95.99,208.19,,5941352671.0,6191500000.0,52067580.14342706
SHELL,2025-02-17 03:00:00,1739736000000,-0.005,0.5128,1959553.0,960305.0233,153327200.0,512800000.0,0.299,0.1172,-29.33,373.59,,298999999.99998,1000000000.0,17963404.42973861
SHELL,2025-02-17 07:00:00,1739750400000,-0.005008,0.5408,1351595.0,700443.2365,161699200.0,540800000.0,0.299,0.1111,-25.47,399.45,,298999999.99998,1000000000.0,17963404.42973861
SHELL,2025-02-17 11:00:00,1739764800000,-0.005001,0.59,2140278.0,1183982.1551,176410000.0,590000000.0,0.299,0.1018,-18.69,444.89,,298999999.99998,1000000000.0,17963404.42973861
SHELL,2025-02-17 19:00:00,1739793600000,-0.005007,0.4593,10841792.0,5628336.4014,137330700.0,459300000.0,0.299,0.1308,-36.7,324.18,,298999999.99998,1000000000.0,17963404.42973861
SHELL,2025-02-18 07:00:00,1739836800000,-0.00984,0.4338,4847776.0,2091291.4933,129706200.0,433800000.0,0.299,0.1385,-40.22,300.63,,298999999.99998,1000000000.0,17963404.42973861
RARE,2024-05-12 15:00:00,1715500800000,-0.015,0.1515,3664997.0,5438445.977,124890653.05,151500000.0,0.8244,0.3273,-96.0,262.39,,824360746.2218294,1000000000.0,40873167.53862577
RARE,2024-05-12 23:00:00,1715529600000,-0.008936,0.1344,1490117.0,2081745.131,110794084.29,134400000.0,0.8244,0.3689,-96.45,221.48,,824360746.2218294,1000000000.0,40873167.53862577
RARE,2024-08-12 07:00:00,1723420800000,-0.02,0.0874,3853324.0,3328715.72,72049129.22,87400000.0,0.8244,0.5673,-97.69,109.06,,824360746.2218294,1000000000.0,40873167.53862577
RARE,2024-08-12 15:00:00,1723449600000,-0.02,0.0868,3965689.0,3438891.309,71554512.77,86800000.0,0.8244,0.5712,-97.71,107.63,,824360746.2218294,1000000000.0,40873167.53862577
RARE,2024-08-13 07:00:00,1723507200000,-0.007292,0.0854,966205.0,830500.657,70400407.73,85400000.0,0.8244,0.5806,-97.75,104.28,,824360746.2218294,1000000000.0,40873167.53862577
RARE,2024-08-15 23:00:00,1723737600000,-0.018362,0.0984,14896568.0,14850174.284,81117097.43,98400000.0,0.8244,0.5039,-97.4,135.37,,824360746.2218294,1000000000.0,40873167.53862577
RARE,2024-08-16 07:00:00,1723766400000,-0.019983,0.0976,4259363.0,4186915.647,80457608.83,97600000.0,0.8244,0.508,-97.42,133.46,,824360746.2218294,1000000000.0,40873167.53862577
RARE,2024-08-16 15:00:00,1723795200000,-0.009472,0.1158,23377378.0,26120709.994,95460974.41,115800000.0,0.8244,0.4282,-96.94,176.99,,824360746.2218294,1000000000.0,40873167.53862577
RARE,2024-08-16 19:00:00,1723809600000,-0.02,0.1386,47220689.0,61151245.32,114256399.43,138600000.0,0.8244,0.3577,-96.34,231.53,,824360746.2218294,1000000000.0,40873167.53862577
RARE,2024-08-16 23:00:00,1723824000000,-0.02,0.1469,25293548.0,35565639.398,121098593.62,146900000.0,0.8244,0.3375,-96.12,251.38,,824360746.2218294,1000000000.0,40873167.53862577
RARE,2024-08-17 03:00:00,1723838400000,-0.02,0.1487,15583076.0,22499110.744,122582442.96,148700000.0,0.8244,0.3334,-96.08,255.69,,824360746.2218294,1000000000.0,40873167.53862577
RARE,2024-08-17 07:00:00,1723852800000,-0.02,0.1516,16223160.0,23651349.656,124973089.13,151600000.0,0.8244,0.3271,-96.0,262.63,,824360746.2218294,1000000000.0,40873167.53862577
RARE,2024-08-17 11:00:00,1723867200000,-0.02,0.1783,24903594.0,40871026.192,146983521.05,178300000.0,0.8244,0.2781,-95.29,326.49,,824360746.2218294,1000000000.0,40873167.53862577
RARE,2024-08-17 15:00:00,1723881600000,-0.02,0.2156,62266661.0,125687520.749,177732176.89,215600000.0,0.8244,0.23,-94.31,415.71,,824360746.2218294,1000000000.0,40873167.53862577
RARE,2024-08-17 19:00:00,1723896000000,-0.019786,0.2115,36877656.0,82332518.339,174352297.83,211500000.0,0.8244,0.2344,-94.42,405.91,,824360746.2218294,1000000000.0,40873167.53862577
RARE,2024-08-17 23:00:00,1723910400000,-0.017396,0.2134,39271664.0,80096378.2,175918583.24,213400000.0,0.8244,0.2323,-94.37,410.45,,824360746.2218294,1000000000.0,40873167.53862577
RARE,2024-08-18 03:00:00,1723924800000,-0.014252,0.2203,12584988.0,27102610.008,181606672.39,220300000.0,0.8244,0.2251,-94.19,426.96,,824360746.2218294,1000000000.0,40873167.53862577
RARE,2024-08-18 07:00:00,1723939200000,-0.01334,0.2085,13548369.0,29107880.019,171879215.59,208500000.0,0.8244,0.2378,-94.5,398.73,,824360746.2218294,1000000000.0,40873167.53862577
RARE,2024-08-18 11:00:00,1723953600000,-0.008794,0.285,29070934.0,74160105.077,234942812.67,285000000.0,0.8244,0.174,-92.48,581.72,,824360746.2218294,1000000000.0,40873167.53862577
RARE,2024-08-18 15:00:00,1723968000000,-0.02,0.3056,39336983.0,115350995.731,251924644.05,305600000.0,0.8244,0.1622,-91.93,630.99,,824360746.2218294,1000000000.0,40873167.53862577
RARE,2024-08-18 19:00:00,1723982400000,-0.02,0.2945,24035850.0,68510909.22,242774239.76,294500000.0,0.8244,0.1684,-92.23,604.44,,824360746.2218294,1000000000.0,40873167.53862577
RARE,2024-08-18 23:00:00,1723996800000,-0.015574,0.2812,15437677.0,44922643.689,231810241.84,281200000.0,0.8244,0.1763,-92.58,572.63,,824360746.2218294,1000000000.0,40873167.53862577
RARE,2024-08-19 03:00:00,1724011200000,-0.005836,0.2514,12971408.0,35588704.163,207244291.6,251400000.0,0.8244,0.1972,-93.37,501.35,,824360746.2218294,1000000000.0,40873167.53862577
RARE,2024-08-19 07:00:00,1724025600000,-0.005528,0.2586,13282960.0,35771853.842,213179688.97,258600000.0,0.8244,0.1917,-93.18,518.57,,824360746.2218294,1000000000.0,40873167.53862577
RARE,2024-08-19 11:00:00,1724040000000,-0.005947,0.2421,13644142.0,34206522.702,199577736.66,242100000.0,0.8244,0.2048,-93.61,479.1,,824360746.2218294,1000000000.0,40873167.53862577
RARE,2024-11-02 07:00:00,1730505600000,-0.005125,0.1364,5308161.0,6847628.374,112442805.78,136400000.0,0.8244,0.3635,-96.4,226.27,,824360746.2218294,1000000000.0,40873167.53862577
RARE,2025-03-09 19:00:00,1741521600000,-0.017505,0.06436,56105338.0,35698592.0372,53055857.63,64360000.0,0.8244,0.7704,-98.3,53.95,,824360746.2218294,1000000000.0,40873167.53862577
RARE,2025-03-09 23:00:00,1741536000000,-0.02,0.07667,54376365.0,38235123.1176,63203738.41,76670000.0,0.8244,0.6467,-97.98,83.39,,824360746.2218294,1000000000.0,40873167.53862577
RARE,2025-03-10 03:00:00,1741550400000,-0.02,0.06979,33081254.0,24126346.1309,57532136.48,69790000.0,0.8244,0.7104,-98.16,66.94,,824360746.2218294,1000000000.0,40873167.53862577
RARE,2025-03-10 07:00:00,1741564800000,-0.018972,0.06695,30223671.0,20698422.3479,55190951.96,66950000.0,0.8244,0.7406,-98.23,60.14,,824360746.2218294,1000000000.0,40873167.53862577
RARE,2025-03-10 11:00:00,1741579200000,-0.011572,0.07812,26733605.0,19247000.6992,64399061.49,78120000.0,0.8244,0.6347,-97.94,86.86,,824360746.2218294,1000000000.0,40873167.53862577
RARE,2025-03-10 15:00:00,1741593600000,-0.02,0.09161,70511817.0,61398140.4301,75519687.96,91610000.0,0.8244,0.5412,-97.58,119.13,,824360746.2218294,1000000000.0,40873167.53862577
RARE,2025-03-10 19:00:00,1741608000000,-0.02,0.10567,69016640.0,65265844.4704,87110200.05,105670000.0,0.8244,0.4692,-97.21,152.76,,824360746.2218294,1000000000.0,40873167.53862577
RARE,2025-03-10 23:00:00,1741622400000,-0.02,0.12061,82297199.0,97864180.7144,99426149.6,120610000.0,0.8244,0.4111,-96.82,188.5,,824360746.2218294,1000000000.0,40873167.53862577
RARE,2025-03-11 03:00:00,1741636800000,-0.02,0.0969,52156715.0,57998371.3819,79880556.31,96900000.0,0.8244,0.5117,-97.44,131.78,,824360746.2218294,1000000000.0,40873167.53862577
RARE,2025-03-11 07:00:00,1741651200000,-0.008099,0.10178,36668341.0,37226460.7185,83903436.75,101780000.0,0.8244,0.4871,-97.31,143.46,,824360746.2218294,1000000000.0,40873167.53862577
RARE,2025-03-11 11:00:00,1741665600000,-0.014781,0.12214,36798402.0,42435833.5027,100687421.54,122140000.0,0.8244,0.4059,-96.78,192.16,,824360746.2218294,1000000000.0,40873167.53862577
RARE,2025-03-11 15:00:00,1741680000000,-0.02,0.11562,34767133.0,41073495.798,95312589.48,115620000.0,0.8244,0.4288,-96.95,176.56,,824360746.2218294,1000000000.0,40873167.53862577
RARE,2025-03-11 19:00:00,1741694400000,-0.016343,0.1213,45559492.0,55447352.2382,99994958.52,121300000.0,0.8244,0.4088,-96.8,190.15,,824360746.2218294,1000000000.0,40873167.53862577
RARE,2025-03-11 23:00:00,1741708800000,-0.013691,0.10909,26717858.0,30930825.7964,89929513.81,109090000.0,0.8244,0.4545,-97.12,160.94,,824360746.2218294,1000000000.0,40873167.53862577
RARE,2025-03-12 15:00:00,1741766400000,-0.005491,0.09384,16802714.0,16098323.8491,77358012.43,93840000.0,0.8244,0.5284,-97.52,124.47,,824360746.2218294,1000000000.0,40873167.53862577
RARE,2025-03-12 19:00:00,1741780800000,-0.005884,0.09573,10783978.0,10255251.0017,78916054.24,95730000.0,0.8244,0.5179,-97.47,128.99,,824360746.2218294,1000000000.0,40873167.53862577
RARE,2025-03-14 19:00:00,1741953600000,-0.009255,0.11223,21750702.0,25506816.7467,92518006.55,112230000.0,0.8244,0.4418,-97.04,168.45,,824360746.2218294,1000000000.0,40873167.53862577
RARE,2025-04-03 15:00:00,1743667200000,-0.011901,0.06913,41368717.0,29059718.3005,56988058.39,69130000.0,0.8244,0.7172,-98.18,65.36,,824360746.2218294,1000000000.0,40873167.53862577
RARE,2025-04-03 19:00:00,1743681600000,-0.02,0.06636,33317546.0,22296564.8938,54704579.12,66360000.0,0.8244,0.7472,-98.25,58.73,,824360746.2218294,1000000000.0,40873167.53862577
RARE,2025-04-03 23:00:00,1743696000000,-0.005695,0.07034,14003177.0,9550471.3268,57985534.89,70340000.0,0.8244,0.7049,-98.14,68.25,,824360746.2218294,1000000000.0,40873167.53862577
RARE,2025-04-04 03:00:00,1743710400000,-0.013117,0.06941,10735154.0,7420245.5937,57218879.4,69410000.0,0.8244,0.7143,-98.17,66.03,,824360746.2218294,1000000000.0,40873167.53862577
RARE,2025-04-04 07:00:00,1743724800000,-0.006122,0.06876,5784488.0,3999861.7928,56683044.91,68760000.0,0.8244,0.7211,-98.19,64.47,,824360746.2218294,1000000000.0,40873167.53862577
RARE,2025-04-04 11:00:00,1743739200000,-0.007645,0.07286,17518635.0,12965957.7794,60062923.97,72860000.0,0.8244,0.6805,-98.08,74.28,,824360746.2218294,1000000000.0,40873167.53862577
RARE,2025-04-04 15:00:00,1743753600000,-0.019577,0.07105,17106520.0,12253231.4689,58570831.02,71050000.0,0.8244,0.6978,-98.12,69.95,,824360746.2218294,1000000000.0,40873167.53862577
RARE,2025-04-04 19:00:00,1743768000000,-0.01084,0.06986,13490738.0,9455088.7038,57589841.73,69860000.0,0.8244,0.7097,-98.16,67.1,,824360746.2218294,1000000000.0,40873167.53862577
RARE,2025-04-04 23:00:00,1743782400000,-0.012802,0.06965,12272089.0,8562355.8562,57416725.97,69650000.0,0.8244,0.7119,-98.16,66.6,,824360746.2218294,1000000000.0,40873167.53862577
RARE,2025-04-05 03:00:00,1743796800000,-0.010394,0.06672,7582665.0,5184185.9863,55001348.99,66720000.0,0.8244,0.7431,-98.24,59.59,,824360746.2218294,1000000000.0,40873167.53862577
RARE,2025-04-05 15:00:00,1743840000000,-0.010221,0.06871,5544775.0,3795481.1582,56641826.87,68710000.0,0.8244,0.7216,-98.19,64.35,,824360746.2218294,1000000000.0,40873167.53862577
RARE,2025-04-06 11:00:00,1743912000000,-0.007486,0.07016,7394294.0,5193247.1649,57837149.95,70160000.0,0.8244,0.7067,-98.15,67.82,,824360746.2218294,1000000000.0,40873167.53862577
RARE,2025-04-06 15:00:00,1743926400000,-0.009248,0.07255,6873016.0,4889216.8376,59807372.14,72550000.0,0.8244,0.6834,-98.09,73.54,,824360746.2218294,1000000000.0,40873167.53862577
RARE,2025-04-06 19:00:00,1743940800000,-0.00941,0.07229,21385438.0,15425529.1549,59593038.34,72290000.0,0.8244,0.6859,-98.09,72.92,,824360746.2218294,1000000000.0,40873167.53862577
RARE,2025-04-06 23:00:00,1743955200000,-0.006559,0.07115,7014110.0,5050895.3531,58653267.09,71150000.0,0.8244,0.6969,-98.12,70.19,,824360746.2218294,1000000000.0,40873167.53862577
RARE,2025-04-07 03:00:00,1743969600000,-0.005582,0.07076,3092404.0,2151414.5458,58331766.4,70760000.0,0.8244,0.7007,-98.13,69.26,,824360746.2218294,1000000000.0,40873167.53862577
RARE,2025-04-16 15:00:00,1744790400000,-0.013428,0.06193,4364103.0,2835183.1213,51052661.01,61930000.0,0.8244,0.8006,-98.37,48.14,,824360746.2218294,1000000000.0,40873167.53862577
SOONNETWORK,2025-07-06 15:00:00,1751788800000,-0.005069,0.1482,10972826.0,1575178.7831,35552523.39,144036268.78,0.2468,0.6321,-85.06,14.25,,239895569.4,971904647.61,22473821.7064264
SOONNETWORK,2025-07-08 19:00:00,1751976000000,-0.00539,0.1607,1867778.0,297951.0378,38551218.0,156185076.87,0.2468,0.583,-83.8,23.88,,239895569.4,971904647.61,22473821.7064264
SOONNETWORK,2025-08-10 19:00:00,1754827200000,-0.005243,0.376,14839255.0,6070253.2478,90200734.09,365436147.5,0.2468,0.2492,-62.1,189.86,,239895569.4,971904647.61,22473821.7064264
SOONNETWORK,2025-08-11 15:00:00,1754899200000,-0.010108,0.4208,8870593.0,3857249.1361,100948055.6,408977475.71,0.2468,0.2226,-57.59,224.4,,239895569.4,971904647.61,22473821.7064264
SPEC,2024-06-17 15:00:00,1718611200000,-0.006046,9.16,57065.0,53909.384,129199024.52,916000000.0,0.141,0.0399,-50.7,1912.0,,14104697.0,100000000.0,5155071.77749391
SPEC,2024-11-02 07:00:00,1730505600000,-0.005061,9.4,137534.0,131670.862,132584151.8,940000000.0,0.141,0.0389,-49.41,1964.72,,14104697.0,100000000.0,5155071.77749391
SPEC,2025-06-26 15:00:00,1750924800000,-0.0081,0.8,30422483.0,2724150.1436,11283757.6,80000000.0,0.141,0.4569,-95.69,75.72,,14104697.0,100000000.0,5155071.77749391
SIREN,2025-03-22 11:00:00,1742616000000,-0.005347,0.08641,964963.0,870850.9696,63184702.96,63184702.96,1.0,0.1098,-56.27,212951.02,,731219800.5329442,731219800.5329442,6937275.29978924
SIREN,2025-03-22 19:00:00,1742644800000,-0.007196,0.07925,1644744.0,1360162.7107,57949169.19,57949169.19,1.0,0.1197,-59.9,195297.45,,731219800.5329442,731219800.5329442,6937275.29978924
SIREN,2025-03-27 07:00:00,1743033600000,-0.006496,0.04749,2159112.0,1035927.1315,34725628.33,34725628.33,1.0,0.1998,-75.97,116990.53,,731219800.5329442,731219800.5329442,6937275.29978924
SIREN,2025-03-27 15:00:00,1743062400000,-0.009547,0.05141,2288748.0,1205943.644,37592009.95,37592009.95,1.0,0.1845,-73.99,126655.62,,731219800.5329442,731219800.5329442,6937275.29978924
SIREN,2025-03-27 19:00:00,1743076800000,-0.007887,0.05263,997459.0,517752.0326,38484098.1,38484098.1,1.0,0.1803,-73.37,129663.63,,731219800.5329442,731219800.5329442,6937275.29978924
RFC,2025-04-08 23:00:00,1744128000000,-0.005064,0.05447,531629.0,2913139.285,52375630.19,54470000.0,0.9616,0.0411,-60.61,932.62,,961550031.0,1000000000.0,2151354.20633088
RFC,2025-04-09 03:00:00,1744142400000,-0.005092,0.05932,266736.0,1506302.826,57039147.84,59320000.0,0.9616,0.0377,-57.1,1024.56,,961550031.0,1000000000.0,2151354.20633088
RFC,2025-04-09 07:00:00,1744156800000,-0.00512,0.05011,380070.0,2269725.368,48183272.05,50110000.0,0.9616,0.0446,-63.76,849.96,,961550031.0,1000000000.0,2151354.20633088
RFC,2025-04-09 11:00:00,1744171200000,-0.005079,0.0597,390187.0,2200555.809,57404536.85,59700000.0,0.9616,0.0375,-56.83,1031.77,,961550031.0,1000000000.0,2151354.20633088
RFC,2025-04-09 15:00:00,1744185600000,-0.005064,0.05428,265858.0,1559791.357,52192935.68,54280000.0,0.9616,0.0412,-60.75,929.02,,961550031.0,1000000000.0,2151354.20633088
RFC,2025-04-09 19:00:00,1744200000000,-0.005069,0.0755,1538144.0,11361321.734,72597027.34,75500000.0,0.9616,0.0296,-45.4,1331.3,,961550031.0,1000000000.0,2151354.20633088
RFC,2025-04-09 23:00:00,1744214400000,-0.010055,0.07015,364186.0,2721939.564,67452734.67,70150000.0,0.9616,0.0319,-49.27,1229.87,,961550031.0,1000000000.0,2151354.20633088
RFC,2025-04-10 03:00:00,1744228800000,-0.010046,0.07118,191416.0,1334811.724,68443131.21,71180000.0,0.9616,0.0314,-48.52,1249.4,,961550031.0,1000000000.0,2151354.20633088
RFC,2025-04-10 07:00:00,1744243200000,-0.010036,0.06468,95218.0,645685.615,62193056.01,64680000.0,0.9616,0.0346,-53.23,1126.17,,961550031.0,1000000000.0,2151354.20633088
RFC,2025-04-10 11:00:00,1744257600000,-0.010056,0.06453,127796.0,874202.313,62048823.5,64530000.0,0.9616,0.0347,-53.33,1123.33,,961550031.0,1000000000.0,2151354.20633088
RFC,2025-04-10 15:00:00,1744272000000,-0.010034,0.0623,314933.0,1869288.677,59904566.93,62300000.0,0.9616,0.0359,-54.95,1081.06,,961550031.0,1000000000.0,2151354.20633088
RFC,2025-04-10 19:00:00,1744286400000,-0.010052,0.04706,332446.0,1766360.295,45250544.46,47060000.0,0.9616,0.0475,-65.97,792.14,,961550031.0,1000000000.0,2151354.20633088
RFC,2025-04-10 23:00:00,1744300800000,-0.00998,0.05015,244014.0,1144398.633,48221734.05,50150000.0,0.9616,0.0446,-63.73,850.72,,961550031.0,1000000000.0,2151354.20633088
RFC,2025-04-11 03:00:00,1744315200000,-0.00998,0.05137,104606.0,531235.311,49394825.09,51370000.0,0.9616,0.0436,-62.85,873.85,,961550031.0,1000000000.0,2151354.20633088
RFC,2025-04-11 07:00:00,1744329600000,-0.00998,0.05023,71324.0,372124.67,48298658.06,50230000.0,0.9616,0.0445,-63.68,852.24,,961550031.0,1000000000.0,2151354.20633088
RFC,2025-04-11 23:00:00,1744387200000,-0.00504,0.05974,193303.0,1239997.476,57442998.85,59740000.0,0.9616,0.0375,-56.8,1032.52,,961550031.0,1000000000.0,2151354.20633088
RFC,2025-04-12 03:00:00,1744401600000,-0.00503,0.0594,127566.0,751499.639,57116071.84,59400000.0,0.9616,0.0377,-57.04,1026.08,,961550031.0,1000000000.0,2151354.20633088
RFC,2025-04-12 07:00:00,1744416000000,-0.005039,0.05966,106146.0,601981.447,57366074.85,59660000.0,0.9616,0.0375,-56.86,1031.01,,961550031.0,1000000000.0,2151354.20633088
RFC,2025-04-12 11:00:00,1744430400000,-0.005048,0.06427,120692.0,794948.191,61798820.49,64270000.0,0.9616,0.0348,-53.52,1118.4,,961550031.0,1000000000.0,2151354.20633088
RFC,2025-04-12 15:00:00,1744444800000,-0.005052,0.06613,80705.0,519000.455,63587303.55,66130000.0,0.9616,0.0338,-52.18,1153.66,,961550031.0,1000000000.0,2151354.20633088
RFC,2025-04-14 03:00:00,1744574400000,-0.005078,0.1015,100073.0,968650.575,97597328.15,101500000.0,0.9616,0.022,-26.6,1824.19,,961550031.0,1000000000.0,2151354.20633088
RFC,2025-04-14 07:00:00,1744588800000,-0.005042,0.11269,152766.0,1709714.642,108357072.99,112690000.0,0.9616,0.0199,-18.51,2036.33,,961550031.0,1000000000.0,2151354.20633088
RFC,2025-04-14 11:00:00,1744603200000,-0.005052,0.11843,198447.0,2495023.484,113876370.17,118430000.0,0.9616,0.0189,-14.36,2145.14,,961550031.0,1000000000.0,2151354.20633088
RFC,2025-04-14 15:00:00,1744617600000,-0.005042,0.10981,244925.0,2971804.255,105587808.9,109810000.0,0.9616,0.0204,-20.59,1981.73,,961550031.0,1000000000.0,2151354.20633088
SAFE,2024-04-30 15:00:00,1714464000000,-0.006,1.857,424477.0,801734.546,1152095136.05,1857000000.0,0.6204,0.01,-51.04,433.89,,620406643.0,1000000000.0,11474122.7960909
SAFE,2024-05-01 23:00:00,1714579200000,-0.006,1.838,236885.0,434954.035,1140307409.83,1838000000.0,0.6204,0.0101,-51.54,428.43,,620406643.0,1000000000.0,11474122.7960909
SAFE,2024-10-24 15:00:00,1729756800000,-0.008,1.376,14841250.0,21228384.355,853679540.77,1376000000.0,0.6204,0.0134,-63.72,295.6,,620406643.0,1000000000.0,11474122.7960909
SAFE,2024-10-24 19:00:00,1729771200000,-0.008,1.305,4441917.0,5934429.049,809630669.12,1305000000.0,0.6204,0.0142,-65.59,275.19,,620406643.0,1000000000.0,11474122.7960909
SAFE,2024-10-25 11:00:00,1729828800000,-0.008,1.556,7095782.0,11455876.272,965352736.51,1556000000.0,0.6204,0.0119,-58.97,347.35,,620406643.0,1000000000.0,11474122.7960909
SAFE,2024-10-25 15:00:00,1729843200000,-0.008,1.673,8030126.0,13267349.136,1037940313.74,1673000000.0,0.6204,0.0111,-55.89,380.99,,620406643.0,1000000000.0,11474122.7960909
SAFE,2025-01-10 15:00:00,1736496000000,-0.00626,1.0145,986603.0,1020249.1906,629402539.32,1014500000.0,0.6204,0.0182,-73.25,191.67,,620406643.0,1000000000.0,11474122.7960909
SAFE,2025-02-12 23:00:00,1739376000000,-0.005742,0.6741,965738.0,645896.5601,418216118.05,674100000.0,0.6204,0.0274,-82.23,93.8,,620406643.0,1000000000.0,11474122.7960909
SAFE,2025-02-27 03:00:00,1740600000000,-0.005799,0.4702,1229960.0,564504.8875,291715203.54,470200000.0,0.6204,0.0393,-87.6,35.18,,620406643.0,1000000000.0,11474122.7960909
SAFE,2025-02-27 11:00:00,1740628800000,-0.017198,0.6463,4980793.0,3235542.106,400968813.37,646300000.0,0.6204,0.0286,-82.96,85.81,,620406643.0,1000000000.0,11474122.7960909
SAFE,2025-02-27 15:00:00,1740643200000,-0.006308,0.6052,2159829.0,1339560.1018,375470100.34,605200000.0,0.6204,0.0306,-84.04,74.0,,620406643.0,1000000000.0,11474122.7960909
SAFE,2025-03-26 23:00:00,1743004800000,-0.005476,0.4676,470552.0,221716.6269,290102146.27,467600000.0,0.6204,0.0396,-87.67,34.44,,620406643.0,1000000000.0,11474122.7960909
SAFE,2025-03-27 11:00:00,1743048000000,-0.008844,0.5183,1836045.0,963998.0743,321556763.07,518300000.0,0.6204,0.0357,-86.33,49.01,,620406643.0,1000000000.0,11474122.7960909
SAFE,2025-03-27 23:00:00,1743091200000,-0.02,0.6332,18548235.0,11810520.1777,392841486.35,633200000.0,0.6204,0.0292,-83.3,82.05,,620406643.0,1000000000.0,11474122.7960909
SAFE,2025-03-28 03:00:00,1743105600000,-0.006301,0.6172,5999536.0,3822112.6367,382914980.06,617200000.0,0.6204,0.03,-83.73,77.45,,620406643.0,1000000000.0,11474122.7960909
SAFE,2025-03-28 07:00:00,1743120000000,-0.014404,0.6092,5633811.0,3416296.5249,377951726.92,609200000.0,0.6204,0.0304,-83.94,75.15,,620406643.0,1000000000.0,11474122.7960909
SAFE,2025-03-28 11:00:00,1743134400000,-0.006393,0.594,1881429.0,1100760.2358,368521545.94,594000000.0,0.6204,0.0311,-84.34,70.78,,620406643.0,1000000000.0,11474122.7960909
SAFE,2025-04-29 15:00:00,1745913600000,-0.009342,0.6016,13367637.0,7752148.5281,373236636.43,601600000.0,0.6204,0.0307,-84.14,72.96,,620406643.0,1000000000.0,11474122.7960909
SAFE,2025-04-29 19:00:00,1745928000000,-0.013705,0.563,13508233.0,8008097.5078,349288940.01,563000000.0,0.6204,0.0328,-85.16,61.86,,620406643.0,1000000000.0,11474122.7960909
SAFE,2025-05-06 11:00:00,1746504000000,-0.008015,0.5198,8005771.0,4106595.6802,322487373.03,519800000.0,0.6204,0.0356,-86.29,49.44,,620406643.0,1000000000.0,11474122.7960909
SAFE,2025-05-08 11:00:00,1746676800000,-0.005162,0.5716,4909080.0,2813508.3422,354624437.14,571600000.0,0.6204,0.0324,-84.93,64.34,,620406643.0,1000000000.0,11474122.7960909
SAFE,2025-07-06 11:00:00,1751774400000,-0.007075,0.442,5194373.0,2338647.6841,274219736.21,442000000.0,0.6204,0.0418,-88.35,27.08,,620406643.0,1000000000.0,11474122.7960909
M,2025-07-04 11:00:00,1751601600000,-0.005021,0.05005,3445490.0,170862.43187,52027028.35,263479108.81,0.1975,0.4043,-94.84,42.01,,1039501066.0,5264317858.42,21034741.90582755
M,2025-07-04 15:00:00,1751616000000,-0.005051,0.056,2307431.0,119922.8542,58212059.7,294801800.07,0.1975,0.3613,-94.22,58.89,,1039501066.0,5264317858.42,21034741.90582755
M,2025-07-04 19:00:00,1751630400000,-0.005031,0.05496,1586981.0,89367.23063,57130978.59,289326909.5,0.1975,0.3682,-94.33,55.94,,1039501066.0,5264317858.42,21034741.90582755
M,2025-07-04 23:00:00,1751644800000,-0.005024,0.05472,1178810.0,65122.50667,56881498.33,288063473.21,0.1975,0.3698,-94.36,55.26,,1039501066.0,5264317858.42,21034741.90582755
M,2025-07-05 03:00:00,1751659200000,-0.00505,0.05545,888409.0,49383.825,57640334.11,291906425.25,0.1975,0.3649,-94.28,57.33,,1039501066.0,5264317858.42,21034741.90582755
M,2025-07-05 07:00:00,1751673600000,-0.005028,0.05471,712026.0,38895.69383,56871103.32,288010830.03,0.1975,0.3699,-94.36,55.23,,1039501066.0,5264317858.42,21034741.90582755
M,2025-07-05 11:00:00,1751688000000,-0.005036,0.0562,645397.0,35117.59256,58419959.91,295854663.64,0.1975,0.3601,-94.2,59.46,,1039501066.0,5264317858.42,21034741.90582755
M,2025-07-05 15:00:00,1751702400000,-0.005029,0.0585,1332884.0,77249.66331,60810812.36,307962594.72,0.1975,0.3459,-93.97,65.98,,1039501066.0,5264317858.42,21034741.90582755
M,2025-07-05 19:00:00,1751716800000,-0.005023,0.06221,1242647.0,75615.13472,64667361.32,327493213.97,0.1975,0.3253,-93.58,76.51,,1039501066.0,5264317858.42,21034741.90582755
M,2025-07-05 23:00:00,1751731200000,-0.005046,0.06233,715234.0,44135.05607,64792101.44,328124932.12,0.1975,0.3246,-93.57,76.85,,1039501066.0,5264317858.42,21034741.90582755
M,2025-07-06 03:00:00,1751745600000,-0.005029,0.06176,423152.0,26163.694,64199585.84,325124270.94,0.1975,0.3276,-93.63,75.23,,1039501066.0,5264317858.42,21034741.90582755
M,2025-07-06 07:00:00,1751760000000,-0.005024,0.06177,476242.0,29231.84767,64209980.85,325176914.11,0.1975,0.3276,-93.63,75.26,,1039501066.0,5264317858.42,21034741.90582755
M,2025-07-06 11:00:00,1751774400000,-0.005033,0.06167,539712.0,33189.31733,64106030.74,324650482.33,0.1975,0.3281,-93.64,74.98,,1039501066.0,5264317858.42,21034741.90582755
M,2025-07-06 15:00:00,1751788800000,-0.005021,0.06323,747670.0,46310.52448,65727652.4,332862818.19,0.1975,0.32,-93.48,79.4,,1039501066.0,5264317858.42,21034741.90582755
M,2025-07-06 19:00:00,1751803200000,-0.005039,0.07552,2344260.0,164273.45153,78503120.5,397561284.67,0.1975,0.2679,-92.21,114.27,,1039501066.0,5264317858.42,21034741.90582755
M,2025-07-06 23:00:00,1751817600000,-0.005033,0.0883,5295357.0,445153.93641,91787944.13,464839266.9,0.1975,0.2292,-90.89,150.53,,1039501066.0,5264317858.42,21034741.90582755
M,2025-07-07 03:00:00,1751832000000,-0.005026,0.09433,5582603.0,520442.20856,98056135.56,496583103.58,0.1975,0.2145,-90.27,167.64,,1039501066.0,5264317858.42,21034741.90582755
M,2025-07-07 07:00:00,1751846400000,-0.005046,0.0938,2438882.0,226222.5065,97505199.99,493793015.12,0.1975,0.2157,-90.32,166.14,,1039501066.0,5264317858.42,21034741.90582755
M,2025-07-07 11:00:00,1751860800000,-0.005047,0.12808,14462485.0,1708457.96316,133139296.53,674253831.31,0.1975,0.158,-86.79,263.4,,1039501066.0,5264317858.42,21034741.90582755
M,2025-07-07 15:00:00,1751875200000,-0.005044,0.162,61414982.0,11041685.36427,168399172.69,852819493.06,0.1975,0.1249,-83.29,359.64,,1039501066.0,5264317858.42,21034741.90582755
M,2025-07-07 19:00:00,1751889600000,-0.025086,0.1589,58477710.0,9040162.19483,165176719.39,836500107.7,0.1975,0.1273,-83.61,350.85,,1039501066.0,5264317858.42,21034741.90582755
M,2025-07-10 03:00:00,1752091200000,-0.006583,0.2988,82669620.0,25598978.8897,310602918.52,1572978176.1,0.1975,0.0677,-69.18,747.79,,1039501066.0,5264317858.42,21034741.90582755
M,2025-07-10 11:00:00,1752120000000,-0.005244,0.3648,34086009.0,12308984.7109,379209988.88,1920423154.75,0.1975,0.0555,-62.37,935.05,,1039501066.0,5264317858.42,21034741.90582755
M,2025-07-10 19:00:00,1752148800000,-0.019993,0.4133,61242607.0,26258056.023,429625790.58,2175742570.88,0.1975,0.049,-57.37,1072.66,,1039501066.0,5264317858.42,21034741.90582755
M,2025-07-10 20:00:00,1752152400000,-0.013349,0.4133,61242607.0,26258056.023,429625790.58,2175742570.88,0.1975,0.049,-57.37,1072.66,,1039501066.0,5264317858.42,21034741.90582755
M,2025-07-10 21:00:00,1752156000000,-0.008191,0.4133,61242607.0,26258056.023,429625790.58,2175742570.88,0.1975,0.049,-57.37,1072.66,,1039501066.0,5264317858.42,21034741.90582755
M,2025-07-10 23:00:00,1752163200000,-0.006021,0.4151,13375372.0,5448609.6992,431496892.5,2185218343.03,0.1975,0.0487,-57.18,1077.77,,1039501066.0,5264317858.42,21034741.90582755
M,2025-07-11 17:00:00,1752228000000,-0.00913,0.6771,21345223.0,14020460.8272,703846171.79,3564469621.94,0.1975,0.0299,-30.16,1821.14,,1039501066.0,5264317858.42,21034741.90582755
M,2025-07-11 18:00:00,1752231600000,-0.00662,0.6771,21345223.0,14020460.8272,703846171.79,3564469621.94,0.1975,0.0299,-30.16,1821.14,,1039501066.0,5264317858.42,21034741.90582755
M,2025-07-11 22:00:00,1752246000000,-0.006003,0.9026,34612152.0,27053894.8985,938253662.17,4751573299.01,0.1975,0.0224,-6.9,2460.96,,1039501066.0,5264317858.42,21034741.90582755
M,2025-07-11 23:00:00,1752249600000,-0.02,0.7837,48037806.0,37820908.9516,814656985.42,4125645905.64,0.1975,0.0258,-19.16,2123.6,,1039501066.0,5264317858.42,21034741.90582755
M,2025-07-12 00:00:00,1752253200000,-0.016758,0.7837,48037806.0,37820908.9516,814656985.42,4125645905.64,0.1975,0.0258,-19.16,2123.6,,1039501066.0,5264317858.42,21034741.90582755
M,2025-07-12 01:00:00,1752256800000,-0.02,0.7837,48037806.0,37820908.9516,814656985.42,4125645905.64,0.1975,0.0258,-19.16,2123.6,,1039501066.0,5264317858.42,21034741.90582755
M,2025-07-12 02:00:00,1752260400000,-0.017687,0.7837,48037806.0,37820908.9516,814656985.42,4125645905.64,0.1975,0.0258,-19.16,2123.6,,1039501066.0,5264317858.42,21034741.90582755
M,2025-07-12 03:00:00,1752264000000,-0.01245,0.8318,21545601.0,17440008.9788,864656986.7,4378859594.63,0.1975,0.0243,-14.2,2260.08,,1039501066.0,5264317858.42,21034741.90582755
M,2025-07-12 04:00:00,1752267600000,-0.02,0.8318,21545601.0,17440008.9788,864656986.7,4378859594.63,0.1975,0.0243,-14.2,2260.08,,1039501066.0,5264317858.42,21034741.90582755
M,2025-07-12 05:00:00,1752271200000,-0.019484,0.8318,21545601.0,17440008.9788,864656986.7,4378859594.63,0.1975,0.0243,-14.2,2260.08,,1039501066.0,5264317858.42,21034741.90582755
M,2025-07-12 06:00:00,1752274800000,-0.007451,0.8318,21545601.0,17440008.9788,864656986.7,4378859594.63,0.1975,0.0243,-14.2,2260.08,,1039501066.0,5264317858.42,21034741.90582755
M,2025-07-12 07:00:00,1752278400000,-0.011658,0.7443,14604135.0,11820345.4319,773700643.42,3918231782.02,0.1975,0.0272,-23.23,2011.81,,1039501066.0,5264317858.42,21034741.90582755
M,2025-07-12 08:00:00,1752282000000,-0.01744,0.7443,14604135.0,11820345.4319,773700643.42,3918231782.02,0.1975,0.0272,-23.23,2011.81,,1039501066.0,5264317858.42,21034741.90582755
M,2025-07-12 09:00:00,1752285600000,-0.010525,0.7443,14604135.0,11820345.4319,773700643.42,3918231782.02,0.1975,0.0272,-23.23,2011.81,,1039501066.0,5264317858.42,21034741.90582755
M,2025-07-12 16:00:00,1752310800000,-0.007574,0.6965,11001997.0,7732242.9333,724012492.47,3666597388.39,0.1975,0.0291,-28.16,1876.19,,1039501066.0,5264317858.42,21034741.90582755
M,2025-07-12 17:00:00,1752314400000,-0.007305,0.6965,11001997.0,7732242.9333,724012492.47,3666597388.39,0.1975,0.0291,-28.16,1876.19,,1039501066.0,5264317858.42,21034741.90582755
M,2025-07-12 18:00:00,1752318000000,-0.005945,0.6965,11001997.0,7732242.9333,724012492.47,3666597388.39,0.1975,0.0291,-28.16,1876.19,,1039501066.0,5264317858.42,21034741.90582755
M,2025-07-12 19:00:00,1752321600000,-0.00727,0.532,14551914.0,8757252.0917,553014567.11,2800617100.68,0.1975,0.038,-45.13,1409.45,,1039501066.0,5264317858.42,21034741.90582755
M,2025-08-03 03:00:00,1754164800000,-0.010664,0.4034,5763049.0,2251829.1167,419334730.02,2123625824.09,0.1975,0.0502,-58.39,1044.57,,1039501066.0,5264317858.42,21034741.90582755
M,2025-08-20 07:00:00,1755648000000,-0.013077,0.4243,13401144.0,5590193.3808,441060302.3,2233650067.33,0.1975,0.0477,-56.24,1103.87,,1039501066.0,5264317858.42,21034741.90582755
SONIC,2025-01-07 23:00:00,1736265600000,-0.014363,1.145,28177364.0,30825247.3255,412200000.0,2748000000.0,,,-8.56,637.52,,0.0,2400000000.0,16823520.17392827
SONIC,2025-01-08 03:00:00,1736280000000,-0.017114,1.0899,20620694.0,21541993.6075,392364000.0,2615760000.0,,,-12.96,602.02,,0.0,2400000000.0,16823520.17392827
SONIC,2025-01-08 07:00:00,1736294400000,-0.0066,1.0703,11130227.0,11407233.0948,385308000.0,2568720000.0,,,-14.52,589.4,,0.0,2400000000.0,16823520.17392827
SONIC,2025-01-08 09:00:00,1736301600000,-0.0066,1.0703,11130227.0,11407233.0948,385308000.0,2568720000.0,,,-14.52,589.4,,0.0,2400000000.0,16823520.17392827
SONIC,2025-01-08 10:00:00,1736305200000,-0.0066,1.0703,11130227.0,11407233.0948,385308000.0,2568720000.0,,,-14.52,589.4,,0.0,2400000000.0,16823520.17392827
SONIC,2025-01-08 11:00:00,1736308800000,-0.0066,0.9933,36366638.0,36374890.1337,357588000.0,2383920000.0,,,-20.67,539.8,,0.0,2400000000.0,16823520.17392827
SONIC,2025-01-08 12:00:00,1736312400000,-0.0066,0.9933,36366638.0,36374890.1337,357588000.0,2383920000.0,,,-20.67,539.8,,0.0,2400000000.0,16823520.17392827
SONIC,2025-01-08 13:00:00,1736316000000,-0.0066,0.9933,36366638.0,36374890.1337,357588000.0,2383920000.0,,,-20.67,539.8,,0.0,2400000000.0,16823520.17392827
SONIC,2025-01-08 14:00:00,1736319600000,-0.0066,0.9933,36366638.0,36374890.1337,357588000.0,2383920000.0,,,-20.67,539.8,,0.0,2400000000.0,16823520.17392827
SD,2024-11-09 23:00:00,1731168000000,-0.005323,0.9389,166506.0,1518341.639,50028778.99,112668000.0,0.444,0.1358,-90.0,295.16,,53284459.46051195,120000000.0,6795337.04653915
SD,2024-11-10 07:00:00,1731196800000,-0.006477,0.94,20177.0,185438.771,50087391.89,112800000.0,0.444,0.1357,-89.99,295.63,,53284459.46051195,120000000.0,6795337.04653915
SD,2024-11-10 19:00:00,1731240000000,-0.005504,0.9348,45599.0,396658.219,49810312.7,112176000.0,0.444,0.1364,-90.05,293.44,,53284459.46051195,120000000.0,6795337.04653915
SD,2024-11-11 07:00:00,1731283200000,-0.005502,1.0102,17860.0,182068.512,53827960.95,121224000.0,0.444,0.1262,-89.24,325.17,,53284459.46051195,120000000.0,6795337.04653915
SD,2024-11-11 15:00:00,1731312000000,-0.005119,0.9758,32116.0,340764.188,51994975.54,117096000.0,0.444,0.1307,-89.61,310.69,,53284459.46051195,120000000.0,6795337.04653915
SD,2024-11-11 19:00:00,1731326400000,-0.006723,1.0335,50261.0,495939.345,55069488.85,124020000.0,0.444,0.1234,-89.0,334.98,,53284459.46051195,120000000.0,6795337.04653915
SD,2024-11-14 07:00:00,1731542400000,-0.00531,0.7422,11487.0,86421.09,39547725.81,89064000.0,0.444,0.1718,-92.1,212.38,,53284459.46051195,120000000.0,6795337.04653915
SD,2024-11-20 15:00:00,1732089600000,-0.005358,1.0522,44615.0,489365.45,56065908.24,126264000.0,0.444,0.1212,-88.8,342.85,,53284459.46051195,120000000.0,6795337.04653915
SD,2025-02-15 15:00:00,1739606400000,-0.005054,0.9008,90862.0,806648.798,47998641.08,108096000.0,0.444,0.1416,-90.41,279.13,,53284459.46051195,120000000.0,6795337.04653915
SD,2025-02-15 23:00:00,1739635200000,-0.009974,0.8268,75881.0,633459.515,44055591.08,99216000.0,0.444,0.1542,-91.2,247.98,,53284459.46051195,120000000.0,6795337.04653915
SD,2025-02-18 23:00:00,1739894400000,-0.010635,0.9086,24258.0,219750.465,48414259.87,109032000.0,0.444,0.1404,-90.33,282.41,,53284459.46051195,120000000.0,6795337.04653915
SD,2025-05-23 23:00:00,1748016000000,-0.006117,0.6428,36874.0,240204.587,34251250.54,77136000.0,0.444,0.1984,-93.16,170.54,,53284459.46051195,120000000.0,6795337.04653915
SD,2025-06-23 07:00:00,1750636800000,-0.013167,0.4701,107737.0,515321.507,25049024.39,56412000.0,0.444,0.2713,-94.99,97.85,,53284459.46051195,120000000.0,6795337.04653915
SD,2025-07-24 15:00:00,1753344000000,-0.015392,1.0067,255382.0,2564868.577,53641465.34,120804000.0,0.444,0.1267,-89.28,323.7,,53284459.46051195,120000000.0,6795337.04653915
SD,2025-07-24 23:00:00,1753372800000,-0.009771,1.0067,623467.0,7108342.266,53641465.34,120804000.0,0.444,0.1267,-89.28,323.7,,53284459.46051195,120000000.0,6795337.04653915
SD,2025-07-25 07:00:00,1753401600000,-0.006286,0.8706,37225.0,334043.858,46389450.41,104472000.0,0.444,0.1465,-90.73,266.42,,53284459.46051195,120000000.0,6795337.04653915
SD,2025-07-25 23:00:00,1753459200000,-0.013325,0.8378,71569.0,609403.034,44641720.14,100536000.0,0.444,0.1522,-91.08,252.61,,53284459.46051195,120000000.0,6795337.04653915
SD,2025-07-26 07:00:00,1753488000000,-0.005226,0.9369,29764.0,274968.915,49922210.07,112428000.0,0.444,0.1361,-90.02,294.32,,53284459.46051195,120000000.0,6795337.04653915
NOBODY,2025-05-21 07:00:00,1747785600000,-0.005044,0.05755,43083.0,239936.069,53870616.93,53870616.93,1.0,0.074,-16.14,1730.43,,936066323.77,936066323.77,3984701.89640132
NOBODY,2025-05-21 11:00:00,1747800000000,-0.005056,0.05418,47418.0,258635.87,50716073.42,50716073.42,1.0,0.0786,-21.05,1623.25,,936066323.77,936066323.77,3984701.89640132
NOBODY,2025-05-21 15:00:00,1747814400000,-0.005051,0.059,57633.0,325531.744,55227913.1,55227913.1,1.0,0.0722,-14.03,1776.55,,936066323.77,936066323.77,3984701.89640132
NOBODY,2025-05-21 19:00:00,1747828800000,-0.005083,0.05602,91683.0,538454.215,52438435.46,52438435.46,1.0,0.076,-18.37,1681.77,,936066323.77,936066323.77,3984701.89640132
NOBODY,2025-05-21 23:00:00,1747843200000,-0.005053,0.052,152071.0,736052.614,48675448.84,48675448.84,1.0,0.0819,-24.23,1553.91,,936066323.77,936066323.77,3984701.89640132
NOBODY,2025-05-22 03:00:00,1747857600000,-0.005077,0.05314,24013.0,121098.458,49742564.45,49742564.45,1.0,0.0801,-22.56,1590.17,,936066323.77,936066323.77,3984701.89640132
NOBODY,2025-05-22 07:00:00,1747872000000,-0.005063,0.05198,9593.0,50009.262,48656727.51,48656727.51,1.0,0.0819,-24.25,1553.27,,936066323.77,936066323.77,3984701.89640132
NOBODY,2025-05-22 11:00:00,1747886400000,-0.005063,0.05135,43061.0,208455.665,48067005.73,48067005.73,1.0,0.0829,-25.17,1533.24,,936066323.77,936066323.77,3984701.89640132
NOBODY,2025-05-22 15:00:00,1747900800000,-0.00506,0.05479,35075.0,184355.354,51287073.88,51287073.88,1.0,0.0777,-20.16,1642.65,,936066323.77,936066323.77,3984701.89640132
NOBODY,2025-05-22 19:00:00,1747915200000,-0.005066,0.05949,26145.0,150039.292,55686585.6,55686585.6,1.0,0.0716,-13.31,1792.14,,936066323.77,936066323.77,3984701.89640132
NOBODY,2025-05-22 23:00:00,1747929600000,-0.005073,0.06339,75593.0,487899.139,59337244.26,59337244.26,1.0,0.0672,-7.63,1916.18,,936066323.77,936066323.77,3984701.89640132
NOBODY,2025-05-23 03:00:00,1747944000000,-0.005053,0.06318,24882.0,150179.212,59140670.34,59140670.34,1.0,0.0674,-7.93,1909.5,,936066323.77,936066323.77,3984701.89640132
NOBODY,2025-05-23 07:00:00,1747958400000,-0.005058,0.0617,10446.0,64919.537,57755292.18,57755292.18,1.0,0.069,-10.09,1862.43,,936066323.77,936066323.77,3984701.89640132
NOBODY,2025-05-23 11:00:00,1747972800000,-0.005061,0.05674,17224.0,98650.971,53112403.21,53112403.21,1.0,0.075,-17.32,1704.67,,936066323.77,936066323.77,3984701.89640132
NOBODY,2025-05-23 15:00:00,1747987200000,-0.005053,0.05457,23510.0,135901.026,51081139.29,51081139.29,1.0,0.078,-20.48,1635.65,,936066323.77,936066323.77,3984701.89640132
NOBODY,2025-05-23 19:00:00,1748001600000,-0.005063,0.05523,24874.0,135651.025,51698943.06,51698943.06,1.0,0.0771,-19.52,1656.64,,936066323.77,936066323.77,3984701.89640132
NOBODY,2025-05-23 23:00:00,1748016000000,-0.00507,0.05786,25321.0,143764.431,54160797.49,54160797.49,1.0,0.0736,-15.69,1740.29,,936066323.77,936066323.77,3984701.89640132
NOBODY,2025-05-24 03:00:00,1748030400000,-0.00506,0.05316,13123.0,73456.188,49761285.77,49761285.77,1.0,0.0801,-22.54,1590.81,,936066323.77,936066323.77,3984701.89640132
NOBODY,2025-05-24 07:00:00,1748044800000,-0.005062,0.05229,6511.0,34658.65,48946908.07,48946908.07,1.0,0.0814,-23.8,1563.13,,936066323.77,936066323.77,3984701.89640132
NOBODY,2025-05-24 11:00:00,1748059200000,-0.005055,0.05615,6128.0,33804.936,52560124.08,52560124.08,1.0,0.0758,-18.18,1685.91,,936066323.77,936066323.77,3984701.89640132
NOBODY,2025-05-24 15:00:00,1748073600000,-0.005059,0.05819,6467.0,37294.399,54469699.38,54469699.38,1.0,0.0732,-15.21,1750.79,,936066323.77,936066323.77,3984701.89640132
NOBODY,2025-05-24 19:00:00,1748088000000,-0.005058,0.05606,8606.0,48967.785,52475878.11,52475878.11,1.0,0.0759,-18.31,1683.04,,936066323.77,936066323.77,3984701.89640132
NOBODY,2025-05-24 23:00:00,1748102400000,-0.005042,0.05565,15102.0,84591.396,52092090.92,52092090.92,1.0,0.0765,-18.91,1670.0,,936066323.77,936066323.77,3984701.89640132
NOBODY,2025-05-25 03:00:00,1748116800000,-0.005074,0.05719,9521.0,54250.135,53533633.06,53533633.06,1.0,0.0744,-16.66,1718.98,,936066323.77,936066323.77,3984701.89640132
NOBODY,2025-05-25 07:00:00,1748131200000,-0.005049,0.05833,8998.0,52806.16,54600748.67,54600748.67,1.0,0.073,-15.0,1755.24,,936066323.77,936066323.77,3984701.89640132
NOBODY,2025-05-25 11:00:00,1748145600000,-0.005042,0.05623,11801.0,66138.156,52635009.39,52635009.39,1.0,0.0757,-18.06,1688.45,,936066323.77,936066323.77,3984701.89640132
NOBODY,2025-05-25 15:00:00,1748160000000,-0.005083,0.05702,43624.0,253262.019,53374501.78,53374501.78,1.0,0.0747,-16.91,1713.58,,936066323.77,936066323.77,3984701.89640132
NOBODY,2025-05-25 19:00:00,1748174400000,-0.005058,0.05426,13862.0,76855.472,50790958.73,50790958.73,1.0,0.0785,-20.93,1625.79,,936066323.77,936066323.77,3984701.89640132
NOBODY,2025-05-25 23:00:00,1748188800000,-0.00506,0.05519,9036.0,49377.623,51661500.41,51661500.41,1.0,0.0771,-19.58,1655.37,,936066323.77,936066323.77,3984701.89640132
NOBODY,2025-05-26 03:00:00,1748203200000,-0.005045,0.05393,10285.0,54642.842,50482056.84,50482056.84,1.0,0.0789,-21.41,1615.3,,936066323.77,936066323.77,3984701.89640132
NOBODY,2025-05-26 07:00:00,1748217600000,-0.005077,0.05747,10476.0,60023.225,53795731.63,53795731.63,1.0,0.0741,-16.25,1727.89,,936066323.77,936066323.77,3984701.89640132
NOBODY,2025-05-26 11:00:00,1748232000000,-0.005059,0.05756,15996.0,92496.342,53879977.6,53879977.6,1.0,0.074,-16.12,1730.75,,936066323.77,936066323.77,3984701.89640132
NOBODY,2025-05-26 15:00:00,1748246400000,-0.00506,0.05187,17989.0,97445.323,48553760.21,48553760.21,1.0,0.0821,-24.41,1549.78,,936066323.77,936066323.77,3984701.89640132
NOBODY,2025-05-26 19:00:00,1748260800000,-0.005068,0.04892,14979.0,72921.958,45792364.56,45792364.56,1.0,0.087,-28.71,1455.95,,936066323.77,936066323.77,3984701.89640132
NOBODY,2025-05-26 23:00:00,1748275200000,-0.005074,0.04838,15184.0,72308.165,45286888.74,45286888.74,1.0,0.088,-29.5,1438.77,,936066323.77,936066323.77,3984701.89640132
NOBODY,2025-05-27 03:00:00,1748289600000,-0.005067,0.04679,16322.0,79083.573,43798543.29,43798543.29,1.0,0.091,-31.82,1388.2,,936066323.77,936066323.77,3984701.89640132
NOBODY,2025-05-27 07:00:00,1748304000000,-0.005075,0.04272,10413.0,46691.8,39988753.35,39988753.35,1.0,0.0996,-37.75,1258.75,,936066323.77,936066323.77,3984701.89640132
NOBODY,2025-05-27 11:00:00,1748318400000,-0.005077,0.04813,9108.0,40141.603,45052872.16,45052872.16,1.0,0.0884,-29.86,1430.82,,936066323.77,936066323.77,3984701.89640132
NOBODY,2025-05-27 15:00:00,1748332800000,-0.005055,0.0352,29518.0,125995.746,32949534.6,32949534.6,1.0,0.1209,-48.71,1019.57,,936066323.77,936066323.77,3984701.89640132
NOBODY,2025-05-27 19:00:00,1748347200000,-0.005069,0.04098,32243.0,130965.796,38359997.95,38359997.95,1.0,0.1039,-40.28,1203.41,,936066323.77,936066323.77,3984701.89640132
NOBODY,2025-05-27 23:00:00,1748361600000,-0.00505,0.03931,23828.0,94421.167,36796767.19,36796767.19,1.0,0.1083,-42.72,1150.29,,936066323.77,936066323.77,3984701.89640132
NOBODY,2025-05-28 03:00:00,1748376000000,-0.00507,0.03741,15774.0,59974.556,35018241.17,35018241.17,1.0,0.1138,-45.49,1089.86,,936066323.77,936066323.77,3984701.89640132
NOBODY,2025-05-28 07:00:00,1748390400000,-0.005075,0.03976,31405.0,125301.743,37217997.03,37217997.03,1.0,0.1071,-42.06,1164.61,,936066323.77,936066323.77,3984701.89640132
NOBODY,2025-05-28 11:00:00,1748404800000,-0.005064,0.03951,15014.0,58528.534,36983980.45,36983980.45,1.0,0.1077,-42.43,1156.65,,936066323.77,936066323.77,3984701.89640132
NOBODY,2025-05-28 15:00:00,1748419200000,-0.005061,0.04369,38103.0,153980.221,40896737.69,40896737.69,1.0,0.0974,-36.33,1289.6,,936066323.77,936066323.77,3984701.89640132
NOBODY,2025-05-28 19:00:00,1748433600000,-0.005074,0.03606,57110.0,229556.452,33754551.64,33754551.64,1.0,0.118,-47.45,1046.92,,936066323.77,936066323.77,3984701.89640132
NOBODY,2025-05-28 23:00:00,1748448000000,-0.005074,0.03751,34954.0,135195.312,35111847.8,35111847.8,1.0,0.1135,-45.34,1093.04,,936066323.77,936066323.77,3984701.89640132
NOBODY,2025-05-29 03:00:00,1748462400000,-0.005067,0.03758,60432.0,207326.828,35177372.45,35177372.45,1.0,0.1133,-45.24,1095.27,,936066323.77,936066323.77,3984701.89640132
NOBODY,2025-05-29 07:00:00,1748476800000,-0.005074,0.03458,36655.0,135417.943,32369173.48,32369173.48,1.0,0.1231,-49.61,999.85,,936066323.77,936066323.77,3984701.89640132
RSS3,2025-03-19 15:00:00,1742371200000,-0.022847,0.0808,3472796.0,2760506.282,66636377.78,82345244.5,0.8092,0.1918,-88.86,130.85,,824707645.7346044,1019124313.1302423,12778263.67809436
RSS3,2025-03-19 23:00:00,1742400000000,-0.006832,0.0772,721692.0,574591.087,63667430.25,78676396.97,0.8092,0.2007,-89.36,120.56,,824707645.7346044,1019124313.1302423,12778263.67809436
RSS3,2025-03-20 07:00:00,1742428800000,-0.008764,0.0931,1017622.0,986727.186,76780281.82,94880473.55,0.8092,0.1664,-87.16,165.99,,824707645.7346044,1019124313.1302423,12778263.67809436
RSS3,2025-03-20 15:00:00,1742457600000,-0.006131,0.0795,395363.0,322150.611,65564257.84,81020382.89,0.8092,0.1949,-89.04,127.13,,824707645.7346044,1019124313.1302423,12778263.67809436
RSS3,2025-04-12 07:00:00,1744416000000,-0.01031,0.0611,1753119.0,1091972.573,50389637.15,62268495.53,0.8092,0.2536,-91.58,74.56,,824707645.7346044,1019124313.1302423,12778263.67809436
RSS3,2025-04-12 23:00:00,1744473600000,-0.006371,0.0733,1260952.0,1007933.782,60451070.43,74701812.15,0.8092,0.2114,-89.89,109.42,,824707645.7346044,1019124313.1302423,12778263.67809436
RSS3,2025-05-29 23:00:00,1748534400000,-0.013576,0.0577,886567.0,499130.636,47585631.16,58803472.87,0.8092,0.2685,-92.04,64.85,,824707645.7346044,1019124313.1302423,12778263.67809436
RSS3,2025-05-30 07:00:00,1748563200000,-0.0109,0.0558,461558.0,263160.281,46018686.63,56867136.67,0.8092,0.2777,-92.31,59.42,,824707645.7346044,1019124313.1302423,12778263.67809436
RSS3,2025-05-30 15:00:00,1748592000000,-0.005588,0.0511,74903.0,38413.512,42142560.7,52077252.4,0.8092,0.3032,-92.95,45.99,,824707645.7346044,1019124313.1302423,12778263.67809436
RSS3,2025-06-03 07:00:00,1748908800000,-0.00574,0.0471,58130.0,27527.247,38843730.11,48000755.15,0.8092,0.329,-93.51,34.57,,824707645.7346044,1019124313.1302423,12778263.67809436
RSS3,2025-06-07 07:00:00,1749254400000,-0.00525,0.0447,43541.0,19342.514,36864431.76,45554856.8,0.8092,0.3466,-93.84,27.71,,824707645.7346044,1019124313.1302423,12778263.67809436
RSS3,2025-06-08 07:00:00,1749340800000,-0.005361,0.0449,420398.0,189636.361,37029373.29,45758681.66,0.8092,0.3451,-93.81,28.28,,824707645.7346044,1019124313.1302423,12778263.67809436
RSS3,2025-06-08 23:00:00,1749398400000,-0.005028,0.0461,64740.0,29601.679,38019022.47,46981630.84,0.8092,0.3361,-93.64,31.71,,824707645.7346044,1019124313.1302423,12778263.67809436
RSS3,2025-06-09 15:00:00,1749456000000,-0.006345,0.046,115163.0,52566.301,37936551.7,46879718.4,0.8092,0.3368,-93.66,31.42,,824707645.7346044,1019124313.1302423,12778263.67809436
RSS3,2025-06-09 23:00:00,1749484800000,-0.007251,0.0469,98075.0,45892.394,38678788.58,47796930.29,0.8092,0.3304,-93.53,33.99,,824707645.7346044,1019124313.1302423,12778263.67809436
RSS3,2025-06-10 15:00:00,1749542400000,-0.006329,0.0484,101277.0,48123.816,39915850.05,49325616.76,0.8092,0.3201,-93.33,38.28,,824707645.7346044,1019124313.1302423,12778263.67809436
RSS3,2025-06-10 23:00:00,1749571200000,-0.0074,0.0487,59890.0,28899.272,40163262.35,49631354.05,0.8092,0.3182,-93.29,39.14,,824707645.7346044,1019124313.1302423,12778263.67809436
RSS3,2025-06-11 07:00:00,1749600000000,-0.005719,0.049,233079.0,114102.613,40410674.64,49937091.34,0.8092,0.3162,-93.24,39.99,,824707645.7346044,1019124313.1302423,12778263.67809436
RSS3,2025-06-11 15:00:00,1749628800000,-0.007538,0.0507,435974.0,222866.515,41812677.64,51669602.68,0.8092,0.3056,-93.01,44.85,,824707645.7346044,1019124313.1302423,12778263.67809436
RSS3,2025-06-11 23:00:00,1749657600000,-0.014491,0.0533,674909.0,361438.687,43956917.52,54319325.89,0.8092,0.2907,-92.65,52.28,,824707645.7346044,1019124313.1302423,12778263.67809436
RSS3,2025-06-12 15:00:00,1749715200000,-0.005503,0.0476,135573.0,65278.532,39256083.94,48510317.3,0.8092,0.3255,-93.44,35.99,,824707645.7346044,1019124313.1302423,12778263.67809436
RSS3,2025-06-12 23:00:00,1749744000000,-0.008896,0.0465,225539.0,107549.544,38348905.53,47389280.56,0.8092,0.3332,-93.59,32.85,,824707645.7346044,1019124313.1302423,12778263.67809436
RSS3,2025-06-13 07:00:00,1749772800000,-0.007045,0.0437,194594.0,85304.937,36039724.12,44535732.48,0.8092,0.3546,-93.97,24.85,,824707645.7346044,1019124313.1302423,12778263.67809436
RSS3,2025-06-13 15:00:00,1749801600000,-0.007289,0.0437,152095.0,66261.244,36039724.12,44535732.48,0.8092,0.3546,-93.97,24.85,,824707645.7346044,1019124313.1302423,12778263.67809436
RSS3,2025-06-13 23:00:00,1749830400000,-0.011282,0.0463,356069.0,163026.944,38183964.0,47185455.7,0.8092,0.3347,-93.62,32.28,,824707645.7346044,1019124313.1302423,12778263.67809436
RSS3,2025-06-14 07:00:00,1749859200000,-0.007694,0.0451,145095.0,66905.971,37194314.82,45962506.52,0.8092,0.3436,-93.78,28.85,,824707645.7346044,1019124313.1302423,12778263.67809436
RSS3,2025-06-14 15:00:00,1749888000000,-0.005902,0.0454,119891.0,53872.548,37441727.12,46268243.82,0.8092,0.3413,-93.74,29.71,,824707645.7346044,1019124313.1302423,12778263.67809436
RSS3,2025-06-14 23:00:00,1749916800000,-0.007115,0.0451,608359.0,273202.614,37194314.82,45962506.52,0.8092,0.3436,-93.78,28.85,,824707645.7346044,1019124313.1302423,12778263.67809436
RSS3,2025-06-15 23:00:00,1750003200000,-0.005492,0.0451,549618.0,251761.92,37194314.82,45962506.52,0.8092,0.3436,-93.78,28.85,,824707645.7346044,1019124313.1302423,12778263.67809436
RSS3,2025-06-17 07:00:00,1750118400000,-0.005707,0.0452,98497.0,44251.277,37276785.59,46064418.95,0.8092,0.3428,-93.77,29.14,,824707645.7346044,1019124313.1302423,12778263.67809436
RSS3,2025-06-17 23:00:00,1750176000000,-0.007614,0.044,435040.0,191290.42,36287136.41,44841469.78,0.8092,0.3521,-93.93,25.71,,824707645.7346044,1019124313.1302423,12778263.67809436
RSS3,2025-06-18 07:00:00,1750204800000,-0.00646,0.0437,137475.0,59717.907,36039724.12,44535732.48,0.8092,0.3546,-93.97,24.85,,824707645.7346044,1019124313.1302423,12778263.67809436
RSS3,2025-06-18 15:00:00,1750233600000,-0.007234,0.0437,245255.0,106775.876,36039724.12,44535732.48,0.8092,0.3546,-93.97,24.85,,824707645.7346044,1019124313.1302423,12778263.67809436
RSS3,2025-06-19 23:00:00,1750348800000,-0.006398,0.0447,117623.0,52505.174,36864431.76,45554856.8,0.8092,0.3466,-93.84,27.71,,824707645.7346044,1019124313.1302423,12778263.67809436
RSS3,2025-06-30 15:00:00,1751270400000,-0.011958,0.0439,314087.0,138554.321,36204665.65,44739557.35,0.8092,0.3529,-93.95,25.42,,824707645.7346044,1019124313.1302423,12778263.67809436
RSS3,2025-06-30 23:00:00,1751299200000,-0.007238,0.0437,125773.0,54343.271,36039724.12,44535732.48,0.8092,0.3546,-93.97,24.85,,824707645.7346044,1019124313.1302423,12778263.67809436
RSS3,2025-08-19 23:00:00,1755619200000,-0.006977,0.0488,415907.0,199546.054,40245733.11,49733266.48,0.8092,0.3175,-93.27,39.42,,824707645.7346044,1019124313.1302423,12778263.67809436
SAHARA,2025-06-26 23:00:00,1750953600000,-0.02,0.08873,25070016.0,23358159.0383,188486551.1,887300000.0,,,,,,0.0,10000000000.0,0.0
SAHARA,2025-06-27 00:00:00,1750957200000,-0.015507,0.08873,25070016.0,23358159.0383,188486551.1,887300000.0,,,,,,0.0,10000000000.0,0.0
SAHARA,2025-06-27 01:00:00,1750960800000,-0.00646,0.08873,25070016.0,23358159.0383,188486551.1,887300000.0,,,,,,0.0,10000000000.0,0.0
SAHARA,2025-06-27 02:00:00,1750964400000,-0.011347,0.08873,25070016.0,23358159.0383,188486551.1,887300000.0,,,,,,0.0,10000000000.0,0.0
SAHARA,2025-06-27 06:00:00,1750978800000,-0.005494,0.09356,8593555.0,7791650.6316,198746779.23,935600000.0,,,,,,0.0,10000000000.0,0.0
SAHARA,2025-06-27 07:00:00,1750982400000,-0.006421,0.08099,6909739.0,5871325.8602,172044694.85,809900000.0,,,,,,0.0,10000000000.0,0.0
SAHARA,2025-06-27 19:00:00,1751025600000,-0.005086,0.08122,6437078.0,5314833.2106,172533277.14,812200000.0,,,,,,0.0,10000000000.0,0.0
SAHARA,2025-06-28 08:00:00,1751072400000,-0.005128,0.08541,5579474.0,4720055.4861,181433971.93,854100000.0,,,,,,0.0,10000000000.0,0.0
SAHARA,2025-07-24 15:00:00,1753344000000,-0.008477,0.10877,7954085.0,8743735.2532,231056938.61,1087700000.0,,,,,,0.0,10000000000.0,0.0
STORJ,2024-10-19 23:00:00,1729353600000,-0.009089,0.604,11587463.0,6931134.8267,253059920.7,256699998.79,0.9858,0.032,-84.54,1149.15,,418973378.63491154,424999998.00000113,8095031.93440776
STORJ,2025-02-17 15:00:00,1739779200000,-0.03,0.4011,36725366.0,14539192.2484,168050222.17,170467499.2,0.9858,0.0482,-89.74,729.53,,418973378.63491154,424999998.00000113,8095031.93440776
STORJ,2025-02-18 15:00:00,1739865600000,-0.014231,0.3682,9592229.0,3446119.5036,154265998.01,156484999.26,0.9858,0.0525,-90.58,661.48,,418973378.63491154,424999998.00000113,8095031.93440776
SUN,2024-07-14 07:00:00,1720915200000,-0.005595,0.011707,6530.0,76134.563,224270050.56,232977846.11,0.9626,0.0521,-78.46,152.74,,19156918985.31451,19900730000.0,11690441.74819173
SUN,2024-07-14 23:00:00,1720972800000,-0.005911,0.011602,4309.0,50141.499,222258574.07,230888269.46,0.9626,0.0526,-78.66,150.48,,19156918985.31451,19900730000.0,11690441.74819173
SUN,2024-07-15 07:00:00,1721001600000,-0.007614,0.01173,3715.0,43685.051,224710659.7,233435562.9,0.9626,0.052,-78.42,153.24,,19156918985.31451,19900730000.0,11690441.74819173
SUN,2024-08-20 23:00:00,1724169600000,-0.00681,0.014574,156127.0,2182636.902,279192937.29,290033239.02,0.9626,0.0419,-73.19,214.64,,19156918985.31451,19900730000.0,11690441.74819173
STO,2025-04-03 19:00:00,1743681600000,-0.020075,0.06398,6196261.0,3960536.7655,14416826.65,63980000.0,0.2253,0.6992,-70.28,21.32,,225333333.0,1000000000.0,10080087.31326057
STO,2025-04-03 23:00:00,1743696000000,-0.011577,0.06357,2570688.0,1628525.783,14324439.98,63570000.0,0.2253,0.7037,-70.47,20.55,,225333333.0,1000000000.0,10080087.31326057
STO,2025-04-04 03:00:00,1743710400000,-0.007457,0.069,1834523.0,1269086.0847,15547999.98,69000000.0,0.2253,0.6483,-67.94,30.84,,225333333.0,1000000000.0,10080087.31326057
STO,2025-04-04 23:00:00,1743782400000,-0.005794,0.06202,2643894.0,1680457.5896,13975173.31,62020000.0,0.2253,0.7213,-71.19,17.61,,225333333.0,1000000000.0,10080087.31326057
STO,2025-05-03 03:00:00,1746216000000,-0.006421,0.196,2623616.0,5101040.959,44165333.27,196000000.0,0.2253,0.2282,-8.94,271.67,,225333333.0,1000000000.0,10080087.31326057
SUPRA,2025-04-21 07:00:00,1745193600000,-0.010012,0.004617,383627997.0,1810759.431614,75158728.25,370349564.77,0.2029,0.068,-93.71,141.67,,16278693578.28798,80214330684.51848,5113895.0503517
SUPRA,2025-04-21 11:00:00,1745208000000,-0.010005,0.004602,120631436.0,554279.991002,74914547.85,369146349.81,0.2029,0.0683,-93.73,140.89,,16278693578.28798,80214330684.51848,5113895.0503517
SWELL,2025-08-02 15:00:00,1754121600000,-0.008659,0.0087,838276.0,752644.61,22790808.39,87000000.0,0.262,0.3707,-87.52,23.68,,2619633148.4288764,10000000000.0,8448763.51786141
SWELL,2025-08-02 19:00:00,1754136000000,-0.005845,0.00849,255479.0,215423.791,22240685.43,84900000.0,0.262,0.3799,-87.82,20.69,,2619633148.4288764,10000000000.0,8448763.51786141
TAIKO,2025-04-12 15:00:00,1744444800000,-0.005523,0.645,511927.0,346710.403,115080838.74,645000000.0,0.1784,0.1092,-80.29,87.57,,178419905.0294359,1000000000.0,12569884.66430557
TAKER,2025-07-18 19:00:00,1752840000000,-0.010185,0.04086,1950617.0,873804.7901,,40860000.0,,,,,,0.0,1000000000.0,0.0
STG,2024-05-30 15:00:00,1717056000000,-0.009411,0.7477,3848936.0,28624511.249,494193340.1,747700000.0,0.661,0.067,-82.55,635.74,,660951371.0,1000000000.0,33106533.87471571
STG,2024-05-30 23:00:00,1717084800000,-0.03,0.6989,4214598.0,30746798.231,461938913.19,698900000.0,0.661,0.0717,-83.69,587.72,,660951371.0,1000000000.0,33106533.87471571
STG,2024-05-31 07:00:00,1717113600000,-0.007098,0.7125,884682.0,6325135.025,470927851.84,712500000.0,0.661,0.0703,-83.37,601.1,,660951371.0,1000000000.0,33106533.87471571
STG,2024-05-31 15:00:00,1717142400000,-0.008322,0.6992,770563.0,5283626.871,462137198.6,699200000.0,0.661,0.0716,-83.68,588.01,,660951371.0,1000000000.0,33106533.87471571
STG,2024-08-11 15:00:00,1723363200000,-0.006273,0.3611,1144409.0,4323789.059,238669540.07,361100000.0,0.661,0.1387,-91.57,255.32,,660951371.0,1000000000.0,33106533.87471571
STG,2024-11-09 15:00:00,1731139200000,-0.005769,0.3596,1036415.0,3785790.423,237678113.01,359600000.0,0.661,0.1393,-91.61,253.85,,660951371.0,1000000000.0,33106533.87471571
STG,2024-12-26 07:00:00,1735171200000,-0.007135,0.4102,728160.0,2929220.941,271122252.38,410200000.0,0.661,0.1221,-90.42,303.64,,660951371.0,1000000000.0,33106533.87471571
STG,2024-12-26 15:00:00,1735200000000,-0.007793,0.3821,533407.0,2039545.641,252549518.86,382100000.0,0.661,0.1311,-91.08,275.99,,660951371.0,1000000000.0,33106533.87471571
STG,2024-12-30 15:00:00,1735545600000,-0.005044,0.4096,251758.0,1003519.499,270725681.56,409600000.0,0.661,0.1223,-90.44,303.05,,660951371.0,1000000000.0,33106533.87471571
STG,2025-01-05 23:00:00,1736092800000,-0.005903,0.5114,215601.0,1096265.952,338010531.13,511400000.0,0.661,0.0979,-88.06,403.22,,660951371.0,1000000000.0,33106533.87471571
TLM,2024-08-19 15:00:00,1724054400000,-0.008701,0.012288,385168406.0,4771283.409162,74432853.78,83243346.87,0.8942,0.102,-98.66,250.57,,6057361147.4611,6774360910.9046,7594634.74806346
TGT,2025-07-11 03:00:00,1752177600000,-0.010567,0.01184,13937614.0,1657864.408,1904138.39,11840000.0,0.1608,0.5956,-94.6,190.99,,160822499.0,1000000000.0,1134056.36427298
TGT,2025-07-11 07:00:00,1752192000000,-0.006394,0.01248,2886810.0,357259.2211,2007064.79,12480000.0,0.1608,0.565,-94.31,206.72,,160822499.0,1000000000.0,1134056.36427298
TGT,2025-07-12 15:00:00,1752307200000,-0.005553,0.01232,4202346.0,498930.3065,1981333.19,12320000.0,0.1608,0.5724,-94.38,202.79,,160822499.0,1000000000.0,1134056.36427298
TGT,2025-07-12 19:00:00,1752321600000,-0.006746,0.0139,12919503.0,1878578.1197,2235432.74,13900000.0,0.1608,0.5073,-93.66,241.62,,160822499.0,1000000000.0,1134056.36427298
ORCA,2024-08-06 23:00:00,1722960000000,-0.005648,2.463,219478.0,547527.804,147674683.85,184724171.62,0.7994,0.095,-88.95,596.33,,59957240.70415,74999663.672289,14025313.25918878
ORCA,2024-12-06 23:00:00,1733500800000,-0.011586,7.031,3286595.0,24737880.658,421559359.39,527322635.28,0.7994,0.0333,-68.47,1887.77,,59957240.70415,74999663.672289,14025313.25918878
ORCA,2025-03-21 15:00:00,1742544000000,-0.02,3.358,21369911.0,67962255.369,201336414.28,251848870.61,0.7994,0.0697,-84.94,849.36,,59957240.70415,74999663.672289,14025313.25918878
ORCA,2025-03-21 17:00:00,1742551200000,-0.02,3.358,21369911.0,67962255.369,201336414.28,251848870.61,0.7994,0.0697,-84.94,849.36,,59957240.70415,74999663.672289,14025313.25918878
ORCA,2025-03-21 19:00:00,1742558400000,-0.02,3.082,16297799.0,52590087.652,184788215.85,231148963.44,0.7994,0.0759,-86.18,771.33,,59957240.70415,74999663.672289,14025313.25918878
ORCA,2025-03-21 21:00:00,1742565600000,-0.02,3.082,16297799.0,52590087.652,184788215.85,231148963.44,0.7994,0.0759,-86.18,771.33,,59957240.70415,74999663.672289,14025313.25918878
ORCA,2025-03-21 23:00:00,1742572800000,-0.02,2.993,10778591.0,32587295.316,179452021.43,224473993.37,0.7994,0.0782,-86.58,746.17,,59957240.70415,74999663.672289,14025313.25918878
ORCA,2025-03-22 01:00:00,1742580000000,-0.02,2.993,10778591.0,32587295.316,179452021.43,224473993.37,0.7994,0.0782,-86.58,746.17,,59957240.70415,74999663.672289,14025313.25918878
ORCA,2025-03-22 03:00:00,1742587200000,-0.018985,3.141,10276774.0,30141726.754,188325693.05,235573943.59,0.7994,0.0745,-85.91,788.01,,59957240.70415,74999663.672289,14025313.25918878
ORCA,2025-03-22 05:00:00,1742594400000,-0.02,3.141,10276774.0,30141726.754,188325693.05,235573943.59,0.7994,0.0745,-85.91,788.01,,59957240.70415,74999663.672289,14025313.25918878
ORCA,2025-03-22 07:00:00,1742601600000,-0.02,3.023,6925218.0,20907276.625,181250738.65,226723983.28,0.7994,0.0774,-86.44,754.65,,59957240.70415,74999663.672289,14025313.25918878
ORCA,2025-03-22 09:00:00,1742608800000,-0.013533,3.023,6925218.0,20907276.625,181250738.65,226723983.28,0.7994,0.0774,-86.44,754.65,,59957240.70415,74999663.672289,14025313.25918878
ORCA,2025-03-22 11:00:00,1742616000000,-0.016889,3.059,5387856.0,15932639.303,183409199.31,229423971.17,0.7994,0.0765,-86.28,764.83,,59957240.70415,74999663.672289,14025313.25918878
ORCA,2025-03-22 13:00:00,1742623200000,-0.007406,3.059,5387856.0,15932639.303,183409199.31,229423971.17,0.7994,0.0765,-86.28,764.83,,59957240.70415,74999663.672289,14025313.25918878
ORCA,2025-03-22 15:00:00,1742630400000,-0.017309,3.444,9359795.0,30732553.237,206492736.99,258298841.69,0.7994,0.0679,-84.55,873.67,,59957240.70415,74999663.672289,14025313.25918878
ORCA,2025-03-22 17:00:00,1742637600000,-0.009565,3.444,9359795.0,30732553.237,206492736.99,258298841.69,0.7994,0.0679,-84.55,873.67,,59957240.70415,74999663.672289,14025313.25918878
ORCA,2025-03-22 19:00:00,1742644800000,-0.019226,3.207,8472586.0,28633099.556,192282870.94,240523921.4,0.7994,0.0729,-85.62,806.67,,59957240.70415,74999663.672289,14025313.25918878
ORCA,2025-03-22 21:00:00,1742652000000,-0.011201,3.207,8472586.0,28633099.556,192282870.94,240523921.4,0.7994,0.0729,-85.62,806.67,,59957240.70415,74999663.672289,14025313.25918878
ORCA,2025-03-27 11:00:00,1743048000000,-0.008113,2.779,2380586.0,6607632.969,166621171.92,208424065.35,0.7994,0.0842,-87.54,685.67,,59957240.70415,74999663.672289,14025313.25918878
ORCA,2025-03-27 15:00:00,1743062400000,-0.005273,2.673,1621368.0,4457156.624,160265704.4,200474101.0,0.7994,0.0875,-88.01,655.7,,59957240.70415,74999663.672289,14025313.25918878
ORCA,2025-03-28 11:00:00,1743134400000,-0.008112,2.763,2014750.0,5749207.503,165661856.07,207224070.73,0.7994,0.0847,-87.61,681.14,,59957240.70415,74999663.672289,14025313.25918878
ORCA,2025-03-28 15:00:00,1743148800000,-0.008718,2.763,748822.0,2043151.634,165661856.07,207224070.73,0.7994,0.0847,-87.61,681.14,,59957240.70415,74999663.672289,14025313.25918878
ORCA,2025-04-11 15:00:00,1744358400000,-0.02,2.717,8100734.0,22835502.962,162903822.99,203774086.2,0.7994,0.0861,-87.81,668.14,,59957240.70415,74999663.672289,14025313.25918878
ORCA,2025-04-11 19:00:00,1744372800000,-0.017254,3.001,6771874.0,19250039.437,179931679.35,225073990.68,0.7994,0.0779,-86.54,748.43,,59957240.70415,74999663.672289,14025313.25918878
ORCA,2025-04-11 23:00:00,1744387200000,-0.02,2.967,3537277.0,10386540.244,177893133.17,222524002.12,0.7994,0.0788,-86.69,738.82,,59957240.70415,74999663.672289,14025313.25918878
ORCA,2025-04-12 03:00:00,1744401600000,-0.012013,3.103,3736829.0,11215540.613,186047317.9,232723956.38,0.7994,0.0754,-86.08,777.26,,59957240.70415,74999663.672289,14025313.25918878
ORCA,2025-04-12 07:00:00,1744416000000,-0.018698,3.383,6262740.0,20072844.596,202835345.3,253723862.2,0.7994,0.0691,-84.83,856.43,,59957240.70415,74999663.672289,14025313.25918878
ORCA,2025-04-12 11:00:00,1744430400000,-0.02,3.481,4478335.0,14766946.293,208711154.89,261073829.24,0.7994,0.0672,-84.39,884.13,,59957240.70415,74999663.672289,14025313.25918878
ORCA,2025-04-12 15:00:00,1744444800000,-0.018395,3.254,9804989.0,33070422.64,195100861.25,244048905.59,0.7994,0.0719,-85.41,819.95,,59957240.70415,74999663.672289,14025313.25918878
ORCA,2025-04-12 17:00:00,1744452000000,-0.012765,3.254,9804989.0,33070422.64,195100861.25,244048905.59,0.7994,0.0719,-85.41,819.95,,59957240.70415,74999663.672289,14025313.25918878
ORCA,2025-04-12 19:00:00,1744459200000,-0.014412,2.959,5629279.0,17694502.1,177413475.24,221924004.81,0.7994,0.0791,-86.73,736.55,,59957240.70415,74999663.672289,14025313.25918878
ORCA,2025-04-12 21:00:00,1744466400000,-0.005755,2.959,5629279.0,17694502.1,177413475.24,221924004.81,0.7994,0.0791,-86.73,736.55,,59957240.70415,74999663.672289,14025313.25918878
ORCA,2025-04-13 03:00:00,1744488000000,-0.005048,3.201,1277551.0,3953772.081,191923127.49,240073923.41,0.7994,0.0731,-85.64,804.97,,59957240.70415,74999663.672289,14025313.25918878
ORCA,2025-04-13 07:00:00,1744502400000,-0.006605,3.034,989638.0,3020932.559,181910268.3,227548979.58,0.7994,0.0771,-86.39,757.76,,59957240.70415,74999663.672289,14025313.25918878
ORCA,2025-04-14 13:00:00,1744610400000,-0.011582,3.387,2413553.0,8278835.635,203075174.26,254023860.86,0.7994,0.0691,-84.81,857.56,,59957240.70415,74999663.672289,14025313.25918878
ORCA,2025-04-15 09:00:00,1744682400000,-0.006751,3.223,1444880.0,4807503.511,193242186.79,241723916.02,0.7994,0.0726,-85.55,811.19,,59957240.70415,74999663.672289,14025313.25918878
TOKEN,2024-08-20 19:00:00,1724155200000,-0.005723,0.0665,1092823.0,7493145.411,66501315.97,665000000.0,0.1,0.0604,-72.83,136623.01,,1000019789.0,10000000000.0,4017889.35363021
TOKEN,2024-08-21 07:00:00,1724198400000,-0.02,0.06665,2965293.0,21448746.815,66651318.94,666500000.0,0.1,0.0603,-72.77,136931.41,,1000019789.0,10000000000.0,4017889.35363021
TOKEN,2025-01-09 15:00:00,1736409600000,-0.008324,0.05445,355595.0,1976928.842,54451077.51,544500000.0,0.1,0.0738,-77.76,111848.39,,1000019789.0,10000000000.0,4017889.35363021
TOKEN,2025-01-09 19:00:00,1736424000000,-0.007598,0.05557,357282.0,1923527.306,55571099.67,555700000.0,0.1,0.0723,-77.3,114151.09,,1000019789.0,10000000000.0,4017889.35363021
TOKEN,2025-01-09 23:00:00,1736438400000,-0.006767,0.05185,165563.0,893153.815,51851026.06,518500000.0,0.1,0.0775,-78.82,106502.83,,1000019789.0,10000000000.0,4017889.35363021
TOKEN,2025-02-20 03:00:00,1739995200000,-0.005841,0.02673,760242.0,2014813.751,26730528.96,267300000.0,0.1,0.1503,-89.08,54856.48,,1000019789.0,10000000000.0,4017889.35363021
TOKEN,2025-02-20 07:00:00,1740009600000,-0.009408,0.02538,633667.0,1651040.425,25380502.24,253800000.0,0.1,0.1583,-89.63,52080.9,,1000019789.0,10000000000.0,4017889.35363021
SPELL,2025-01-17 23:00:00,1737129600000,-0.005376,0.0008981,30512102.0,2685686.81834,148144660.24,176035449.05,0.8416,0.056,-98.8,156.73,,164953413029.3098,196008739620.0,8291440.43741084
SPELL,2025-01-18 07:00:00,1737158400000,-0.025,0.0010309,48732447.0,5329525.59603,170050473.49,202065409.67,0.8416,0.0488,-98.63,194.69,,164953413029.3098,196008739620.0,8291440.43741084
SPELL,2025-01-18 15:00:00,1737187200000,-0.011377,0.0010749,33473717.0,3381501.0637,177308423.67,210689794.22,0.8416,0.0468,-98.57,207.27,,164953413029.3098,196008739620.0,8291440.43741084
SPELL,2025-01-18 23:00:00,1737216000000,-0.017635,0.001124,42804071.0,4783009.8062,185407636.24,220313823.33,0.8416,0.0447,-98.5,221.31,,164953413029.3098,196008739620.0,8291440.43741084
SPELL,2025-01-19 07:00:00,1737244800000,-0.008079,0.0010253,11310002.0,1182668.65394,169126734.38,200967760.73,0.8416,0.049,-98.64,193.09,,164953413029.3098,196008739620.0,8291440.43741084
SPELL,2025-01-24 07:00:00,1737676800000,-0.007889,0.0010166,27381982.0,2825060.58664,167691639.69,199262484.7,0.8416,0.0494,-98.65,190.61,,164953413029.3098,196008739620.0,8291440.43741084
SPELL,2025-01-24 15:00:00,1737705600000,-0.007316,0.0011647,53080921.0,5934374.35393,192121240.16,228291379.04,0.8416,0.0432,-98.45,232.94,,164953413029.3098,196008739620.0,8291440.43741084
SPELL,2025-01-24 23:00:00,1737734400000,-0.008775,0.0011566,48857274.0,5490291.68687,190785117.51,226703708.24,0.8416,0.0435,-98.46,230.63,,164953413029.3098,196008739620.0,8291440.43741084
SPELL,2025-01-27 07:00:00,1737936000000,-0.023434,0.0015101,58146041.0,9041000.48753,249096149.02,295992797.7,0.8416,0.0333,-97.99,331.68,,164953413029.3098,196008739620.0,8291440.43741084
SPELL,2025-01-28 23:00:00,1738080000000,-0.009926,0.0018091,172429650.0,32068376.09036,298417219.51,354599410.85,0.8416,0.0278,-97.59,417.15,,164953413029.3098,196008739620.0,8291440.43741084
SPELL,2025-01-29 07:00:00,1738108800000,-0.00597,0.0017894,31508685.0,5502097.92837,295167637.27,350738038.68,0.8416,0.0281,-97.62,411.52,,164953413029.3098,196008739620.0,8291440.43741084
SPELL,2025-01-29 23:00:00,1738166400000,-0.005889,0.0017072,33374707.0,5617892.80053,281608466.72,334626120.28,0.8416,0.0294,-97.73,388.02,,164953413029.3098,196008739620.0,8291440.43741084
SPELL,2025-01-30 15:00:00,1738224000000,-0.005342,0.0018527,27475188.0,4883492.33068,305609188.32,363145391.89,0.8416,0.0271,-97.53,429.61,,164953413029.3098,196008739620.0,8291440.43741084
SPELL,2025-02-06 15:00:00,1738828800000,-0.005113,0.0011312,13300338.0,1531324.17915,186595300.82,221725086.26,0.8416,0.0444,-98.49,223.36,,164953413029.3098,196008739620.0,8291440.43741084
SPELL,2025-02-17 07:00:00,1739750400000,-0.006649,0.0009352,1518840.0,145015.15909,154264431.87,183307373.29,0.8416,0.0537,-98.76,167.34,,164953413029.3098,196008739620.0,8291440.43741084
SPELL,2025-03-16 07:00:00,1742083200000,-0.009065,0.0007381,18969156.0,1407101.93634,121752114.16,144674050.71,0.8416,0.0681,-99.02,110.99,,164953413029.3098,196008739620.0,8291440.43741084
SPELL,2025-03-16 15:00:00,1742112000000,-0.006962,0.0007601,36929807.0,2905687.36896,125381089.24,148986242.99,0.8416,0.0661,-98.99,117.28,,164953413029.3098,196008739620.0,8291440.43741084
SPELL,2025-03-16 23:00:00,1742140800000,-0.006542,0.0007117,26083040.0,1916729.24113,117397344.05,139499419.99,0.8416,0.0706,-99.05,103.45,,164953413029.3098,196008739620.0,8291440.43741084
SPELL,2025-04-11 07:00:00,1744329600000,-0.011963,0.0005985,17879846.0,1037051.08132,98724617.7,117311230.66,0.8416,0.084,-99.2,71.09,,164953413029.3098,196008739620.0,8291440.43741084
SPELL,2025-04-11 15:00:00,1744358400000,-0.007943,0.0006242,26854468.0,1676451.98878,102963920.41,122348655.27,0.8416,0.0805,-99.17,78.43,,164953413029.3098,196008739620.0,8291440.43741084
SPELL,2025-04-11 23:00:00,1744387200000,-0.010466,0.0006084,19038103.0,1158995.07411,100357656.49,119251717.18,0.8416,0.0826,-99.19,73.92,,164953413029.3098,196008739620.0,8291440.43741084
SOPH,2025-05-28 23:00:00,1748448000000,-0.02,0.06425,38978131.0,25961853.6082,128500000.0,642500000.0,0.2,0.1154,-41.84,112.96,,2000000000.0,10000000000.0,14830989.97956041
SOPH,2025-05-29 00:00:00,1748451600000,-0.02,0.06425,38978131.0,25961853.6082,128500000.0,642500000.0,0.2,0.1154,-41.84,112.96,,2000000000.0,10000000000.0,14830989.97956041
SOPH,2025-05-29 02:00:00,1748458800000,-0.006589,0.06425,38978131.0,25961853.6082,128500000.0,642500000.0,0.2,0.1154,-41.84,112.96,,2000000000.0,10000000000.0,14830989.97956041
SOPH,2025-05-29 05:00:00,1748469600000,-0.005715,0.06634,6903328.0,4513665.2544,132680000.0,663400000.0,0.2,0.1118,-39.95,119.89,,2000000000.0,10000000000.0,14830989.97956041
SOPH,2025-05-30 21:00:00,1748613600000,-0.00876,0.05774,12796432.0,7373874.289,115480000.0,577400000.0,0.2,0.1284,-47.74,91.38,,2000000000.0,10000000000.0,14830989.97956041
SOPH,2025-07-12 08:00:00,1752282000000,-0.00545,0.03946,3162005.0,1253910.738,78920000.0,394600000.0,0.2,0.1879,-64.28,30.79,,2000000000.0,10000000000.0,14830989.97956041
SOPH,2025-07-23 23:00:00,1753286400000,-0.009631,0.04221,4945952.0,2121079.0867,84420000.0,422100000.0,0.2,0.1757,-61.79,39.91,,2000000000.0,10000000000.0,14830989.97956041
SOPH,2025-07-25 15:00:00,1753430400000,-0.005252,0.04074,927409.0,376383.6309,81480000.0,407400000.0,0.2,0.182,-63.12,35.03,,2000000000.0,10000000000.0,14830989.97956041
CUDIS,2025-06-05 19:00:00,1749124800000,-0.01012,0.1092,9568445.0,10298920.596,27027000.0,109200000.0,0.2475,1.832,-34.98,118.29,,247500000.0,1000000000.0,49514339.6115081
CUDIS,2025-06-05 23:00:00,1749139200000,-0.01802,0.14,8351139.0,11587661.026,34650000.0,140000000.0,0.2475,1.429,-16.64,179.86,,247500000.0,1000000000.0,49514339.6115081
CUDIS,2025-06-06 03:00:00,1749153600000,-0.01802,0.1211,2478523.0,3109088.44,29972250.0,121100000.0,0.2475,1.652,-27.89,142.08,,247500000.0,1000000000.0,49514339.6115081
CUDIS,2025-06-06 07:00:00,1749168000000,-0.01802,0.1363,956079.0,1173653.754,33734250.0,136300000.0,0.2475,1.4678,-18.84,172.47,,247500000.0,1000000000.0,49514339.6115081
CUDIS,2025-06-06 15:00:00,1749196800000,-0.005024,0.1217,1797547.0,2358641.096,30120750.0,121700000.0,0.2475,1.6439,-27.53,143.28,,247500000.0,1000000000.0,49514339.6115081
CUDIS,2025-06-06 19:00:00,1749211200000,-0.005024,0.1177,1024334.0,1232078.729,29130750.0,117700000.0,0.2475,1.6997,-29.92,135.29,,247500000.0,1000000000.0,49514339.6115081
CUDIS,2025-06-06 23:00:00,1749225600000,-0.005024,0.1071,1168191.0,1323622.184,26507250.0,107100000.0,0.2475,1.868,-36.23,114.1,,247500000.0,1000000000.0,49514339.6115081
CUDIS,2025-06-07 03:00:00,1749240000000,-0.005024,0.1007,706001.0,737847.582,24923250.0,100700000.0,0.2475,1.9867,-40.04,101.3,,247500000.0,1000000000.0,49514339.6115081
CUDIS,2025-06-08 19:00:00,1749384000000,-0.005065,0.1022,390632.0,416100.061,25294500.0,102200000.0,0.2475,1.9575,-39.14,104.3,,247500000.0,1000000000.0,49514339.6115081
CUDIS,2025-06-08 23:00:00,1749398400000,-0.005046,0.1024,194639.0,197893.563,25344000.0,102400000.0,0.2475,1.9537,-39.03,104.7,,247500000.0,1000000000.0,49514339.6115081
CUDIS,2025-06-09 03:00:00,1749412800000,-0.005035,0.1016,100250.0,101733.069,25146000.0,101600000.0,0.2475,1.9691,-39.5,103.1,,247500000.0,1000000000.0,49514339.6115081
CUDIS,2025-06-09 07:00:00,1749427200000,-0.005033,0.1002,136674.0,137427.228,24799500.0,100200000.0,0.2475,1.9966,-40.34,100.3,,247500000.0,1000000000.0,49514339.6115081
CUDIS,2025-06-09 11:00:00,1749441600000,-0.00507,0.1014,113404.0,114298.877,25096500.0,101400000.0,0.2475,1.973,-39.62,102.7,,247500000.0,1000000000.0,49514339.6115081
CUDIS,2025-06-09 15:00:00,1749456000000,-0.005047,0.0992,174653.0,174091.602,24552000.0,99200000.0,0.2475,2.0167,-40.93,98.3,,247500000.0,1000000000.0,49514339.6115081
CUDIS,2025-06-13 11:00:00,1749787200000,-0.014968,0.09753,113969.0,110713.2081,24138675.0,97530000.0,0.2475,2.0512,-41.93,94.97,,247500000.0,1000000000.0,49514339.6115081
CUDIS,2025-06-13 15:00:00,1749801600000,-0.007145,0.09806,420626.0,390309.5005,24269850.0,98060000.0,0.2475,2.0402,-41.61,96.02,,247500000.0,1000000000.0,49514339.6115081
CUDIS,2025-06-13 19:00:00,1749816000000,-0.016052,0.10016,200627.0,193971.6626,24789600.0,100160000.0,0.2475,1.9974,-40.36,100.22,,247500000.0,1000000000.0,49514339.6115081
CUDIS,2025-06-13 23:00:00,1749830400000,-0.006389,0.09841,94486.0,94613.0331,24356475.0,98410000.0,0.2475,2.0329,-41.4,96.72,,247500000.0,1000000000.0,49514339.6115081
CUDIS,2025-06-14 03:00:00,1749844800000,-0.006716,0.0994,68310.0,67706.6785,24601500.0,99400000.0,0.2475,2.0127,-40.81,98.7,,247500000.0,1000000000.0,49514339.6115081
CUDIS,2025-06-15 23:00:00,1750003200000,-0.007882,0.09155,93050.0,84326.8194,22658625.0,91550000.0,0.2475,2.1852,-45.49,83.01,,247500000.0,1000000000.0,49514339.6115081
CUDIS,2025-06-16 03:00:00,1750017600000,-0.010565,0.09136,68359.0,62002.2019,22611600.0,91360000.0,0.2475,2.1898,-45.6,82.63,,247500000.0,1000000000.0,49514339.6115081
CUDIS,2025-06-16 07:00:00,1750032000000,-0.011717,0.09149,41189.0,37306.6078,22643775.0,91490000.0,0.2475,2.1867,-45.52,82.89,,247500000.0,1000000000.0,49514339.6115081
CUDIS,2025-06-16 11:00:00,1750046400000,-0.011454,0.09048,38523.0,35027.4043,22393800.0,90480000.0,0.2475,2.2111,-46.12,80.87,,247500000.0,1000000000.0,49514339.6115081
CUDIS,2025-06-16 19:00:00,1750075200000,-0.009884,0.09599,65210.0,62739.1856,23757525.0,95990000.0,0.2475,2.0842,-42.84,91.89,,247500000.0,1000000000.0,49514339.6115081
CUDIS,2025-06-16 23:00:00,1750089600000,-0.008181,0.09667,175403.0,168131.3751,23925825.0,96670000.0,0.2475,2.0695,-42.44,93.25,,247500000.0,1000000000.0,49514339.6115081
CUDIS,2025-06-17 03:00:00,1750104000000,-0.018217,0.09507,95741.0,92037.0574,23529825.0,95070000.0,0.2475,2.1043,-43.39,90.05,,247500000.0,1000000000.0,49514339.6115081
CUDIS,2025-06-17 07:00:00,1750118400000,-0.00814,0.09475,61552.0,57876.0379,23450625.0,94750000.0,0.2475,2.1114,-43.58,89.41,,247500000.0,1000000000.0,49514339.6115081
CUDIS,2025-06-17 11:00:00,1750132800000,-0.008385,0.094,54288.0,50774.852,23265000.0,94000000.0,0.2475,2.1283,-44.03,87.91,,247500000.0,1000000000.0,49514339.6115081
CUDIS,2025-06-17 15:00:00,1750147200000,-0.007285,0.09135,52289.0,47886.5553,22609125.0,91350000.0,0.2475,2.19,-45.61,82.61,,247500000.0,1000000000.0,49514339.6115081
CUDIS,2025-06-17 19:00:00,1750161600000,-0.009532,0.08979,57608.0,51994.081,22223025.0,89790000.0,0.2475,2.2281,-46.53,79.49,,247500000.0,1000000000.0,49514339.6115081
CUDIS,2025-06-17 23:00:00,1750176000000,-0.009206,0.09128,118968.0,109228.6948,22591800.0,91280000.0,0.2475,2.1917,-45.65,82.47,,247500000.0,1000000000.0,49514339.6115081
CUDIS,2025-06-20 23:00:00,1750435200000,-0.005199,0.06461,103684.0,66069.1344,15990975.0,64610000.0,0.2475,3.0964,-61.53,29.16,,247500000.0,1000000000.0,49514339.6115081
CUDIS,2025-06-21 07:00:00,1750464000000,-0.005028,0.06455,59660.0,38276.3888,15976125.0,64550000.0,0.2475,3.0993,-61.56,29.04,,247500000.0,1000000000.0,49514339.6115081
CUDIS,2025-06-22 07:00:00,1750550400000,-0.005182,0.06273,48021.0,29631.1604,15525675.0,62730000.0,0.2475,3.1892,-62.65,25.4,,247500000.0,1000000000.0,49514339.6115081
CUDIS,2025-06-22 11:00:00,1750564800000,-0.007242,0.06288,37830.0,23694.4204,15562800.0,62880000.0,0.2475,3.1816,-62.56,25.7,,247500000.0,1000000000.0,49514339.6115081
CUDIS,2025-06-22 19:00:00,1750593600000,-0.006142,0.05924,85301.0,51888.5467,14661900.0,59240000.0,0.2475,3.3771,-64.73,18.42,,247500000.0,1000000000.0,49514339.6115081
CUDIS,2025-06-22 23:00:00,1750608000000,-0.006497,0.05862,64393.0,37837.7708,14508450.0,58620000.0,0.2475,3.4128,-65.09,17.18,,247500000.0,1000000000.0,49514339.6115081
CUDIS,2025-06-23 03:00:00,1750622400000,-0.008553,0.05998,73537.0,43209.7886,14845050.0,59980000.0,0.2475,3.3354,-64.28,19.9,,247500000.0,1000000000.0,49514339.6115081
CUDIS,2025-06-23 07:00:00,1750636800000,-0.006093,0.06037,33659.0,20256.5453,14941575.0,60370000.0,0.2475,3.3139,-64.05,20.68,,247500000.0,1000000000.0,49514339.6115081
CUDIS,2025-06-23 15:00:00,1750665600000,-0.007182,0.05969,71195.0,42850.2366,14773275.0,59690000.0,0.2475,3.3516,-64.46,19.32,,247500000.0,1000000000.0,49514339.6115081
CUDIS,2025-06-23 19:00:00,1750680000000,-0.006423,0.05958,89087.0,53361.8522,14746050.0,59580000.0,0.2475,3.3578,-64.52,19.1,,247500000.0,1000000000.0,49514339.6115081
CUDIS,2025-06-23 23:00:00,1750694400000,-0.006231,0.06074,73751.0,44452.1414,15033150.0,60740000.0,0.2475,3.2937,-63.83,21.42,,247500000.0,1000000000.0,49514339.6115081
CUDIS,2025-06-24 19:00:00,1750766400000,-0.008999,0.06083,62376.0,38138.35,15055425.0,60830000.0,0.2475,3.2888,-63.78,21.6,,247500000.0,1000000000.0,49514339.6115081
CUDIS,2025-06-24 23:00:00,1750780800000,-0.008144,0.06185,104083.0,63364.6824,15307875.0,61850000.0,0.2475,3.2346,-63.17,23.64,,247500000.0,1000000000.0,49514339.6115081
CUDIS,2025-06-25 03:00:00,1750795200000,-0.012816,0.06257,146450.0,90531.0259,15486075.0,62570000.0,0.2475,3.1973,-62.74,25.08,,247500000.0,1000000000.0,49514339.6115081
CUDIS,2025-06-25 07:00:00,1750809600000,-0.011394,0.0645,81137.0,51922.6494,15963750.0,64500000.0,0.2475,3.1017,-61.59,28.94,,247500000.0,1000000000.0,49514339.6115081
CUDIS,2025-06-25 11:00:00,1750824000000,-0.009472,0.06604,124081.0,80597.4881,16344900.0,66040000.0,0.2475,3.0293,-60.68,32.02,,247500000.0,1000000000.0,49514339.6115081
CUDIS,2025-06-25 15:00:00,1750838400000,-0.01469,0.06566,184345.0,119288.0762,16250850.0,65660000.0,0.2475,3.0469,-60.9,31.26,,247500000.0,1000000000.0,49514339.6115081
CUDIS,2025-06-25 19:00:00,1750852800000,-0.011329,0.06533,136088.0,88232.3114,16169175.0,65330000.0,0.2475,3.0623,-61.1,30.6,,247500000.0,1000000000.0,49514339.6115081
CUDIS,2025-06-25 23:00:00,1750867200000,-0.012038,0.06534,101265.0,65577.1459,16171650.0,65340000.0,0.2475,3.0618,-61.09,30.62,,247500000.0,1000000000.0,49514339.6115081
CUDIS,2025-06-26 03:00:00,1750881600000,-0.008574,0.06555,84182.0,54682.5974,16223625.0,65550000.0,0.2475,3.052,-60.97,31.04,,247500000.0,1000000000.0,49514339.6115081
CUDIS,2025-06-26 07:00:00,1750896000000,-0.008747,0.06553,57114.0,37198.9475,16218675.0,65530000.0,0.2475,3.0529,-60.98,31.0,,247500000.0,1000000000.0,49514339.6115081
CUDIS,2025-06-26 11:00:00,1750910400000,-0.005012,0.06432,50476.0,32797.6473,15919200.0,64320000.0,0.2475,3.1104,-61.7,28.58,,247500000.0,1000000000.0,49514339.6115081
CUDIS,2025-06-26 23:00:00,1750953600000,-0.007802,0.05789,172283.0,96955.331,14327775.0,57890000.0,0.2475,3.4558,-65.53,15.72,,247500000.0,1000000000.0,49514339.6115081
CUDIS,2025-06-27 03:00:00,1750968000000,-0.01735,0.05695,78680.0,45075.7617,14095125.0,56950000.0,0.2475,3.5129,-66.09,13.84,,247500000.0,1000000000.0,49514339.6115081
CUDIS,2025-06-27 07:00:00,1750982400000,-0.015344,0.05837,97383.0,56292.6971,14446575.0,58370000.0,0.2475,3.4274,-65.24,16.68,,247500000.0,1000000000.0,49514339.6115081
CUDIS,2025-06-27 11:00:00,1750996800000,-0.015427,0.05514,101658.0,57937.2045,13647150.0,55140000.0,0.2475,3.6282,-67.17,10.23,,247500000.0,1000000000.0,49514339.6115081
CUDIS,2025-06-27 15:00:00,1751011200000,-0.00719,0.05328,74482.0,40386.8945,13186800.0,53280000.0,0.2475,3.7548,-68.27,6.51,,247500000.0,1000000000.0,49514339.6115081
CUDIS,2025-06-27 19:00:00,1751025600000,-0.006463,0.0538,108602.0,57813.3768,13315500.0,53800000.0,0.2475,3.7185,-67.96,7.55,,247500000.0,1000000000.0,49514339.6115081
CUDIS,2025-06-27 23:00:00,1751040000000,-0.012005,0.05333,159951.0,84393.1174,13199175.0,53330000.0,0.2475,3.7513,-68.24,6.61,,247500000.0,1000000000.0,49514339.6115081
CUDIS,2025-06-28 03:00:00,1751054400000,-0.014268,0.0541,77755.0,41256.5959,13389750.0,54100000.0,0.2475,3.6979,-67.79,8.15,,247500000.0,1000000000.0,49514339.6115081
CUDIS,2025-06-28 07:00:00,1751068800000,-0.009241,0.05352,53229.0,28575.8378,13246200.0,53520000.0,0.2475,3.738,-68.13,6.99,,247500000.0,1000000000.0,49514339.6115081
CUDIS,2025-06-28 11:00:00,1751083200000,-0.005687,0.05382,49582.0,26303.7622,13320450.0,53820000.0,0.2475,3.7172,-67.95,7.59,,247500000.0,1000000000.0,49514339.6115081
CUDIS,2025-06-28 15:00:00,1751097600000,-0.009107,0.05361,70472.0,37597.4246,13268475.0,53610000.0,0.2475,3.7317,-68.08,7.17,,247500000.0,1000000000.0,49514339.6115081
CUDIS,2025-06-28 19:00:00,1751112000000,-0.006607,0.05365,88075.0,46745.2602,13278375.0,53650000.0,0.2475,3.7289,-68.05,7.25,,247500000.0,1000000000.0,49514339.6115081
CUDIS,2025-06-28 23:00:00,1751126400000,-0.009436,0.05364,109741.0,58726.8916,13275900.0,53640000.0,0.2475,3.7296,-68.06,7.23,,247500000.0,1000000000.0,49514339.6115081
CUDIS,2025-06-29 03:00:00,1751140800000,-0.009937,0.05356,52210.0,28047.8647,13256100.0,53560000.0,0.2475,3.7352,-68.11,7.07,,247500000.0,1000000000.0,49514339.6115081
CUDIS,2025-06-29 07:00:00,1751155200000,-0.007232,0.05501,41895.0,22257.1968,13614975.0,55010000.0,0.2475,3.6368,-67.24,9.97,,247500000.0,1000000000.0,49514339.6115081
CUDIS,2025-06-29 11:00:00,1751169600000,-0.010215,0.05402,42708.0,23130.5877,13369950.0,54020000.0,0.2475,3.7034,-67.83,7.99,,247500000.0,1000000000.0,49514339.6115081
CUDIS,2025-06-29 15:00:00,1751184000000,-0.007039,0.05454,54964.0,29760.4,13498650.0,54540000.0,0.2475,3.6681,-67.52,9.03,,247500000.0,1000000000.0,49514339.6115081
CUDIS,2025-06-29 19:00:00,1751198400000,-0.010891,0.05634,233761.0,131476.3771,13944150.0,56340000.0,0.2475,3.5509,-66.45,12.63,,247500000.0,1000000000.0,49514339.6115081
CUDIS,2025-06-29 23:00:00,1751212800000,-0.007888,0.05671,119770.0,67010.8359,14035725.0,56710000.0,0.2475,3.5277,-66.23,13.36,,247500000.0,1000000000.0,49514339.6115081
CUDIS,2025-06-30 03:00:00,1751227200000,-0.006615,0.05641,82491.0,46591.1224,13961475.0,56410000.0,0.2475,3.5465,-66.41,12.77,,247500000.0,1000000000.0,49514339.6115081
CUDIS,2025-06-30 07:00:00,1751241600000,-0.006291,0.05596,86326.0,47947.8586,13850100.0,55960000.0,0.2475,3.575,-66.68,11.87,,247500000.0,1000000000.0,49514339.6115081
CUDIS,2025-06-30 11:00:00,1751256000000,-0.010691,0.06379,453173.0,277948.9272,15788025.0,63790000.0,0.2475,3.1362,-62.02,27.52,,247500000.0,1000000000.0,49514339.6115081
CUDIS,2025-06-30 15:00:00,1751270400000,-0.010512,0.06425,312764.0,200387.2953,15901875.0,64250000.0,0.2475,3.1137,-61.74,28.44,,247500000.0,1000000000.0,49514339.6115081
CUDIS,2025-07-01 15:00:00,1751356800000,-0.008132,0.05039,302715.0,151407.2402,12471525.0,50390000.0,0.2475,3.9702,-70.0,0.73,,247500000.0,1000000000.0,49514339.6115081
CUDIS,2025-07-01 19:00:00,1751371200000,-0.011359,0.05081,312989.0,157649.9686,12575475.0,50810000.0,0.2475,3.9374,-69.75,1.57,,247500000.0,1000000000.0,49514339.6115081
CUDIS,2025-07-01 23:00:00,1751385600000,-0.008814,0.05043,176260.0,88392.6198,12481425.0,50430000.0,0.2475,3.967,-69.97,0.81,,247500000.0,1000000000.0,49514339.6115081
CUDIS,2025-07-02 03:00:00,1751400000000,-0.007827,0.05073,70470.0,35332.4282,12555675.0,50730000.0,0.2475,3.9436,-69.79,1.41,,247500000.0,1000000000.0,49514339.6115081
CUDIS,2025-07-02 07:00:00,1751414400000,-0.006624,0.05019,104622.0,52983.5716,12422025.0,50190000.0,0.2475,3.986,-70.11,0.33,,247500000.0,1000000000.0,49514339.6115081
CUDIS,2025-07-02 15:00:00,1751443200000,-0.009031,0.05134,114527.0,58205.8148,12706650.0,51340000.0,0.2475,3.8967,-69.43,2.63,,247500000.0,1000000000.0,49514339.6115081
CUDIS,2025-07-02 19:00:00,1751457600000,-0.007371,0.05156,79772.0,40888.3495,12761100.0,51560000.0,0.2475,3.8801,-69.3,3.07,,247500000.0,1000000000.0,49514339.6115081
CUDIS,2025-07-02 23:00:00,1751472000000,-0.008032,0.05215,,,12907125.0,52150000.0,0.2475,3.8362,-68.95,4.25,,247500000.0,1000000000.0,49514339.6115081
CUDIS,2025-07-03 03:00:00,1751486400000,-0.005765,0.05151,61007.0,31417.739,12748725.0,51510000.0,0.2475,3.8839,-69.33,2.97,,247500000.0,1000000000.0,49514339.6115081
CUDIS,2025-07-03 07:00:00,1751500800000,-0.007763,0.0516,62449.0,32091.8795,12771000.0,51600000.0,0.2475,3.8771,-69.27,3.15,,247500000.0,1000000000.0,49514339.6115081
CUDIS,2025-07-03 11:00:00,1751515200000,-0.006952,0.05433,221097.0,119929.337,13446675.0,54330000.0,0.2475,3.6823,-67.65,8.61,,247500000.0,1000000000.0,49514339.6115081
CUDIS,2025-07-03 15:00:00,1751529600000,-0.005229,0.05211,207169.0,111378.6423,12897225.0,52110000.0,0.2475,3.8391,-68.97,4.17,,247500000.0,1000000000.0,49514339.6115081
CUDIS,2025-07-03 23:00:00,1751558400000,-0.009135,0.05206,79836.0,41375.4898,12884850.0,52060000.0,0.2475,3.8428,-69.0,4.07,,247500000.0,1000000000.0,49514339.6115081
CUDIS,2025-07-04 03:00:00,1751572800000,-0.008774,0.0546,99300.0,52188.0106,13513500.0,54600000.0,0.2475,3.6641,-67.49,9.15,,247500000.0,1000000000.0,49514339.6115081
CUDIS,2025-07-04 07:00:00,1751587200000,-0.011891,0.05213,86764.0,46151.1061,12902175.0,52130000.0,0.2475,3.8377,-68.96,4.21,,247500000.0,1000000000.0,49514339.6115081
CUDIS,2025-07-04 11:00:00,1751601600000,-0.006056,0.052,59181.0,30950.1164,12870000.0,52000000.0,0.2475,3.8473,-69.04,3.95,,247500000.0,1000000000.0,49514339.6115081
CUDIS,2025-07-04 15:00:00,1751616000000,-0.007316,0.04982,82067.0,41573.2489,12330450.0,49820000.0,0.2475,4.0156,-70.33,-0.41,,247500000.0,1000000000.0,49514339.6115081
CUDIS,2025-07-04 23:00:00,1751644800000,-0.007169,0.05013,53421.0,26905.9811,12407175.0,50130000.0,0.2475,3.9908,-70.15,0.21,,247500000.0,1000000000.0,49514339.6115081
CUDIS,2025-07-05 07:00:00,1751673600000,-0.007153,0.04998,63899.0,31997.8043,12370050.0,49980000.0,0.2475,4.0028,-70.24,-0.09,,247500000.0,1000000000.0,49514339.6115081
CUDIS,2025-07-05 11:00:00,1751688000000,-0.007275,0.05139,109808.0,55480.3724,12719025.0,51390000.0,0.2475,3.8929,-69.4,2.73,,247500000.0,1000000000.0,49514339.6115081
CUDIS,2025-07-05 15:00:00,1751702400000,-0.010838,0.05066,96269.0,48582.3931,12538350.0,50660000.0,0.2475,3.949,-69.83,1.27,,247500000.0,1000000000.0,49514339.6115081
CUDIS,2025-07-05 19:00:00,1751716800000,-0.008036,0.05062,71816.0,36069.7903,12528450.0,50620000.0,0.2475,3.9522,-69.86,1.19,,247500000.0,1000000000.0,49514339.6115081
CUDIS,2025-07-05 23:00:00,1751731200000,-0.008598,0.05051,110424.0,55325.0566,12501225.0,50510000.0,0.2475,3.9608,-69.92,0.97,,247500000.0,1000000000.0,49514339.6115081
CUDIS,2025-07-06 03:00:00,1751745600000,-0.008322,0.05017,90671.0,45442.4788,12417075.0,50170000.0,0.2475,3.9876,-70.13,0.29,,247500000.0,1000000000.0,49514339.6115081
CUDIS,2025-07-06 07:00:00,1751760000000,-0.005347,0.05045,51693.0,25963.6592,12486375.0,50450000.0,0.2475,3.9655,-69.96,0.85,,247500000.0,1000000000.0,49514339.6115081
CUDIS,2025-07-06 11:00:00,1751774400000,-0.006599,0.05022,62920.0,31540.2593,12429450.0,50220000.0,0.2475,3.9836,-70.1,0.39,,247500000.0,1000000000.0,49514339.6115081
CUDIS,2025-07-06 15:00:00,1751788800000,-0.006634,0.05049,73261.0,36719.1373,12496275.0,50490000.0,0.2475,3.9623,-69.94,0.93,,247500000.0,1000000000.0,49514339.6115081
CUDIS,2025-07-06 23:00:00,1751817600000,-0.00501,0.05077,97648.0,49289.2054,12565575.0,50770000.0,0.2475,3.9405,-69.77,1.49,,247500000.0,1000000000.0,49514339.6115081
CUDIS,2025-07-07 11:00:00,1751860800000,-0.005966,0.05081,39449.0,19789.9053,12575475.0,50810000.0,0.2475,3.9374,-69.75,1.57,,247500000.0,1000000000.0,49514339.6115081
CUDIS,2025-07-07 15:00:00,1751875200000,-0.005914,0.05055,65535.0,32997.1075,12511125.0,50550000.0,0.2475,3.9576,-69.9,1.05,,247500000.0,1000000000.0,49514339.6115081
CUDIS,2025-07-08 03:00:00,1751918400000,-0.005843,0.05079,51703.0,25950.3772,12570525.0,50790000.0,0.2475,3.9389,-69.76,1.53,,247500000.0,1000000000.0,49514339.6115081
CUDIS,2025-07-09 03:00:00,1752004800000,-0.008457,0.05377,77003.0,40921.0057,13308075.0,53770000.0,0.2475,3.7206,-67.98,7.49,,247500000.0,1000000000.0,49514339.6115081
CUDIS,2025-07-09 07:00:00,1752019200000,-0.006106,0.05216,53862.0,28458.044,12909600.0,52160000.0,0.2475,3.8355,-68.94,4.27,,247500000.0,1000000000.0,49514339.6115081
CUDIS,2025-07-10 19:00:00,1752148800000,-0.006424,0.05055,52677.0,26537.8671,12511125.0,50550000.0,0.2475,3.9576,-69.9,1.05,,247500000.0,1000000000.0,49514339.6115081
CUDIS,2025-07-10 23:00:00,1752163200000,-0.006198,0.0512,92724.0,46619.756,12672000.0,51200000.0,0.2475,3.9074,-69.51,2.35,,247500000.0,1000000000.0,49514339.6115081
CUDIS,2025-07-11 03:00:00,1752177600000,-0.010324,0.0508,67532.0,34301.1655,12573000.0,50800000.0,0.2475,3.9381,-69.75,1.55,,247500000.0,1000000000.0,49514339.6115081
CUDIS,2025-07-11 07:00:00,1752192000000,-0.006519,0.05142,64600.0,32891.1508,12726450.0,51420000.0,0.2475,3.8907,-69.38,2.79,,247500000.0,1000000000.0,49514339.6115081
CUDIS,2025-07-11 11:00:00,1752206400000,-0.005213,0.05055,73116.0,37324.5797,12511125.0,50550000.0,0.2475,3.9576,-69.9,1.05,,247500000.0,1000000000.0,49514339.6115081
CUDIS,2025-07-14 03:00:00,1752436800000,-0.005113,0.05135,110533.0,56271.5103,12709125.0,51350000.0,0.2475,3.896,-69.42,2.65,,247500000.0,1000000000.0,49514339.6115081
CUDIS,2025-07-14 11:00:00,1752465600000,-0.005104,0.0546,162681.0,85846.7748,13513500.0,54600000.0,0.2475,3.6641,-67.49,9.15,,247500000.0,1000000000.0,49514339.6115081
CUDIS,2025-07-14 15:00:00,1752480000000,-0.006179,0.05668,214017.0,119519.7795,14028300.0,56680000.0,0.2475,3.5296,-66.25,13.3,,247500000.0,1000000000.0,49514339.6115081
ULTI,2025-06-16 19:00:00,1750075200000,-0.005037,0.002045,1024184.0,213676.8506,13324313.36,20450000.0,0.6516,5.9006,-97.26,44.93,,6515556655.0,10000000000.0,78621806.90506683
ULTI,2025-06-16 23:00:00,1750089600000,-0.005037,0.00207,387882.0,80375.6263,13487202.28,20700000.0,0.6516,5.8294,-97.22,46.7,,6515556655.0,10000000000.0,78621806.90506683
ULTI,2025-06-17 03:00:00,1750104000000,-0.005037,0.002034,229214.0,46947.4921,13252642.24,20340000.0,0.6516,5.9325,-97.27,44.15,,6515556655.0,10000000000.0,78621806.90506683
ULTI,2025-06-17 07:00:00,1750118400000,-0.005037,0.002004,260019.0,52072.7904,13057175.54,20040000.0,0.6516,6.0213,-97.31,42.02,,6515556655.0,10000000000.0,78621806.90506683
NS,2024-12-25 23:00:00,1735142400000,-0.006292,0.2003,370396.0,73138.4637,39603068.77,100150000.0,0.3954,0.0648,-65.66,186.23,,197718765.6875,500000000.0,2566059.56118114
NS,2024-12-26 07:00:00,1735171200000,-0.007495,0.202,341132.0,68081.8993,39939190.67,101000000.0,0.3954,0.0642,-65.37,188.66,,197718765.6875,500000000.0,2566059.56118114
NS,2024-12-26 15:00:00,1735200000000,-0.01389,0.227,2231661.0,499144.0961,44882159.81,113500000.0,0.3954,0.0572,-61.09,224.39,,197718765.6875,500000000.0,2566059.56118114
NS,2024-12-26 23:00:00,1735228800000,-0.012338,0.2277,1609284.0,360381.6238,45020562.95,113850000.0,0.3954,0.057,-60.97,225.39,,197718765.6875,500000000.0,2566059.56118114
NS,2024-12-27 07:00:00,1735257600000,-0.005132,0.2495,1036562.0,253595.6582,49330832.04,124750000.0,0.3954,0.052,-57.23,256.54,,197718765.6875,500000000.0,2566059.56118114
NS,2024-12-27 15:00:00,1735286400000,-0.00741,0.2615,997425.0,257153.9512,51703457.23,130750000.0,0.3954,0.0496,-55.17,273.69,,197718765.6875,500000000.0,2566059.56118114
NS,2024-12-27 23:00:00,1735315200000,-0.006155,0.2587,307633.0,77557.0884,51149844.68,129350000.0,0.3954,0.0502,-55.65,269.69,,197718765.6875,500000000.0,2566059.56118114
NS,2024-12-29 07:00:00,1735430400000,-0.007961,0.3023,876292.0,265498.9206,59770382.87,151150000.0,0.3954,0.0429,-48.18,332.0,,197718765.6875,500000000.0,2566059.56118114
NS,2024-12-29 15:00:00,1735459200000,-0.01047,0.2914,485111.0,141651.7348,57615248.32,145700000.0,0.3954,0.0445,-50.05,316.42,,197718765.6875,500000000.0,2566059.56118114
NS,2025-01-01 23:00:00,1735747200000,-0.017206,0.2403,1480192.0,350451.0768,47511819.39,120150000.0,0.3954,0.054,-58.81,243.4,,197718765.6875,500000000.0,2566059.56118114
NS,2025-01-02 07:00:00,1735776000000,-0.024547,0.2783,1466183.0,400956.5048,55025132.49,139150000.0,0.3954,0.0466,-52.29,297.7,,197718765.6875,500000000.0,2566059.56118114
NS,2025-01-02 15:00:00,1735804800000,-0.007021,0.29,634855.0,181215.855,57338442.05,145000000.0,0.3954,0.0448,-50.29,314.42,,197718765.6875,500000000.0,2566059.56118114
NS,2025-01-04 23:00:00,1736006400000,-0.011696,0.3486,521906.0,181063.8593,68924761.72,174300000.0,0.3954,0.0372,-40.24,398.16,,197718765.6875,500000000.0,2566059.56118114
NS,2025-01-05 07:00:00,1736035200000,-0.008303,0.3409,248335.0,84139.2657,67402327.22,170450000.0,0.3954,0.0381,-41.56,387.16,,197718765.6875,500000000.0,2566059.56118114
NS,2025-01-10 15:00:00,1736496000000,-0.009318,0.2516,429100.0,106268.1078,49746041.45,125800000.0,0.3954,0.0516,-56.87,259.54,,197718765.6875,500000000.0,2566059.56118114
NS,2025-01-10 23:00:00,1736524800000,-0.005817,0.2619,572255.0,142984.3965,51782544.73,130950000.0,0.3954,0.0496,-55.1,274.26,,197718765.6875,500000000.0,2566059.56118114
NS,2025-01-29 07:00:00,1738108800000,-0.006323,0.2162,173262.0,36870.1527,42746797.14,108100000.0,0.3954,0.06,-62.94,208.96,,197718765.6875,500000000.0,2566059.56118114
NS,2025-01-30 23:00:00,1738252800000,-0.007261,0.235,240730.0,56977.579,46463909.94,117500000.0,0.3954,0.0552,-59.72,235.82,,197718765.6875,500000000.0,2566059.56118114
NS,2025-01-31 07:00:00,1738281600000,-0.005381,0.2346,111166.0,26237.4806,46384822.43,117300000.0,0.3954,0.0553,-59.78,235.25,,197718765.6875,500000000.0,2566059.56118114
NS,2025-02-01 15:00:00,1738396800000,-0.00521,0.215,602215.0,130508.8753,42509534.62,107500000.0,0.3954,0.0604,-63.14,207.24,,197718765.6875,500000000.0,2566059.56118114
NS,2025-02-06 23:00:00,1738857600000,-0.008629,0.1494,792279.0,121864.9676,29539183.59,74700000.0,0.3954,0.0869,-74.39,113.5,,197718765.6875,500000000.0,2566059.56118114
NS,2025-02-07 07:00:00,1738886400000,-0.01229,0.1522,2595637.0,386410.3419,30092796.14,76100000.0,0.3954,0.0853,-73.91,117.5,,197718765.6875,500000000.0,2566059.56118114
NS,2025-02-07 15:00:00,1738915200000,-0.011717,0.1432,1797386.0,255502.0715,28313327.25,71600000.0,0.3954,0.0906,-75.45,104.64,,197718765.6875,500000000.0,2566059.56118114
NS,2025-02-07 23:00:00,1738944000000,-0.008535,0.1244,1385551.0,183252.4558,24596214.45,62200000.0,0.3954,0.1043,-78.67,77.77,,197718765.6875,500000000.0,2566059.56118114
NS,2025-02-08 07:00:00,1738972800000,-0.008182,0.123,657485.0,81426.1925,24319408.18,61500000.0,0.3954,0.1055,-78.91,75.77,,197718765.6875,500000000.0,2566059.56118114
NS,2025-02-08 15:00:00,1739001600000,-0.01102,0.117,1430366.0,165433.0633,23133095.59,58500000.0,0.3954,0.1109,-79.94,67.2,,197718765.6875,500000000.0,2566059.56118114
NS,2025-02-09 15:00:00,1739088000000,-0.007568,0.1192,660357.0,79691.0322,23568076.87,59600000.0,0.3954,0.1089,-79.57,70.34,,197718765.6875,500000000.0,2566059.56118114
NS,2025-02-09 23:00:00,1739116800000,-0.008035,0.1075,1643126.0,189584.063,21254767.31,53750000.0,0.3954,0.1207,-81.57,53.62,,197718765.6875,500000000.0,2566059.56118114
NS,2025-02-10 15:00:00,1739174400000,-0.007461,0.1153,377567.0,42997.6063,22796973.68,57650000.0,0.3954,0.1126,-80.23,64.77,,197718765.6875,500000000.0,2566059.56118114
NS,2025-02-10 23:00:00,1739203200000,-0.005324,0.1129,500605.0,56728.2056,22322448.65,56450000.0,0.3954,0.115,-80.65,61.34,,197718765.6875,500000000.0,2566059.56118114
NS,2025-02-11 07:00:00,1739232000000,-0.007628,0.113,796946.0,88239.2121,22342220.52,56500000.0,0.3954,0.1149,-80.63,61.48,,197718765.6875,500000000.0,2566059.56118114
NS,2025-02-11 15:00:00,1739260800000,-0.01058,0.1131,1114182.0,126312.638,22361992.4,56550000.0,0.3954,0.1148,-80.61,61.62,,197718765.6875,500000000.0,2566059.56118114
NS,2025-02-13 07:00:00,1739404800000,-0.008822,0.1152,306179.0,35315.1663,22777201.81,57600000.0,0.3954,0.1127,-80.25,64.62,,197718765.6875,500000000.0,2566059.56118114
NS,2025-02-13 15:00:00,1739433600000,-0.013571,0.1044,1908427.0,202271.6287,20641839.14,52200000.0,0.3954,0.1243,-82.1,49.19,,197718765.6875,500000000.0,2566059.56118114
NS,2025-02-13 23:00:00,1739462400000,-0.007746,0.0968,479155.0,46699.6006,19139176.52,48400000.0,0.3954,0.1341,-83.41,38.33,,197718765.6875,500000000.0,2566059.56118114
NS,2025-02-14 07:00:00,1739491200000,-0.013049,0.0987,676508.0,65600.232,19514842.17,49350000.0,0.3954,0.1315,-83.08,41.05,,197718765.6875,500000000.0,2566059.56118114
NS,2025-02-14 15:00:00,1739520000000,-0.008689,0.0922,992405.0,94922.1022,18229670.2,46100000.0,0.3954,0.1408,-84.19,31.76,,197718765.6875,500000000.0,2566059.56118114
NS,2025-02-15 07:00:00,1739577600000,-0.006861,0.0916,476509.0,43678.8453,18111038.94,45800000.0,0.3954,0.1417,-84.3,30.9,,197718765.6875,500000000.0,2566059.56118114
NS,2025-02-16 07:00:00,1739664000000,-0.0059,0.0827,523722.0,43459.8791,16351341.92,41350000.0,0.3954,0.1569,-85.82,18.18,,197718765.6875,500000000.0,2566059.56118114
NS,2025-02-16 15:00:00,1739692800000,-0.005578,0.0788,494441.0,39298.0312,15580238.74,39400000.0,0.3954,0.1647,-86.49,12.61,,197718765.6875,500000000.0,2566059.56118114
NS,2025-02-17 15:00:00,1739779200000,-0.010673,0.0775,683281.0,51309.7524,15323204.34,38750000.0,0.3954,0.1675,-86.71,10.75,,197718765.6875,500000000.0,2566059.56118114
NS,2025-02-17 23:00:00,1739808000000,-0.006074,0.0995,11545243.0,1127384.494,19673017.19,49750000.0,0.3954,0.1304,-82.94,42.19,,197718765.6875,500000000.0,2566059.56118114
NS,2025-02-18 07:00:00,1739836800000,-0.009849,0.1016,2931916.0,284869.8162,20088226.59,50800000.0,0.3954,0.1277,-82.58,45.19,,197718765.6875,500000000.0,2566059.56118114
NS,2025-02-18 15:00:00,1739865600000,-0.007151,0.0928,2346934.0,221369.4343,18348301.46,46400000.0,0.3954,0.1399,-84.09,32.61,,197718765.6875,500000000.0,2566059.56118114
NS,2025-02-18 23:00:00,1739894400000,-0.006471,0.108,4271192.0,451280.4946,21353626.69,54000000.0,0.3954,0.1202,-81.49,54.34,,197718765.6875,500000000.0,2566059.56118114
NS,2025-02-19 07:00:00,1739923200000,-0.00542,0.1128,2736784.0,312331.1633,22302676.77,56400000.0,0.3954,0.1151,-80.66,61.19,,197718765.6875,500000000.0,2566059.56118114
NS,2025-02-19 15:00:00,1739952000000,-0.006301,0.1077,918543.0,98414.5523,21294311.06,53850000.0,0.3954,0.1205,-81.54,53.91,,197718765.6875,500000000.0,2566059.56118114
TUT,2025-03-20 15:00:00,1742457600000,-0.005142,0.04566,5299784.0,24148899.058,38261894.24,38261894.24,1.0,0.403,-43.57,17800.58,,837974030.7690564,837974030.7690564,15419181.85448598
TUT,2025-03-28 03:00:00,1743105600000,-0.02,0.04593,17102708.0,75773694.888,38488147.23,38488147.23,1.0,0.4006,-43.24,17906.43,,837974030.7690564,837974030.7690564,15419181.85448598
TUT,2025-03-28 07:00:00,1743120000000,-0.02,0.04423,7589030.0,34610518.737,37063591.38,37063591.38,1.0,0.416,-45.34,17239.96,,837974030.7690564,837974030.7690564,15419181.85448598
TUT,2025-03-28 11:00:00,1743134400000,-0.012415,0.03791,7544727.0,29385769.202,31767595.51,31767595.51,1.0,0.4854,-53.15,14762.27,,837974030.7690564,837974030.7690564,15419181.85448598
TUT,2025-03-29 19:00:00,1743249600000,-0.012597,0.04564,5283594.0,24819371.264,38245134.76,38245134.76,1.0,0.4032,-43.6,17792.74,,837974030.7690564,837974030.7690564,15419181.85448598
SPK,2025-07-22 07:00:00,1753142400000,-0.005727,0.06276,28348231.0,18131409.0339,97623096.08,627600000.0,0.1555,0.9838,-66.34,114.65,,1555498662.844632,10000000000.0,96039689.499768
SPK,2025-07-23 19:00:00,1753272000000,-0.008985,0.14539,59107502.0,85796635.9257,226153950.59,1453900000.0,0.1555,0.4247,-22.03,397.25,,1555498662.844632,10000000000.0,96039689.499768
SPK,2025-07-24 03:00:00,1753300800000,-0.011013,0.17531,40101724.0,68260936.104,272694470.58,1753100000.0,0.1555,0.3522,-5.98,499.58,,1555498662.844632,10000000000.0,96039689.499768
SPK,2025-07-24 07:00:00,1753315200000,-0.008779,0.14016,29118566.0,46233346.0498,218018692.58,1401600000.0,0.1555,0.4405,-24.83,379.37,,1555498662.844632,10000000000.0,96039689.499768
SQD,2025-06-03 03:00:00,1748894400000,-0.005061,0.2276,134560.0,307183.887,165964128.48,304300665.94,0.5454,0.3486,-20.55,895.16,,729192128.664102,1336997653.5180118,57849571.97613287
SQD,2025-06-03 07:00:00,1748908800000,-0.005045,0.2121,86149.0,190588.878,154661650.49,283577202.31,0.5454,0.374,-25.96,827.39,,729192128.664102,1336997653.5180118,57849571.97613287
SQD,2025-06-03 11:00:00,1748923200000,-0.005052,0.2085,93344.0,190854.839,152036558.83,278764010.76,0.5454,0.3805,-27.22,811.65,,729192128.664102,1336997653.5180118,57849571.97613287
SQD,2025-06-03 15:00:00,1748937600000,-0.005053,0.2066,51495.0,106483.783,150651093.78,276223715.22,0.5454,0.384,-27.88,803.34,,729192128.664102,1336997653.5180118,57849571.97613287
SQD,2025-06-03 19:00:00,1748952000000,-0.005059,0.2023,40914.0,85115.742,147515567.63,270474625.31,0.5454,0.3922,-29.38,784.54,,729192128.664102,1336997653.5180118,57849571.97613287
SQD,2025-06-03 23:00:00,1748966400000,-0.005067,0.206,23374.0,47423.438,150213578.5,275421516.62,0.5454,0.3851,-28.09,800.72,,729192128.664102,1336997653.5180118,57849571.97613287
SQD,2025-06-04 03:00:00,1748980800000,-0.005037,0.2154,30440.0,66011.816,157067984.51,287989294.57,0.5454,0.3683,-24.81,841.82,,729192128.664102,1336997653.5180118,57849571.97613287
SQD,2025-06-04 07:00:00,1748995200000,-0.005063,0.2205,12253.0,26815.358,160786864.37,294807982.6,0.5454,0.3598,-23.03,864.12,,729192128.664102,1336997653.5180118,57849571.97613287
SQD,2025-06-04 11:00:00,1749009600000,-0.00506,0.219,14511.0,31762.785,159693076.18,292802486.12,0.5454,0.3623,-23.55,857.56,,729192128.664102,1336997653.5180118,57849571.97613287
SQD,2025-06-04 15:00:00,1749024000000,-0.005047,0.2155,15700.0,34075.04,157140903.73,288122994.33,0.5454,0.3681,-24.78,842.26,,729192128.664102,1336997653.5180118,57849571.97613287
SQD,2025-06-13 03:00:00,1749758400000,-0.007555,0.2545,302371.0,761455.337,185579396.75,340265902.82,0.5454,0.3117,-11.16,1012.78,,729192128.664102,1336997653.5180118,57849571.97613287
SQD,2025-06-13 07:00:00,1749772800000,-0.005525,0.238,207450.0,495140.463,173547726.62,318205441.54,0.5454,0.3333,-16.92,940.64,,729192128.664102,1336997653.5180118,57849571.97613287
SQD,2025-06-14 11:00:00,1749873600000,-0.006262,0.2377,80184.0,190239.424,173328968.98,317804342.24,0.5454,0.3338,-17.03,939.32,,729192128.664102,1336997653.5180118,57849571.97613287
SQD,2025-06-14 15:00:00,1749888000000,-0.006576,0.2379,101492.0,240602.853,173474807.41,318071741.77,0.5454,0.3335,-16.96,940.2,,729192128.664102,1336997653.5180118,57849571.97613287
SQD,2025-06-14 23:00:00,1749916800000,-0.00544,0.2366,96184.0,226437.188,172526857.64,316333644.82,0.5454,0.3353,-17.41,934.51,,729192128.664102,1336997653.5180118,57849571.97613287
SQD,2025-06-15 03:00:00,1749931200000,-0.005731,0.2366,108777.0,254688.808,172526857.64,316333644.82,0.5454,0.3353,-17.41,934.51,,729192128.664102,1336997653.5180118,57849571.97613287
SQD,2025-06-15 07:00:00,1749945600000,-0.006503,0.2385,99124.0,234763.41,173912322.69,318873940.36,0.5454,0.3326,-16.75,942.82,,729192128.664102,1336997653.5180118,57849571.97613287
SQD,2025-06-16 07:00:00,1750032000000,-0.005395,0.2251,92053.0,201793.627,164141148.16,300958171.81,0.5454,0.3524,-21.43,884.23,,729192128.664102,1336997653.5180118,57849571.97613287
SQD,2025-06-16 11:00:00,1750046400000,-0.005825,0.231,69002.0,157957.684,168443381.72,308846457.96,0.5454,0.3434,-19.37,910.03,,729192128.664102,1336997653.5180118,57849571.97613287
SQD,2025-06-16 15:00:00,1750060800000,-0.007217,0.2183,242909.0,540870.463,159182641.69,291866587.76,0.5454,0.3634,-23.8,854.5,,729192128.664102,1336997653.5180118,57849571.97613287
SQD,2025-06-16 19:00:00,1750075200000,-0.005366,0.2159,239262.0,516528.275,157432580.58,288657793.39,0.5454,0.3675,-24.64,844.01,,729192128.664102,1336997653.5180118,57849571.97613287
SQD,2025-07-03 23:00:00,1751558400000,-0.005336,0.1877,150046.0,279273.106,136869362.55,250954459.57,0.5454,0.4227,-34.48,720.7,,729192128.664102,1336997653.5180118,57849571.97613287
SQD,2025-07-04 03:00:00,1751572800000,-0.007272,0.1903,208365.0,389434.995,138765262.08,254430653.46,0.5454,0.4169,-33.57,732.07,,729192128.664102,1336997653.5180118,57849571.97613287
SQD,2025-07-04 07:00:00,1751587200000,-0.007289,0.1836,116704.0,214980.782,133879674.82,245472769.19,0.5454,0.4321,-35.91,702.78,,729192128.664102,1336997653.5180118,57849571.97613287
SQD,2025-07-04 11:00:00,1751601600000,-0.006603,0.1812,138991.0,252775.235,132129613.71,242263974.82,0.5454,0.4378,-36.75,692.28,,729192128.664102,1336997653.5180118,57849571.97613287
SQD,2025-07-29 11:00:00,1753761600000,-0.01004,0.1917,3530867.0,7058290.097,139786131.06,256302450.18,0.5454,0.4138,-33.08,738.19,,729192128.664102,1336997653.5180118,57849571.97613287
SYRUP,2025-05-07 23:00:00,1746633600000,-0.005785,0.2061,322090.0,657592.08,246185540.09,247376823.53,0.9952,0.1577,-68.65,142.78,,1194495585.1163807,1200275708.54902,38822802.75677477
SYRUP,2025-07-25 15:00:00,1753430400000,-0.010353,0.5971,651054.0,3835296.195,713233313.87,716684625.57,0.9952,0.0544,-9.17,603.38,,1194495585.1163807,1200275708.54902,38822802.75677477
VELODROME,2024-12-13 19:00:00,1734091200000,-0.009131,0.3025,7316621.0,23178665.417,276848759.58,661509382.07,0.4185,0.0237,-28.74,5454.2,,915202511.0,2186807874.5992174,6568808.86317387
VELODROME,2024-12-13 23:00:00,1734105600000,-0.0075,0.2676,3327165.0,9166317.802,244908191.94,585189787.24,0.4185,0.0268,-36.96,4813.4,,915202511.0,2186807874.5992174,6568808.86317387
VINE,2025-03-29 11:00:00,1743220800000,-0.02,0.03357,71765706.0,25946923.0963,33569802.07,33569802.07,1.0,1.6641,-92.93,39771.26,,999994104.0,999994104.0,55863408.78269547
VINE,2025-03-29 15:00:00,1743235200000,-0.005226,0.03561,48171924.0,17159720.925,35609790.04,35609790.04,1.0,1.5688,-92.5,42194.18,,999994104.0,999994104.0,55863408.78269547
VINE,2025-03-29 19:00:00,1743249600000,-0.005575,0.03358,63191983.0,22423438.0207,33579802.01,33579802.01,1.0,1.6636,-92.93,39783.14,,999994104.0,999994104.0,55863408.78269547
SWEAT,2025-02-01 15:00:00,1738396800000,-0.015,0.009558,4220454.0,4092095.0152,68935666.43,199620805.52,0.3453,0.0783,-89.78,357.24,,7212352629.16,20885206687.467,5394293.67425621
SWEAT,2025-02-02 15:00:00,1738483200000,-0.03,0.010029,2141089.0,1869365.6339,72332684.52,209457737.87,0.3453,0.0746,-89.27,379.77,,7212352629.16,20885206687.467,5394293.67425621
SWEAT,2025-02-02 19:00:00,1738497600000,-0.007234,0.009703,4655940.0,4777377.062,69981457.56,202649160.49,0.3453,0.0771,-89.62,364.18,,7212352629.16,20885206687.467,5394293.67425621
SWEAT,2025-02-02 23:00:00,1738512000000,-0.03,0.009073,1774528.0,1681497.5052,65437675.4,189491480.28,0.3453,0.0824,-90.3,334.04,,7212352629.16,20885206687.467,5394293.67425621
SWEAT,2025-02-08 15:00:00,1739001600000,-0.011091,0.010361,754529.0,785422.6132,74727185.59,216391626.49,0.3453,0.0722,-88.92,395.66,,7212352629.16,20885206687.467,5394293.67425621
SWEAT,2025-02-08 19:00:00,1739016000000,-0.017256,0.009386,832777.0,816791.0624,67695141.78,196028549.97,0.3453,0.0797,-89.96,349.01,,7212352629.16,20885206687.467,5394293.67425621
SWEAT,2025-02-20 23:00:00,1740067200000,-0.018916,0.008801,3265313.0,2878301.0343,63475915.49,183810704.06,0.3453,0.085,-90.59,321.03,,7212352629.16,20885206687.467,5394293.67425621
SWEAT,2025-02-21 03:00:00,1740081600000,-0.024905,0.007574,2127843.0,1758376.5105,54626358.81,158184555.45,0.3453,0.0987,-91.9,262.33,,7212352629.16,20885206687.467,5394293.67425621
SWEAT,2025-02-21 07:00:00,1740096000000,-0.03,0.007153,1728224.0,1265738.1494,51589958.36,149391883.44,0.3453,0.1046,-92.35,242.19,,7212352629.16,20885206687.467,5394293.67425621
SWEAT,2025-03-28 19:00:00,1743163200000,-0.007509,0.00597,9101684.0,5603029.054,43057745.2,124684683.92,0.3453,0.1253,-93.61,185.6,,7212352629.16,20885206687.467,5394293.67425621
SWEAT,2025-03-28 23:00:00,1743177600000,-0.013694,0.00569,851392.0,490454.2257,41038286.46,118836826.05,0.3453,0.1314,-93.91,172.2,,7212352629.16,20885206687.467,5394293.67425621
VIRTUAL,2024-11-06 15:00:00,1730880000000,-0.007255,0.4134,65216.0,264853.622,270989034.83,413400000.0,0.6555,0.6367,-91.85,5335.95,,655512904.7646321,1000000000.0,172537865.57338446
VIRTUAL,2024-11-11 23:00:00,1731340800000,-0.0054,0.3702,92436.0,330242.204,242670877.34,370200000.0,0.6555,0.711,-92.7,4767.9,,655512904.7646321,1000000000.0,172537865.57338446
VIRTUAL,2024-11-13 15:00:00,1731484800000,-0.005818,0.3691,76407.0,280695.17,241949813.15,369100000.0,0.6555,0.7131,-92.72,4753.43,,655512904.7646321,1000000000.0,172537865.57338446
STRAX,2025-04-17 11:00:00,1744862400000,-0.010013,0.07789,4967486.0,3794951.6175,155613067.16,,,,,,,0.0,0.0,0.0
STRAX,2025-04-17 15:00:00,1744876800000,-0.010021,0.07404,3393434.0,2523161.1892,147921318.43,,,,,,,0.0,0.0,0.0
STRAX,2025-04-17 19:00:00,1744891200000,-0.01002,0.06065,5954764.0,3870831.7627,121170015.71,,,,,,,0.0,0.0,0.0
STRAX,2025-04-17 23:00:00,1744905600000,-0.010006,0.06414,2269042.0,1454009.5955,128142535.99,,,,,,,0.0,0.0,0.0
STRAX,2025-04-18 03:00:00,1744920000000,-0.009997,0.06991,2797133.0,1909128.3434,139670169.8,,,,,,,0.0,0.0,0.0
STRAX,2025-04-18 07:00:00,1744934400000,-0.010009,0.06247,3257705.0,2220614.9253,124806115.11,,,,,,,0.0,0.0,0.0
STRAX,2025-04-18 11:00:00,1744948800000,-0.010017,0.06089,719076.0,445977.4042,121649501.34,,,,,,,0.0,0.0,0.0
STRAX,2025-04-18 15:00:00,1744963200000,-0.00994,0.05942,881851.0,530627.2455,118712651.83,,,,,,,0.0,0.0,0.0
STRAX,2025-04-18 19:00:00,1744977600000,-0.00994,0.0631,4543274.0,2920518.6483,126064764.9,,,,,,,0.0,0.0,0.0
STRAX,2025-04-18 23:00:00,1744992000000,-0.010008,0.06248,764087.0,478922.6077,124826093.68,,,,,,,0.0,0.0,0.0
STRAX,2025-04-19 03:00:00,1745006400000,-0.00994,0.0655,768291.0,499903.8426,130859621.25,,,,,,,0.0,0.0,0.0
STRAX,2025-04-19 07:00:00,1745020800000,-0.00994,0.06047,959299.0,596671.5721,120810401.48,,,,,,,0.0,0.0,0.0
TOMI,2024-04-13 07:00:00,1712966400000,-0.006712,0.6447,230350.0,145940.751,2753077519.34,2759991066.94,0.9975,0.0007,-90.96,232207.65,,4270323436.227262,4281047102.4379454,1973044.01916711
TOMI,2024-07-28 23:00:00,1722182400000,-0.01045,0.1606,19751681.0,3183946.1512,685813943.86,687536164.65,0.9975,0.0029,-97.75,57769.72,,4270323436.227262,4281047102.4379454,1973044.01916711
TOMI,2024-07-29 07:00:00,1722211200000,-0.005603,0.1939,36697468.0,6766415.5372,828015714.28,830095033.16,0.9975,0.0024,-97.28,69768.86,,4270323436.227262,4281047102.4379454,1973044.01916711
TOMI,2024-07-29 15:00:00,1722240000000,-0.03,0.2195,75674070.0,17242429.851,937335994.25,939689838.99,0.9975,0.0021,-96.92,78993.42,,4270323436.227262,4281047102.4379454,1973044.01916711
SWFTC,2025-02-01 07:00:00,1738368000000,-0.005013,0.043221,127100.0,5378893.355,432210000.0,,,,,,,0.0,0.0,0.0
SWFTC,2025-02-01 11:00:00,1738382400000,-0.005013,0.036041,84979.0,3184602.234,360410000.0,,,,,,,0.0,0.0,0.0
SWFTC,2025-02-01 15:00:00,1738396800000,-0.005013,0.040327,80472.0,3130966.894,403270000.0,,,,,,,0.0,0.0,0.0
SWFTC,2025-02-01 19:00:00,1738411200000,-0.005013,0.034928,54723.0,2012298.079,349280000.0,,,,,,,0.0,0.0,0.0
SWFTC,2025-02-01 23:00:00,1738425600000,-0.005013,0.037792,53839.0,2049396.856,377920000.0,,,,,,,0.0,0.0,0.0
SWFTC,2025-02-02 03:00:00,1738440000000,-0.005013,0.044425,117868.0,5055309.83,444250000.0,,,,,,,0.0,0.0,0.0
SWFTC,2025-02-02 07:00:00,1738454400000,-0.005013,0.03942,44060.0,1834605.968,394200000.0,,,,,,,0.0,0.0,0.0
SWFTC,2025-02-02 11:00:00,1738468800000,-0.005013,0.039348,33044.0,1315936.802,393480000.0,,,,,,,0.0,0.0,0.0
SWFTC,2025-02-02 15:00:00,1738483200000,-0.005013,0.040674,29156.0,1158922.267,406740000.0,,,,,,,0.0,0.0,0.0
SWFTC,2025-02-02 19:00:00,1738497600000,-0.005013,0.043946,66253.0,2830328.82,439460000.0,,,,,,,0.0,0.0,0.0
SWFTC,2025-02-02 23:00:00,1738512000000,-0.005013,0.038085,61845.0,2342487.094,380850000.0,,,,,,,0.0,0.0,0.0
SWFTC,2025-02-03 03:00:00,1738526400000,-0.005013,0.035894,25519.0,938169.676,358940000.0,,,,,,,0.0,0.0,0.0
SWFTC,2025-02-03 07:00:00,1738540800000,-0.005013,0.032542,44827.0,1344749.89,325420000.0,,,,,,,0.0,0.0,0.0
SWFTC,2025-02-03 11:00:00,1738555200000,-0.005013,0.03045,19489.0,609900.083,304500000.0,,,,,,,0.0,0.0,0.0
SWFTC,2025-02-03 15:00:00,1738569600000,-0.005013,0.030624,27443.0,840017.797,306240000.0,,,,,,,0.0,0.0,0.0
WAVES,2024-04-17 23:00:00,1713369600000,-0.008426,2.4849,14208210.0,3515141.31112,294667721.69,294667721.69,1.0,0.7616,-96.01,1925.45,,118583332.0,118583332.0,224411886.73656523
WAVES,2025-07-04 15:00:00,1751616000000,-0.006167,1.0452,7682246.0,805422.49178,123943298.61,123943298.61,1.0,1.8106,-98.32,751.94,,118583332.0,118583332.0,224411886.73656523
VVV,2025-02-05 11:00:00,1738728000000,-0.00571,5.56,749566.0,416598.0755,195297368.82,414142249.2,0.4716,0.1225,-75.24,983.29,,35125426.04732388,74486016.04251744,23915266.64125842
VVV,2025-02-06 07:00:00,1738800000000,-0.005232,6.098,1013868.0,619357.864,214194848.04,454215725.83,0.4716,0.1117,-72.84,1088.11,,35125426.04732388,74486016.04251744,23915266.64125842
VVV,2025-02-06 11:00:00,1738814400000,-0.007468,5.657,1043832.0,618053.2178,198704535.15,421367392.75,0.4716,0.1204,-74.81,1002.18,,35125426.04732388,74486016.04251744,23915266.64125842
VVV,2025-05-02 03:00:00,1746129600000,-0.005636,4.983,12369650.0,6188308.147,175029997.99,371163817.94,0.4716,0.1366,-77.81,870.87,,35125426.04732388,74486016.04251744,23915266.64125842
VVV,2025-05-02 07:00:00,1746144000000,-0.008048,4.959,3248442.0,1601968.1516,174186987.77,369376153.55,0.4716,0.1373,-77.92,866.19,,35125426.04732388,74486016.04251744,23915266.64125842
VVV,2025-06-21 03:00:00,1750449600000,-0.005047,3.049,1846242.0,543451.3579,107097424.02,227107862.91,0.4716,0.2233,-86.42,494.05,,35125426.04732388,74486016.04251744,23915266.64125842
WAXP,2025-01-13 07:00:00,1736726400000,-0.00533,0.04579,785966.0,386936.3054,203301576.04,203525243.22,0.9989,0.0186,-99.09,186.88,,4439868443.828233,4444753073.233872,3772209.78398989
WAXP,2025-04-19 11:00:00,1745035200000,-0.011857,0.02679,4529960.0,1211938.8154,118944075.61,119074934.83,0.9989,0.0317,-99.47,67.84,,4439868443.828233,4444753073.233872,3772209.78398989
WAL,2025-03-27 19:00:00,1743076800000,-0.005052,0.4573,4319765.0,20429995.615,646412604.32,2286500000.0,0.2827,0.0388,-47.69,28.57,,1413541667.0,5000000000.0,25095871.7002931
WAL,2025-03-27 23:00:00,1743091200000,-0.0053,0.5719,4375853.0,22272240.512,808404479.36,2859500000.0,0.2827,0.031,-34.58,60.79,,1413541667.0,5000000000.0,25095871.7002931
WAL,2025-03-28 03:00:00,1743105600000,-0.016039,0.5099,2323573.0,12721988.353,720764896.0,2549500000.0,0.2827,0.0348,-41.67,43.36,,1413541667.0,5000000000.0,25095871.7002931
WAL,2025-03-28 07:00:00,1743120000000,-0.02,0.4625,2911846.0,13640755.118,653763020.99,2312500000.0,0.2827,0.0384,-47.1,30.03,,1413541667.0,5000000000.0,25095871.7002931
WAL,2025-03-28 11:00:00,1743134400000,-0.02,0.432,1309939.0,5957028.814,610650000.14,2160000000.0,0.2827,0.0411,-50.58,21.46,,1413541667.0,5000000000.0,25095871.7002931
WAL,2025-03-28 15:00:00,1743148800000,-0.010673,0.488,1570227.0,7314929.248,689808333.5,2440000000.0,0.2827,0.0364,-44.18,37.2,,1413541667.0,5000000000.0,25095871.7002931
WAL,2025-03-28 19:00:00,1743163200000,-0.01077,0.4645,1117450.0,5331013.166,656590104.32,2322500000.0,0.2827,0.0382,-46.87,30.59,,1413541667.0,5000000000.0,25095871.7002931
WAL,2025-03-28 23:00:00,1743177600000,-0.006727,0.4611,532280.0,2468876.739,651784062.65,2305500000.0,0.2827,0.0385,-47.26,29.64,,1413541667.0,5000000000.0,25095871.7002931
VANA,2024-12-16 23:00:00,1734364800000,-0.013882,31.1,13802683.0,39723397.002,935612400.0,3503153760.0,0.2671,0.0079,-12.47,703.86,,30084000.0,112641600.0,7405601.49828032
VANA,2024-12-17 03:00:00,1734379200000,-0.02,32.16,19071943.0,60487845.101,967501440.0,3622553856.0,0.2671,0.0077,-9.49,731.25,,30084000.0,112641600.0,7405601.49828032
VANA,2024-12-17 07:00:00,1734393600000,-0.02,23.71,19563662.0,51011799.69,713291640.0,2670732336.0,0.2671,0.0104,-33.27,512.84,,30084000.0,112641600.0,7405601.49828032
VANA,2024-12-17 11:00:00,1734408000000,-0.02,22.61,5894246.0,13530314.659,680199240.0,2546826576.0,0.2671,0.0109,-36.37,484.41,,30084000.0,112641600.0,7405601.49828032
VANA,2025-01-10 11:00:00,1736481600000,-0.005348,14.47,574444.0,833803.322,435315480.0,1629923952.0,0.2671,0.017,-59.28,274.01,,30084000.0,112641600.0,7405601.49828032
VANA,2025-01-23 15:00:00,1737619200000,-0.005436,11.01,6167446.0,6951378.355,331224840.0,1240184016.0,0.2671,0.0224,-69.01,184.58,,30084000.0,112641600.0,7405601.49828032
VANA,2025-01-23 19:00:00,1737633600000,-0.014781,10.91,4008467.0,4324310.297,328216440.0,1228919856.0,0.2671,0.0226,-69.3,182.0,,30084000.0,112641600.0,7405601.49828032
VANA,2025-02-09 07:00:00,1739059200000,-0.008624,6.5,1929949.0,1266472.932,195546000.0,732170400.0,0.2671,0.0379,-81.71,68.01,,30084000.0,112641600.0,7405601.49828032
VANA,2025-03-16 23:00:00,1742140800000,-0.005631,6.218,1643452.0,1041259.4036,187062312.0,700405468.8,0.2671,0.0396,-82.5,60.72,,30084000.0,112641600.0,7405601.49828032
VANA,2025-03-17 07:00:00,1742169600000,-0.00663,6.811,4986518.0,3378981.6905,204902124.0,767201937.6,0.2671,0.0361,-80.83,76.05,,30084000.0,112641600.0,7405601.49828032
VANA,2025-03-17 11:00:00,1742184000000,-0.005636,6.926,2998408.0,2024850.6113,208361784.0,780155721.6,0.2671,0.0355,-80.51,79.02,,30084000.0,112641600.0,7405601.49828032
VANA,2025-03-22 11:00:00,1742616000000,-0.005315,8.021,1949559.0,1546573.4623,241303764.0,903498273.6,0.2671,0.0307,-77.43,107.32,,30084000.0,112641600.0,7405601.49828032
XMR,2025-04-28 15:00:00,1745827200000,-0.0064,269.47,7778134.0,21145981.188,4970844125.54,4970844125.54,1.0,0.0263,-47.94,126431.34,,18446744.07370955,18446744.07370955,130696059.93237978
UMA,2024-05-09 03:00:00,1715198400000,-0.00905,3.453,57047481.0,20543926.7495,308529682.13,434642018.19,0.7098,0.3364,-92.04,284.27,,89351196.6775132,125873738.25441606,103804704.07953864
UMA,2024-05-09 07:00:00,1715212800000,-0.006806,3.168,18442655.0,6041024.1398,283064591.07,398768002.79,0.7098,0.3667,-92.7,252.55,,89351196.6775132,125873738.25441606,103804704.07953864
UMA,2024-05-09 15:00:00,1715241600000,-0.02,3.22,37946463.0,12215493.8918,287710853.3,405313437.18,0.7098,0.3608,-92.58,258.34,,89351196.6775132,125873738.25441606,103804704.07953864
UMA,2024-05-09 19:00:00,1715256000000,-0.02,4.295,135871442.0,52709930.9129,383763389.73,540627705.8,0.7098,0.2705,-90.1,377.97,,89351196.6775132,125873738.25441606,103804704.07953864
UMA,2024-05-09 23:00:00,1715270400000,-0.014692,3.927,74905385.0,30177762.197,350882149.35,494306170.13,0.7098,0.2958,-90.95,337.01,,89351196.6775132,125873738.25441606,103804704.07953864
UMA,2025-06-09 19:00:00,1749470400000,-0.009815,1.629,86689929.0,14161220.5768,145553099.39,205048319.62,0.7098,0.7132,-96.24,81.28,,89351196.6775132,125873738.25441606,103804704.07953864
UMA,2025-07-22 03:00:00,1753128000000,-0.005158,1.765,70978784.0,13437986.8796,157704862.14,222167148.02,0.7098,0.6582,-95.93,96.42,,89351196.6775132,125873738.25441606,103804704.07953864
UMA,2025-08-20 11:00:00,1755662400000,-0.006033,1.463,48058721.0,7354389.3444,130720800.74,184153279.07,0.7098,0.7941,-96.63,62.81,,89351196.6775132,125873738.25441606,103804704.07953864
XTZ,2025-07-20 15:00:00,1752998400000,-0.011346,1.1441,244168976.0,27865513.19961,1207537261.71,1230492460.72,0.9813,0.0178,-87.53,263.63,,1055447305.048761,1075511284.603827,21469985.24827442
XTZ,2025-07-20 18:00:00,1753009200000,-0.005111,1.1441,244168976.0,27865513.19961,1207537261.71,1230492460.72,0.9813,0.0178,-87.53,263.63,,1055447305.048761,1075511284.603827,21469985.24827442
VIC,2025-03-12 23:00:00,1741795200000,-0.005029,0.3963,2628049.0,10135310.435,48422252.32,83223000.0,0.5818,0.2803,-89.88,191.51,,122185849.9,210000000.0,13571388.71865044
VIC,2025-03-13 07:00:00,1741824000000,-0.005053,0.3857,1029048.0,3924946.858,47127082.31,80997000.0,0.5818,0.288,-90.15,183.71,,122185849.9,210000000.0,13571388.71865044
VIC,2025-03-13 11:00:00,1741838400000,-0.005492,0.3461,641379.0,2323602.938,42288522.65,72681000.0,0.5818,0.3209,-91.17,154.58,,122185849.9,210000000.0,13571388.71865044
VIC,2025-07-07 11:00:00,1751860800000,-0.007212,0.2667,11425626.0,27479577.864,32586966.17,56007000.0,0.5818,0.4165,-93.19,96.18,,122185849.9,210000000.0,13571388.71865044
VIC,2025-07-07 15:00:00,1751875200000,-0.02,0.2921,20370606.0,58191578.824,35690486.76,61341000.0,0.5818,0.3803,-92.54,114.86,,122185849.9,210000000.0,13571388.71865044
VIC,2025-07-07 16:00:00,1751878800000,-0.013703,0.2921,20370606.0,58191578.824,35690486.76,61341000.0,0.5818,0.3803,-92.54,114.86,,122185849.9,210000000.0,13571388.71865044
VIC,2025-07-07 17:00:00,1751882400000,-0.02,0.2921,20370606.0,58191578.824,35690486.76,61341000.0,0.5818,0.3803,-92.54,114.86,,122185849.9,210000000.0,13571388.71865044
VIC,2025-07-07 18:00:00,1751886000000,-0.009259,0.2921,20370606.0,58191578.824,35690486.76,61341000.0,0.5818,0.3803,-92.54,114.86,,122185849.9,210000000.0,13571388.71865044
VIC,2025-07-07 19:00:00,1751889600000,-0.010108,0.3473,16679983.0,49809121.51,42435145.67,72933000.0,0.5818,0.3198,-91.14,155.47,,122185849.9,210000000.0,13571388.71865044
VIC,2025-07-07 20:00:00,1751893200000,-0.006105,0.3473,16679983.0,49809121.51,42435145.67,72933000.0,0.5818,0.3198,-91.14,155.47,,122185849.9,210000000.0,13571388.71865044
VIC,2025-07-07 21:00:00,1751896800000,-0.008444,0.3473,16679983.0,49809121.51,42435145.67,72933000.0,0.5818,0.3198,-91.14,155.47,,122185849.9,210000000.0,13571388.71865044
VIC,2025-07-07 22:00:00,1751900400000,-0.02,0.3473,16679983.0,49809121.51,42435145.67,72933000.0,0.5818,0.3198,-91.14,155.47,,122185849.9,210000000.0,13571388.71865044
VIC,2025-07-07 23:00:00,1751904000000,-0.02,0.3234,13855804.0,47254165.036,39514903.86,67914000.0,0.5818,0.3434,-91.75,137.89,,122185849.9,210000000.0,13571388.71865044
VIC,2025-07-08 00:00:00,1751907600000,-0.017486,0.3234,13855804.0,47254165.036,39514903.86,67914000.0,0.5818,0.3434,-91.75,137.89,,122185849.9,210000000.0,13571388.71865044
VIC,2025-07-08 01:00:00,1751911200000,-0.018185,0.3234,13855804.0,47254165.036,39514903.86,67914000.0,0.5818,0.3434,-91.75,137.89,,122185849.9,210000000.0,13571388.71865044
VIC,2025-07-08 02:00:00,1751914800000,-0.014792,0.3234,13855804.0,47254165.036,39514903.86,67914000.0,0.5818,0.3434,-91.75,137.89,,122185849.9,210000000.0,13571388.71865044
VIC,2025-07-08 03:00:00,1751918400000,-0.007125,0.3108,4429425.0,14221095.57,37975362.15,65268000.0,0.5818,0.3574,-92.07,128.62,,122185849.9,210000000.0,13571388.71865044
VIC,2025-07-08 11:00:00,1751947200000,-0.006966,0.3151,2976723.0,9557044.925,38500761.3,66171000.0,0.5818,0.3525,-91.96,131.78,,122185849.9,210000000.0,13571388.71865044
VIC,2025-07-08 19:00:00,1751976000000,-0.00643,0.3132,4862707.0,16023565.92,38268608.19,65772000.0,0.5818,0.3546,-92.01,130.38,,122185849.9,210000000.0,13571388.71865044
VIC,2025-07-08 20:00:00,1751979600000,-0.006907,0.3132,4862707.0,16023565.92,38268608.19,65772000.0,0.5818,0.3546,-92.01,130.38,,122185849.9,210000000.0,13571388.71865044
VIC,2025-07-30 19:00:00,1753876800000,-0.007044,0.2781,404000.0,1128147.561,33979884.86,58401000.0,0.5818,0.3994,-92.9,104.56,,122185849.9,210000000.0,13571388.71865044
X,2025-03-18 07:00:00,1742256000000,-0.005844,7.4e-05,44208536.0,37576387.6088,51060000.0,51060000.0,1.0,0.0524,-87.24,123.22,,690000000000.0,690000000000.0,2677559.95463549
X,2025-03-18 15:00:00,1742284800000,-0.009755,7.744e-05,9869311.0,8298654.2658,53433600.0,53433600.0,1.0,0.0501,-86.65,133.6,,690000000000.0,690000000000.0,2677559.95463549
X,2025-03-19 07:00:00,1742342400000,-0.006225,8.834e-05,7240200.0,6503453.5773,60954600.0,60954600.0,1.0,0.0439,-84.77,166.48,,690000000000.0,690000000000.0,2677559.95463549
X,2025-03-21 15:00:00,1742544000000,-0.00699,0.00012727,4368428.0,5634004.752,87816300.0,87816300.0,1.0,0.0305,-78.06,283.91,,690000000000.0,690000000000.0,2677559.95463549
XVG,2024-12-02 23:00:00,1733155200000,-0.006133,0.010599,2217068.0,22736498.285,175116161.15,175116161.15,1.0,0.0367,-96.47,488980.0,,16521951235.741348,16521951235.741348,6424376.08517749
XVG,2024-12-03 07:00:00,1733184000000,-0.012971,0.013241,1501976.0,16319633.869,218767156.31,218767156.31,1.0,0.0294,-95.59,610892.39,,16521951235.741348,16521951235.741348,6424376.08517749
XVG,2024-12-03 23:00:00,1733241600000,-0.005213,0.01844,1269652.0,22272611.185,304664780.79,304664780.79,1.0,0.0211,-93.87,850794.92,,16521951235.741348,16521951235.741348,6424376.08517749
XVG,2024-12-12 15:00:00,1733990400000,-0.009312,0.0168,593015.0,9992469.96,277568780.76,277568780.76,1.0,0.0231,-94.41,775118.8,,16521951235.741348,16521951235.741348,6424376.08517749
XVG,2024-12-12 23:00:00,1734019200000,-0.005004,0.015368,249468.0,3929561.828,253909346.59,253909346.59,1.0,0.0253,-94.89,709040.63,,16521951235.741348,16521951235.741348,6424376.08517749
XVG,2024-12-13 15:00:00,1734076800000,-0.00828,0.016599,348200.0,5712982.274,274247868.56,274247868.56,1.0,0.0234,-94.48,765843.86,,16521951235.741348,16521951235.741348,6424376.08517749
XVG,2024-12-23 07:00:00,1734912000000,-0.027641,0.012669,547487.0,6897138.737,209316600.21,209316600.21,1.0,0.0307,-95.79,584498.03,,16521951235.741348,16521951235.741348,6424376.08517749
XVG,2024-12-23 15:00:00,1734940800000,-0.008749,0.012589,383427.0,4788103.758,207994844.11,207994844.11,1.0,0.0309,-95.81,580806.52,,16521951235.741348,16521951235.741348,6424376.08517749
XVG,2024-12-29 15:00:00,1735459200000,-0.005576,0.014042,315253.0,4567341.259,232001239.25,232001239.25,1.0,0.0277,-95.33,647853.71,,16521951235.741348,16521951235.741348,6424376.08517749
ZEC,2025-04-07 15:00:00,1744012800000,-0.016272,29.6,4870309.0,1448307.6583,478813375.2,478813375.2,1.0,0.2206,-99.5,85.36,,16176127.5405448,16176127.5405448,105636606.46340796
ZEC,2025-04-07 23:00:00,1744041600000,-0.005169,32.66,2422139.0,776473.4653,528312325.47,528312325.47,1.0,0.2,-99.45,104.52,,16176127.5405448,16176127.5405448,105636606.46340796
ZEC,2025-04-09 07:00:00,1744156800000,-0.015794,34.79,3786661.0,1359241.0382,562767477.14,562767477.14,1.0,0.1877,-99.41,117.86,,16176127.5405448,16176127.5405448,105636606.46340796
ZEC,2025-04-10 23:00:00,1744300800000,-0.010906,35.39,3313503.0,1126219.6526,572473153.66,572473153.66,1.0,0.1845,-99.4,121.61,,16176127.5405448,16176127.5405448,105636606.46340796
ZEC,2025-04-11 07:00:00,1744329600000,-0.009873,39.33,1880595.0,707767.9548,636207096.17,636207096.17,1.0,0.166,-99.34,146.29,,16176127.5405448,16176127.5405448,105636606.46340796
ZEC,2025-04-11 15:00:00,1744358400000,-0.007612,37.46,1632462.0,620249.5667,605957737.67,605957737.67,1.0,0.1743,-99.37,134.58,,16176127.5405448,16176127.5405448,105636606.46340796
ZEC,2025-04-13 15:00:00,1744531200000,-0.01338,36.26,3818212.0,1436031.2525,586546384.62,586546384.62,1.0,0.1801,-99.39,127.06,,16176127.5405448,16176127.5405448,105636606.46340796
T,2024-04-27 23:00:00,1714233600000,-0.005263,0.03632,178103.0,641817.116,367966698.38,405149600.0,0.9082,0.014,-83.82,210.35,,10131241695.548374,11155000000.0,5158877.11785091
T,2024-04-28 15:00:00,1714291200000,-0.00583,0.03811,444628.0,1718353.909,386101621.02,425117050.0,0.9082,0.0134,-83.02,225.65,,10131241695.548374,11155000000.0,5158877.11785091
T,2024-08-11 23:00:00,1723392000000,-0.015865,0.02473,4039432.0,10034683.971,250545607.13,275863150.0,0.9082,0.0206,-88.98,111.32,,10131241695.548374,11155000000.0,5158877.11785091
T,2024-08-12 07:00:00,1723420800000,-0.005696,0.02401,608504.0,1473143.325,243251113.11,267831550.0,0.9082,0.0212,-89.3,105.16,,10131241695.548374,11155000000.0,5158877.11785091
T,2024-08-12 15:00:00,1723449600000,-0.005791,0.0243,908002.0,2173125.662,246189173.2,271066500.0,0.9082,0.021,-89.17,107.64,,10131241695.548374,11155000000.0,5158877.11785091
T,2024-08-15 15:00:00,1723708800000,-0.006686,0.02356,1715482.0,4128860.132,238692054.35,262811800.0,0.9082,0.0216,-89.5,101.32,,10131241695.548374,11155000000.0,5158877.11785091
T,2024-11-20 07:00:00,1732060800000,-0.005818,0.02686,920161.0,2633653.87,272125151.94,299623300.0,0.9082,0.019,-88.03,129.52,,10131241695.548374,11155000000.0,5158877.11785091
T,2024-11-20 23:00:00,1732118400000,-0.011271,0.02667,486126.0,1346073.539,270200216.02,297503850.0,0.9082,0.0191,-88.12,127.89,,10131241695.548374,11155000000.0,5158877.11785091
T,2024-11-21 07:00:00,1732147200000,-0.008474,0.02598,313027.0,835185.179,263209659.25,289806900.0,0.9082,0.0196,-88.43,122.0,,10131241695.548374,11155000000.0,5158877.11785091
T,2025-03-19 07:00:00,1742342400000,-0.005862,0.01839,94448.0,172650.668,186313534.78,205140450.0,0.9082,0.0277,-91.81,57.14,,10131241695.548374,11155000000.0,5158877.11785091
T,2025-04-18 15:00:00,1744963200000,-0.03,0.02163,9534979.0,19418711.858,219138757.87,241282650.0,0.9082,0.0235,-90.36,84.83,,10131241695.548374,11155000000.0,5158877.11785091
T,2025-04-18 21:00:00,1744984800000,-0.008788,0.02079,7782826.0,16417262.986,210628514.85,231912450.0,0.9082,0.0245,-90.74,77.65,,10131241695.548374,11155000000.0,5158877.11785091
T,2025-04-18 23:00:00,1744992000000,-0.008006,0.0226,6028537.0,12951617.545,228966062.32,252103000.0,0.9082,0.0225,-89.93,93.12,,10131241695.548374,11155000000.0,5158877.11785091
T,2025-04-19 01:00:00,1744999200000,-0.006006,0.0226,6028537.0,12951617.545,228966062.32,252103000.0,0.9082,0.0225,-89.93,93.12,,10131241695.548374,11155000000.0,5158877.11785091
T,2025-04-19 03:00:00,1745006400000,-0.01007,0.02126,5288040.0,11712193.243,215390198.45,237155300.0,0.9082,0.024,-90.53,81.67,,10131241695.548374,11155000000.0,5158877.11785091
T,2025-04-19 05:00:00,1745013600000,-0.005641,0.02126,5288040.0,11712193.243,215390198.45,237155300.0,0.9082,0.024,-90.53,81.67,,10131241695.548374,11155000000.0,5158877.11785091
T,2025-06-15 15:00:00,1749974400000,-0.010217,0.01731,8347949.0,14467874.611,175371793.75,193093050.0,0.9082,0.0294,-92.29,47.91,,10131241695.548374,11155000000.0,5158877.11785091
T,2025-06-15 19:00:00,1749988800000,-0.012845,0.01665,3762023.0,6334769.713,168685174.23,185730750.0,0.9082,0.0306,-92.58,42.27,,10131241695.548374,11155000000.0,5158877.11785091
T,2025-06-16 03:00:00,1750017600000,-0.007505,0.01654,1812106.0,3069911.341,167570737.64,184503700.0,0.9082,0.0308,-92.63,41.33,,10131241695.548374,11155000000.0,5158877.11785091
T,2025-06-16 07:00:00,1750032000000,-0.005454,0.01579,1422268.0,2299356.314,159972306.37,176137450.0,0.9082,0.0322,-92.97,34.92,,10131241695.548374,11155000000.0,5158877.11785091
T,2025-06-20 23:00:00,1750435200000,-0.006082,0.01765,241152.0,422974.95,178816415.93,196885750.0,0.9082,0.0289,-92.14,50.82,,10131241695.548374,11155000000.0,5158877.11785091
XION,2024-12-05 23:00:00,1733414400000,-0.0075,6.107,833319.0,5244039.623,238361956.93,1221400000.0,0.1952,0.0407,-49.47,1121.4,,39030941.039999,200000000.0,9693945.9528244
XION,2024-12-06 07:00:00,1733443200000,-0.0075,5.198,738580.0,4222599.557,202882831.53,1039600000.0,0.1952,0.0478,-57.0,939.6,,39030941.039999,200000000.0,9693945.9528244
XION,2024-12-06 15:00:00,1733472000000,-0.006065,4.856,1231241.0,6377070.009,189534249.69,971200000.0,0.1952,0.0511,-59.82,871.2,,39030941.039999,200000000.0,9693945.9528244
XION,2024-12-06 23:00:00,1733500800000,-0.005234,5.999,1973222.0,11679920.745,234146615.3,1199800000.0,0.1952,0.0414,-50.37,1099.8,,39030941.039999,200000000.0,9693945.9528244
XION,2025-02-07 07:00:00,1738886400000,-0.0075,1.44,575966.0,763704.965,56204555.1,288000000.0,0.1952,0.1725,-88.09,188.0,,39030941.039999,200000000.0,9693945.9528244
XION,2025-02-13 15:00:00,1739433600000,-0.005268,1.145,273068.0,308566.342,44690427.49,229000000.0,0.1952,0.2169,-90.53,129.0,,39030941.039999,200000000.0,9693945.9528244
XION,2025-02-17 03:00:00,1739736000000,-0.006566,1.279,688248.0,817744.381,49920573.59,255800000.0,0.1952,0.1942,-89.42,155.8,,39030941.039999,200000000.0,9693945.9528244
XION,2025-02-17 07:00:00,1739750400000,-0.01,1.252,2146418.0,2821239.052,48866738.18,250400000.0,0.1952,0.1984,-89.64,150.4,,39030941.039999,200000000.0,9693945.9528244
XION,2025-02-19 23:00:00,1739980800000,-0.00506,1.067,195887.0,210286.775,41646014.09,213400000.0,0.1952,0.2328,-91.17,113.4,,39030941.039999,200000000.0,9693945.9528244
XION,2025-02-20 15:00:00,1740038400000,-0.005054,1.123,143051.0,155735.887,43831746.79,224600000.0,0.1952,0.2212,-90.71,124.6,,39030941.039999,200000000.0,9693945.9528244
ZEUS,2024-12-15 07:00:00,1734220800000,-0.009137,0.9397,1078767.0,10052937.332,,939700000.0,,,-16.29,790.6,,0.0,1000000000.0,7694954.90038857
STEEM,2024-05-01 11:00:00,1714536000000,-0.006596,0.262,277779.0,764844.936,137349495.62,137349495.62,1.0,0.2291,-96.94,278.65,,524234716.117,524234716.117,31466419.41376153
STEEM,2024-11-13 15:00:00,1731484800000,-0.007979,0.1883,177559.0,355101.031,98713397.04,98713397.04,1.0,0.3188,-97.8,172.14,,524234716.117,524234716.117,31466419.41376153
STEEM,2024-12-22 23:00:00,1734883200000,-0.018851,0.2153,1196096.0,2631868.433,112867734.38,112867734.38,1.0,0.2788,-97.49,211.16,,524234716.117,524234716.117,31466419.41376153
STEEM,2024-12-23 07:00:00,1734912000000,-0.007517,0.2091,198164.0,404118.305,109617479.14,109617479.14,1.0,0.2871,-97.56,202.2,,524234716.117,524234716.117,31466419.41376153
STEEM,2024-12-23 19:00:00,1734955200000,-0.015623,0.2352,2960005.0,7158975.833,123300005.23,123300005.23,1.0,0.2552,-97.26,239.92,,524234716.117,524234716.117,31466419.41376153
STEEM,2024-12-23 23:00:00,1734969600000,-0.019333,0.2471,1125311.0,2632836.809,129538398.35,129538398.35,1.0,0.2429,-97.12,257.12,,524234716.117,524234716.117,31466419.41376153
STEEM,2024-12-28 11:00:00,1735358400000,-0.009246,0.2769,1412360.0,3824299.936,145160592.89,145160592.89,1.0,0.2168,-96.77,300.19,,524234716.117,524234716.117,31466419.41376153
STEEM,2024-12-28 15:00:00,1735372800000,-0.010903,0.2607,1399224.0,3718071.985,136667990.49,136667990.49,1.0,0.2302,-96.96,276.78,,524234716.117,524234716.117,31466419.41376153
STEEM,2024-12-29 07:00:00,1735430400000,-0.012698,0.3077,3424223.0,10868571.726,161307022.15,161307022.15,1.0,0.1951,-96.41,344.7,,524234716.117,524234716.117,31466419.41376153
STEEM,2024-12-29 11:00:00,1735444800000,-0.012272,0.3095,1093387.0,3396267.043,162250644.64,162250644.64,1.0,0.1939,-96.39,347.3,,524234716.117,524234716.117,31466419.41376153
STEEM,2024-12-29 15:00:00,1735459200000,-0.011149,0.3018,796279.0,2431382.66,158214037.32,158214037.32,1.0,0.1989,-96.48,336.18,,524234716.117,524234716.117,31466419.41376153
STEEM,2024-12-29 19:00:00,1735473600000,-0.006691,0.294,728784.0,2145543.472,154125006.54,154125006.54,1.0,0.2042,-96.57,324.9,,524234716.117,524234716.117,31466419.41376153
STEEM,2024-12-29 23:00:00,1735488000000,-0.00866,0.2891,332858.0,967748.934,151556256.43,151556256.43,1.0,0.2076,-96.63,317.82,,524234716.117,524234716.117,31466419.41376153
STEEM,2024-12-31 11:00:00,1735617600000,-0.014958,0.2865,1494882.0,4299457.44,150193246.17,150193246.17,1.0,0.2095,-96.66,314.06,,524234716.117,524234716.117,31466419.41376153
STEEM,2024-12-31 15:00:00,1735632000000,-0.006767,0.2507,1024998.0,2711527.111,131425643.33,131425643.33,1.0,0.2394,-97.08,262.32,,524234716.117,524234716.117,31466419.41376153
STEEM,2025-01-01 07:00:00,1735689600000,-0.006992,0.2674,578057.0,1570621.337,140180363.09,140180363.09,1.0,0.2245,-96.88,286.46,,524234716.117,524234716.117,31466419.41376153
STEEM,2025-01-05 11:00:00,1736049600000,-0.01694,0.336,977736.0,3074302.021,176142864.62,176142864.62,1.0,0.1786,-96.08,385.6,,524234716.117,524234716.117,31466419.41376153
STEEM,2025-01-05 15:00:00,1736064000000,-0.010902,0.3203,1466889.0,4760850.679,167912379.57,167912379.57,1.0,0.1874,-96.26,362.91,,524234716.117,524234716.117,31466419.41376153
STEEM,2025-01-05 19:00:00,1736078400000,-0.009926,0.3026,921510.0,2841524.517,158633425.1,158633425.1,1.0,0.1984,-96.47,337.33,,524234716.117,524234716.117,31466419.41376153
STEEM,2025-01-05 23:00:00,1736092800000,-0.007718,0.305,507643.0,1532908.706,159891588.42,159891588.42,1.0,0.1968,-96.44,340.8,,524234716.117,524234716.117,31466419.41376153
STEEM,2025-01-06 07:00:00,1736121600000,-0.007272,0.2961,770432.0,2398128.877,155225899.44,155225899.44,1.0,0.2027,-96.55,327.94,,524234716.117,524234716.117,31466419.41376153
STEEM,2025-01-08 11:00:00,1736308800000,-0.011938,0.288,1035605.0,3055966.428,150979598.24,150979598.24,1.0,0.2084,-96.64,316.23,,524234716.117,524234716.117,31466419.41376153
STEEM,2025-01-09 15:00:00,1736409600000,-0.010608,0.2959,1465322.0,4557646.189,155121052.5,155121052.5,1.0,0.2029,-96.55,327.65,,524234716.117,524234716.117,31466419.41376153
STEEM,2025-02-09 15:00:00,1739088000000,-0.014336,0.1853,875208.0,1623061.387,97140692.9,97140692.9,1.0,0.3239,-97.84,167.8,,524234716.117,524234716.117,31466419.41376153
STEEM,2025-02-09 19:00:00,1739102400000,-0.005476,0.1831,183145.0,335689.561,95987376.52,95987376.52,1.0,0.3278,-97.86,164.62,,524234716.117,524234716.117,31466419.41376153
STEEM,2025-02-16 23:00:00,1739721600000,-0.00696,0.1823,243913.0,443773.879,95567988.75,95567988.75,1.0,0.3293,-97.87,163.47,,524234716.117,524234716.117,31466419.41376153
STEEM,2025-04-09 11:00:00,1744171200000,-0.006942,0.1178,400988.0,471026.484,61754849.56,61754849.56,1.0,0.5095,-98.63,70.25,,524234716.117,524234716.117,31466419.41376153
STEEM,2025-04-10 11:00:00,1744257600000,-0.02,0.1338,1248110.0,1746696.327,70142605.02,70142605.02,1.0,0.4486,-98.44,93.37,,524234716.117,524234716.117,31466419.41376153
STEEM,2025-04-10 15:00:00,1744272000000,-0.012966,0.1342,502405.0,673293.547,70352298.9,70352298.9,1.0,0.4473,-98.43,93.95,,524234716.117,524234716.117,31466419.41376153
STEEM,2025-04-10 19:00:00,1744286400000,-0.007812,0.13,238880.0,317152.272,68150513.1,68150513.1,1.0,0.4617,-98.48,87.88,,524234716.117,524234716.117,31466419.41376153
STEEM,2025-04-11 11:00:00,1744344000000,-0.007059,0.1314,244291.0,320625.101,68884441.7,68884441.7,1.0,0.4568,-98.47,89.91,,524234716.117,524234716.117,31466419.41376153
STEEM,2025-04-16 23:00:00,1744819200000,-0.005476,0.152,257925.0,385060.225,79683676.85,79683676.85,1.0,0.3949,-98.23,119.68,,524234716.117,524234716.117,31466419.41376153
ZKJ,2024-06-18 15:00:00,1718697600000,-0.016258,1.108,245888.0,272160.622,376869948.75,1108000000.0,0.3401,0.0364,-88.41,695.31,,340135332.8113598,1000000000.0,13705241.49050314
ZKJ,2024-06-18 23:00:00,1718726400000,-0.006007,1.113,386473.0,425183.835,378570625.42,1113000000.0,0.3401,0.0362,-88.36,698.9,,340135332.8113598,1000000000.0,13705241.49050314
ZKJ,2024-08-05 15:00:00,1722844800000,-0.007184,1.263,48929.0,62331.934,429590925.34,1263000000.0,0.3401,0.0319,-86.79,806.57,,340135332.8113598,1000000000.0,13705241.49050314
ZKJ,2025-06-16 19:00:00,1750075200000,-0.006093,0.3902,22081139.0,8527005.4762,132720806.86,390200000.0,0.3401,0.1033,-95.92,180.08,,340135332.8113598,1000000000.0,13705241.49050314
ZKJ,2025-06-17 07:00:00,1750118400000,-0.014269,0.4203,47366386.0,24212650.644,142958880.38,420300000.0,0.3401,0.0959,-95.6,201.69,,340135332.8113598,1000000000.0,13705241.49050314
ZORA,2025-04-23 23:00:00,1745424000000,-0.018204,0.0217,38851041.0,8557841.4754,70242252.76,217000000.0,0.3237,2.518,-85.25,179.3,,3236970173.3687963,10000000000.0,176869355.998791
ZORA,2025-04-25 03:00:00,1745524800000,-0.005035,0.02331,3632098.0,821277.3033,75453774.74,233100000.0,0.3237,2.3441,-84.15,200.02,,3236970173.3687963,10000000000.0,176869355.998791
ZORA,2025-04-25 07:00:00,1745539200000,-0.005031,0.02177,1886944.0,419594.6677,70468840.67,217700000.0,0.3237,2.5099,-85.2,180.2,,3236970173.3687963,10000000000.0,176869355.998791
ZORA,2025-07-24 03:00:00,1753300800000,-0.011802,0.05208,7915465.0,3876517.5346,168581406.63,520800000.0,0.3237,1.0492,-64.59,570.31,,3236970173.3687963,10000000000.0,176869355.998791
ZORA,2025-07-27 07:00:00,1753574400000,-0.008031,0.07418,26326170.0,20096597.5029,240118447.46,741800000.0,0.3237,0.7366,-49.57,854.75,,3236970173.3687963,10000000000.0,176869355.998791
ZORA,2025-07-27 23:00:00,1753632000000,-0.015902,0.09703,31415744.0,29190917.6089,314083215.92,970300000.0,0.3237,0.5631,-34.03,1148.85,,3236970173.3687963,10000000000.0,176869355.998791
ZRO,2024-06-20 23:00:00,1718899200000,-0.005406,3.524,2760686.0,9851863.914,639496034.31,3524000000.0,0.1815,0.0707,-53.21,134.49,,181468795.20835045,1000000000.0,45210338.05062678
ZRO,2025-03-15 15:00:00,1742025600000,-0.009408,2.234,8036595.0,17888067.411,405401288.5,2234000000.0,0.1815,0.1115,-70.34,48.65,,181468795.20835045,1000000000.0,45210338.05062678
ZRO,2025-03-16 15:00:00,1742112000000,-0.009861,2.326,2902641.0,6836718.581,422096417.65,2326000000.0,0.1815,0.1071,-69.11,54.77,,181468795.20835045,1000000000.0,45210338.05062678
ZRC,2025-04-11 07:00:00,1744329600000,-0.009137,0.0331,4076779.0,1346522.548,72651966.46,331000000.0,0.2195,0.1608,-76.0,69.93,,2194923458.0,10000000000.0,11682535.0329164
ZRC,2025-06-17 15:00:00,1750147200000,-0.00816,0.02561,1154191.0,299194.8102,56211989.76,256100000.0,0.2195,0.2078,-81.43,31.48,,2194923458.0,10000000000.0,11682535.0329164
ZRC,2025-06-29 07:00:00,1751155200000,-0.02,0.0275,7154321.0,1947541.8102,60360395.09,275000000.0,0.2195,0.1935,-80.06,41.18,,2194923458.0,10000000000.0,11682535.0329164
ZRC,2025-06-29 11:00:00,1751169600000,-0.018554,0.02581,10510585.0,2809578.1397,56650974.45,258100000.0,0.2195,0.2062,-81.29,32.5,,2194923458.0,10000000000.0,11682535.0329164
ZRC,2025-06-29 12:00:00,1751173200000,-0.010841,0.02581,10510585.0,2809578.1397,56650974.45,258100000.0,0.2195,0.2062,-81.29,32.5,,2194923458.0,10000000000.0,11682535.0329164
ZRC,2025-06-29 13:00:00,1751176800000,-0.008015,0.02581,10510585.0,2809578.1397,56650974.45,258100000.0,0.2195,0.2062,-81.29,32.5,,2194923458.0,10000000000.0,11682535.0329164
ZRC,2025-07-24 10:00:00,1753326000000,-0.005348,0.0446,9834114.0,4131054.336,97893586.23,446000000.0,0.2195,0.1193,-67.66,128.97,,2194923458.0,10000000000.0,11682535.0329164
ZRC,2025-07-24 11:00:00,1753329600000,-0.008938,0.04215,12051427.0,5200088.2831,92516023.75,421500000.0,0.2195,0.1263,-69.44,116.39,,2194923458.0,10000000000.0,11682535.0329164
ZRC,2025-07-24 12:00:00,1753333200000,-0.005903,0.04215,12051427.0,5200088.2831,92516023.75,421500000.0,0.2195,0.1263,-69.44,116.39,,2194923458.0,10000000000.0,11682535.0329164
ZRC,2025-07-25 05:00:00,1753394400000,-0.006213,0.04722,4280819.0,1921179.1542,103644285.69,472200000.0,0.2195,0.1127,-65.76,142.42,,2194923458.0,10000000000.0,11682535.0329164
ZRC,2025-07-25 06:00:00,1753398000000,-0.007681,0.04722,4280819.0,1921179.1542,103644285.69,472200000.0,0.2195,0.1127,-65.76,142.42,,2194923458.0,10000000000.0,11682535.0329164
ZRC,2025-07-25 07:00:00,1753401600000,-0.007887,0.0457,5794157.0,2676542.0591,100308002.03,457000000.0,0.2195,0.1165,-66.86,134.62,,2194923458.0,10000000000.0,11682535.0329164
ZRC,2025-07-25 09:00:00,1753408800000,-0.007279,0.0457,5794157.0,2676542.0591,100308002.03,457000000.0,0.2195,0.1165,-66.86,134.62,,2194923458.0,10000000000.0,11682535.0329164
TOSHI,2025-01-15 07:00:00,1736899200000,-0.008952,0.0003039,11212070.0,33785550.268,127847164.49,127847691.0,1.0,0.2529,-86.63,3843721.06,,420688267496.3295,420690000000.0,32326944.29044546
TOSHI,2025-01-15 15:00:00,1736928000000,-0.005481,0.000264,8994817.0,22737570.394,111061702.62,111062160.0,1.0,0.2911,-88.38,3339053.54,,420688267496.3295,420690000000.0,32326944.29044546
TOSHI,2025-01-15 23:00:00,1736956800000,-0.022193,0.0003325,5736908.0,18046887.494,139878848.94,139879425.0,1.0,0.2311,-85.37,4205462.69,,420688267496.3295,420690000000.0,32326944.29044546
TOSHI,2025-01-18 07:00:00,1737158400000,-0.009037,0.0003619,741879.0,3007119.699,152247084.01,152247711.0,1.0,0.2123,-84.08,4577322.97,,420688267496.3295,420690000000.0,32326944.29044546
TOSHI,2025-01-23 07:00:00,1737590400000,-0.006577,0.0003804,860342.0,3584724.041,160029816.96,160030476.0,1.0,0.202,-83.26,4811316.69,,420688267496.3295,420690000000.0,32326944.29044546
TOSHI,2025-01-24 07:00:00,1737676800000,-0.027455,0.0005958,2970673.0,17094921.217,250646069.77,250647102.0,1.0,0.129,-73.78,7535762.41,,420688267496.3295,420690000000.0,32326944.29044546
TOSHI,2025-01-24 15:00:00,1737705600000,-0.005678,0.0005597,818518.0,4419428.364,235459223.32,235460193.0,1.0,0.1373,-75.37,7079158.46,,420688267496.3295,420690000000.0,32326944.29044546
TOSHI,2025-01-24 23:00:00,1737734400000,-0.010143,0.0005398,2088198.0,10855684.021,227087526.79,227088462.0,1.0,0.1424,-76.25,6827457.12,,420688267496.3295,420690000000.0,32326944.29044546
TOSHI,2025-01-25 07:00:00,1737763200000,-0.03,0.0007083,3510134.0,22489999.009,297973499.87,297974727.0,1.0,0.1085,-68.83,8958697.16,,420688267496.3295,420690000000.0,32326944.29044546
TOSHI,2025-01-25 15:00:00,1737792000000,-0.02137,0.0006414,1642031.0,10807005.015,269829454.77,269830566.0,1.0,0.1198,-71.78,8112525.29,,420688267496.3295,420690000000.0,32326944.29044546
TOSHI,2025-01-25 23:00:00,1737820800000,-0.03,0.0011472,7323987.0,71283450.547,482613580.47,482615568.0,1.0,0.067,-49.52,14510039.91,,420688267496.3295,420690000000.0,32326944.29044546
TOSHI,2025-01-26 03:00:00,1737835200000,-0.04,0.0009936,3748386.0,38347423.367,417995862.58,417997584.0,1.0,0.0773,-56.28,12567259.67,,420688267496.3295,420690000000.0,32326944.29044546
TOSHI,2025-01-26 11:00:00,1737864000000,-0.024444,0.0013306,2267831.0,29650536.06,559767808.73,559770114.0,1.0,0.0578,-41.45,16829739.75,,420688267496.3295,420690000000.0,32326944.29044546
TOSHI,2025-01-26 15:00:00,1737878400000,-0.012422,0.0013458,1909520.0,24457129.114,566162270.4,566164602.0,1.0,0.0571,-40.78,17021994.05,,420688267496.3295,420690000000.0,32326944.29044546
TOSHI,2025-01-26 19:00:00,1737892800000,-0.033342,0.001871,7187994.0,124584456.305,787107748.49,787110990.0,1.0,0.0411,-17.67,23664885.85,,420688267496.3295,420690000000.0,32326944.29044546
TOSHI,2025-01-26 23:00:00,1737907200000,-0.03669,0.0015425,5658718.0,97560997.745,648911652.61,648914325.0,1.0,0.0498,-32.13,19509916.4,,420688267496.3295,420690000000.0,32326944.29044546
TOSHI,2025-01-27 07:00:00,1737936000000,-0.006468,0.0014127,2691622.0,40250230.062,594306315.49,594308763.0,1.0,0.0544,-37.84,17868165.91,,420688267496.3295,420690000000.0,32326944.29044546
TOSHI,2025-01-27 11:00:00,1737950400000,-0.01423,0.0012135,1676496.0,23519522.738,510505212.61,510507315.0,1.0,0.0633,-46.6,15348622.79,,420688267496.3295,420690000000.0,32326944.29044546
TOSHI,2025-01-27 15:00:00,1737964800000,-0.008425,0.0010504,2020506.0,25129435.391,441890956.18,441892776.0,1.0,0.0732,-53.78,13285683.61,,420688267496.3295,420690000000.0,32326944.29044546
TOSHI,2025-01-28 11:00:00,1738036800000,-0.009513,0.0013155,1175061.0,15587959.153,553415415.89,553417695.0,1.0,0.0584,-42.11,16638750.29,,420688267496.3295,420690000000.0,32326944.29044546
TOSHI,2025-01-29 03:00:00,1738094400000,-0.006754,0.0011802,901977.0,10664639.357,496496293.3,496498338.0,1.0,0.0651,-48.07,14927434.1,,420688267496.3295,420690000000.0,32326944.29044546
TOSHI,2025-01-29 07:00:00,1738108800000,-0.011236,0.00111,606950.0,6965272.964,466963976.92,466965900.0,1.0,0.0692,-51.16,14039522.82,,420688267496.3295,420690000000.0,32326944.29044546
TOSHI,2025-01-29 11:00:00,1738123200000,-0.006431,0.0011139,593566.0,6601096.903,468604661.16,468606591.0,1.0,0.069,-50.99,14088851.23,,420688267496.3295,420690000000.0,32326944.29044546
TOSHI,2025-01-29 19:00:00,1738152000000,-0.005166,0.0011215,1520123.0,16946362.494,471801892.0,471803835.0,1.0,0.0685,-50.65,14184978.37,,420688267496.3295,420690000000.0,32326944.29044546
TOSHI,2025-01-29 23:00:00,1738166400000,-0.010812,0.0011614,824125.0,9177020.154,488587353.87,488589366.0,1.0,0.0662,-48.9,14689645.9,,420688267496.3295,420690000000.0,32326944.29044546
TOSHI,2025-01-31 07:00:00,1738281600000,-0.007864,0.0011234,349736.0,4017646.105,472601199.71,472603146.0,1.0,0.0684,-50.57,14209010.16,,420688267496.3295,420690000000.0,32326944.29044546
TOSHI,2025-02-01 23:00:00,1738425600000,-0.005238,0.000859,500411.0,4413003.983,361371221.78,361372710.0,1.0,0.0895,-62.2,10864797.3,,420688267496.3295,420690000000.0,32326944.29044546
TOSHI,2025-02-03 23:00:00,1738598400000,-0.010639,0.0010705,1645891.0,17178784.481,450346790.35,450348645.0,1.0,0.0718,-52.9,13539914.62,,420688267496.3295,420690000000.0,32326944.29044546
SCA,2024-03-19 07:00:00,1710806400000,-0.0054,0.955,306295.0,294220.102,115657918.7,238750000.0,0.4844,0.0323,-35.9,1467.34,,121107768.2765856,250000000.0,3740110.80788411
SCA,2024-04-19 07:00:00,1713484800000,-0.012812,0.865,114798.0,98902.184,104758219.56,216250000.0,0.4844,0.0357,-41.94,1319.63,,121107768.2765856,250000000.0,3740110.80788411
SCA,2024-08-05 15:00:00,1722844800000,-0.008759,0.2173,3013163.0,677773.1335,26316718.05,54325000.0,0.4844,0.1421,-85.41,256.63,,121107768.2765856,250000000.0,3740110.80788411
SCA,2024-08-06 15:00:00,1722931200000,-0.006753,0.2517,262871.0,64930.9723,30482825.28,62925000.0,0.4844,0.1227,-83.11,313.09,,121107768.2765856,250000000.0,3740110.80788411
SCA,2024-12-29 07:00:00,1735430400000,-0.007194,0.2715,506549.0,138464.9877,32880759.09,67875000.0,0.4844,0.1137,-81.78,345.58,,121107768.2765856,250000000.0,3740110.80788411
SCA,2025-06-03 15:00:00,1748937600000,-0.005946,0.11,587008.0,64557.5794,13321854.51,27500000.0,0.4844,0.2808,-92.62,80.53,,121107768.2765856,250000000.0,3740110.80788411
SCA,2025-06-03 23:00:00,1748966400000,-0.006585,0.1205,1630170.0,191570.0551,14593486.08,30125000.0,0.4844,0.2563,-91.91,97.76,,121107768.2765856,250000000.0,3740110.80788411
SCA,2025-06-04 07:00:00,1748995200000,-0.005826,0.1205,551124.0,64816.8399,14593486.08,30125000.0,0.4844,0.2563,-91.91,97.76,,121107768.2765856,250000000.0,3740110.80788411
SCA,2025-06-04 15:00:00,1749024000000,-0.006998,0.1233,666160.0,79720.296,14932587.83,30825000.0,0.4844,0.2505,-91.72,102.36,,121107768.2765856,250000000.0,3740110.80788411
SCA,2025-06-04 23:00:00,1749052800000,-0.013921,0.125,1863434.0,234991.4636,15138471.03,31250000.0,0.4844,0.2471,-91.61,105.15,,121107768.2765856,250000000.0,3740110.80788411
SCA,2025-06-05 07:00:00,1749081600000,-0.010456,0.1217,1205648.0,147649.0693,14738815.4,30425000.0,0.4844,0.2538,-91.83,99.73,,121107768.2765856,250000000.0,3740110.80788411
SCA,2025-06-05 15:00:00,1749110400000,-0.019709,0.1333,2307674.0,306613.539,16143665.51,33325000.0,0.4844,0.2317,-91.05,118.77,,121107768.2765856,250000000.0,3740110.80788411
SCA,2025-06-05 23:00:00,1749139200000,-0.017817,0.126,1655140.0,214735.9551,15259578.8,31500000.0,0.4844,0.2451,-91.54,106.79,,121107768.2765856,250000000.0,3740110.80788411
SCA,2025-06-06 07:00:00,1749168000000,-0.022739,0.1274,1637955.0,196757.7882,15429129.68,31850000.0,0.4844,0.2424,-91.45,109.09,,121107768.2765856,250000000.0,3740110.80788411
SCA,2025-06-06 15:00:00,1749196800000,-0.023407,0.1307,2573677.0,334823.0178,15828785.31,32675000.0,0.4844,0.2363,-91.23,114.5,,121107768.2765856,250000000.0,3740110.80788411
SCA,2025-06-06 23:00:00,1749225600000,-0.022077,0.1301,2860108.0,373382.6936,15756120.65,32525000.0,0.4844,0.2374,-91.27,113.52,,121107768.2765856,250000000.0,3740110.80788411
SCA,2025-06-07 07:00:00,1749254400000,-0.021573,0.1244,1033510.0,132301.2132,15065806.37,31100000.0,0.4844,0.2483,-91.65,104.16,,121107768.2765856,250000000.0,3740110.80788411
SCA,2025-06-07 15:00:00,1749283200000,-0.012741,0.1283,1844384.0,233617.5786,15538126.67,32075000.0,0.4844,0.2407,-91.39,110.56,,121107768.2765856,250000000.0,3740110.80788411
SCA,2025-06-07 23:00:00,1749312000000,-0.014773,0.1265,1840838.0,232365.6266,15320132.69,31625000.0,0.4844,0.2441,-91.51,107.61,,121107768.2765856,250000000.0,3740110.80788411
SCA,2025-06-08 07:00:00,1749340800000,-0.011488,0.1315,1867013.0,237255.9744,15925671.53,32875000.0,0.4844,0.2348,-91.17,115.82,,121107768.2765856,250000000.0,3740110.80788411
SCA,2025-06-08 15:00:00,1749369600000,-0.011385,0.1263,1203524.0,150713.1725,15295911.13,31575000.0,0.4844,0.2445,-91.52,107.28,,121107768.2765856,250000000.0,3740110.80788411
SCA,2025-06-08 23:00:00,1749398400000,-0.017716,0.1253,1904206.0,237970.2099,15174803.37,31325000.0,0.4844,0.2465,-91.59,105.64,,121107768.2765856,250000000.0,3740110.80788411
SCA,2025-06-09 07:00:00,1749427200000,-0.021421,0.1224,1474821.0,181541.9154,14823590.84,30600000.0,0.4844,0.2523,-91.78,100.88,,121107768.2765856,250000000.0,3740110.80788411
SCA,2025-06-09 15:00:00,1749456000000,-0.014987,0.1212,1054553.0,128206.0366,14678261.52,30300000.0,0.4844,0.2548,-91.86,98.91,,121107768.2765856,250000000.0,3740110.80788411
SCA,2025-06-09 23:00:00,1749484800000,-0.018424,0.121,2153174.0,262925.2016,14654039.96,30250000.0,0.4844,0.2552,-91.88,98.58,,121107768.2765856,250000000.0,3740110.80788411
SCA,2025-06-10 07:00:00,1749513600000,-0.012683,0.1233,1838019.0,228054.0241,14932587.83,30825000.0,0.4844,0.2505,-91.72,102.36,,121107768.2765856,250000000.0,3740110.80788411
SCA,2025-06-10 15:00:00,1749542400000,-0.016529,0.1309,1357459.0,171963.0884,15853006.87,32725000.0,0.4844,0.2359,-91.21,114.83,,121107768.2765856,250000000.0,3740110.80788411
SCA,2025-06-10 23:00:00,1749571200000,-0.016245,0.1345,1726882.0,231939.7897,16288994.83,33625000.0,0.4844,0.2296,-90.97,120.74,,121107768.2765856,250000000.0,3740110.80788411
SCA,2025-06-11 07:00:00,1749600000000,-0.020569,0.1307,1678934.0,223902.9926,15828785.31,32675000.0,0.4844,0.2363,-91.23,114.5,,121107768.2765856,250000000.0,3740110.80788411
SCA,2025-06-11 15:00:00,1749628800000,-0.013881,0.1212,1124228.0,138853.377,14678261.52,30300000.0,0.4844,0.2548,-91.86,98.91,,121107768.2765856,250000000.0,3740110.80788411
SCA,2025-06-11 23:00:00,1749657600000,-0.007118,0.115,828764.0,97336.7549,13927393.35,28750000.0,0.4844,0.2685,-92.28,88.74,,121107768.2765856,250000000.0,3740110.80788411
SCA,2025-06-12 07:00:00,1749686400000,-0.005532,0.1139,590451.0,65847.2012,13794174.81,28475000.0,0.4844,0.2711,-92.35,86.93,,121107768.2765856,250000000.0,3740110.80788411
SCA,2025-06-12 15:00:00,1749715200000,-0.005855,0.1092,469140.0,51730.4861,13224968.3,27300000.0,0.4844,0.2828,-92.67,79.22,,121107768.2765856,250000000.0,3740110.80788411
SCA,2025-06-13 07:00:00,1749772800000,-0.005632,0.0995,1147738.0,114419.6836,12050222.94,24875000.0,0.4844,0.3104,-93.32,63.3,,121107768.2765856,250000000.0,3740110.80788411
SCA,2025-06-13 23:00:00,1749830400000,-0.006051,0.0943,950067.0,90834.9554,11420462.55,23575000.0,0.4844,0.3275,-93.67,54.76,,121107768.2765856,250000000.0,3740110.80788411
SCA,2025-06-14 07:00:00,1749859200000,-0.007411,0.0934,985896.0,91847.1459,11311465.56,23350000.0,0.4844,0.3306,-93.73,53.29,,121107768.2765856,250000000.0,3740110.80788411
SCA,2025-06-14 15:00:00,1749888000000,-0.005357,0.0947,555900.0,52570.5734,11468905.66,23675000.0,0.4844,0.3261,-93.64,55.42,,121107768.2765856,250000000.0,3740110.80788411
SCA,2025-06-14 23:00:00,1749916800000,-0.010899,0.0892,601693.0,55223.197,10802812.93,22300000.0,0.4844,0.3462,-94.01,46.39,,121107768.2765856,250000000.0,3740110.80788411
SCA,2025-06-15 23:00:00,1750003200000,-0.007107,0.089,871717.0,77857.0888,10778591.38,22250000.0,0.4844,0.347,-94.03,46.07,,121107768.2765856,250000000.0,3740110.80788411
SCA,2025-06-16 07:00:00,1750032000000,-0.009499,0.0885,1111658.0,97853.142,10718037.49,22125000.0,0.4844,0.349,-94.06,45.25,,121107768.2765856,250000000.0,3740110.80788411
SCA,2025-06-16 15:00:00,1750060800000,-0.010233,0.0943,732844.0,68589.9985,11420462.55,23575000.0,0.4844,0.3275,-93.67,54.76,,121107768.2765856,250000000.0,3740110.80788411
SCA,2025-06-16 23:00:00,1750089600000,-0.006696,0.0913,835712.0,77084.038,11057139.24,22825000.0,0.4844,0.3383,-93.87,49.84,,121107768.2765856,250000000.0,3740110.80788411
SCA,2025-06-17 07:00:00,1750118400000,-0.008966,0.0881,985664.0,86651.9982,10669594.39,22025000.0,0.4844,0.3505,-94.09,44.59,,121107768.2765856,250000000.0,3740110.80788411
SCA,2025-06-17 15:00:00,1750147200000,-0.005829,0.0905,876963.0,79233.6761,10960253.03,22625000.0,0.4844,0.3412,-93.93,48.53,,121107768.2765856,250000000.0,3740110.80788411
AURASOL,2025-06-12 19:00:00,1749729600000,-0.02003,0.18598,778048.0,13157237.57,179152417.55,179152417.55,1.0,0.1006,-22.37,32984.45,,963288620.0,963288620.0,18029572.58752628
AURASOL,2025-06-12 23:00:00,1749744000000,-0.020037,0.18653,408352.0,7607786.346,179682226.29,179682226.29,1.0,0.1003,-22.14,33082.29,,963288620.0,963288620.0,18029572.58752628
AURASOL,2025-06-13 03:00:00,1749758400000,-0.020012,0.16485,219166.0,3732059.38,158798129.01,158798129.01,1.0,0.1135,-31.19,29225.58,,963288620.0,963288620.0,18029572.58752628
AURASOL,2025-06-13 07:00:00,1749772800000,-0.020044,0.13933,203048.0,2788607.261,134215003.42,134215003.42,1.0,0.1343,-41.85,24685.76,,963288620.0,963288620.0,18029572.58752628
AURASOL,2025-06-13 11:00:00,1749787200000,-0.020037,0.19575,153799.0,2605186.058,188563747.37,188563747.37,1.0,0.0956,-18.3,34722.46,,963288620.0,963288620.0,18029572.58752628
AURASOL,2025-06-13 15:00:00,1749801600000,-0.020035,0.16856,276702.0,5138281.563,162371929.79,162371929.79,1.0,0.111,-29.65,29885.56,,963288620.0,963288620.0,18029572.58752628
AURASOL,2025-06-13 19:00:00,1749816000000,-0.020011,0.1654,206538.0,3558268.618,159327937.75,159327937.75,1.0,0.1132,-30.96,29323.42,,963288620.0,963288620.0,18029572.58752628
AURASOL,2025-06-13 23:00:00,1749830400000,-0.020029,0.1675,107276.0,1732480.096,161350843.85,161350843.85,1.0,0.1117,-30.09,29696.99,,963288620.0,963288620.0,18029572.58752628
AURASOL,2025-06-14 03:00:00,1749844800000,-0.020012,0.1846,104494.0,1733625.634,177823079.25,177823079.25,1.0,0.1014,-22.95,32738.95,,963288620.0,963288620.0,18029572.58752628
AURASOL,2025-06-14 07:00:00,1749859200000,-0.020017,0.17705,64197.0,1145993.464,170550250.17,170550250.17,1.0,0.1057,-26.1,31395.87,,963288620.0,963288620.0,18029572.58752628
AURASOL,2025-06-14 11:00:00,1749873600000,-0.020042,0.19499,58351.0,1048598.111,187831648.01,187831648.01,1.0,0.096,-18.61,34587.26,,963288620.0,963288620.0,18029572.58752628
AURASOL,2025-06-14 15:00:00,1749888000000,-0.020044,0.216,263822.0,5488410.271,208070341.92,208070341.92,1.0,0.0867,-9.84,38324.78,,963288620.0,963288620.0,18029572.58752628
AURASOL,2025-06-14 19:00:00,1749902400000,-0.020041,0.2042,261887.0,5747565.324,196703536.2,196703536.2,1.0,0.0917,-14.77,36225.65,,963288620.0,963288620.0,18029572.58752628
AURASOL,2025-06-14 23:00:00,1749916800000,-0.020027,0.19415,141509.0,2848889.741,187022485.57,187022485.57,1.0,0.0964,-18.96,34437.83,,963288620.0,963288620.0,18029572.58752628
AURASOL,2025-06-15 03:00:00,1749931200000,-0.020048,0.21748,171968.0,3670865.407,209496009.08,209496009.08,1.0,0.0861,-9.23,38588.06,,963288620.0,963288620.0,18029572.58752628
AURASOL,2025-06-15 07:00:00,1749945600000,-0.020045,0.19056,118693.0,2405974.308,183564279.43,183564279.43,1.0,0.0982,-20.46,33799.19,,963288620.0,963288620.0,18029572.58752628
AURASOL,2025-06-15 11:00:00,1749960000000,-0.02002,0.20844,87434.0,1691112.782,200787879.95,200787879.95,1.0,0.0898,-13.0,36979.91,,963288620.0,963288620.0,18029572.58752628
AURASOL,2025-06-15 15:00:00,1749974400000,-0.020045,0.2175,119206.0,2463070.506,209515274.85,209515274.85,1.0,0.0861,-9.22,38591.62,,963288620.0,963288620.0,18029572.58752628
AURASOL,2025-06-15 19:00:00,1749988800000,-0.020011,0.18756,86837.0,1742731.232,180674413.57,180674413.57,1.0,0.0998,-21.71,33265.52,,963288620.0,963288620.0,18029572.58752628
AURASOL,2025-06-15 23:00:00,1750003200000,-0.020042,0.1976,98679.0,1909087.757,190345831.31,190345831.31,1.0,0.0947,-17.52,35051.56,,963288620.0,963288620.0,18029572.58752628
AURASOL,2025-06-16 03:00:00,1750017600000,-0.020016,0.19415,48295.0,941811.305,187022485.57,187022485.57,1.0,0.0964,-18.96,34437.83,,963288620.0,963288620.0,18029572.58752628
AURASOL,2025-06-16 07:00:00,1750032000000,-0.020043,0.1685,39724.0,712520.126,162314132.47,162314132.47,1.0,0.1111,-29.67,29874.88,,963288620.0,963288620.0,18029572.58752628
AURASOL,2025-06-16 11:00:00,1750046400000,-0.020013,0.18756,43552.0,778863.477,180674413.57,180674413.57,1.0,0.0998,-21.71,33265.52,,963288620.0,963288620.0,18029572.58752628
AURASOL,2025-06-16 15:00:00,1750060800000,-0.005022,0.19165,51978.0,967639.184,184614264.02,184614264.02,1.0,0.0977,-20.01,33993.1,,963288620.0,963288620.0,18029572.58752628
AURASOL,2025-06-16 19:00:00,1750075200000,-0.00504,0.18428,45818.0,864255.194,177514826.89,177514826.89,1.0,0.1016,-23.08,32682.03,,963288620.0,963288620.0,18029572.58752628
AURASOL,2025-06-16 23:00:00,1750089600000,-0.005024,0.17586,29563.0,531606.421,169403936.71,169403936.71,1.0,0.1064,-26.6,31184.17,,963288620.0,963288620.0,18029572.58752628
AURASOL,2025-06-17 03:00:00,1750104000000,-0.005035,0.15007,66480.0,1075513.168,144560723.2,144560723.2,1.0,0.1247,-37.36,26596.33,,963288620.0,963288620.0,18029572.58752628
AURASOL,2025-06-17 07:00:00,1750118400000,-0.005028,0.1472,42707.0,622493.189,141796084.86,141796084.86,1.0,0.1272,-38.56,26085.77,,963288620.0,963288620.0,18029572.58752628
AURASOL,2025-06-17 11:00:00,1750132800000,-0.005023,0.15492,30014.0,480372.904,149232673.01,149232673.01,1.0,0.1208,-35.34,27459.1,,963288620.0,963288620.0,18029572.58752628
AURASOL,2025-06-17 15:00:00,1750147200000,-0.00504,0.13815,41346.0,594062.045,133078322.85,133078322.85,1.0,0.1355,-42.34,24475.85,,963288620.0,963288620.0,18029572.58752628
AURASOL,2025-06-17 19:00:00,1750161600000,-0.00504,0.11722,62344.0,823583.452,112916692.04,112916692.04,1.0,0.1597,-51.07,20752.56,,963288620.0,963288620.0,18029572.58752628
AURASOL,2025-06-17 23:00:00,1750176000000,-0.005022,0.1336,73533.0,920226.317,128695359.63,128695359.63,1.0,0.1401,-44.24,23666.44,,963288620.0,963288620.0,18029572.58752628
AURASOL,2025-06-18 03:00:00,1750190400000,-0.005012,0.12597,47783.0,620895.534,121345467.46,121345467.46,1.0,0.1486,-47.42,22309.12,,963288620.0,963288620.0,18029572.58752628
AURASOL,2025-06-18 07:00:00,1750204800000,-0.005034,0.13135,18885.0,247014.86,126527960.24,126527960.24,1.0,0.1425,-45.18,23266.18,,963288620.0,963288620.0,18029572.58752628
AURASOL,2025-06-18 11:00:00,1750219200000,-0.005026,0.14349,30443.0,430200.709,138222284.08,138222284.08,1.0,0.1304,-40.11,25425.79,,963288620.0,963288620.0,18029572.58752628
AURASOL,2025-06-18 15:00:00,1750233600000,-0.005033,0.13212,24600.0,332634.55,127269692.47,127269692.47,1.0,0.1417,-44.85,23403.16,,963288620.0,963288620.0,18029572.58752628
AURASOL,2025-06-18 19:00:00,1750248000000,-0.00504,0.1289,16642.0,208839.637,124167903.12,124167903.12,1.0,0.1452,-46.2,22830.34,,963288620.0,963288620.0,18029572.58752628
AURASOL,2025-06-18 23:00:00,1750262400000,-0.005014,0.17263,24118.0,370475.629,166292514.47,166292514.47,1.0,0.1084,-27.95,30609.58,,963288620.0,963288620.0,18029572.58752628
AURASOL,2025-06-19 03:00:00,1750276800000,-0.005029,0.20182,53706.0,989402.077,194410909.29,194410909.29,1.0,0.0927,-15.76,35802.26,,963288620.0,963288620.0,18029572.58752628
AURASOL,2025-06-19 07:00:00,1750291200000,-0.00504,0.179,14740.0,270395.169,172428662.98,172428662.98,1.0,0.1046,-25.29,31742.76,,963288620.0,963288620.0,18029572.58752628
AURASOL,2025-06-19 11:00:00,1750305600000,-0.005016,0.186,12267.0,223159.328,179171683.32,179171683.32,1.0,0.1006,-22.37,32988.0,,963288620.0,963288620.0,18029572.58752628
AURASOL,2025-06-19 15:00:00,1750320000000,-0.005024,0.15809,15776.0,265262.873,152286297.94,152286297.94,1.0,0.1184,-34.02,28023.02,,963288620.0,963288620.0,18029572.58752628
AURASOL,2025-06-19 19:00:00,1750334400000,-0.005036,0.16235,12570.0,202447.332,156389907.46,156389907.46,1.0,0.1153,-32.24,28780.85,,963288620.0,963288620.0,18029572.58752628
AURASOL,2025-06-19 23:00:00,1750348800000,-0.00504,0.14569,10298.0,152158.665,140341519.05,140341519.05,1.0,0.1285,-39.19,25817.16,,963288620.0,963288620.0,18029572.58752628
AURASOL,2025-06-20 03:00:00,1750363200000,-0.005036,0.13535,8095.0,109476.956,130381114.72,130381114.72,1.0,0.1383,-43.51,23977.75,,963288620.0,963288620.0,18029572.58752628
AURASOL,2025-06-20 07:00:00,1750377600000,-0.005015,0.12816,5360.0,69115.064,123455069.54,123455069.54,1.0,0.146,-46.51,22698.7,,963288620.0,963288620.0,18029572.58752628
AURASOL,2025-06-20 11:00:00,1750392000000,-0.005031,0.14348,6772.0,90232.609,138212651.2,138212651.2,1.0,0.1304,-40.11,25424.01,,963288620.0,963288620.0,18029572.58752628
AURASOL,2025-06-20 15:00:00,1750406400000,-0.005025,0.13337,6471.0,90390.582,128473803.25,128473803.25,1.0,0.1403,-44.33,23625.52,,963288620.0,963288620.0,18029572.58752628
AURASOL,2025-06-20 19:00:00,1750420800000,-0.005013,0.12203,7180.0,90027.005,117550110.3,117550110.3,1.0,0.1534,-49.07,21608.22,,963288620.0,963288620.0,18029572.58752628
AURASOL,2025-06-20 23:00:00,1750435200000,-0.005032,0.12184,9007.0,106507.961,117367085.46,117367085.46,1.0,0.1536,-49.15,21574.42,,963288620.0,963288620.0,18029572.58752628
AURASOL,2025-06-21 03:00:00,1750449600000,-0.005016,0.10959,6903.0,78826.834,105566799.87,105566799.87,1.0,0.1708,-54.26,19395.24,,963288620.0,963288620.0,18029572.58752628
AURASOL,2025-06-21 07:00:00,1750464000000,-0.005037,0.10804,4405.0,48270.443,104073702.5,104073702.5,1.0,0.1732,-54.91,19119.5,,963288620.0,963288620.0,18029572.58752628
AURASOL,2025-06-21 11:00:00,1750478400000,-0.005024,0.11378,4449.0,48677.653,109602979.18,109602979.18,1.0,0.1645,-52.51,20140.61,,963288620.0,963288620.0,18029572.58752628
AURASOL,2025-06-21 15:00:00,1750492800000,-0.005018,0.11637,4049.0,47326.411,112097896.71,112097896.71,1.0,0.1608,-51.43,20601.35,,963288620.0,963288620.0,18029572.58752628
AURASOL,2025-06-21 19:00:00,1750507200000,-0.005023,0.11136,7472.0,84941.669,107271820.72,107271820.72,1.0,0.1681,-53.52,19710.11,,963288620.0,963288620.0,18029572.58752628
AURASOL,2025-06-21 23:00:00,1750521600000,-0.00504,0.10755,8831.0,93372.375,103601691.08,103601691.08,1.0,0.174,-55.11,19032.34,,963288620.0,963288620.0,18029572.58752628
AURASOL,2025-06-22 03:00:00,1750536000000,-0.005023,0.10444,4421.0,46342.569,100605863.47,100605863.47,1.0,0.1792,-56.41,18479.09,,963288620.0,963288620.0,18029572.58752628
AURASOL,2025-06-22 07:00:00,1750550400000,-0.00504,0.10486,3541.0,38204.584,101010444.69,101010444.69,1.0,0.1785,-56.23,18553.81,,963288620.0,963288620.0,18029572.58752628
AURASOL,2025-06-22 11:00:00,1750564800000,-0.00504,0.11248,3218.0,35381.775,108350703.98,108350703.98,1.0,0.1664,-53.05,19909.35,,963288620.0,963288620.0,18029572.58752628
AURASOL,2025-06-22 15:00:00,1750579200000,-0.005016,0.10891,3386.0,37145.625,104911763.6,104911763.6,1.0,0.1719,-54.54,19274.27,,963288620.0,963288620.0,18029572.58752628
AURASOL,2025-06-22 19:00:00,1750593600000,-0.005034,0.08982,6515.0,62868.864,86522583.85,86522583.85,1.0,0.2084,-62.51,15878.3,,963288620.0,963288620.0,18029572.58752628
AURASOL,2025-06-22 23:00:00,1750608000000,-0.00502,0.0922,4473.0,42308.268,88815210.76,88815210.76,1.0,0.203,-61.52,16301.69,,963288620.0,963288620.0,18029572.58752628
AURASOL,2025-06-23 03:00:00,1750622400000,-0.005016,0.10661,6335.0,65312.029,102696199.78,102696199.78,1.0,0.1756,-55.5,18865.12,,963288620.0,963288620.0,18029572.58752628
AURASOL,2025-06-23 07:00:00,1750636800000,-0.005012,0.10141,3125.0,32365.52,97687098.95,97687098.95,1.0,0.1846,-57.67,17940.08,,963288620.0,963288620.0,18029572.58752628
AURASOL,2025-06-23 11:00:00,1750651200000,-0.005019,0.10382,3056.0,31695.459,100008624.53,100008624.53,1.0,0.1803,-56.67,18368.8,,963288620.0,963288620.0,18029572.58752628
AURASOL,2025-06-23 15:00:00,1750665600000,-0.005035,0.10157,3876.0,39268.656,97841225.13,97841225.13,1.0,0.1843,-57.61,17968.54,,963288620.0,963288620.0,18029572.58752628
AURASOL,2025-06-23 19:00:00,1750680000000,-0.00504,0.10929,6146.0,69740.052,105277813.28,105277813.28,1.0,0.1713,-54.38,19341.87,,963288620.0,963288620.0,18029572.58752628
AURASOL,2025-06-23 23:00:00,1750694400000,-0.005039,0.12847,8055.0,101240.186,123753689.01,123753689.01,1.0,0.1457,-46.38,22753.85,,963288620.0,963288620.0,18029572.58752628
AURASOL,2025-06-24 03:00:00,1750708800000,-0.005016,0.13104,4955.0,67121.22,126229340.76,126229340.76,1.0,0.1428,-45.31,23211.03,,963288620.0,963288620.0,18029572.58752628
AURASOL,2025-06-24 07:00:00,1750723200000,-0.00504,0.12654,3113.0,40633.759,121894541.97,121894541.97,1.0,0.1479,-47.18,22410.52,,963288620.0,963288620.0,18029572.58752628
AURASOL,2025-06-24 11:00:00,1750737600000,-0.005039,0.13289,3199.0,41050.493,128011424.71,128011424.71,1.0,0.1408,-44.53,23540.13,,963288620.0,963288620.0,18029572.58752628
AURASOL,2025-06-24 15:00:00,1750752000000,-0.00504,0.13019,2921.0,38081.14,125410545.44,125410545.44,1.0,0.1438,-45.66,23059.82,,963288620.0,963288620.0,18029572.58752628
AURASOL,2025-06-24 19:00:00,1750766400000,-0.00503,0.13925,3292.0,43992.314,134137940.34,134137940.34,1.0,0.1344,-41.88,24671.53,,963288620.0,963288620.0,18029572.58752628
AURASOL,2025-06-24 23:00:00,1750780800000,-0.005017,0.13352,3787.0,52228.162,128618296.54,128618296.54,1.0,0.1402,-44.27,23652.21,,963288620.0,963288620.0,18029572.58752628
AURASOL,2025-06-25 03:00:00,1750795200000,-0.005029,0.13725,2942.0,40161.648,132211363.1,132211363.1,1.0,0.1364,-42.71,24315.74,,963288620.0,963288620.0,18029572.58752628
AURASOL,2025-06-25 07:00:00,1750809600000,-0.00504,0.13354,2853.0,39438.284,128637562.31,128637562.31,1.0,0.1402,-44.26,23655.76,,963288620.0,963288620.0,18029572.58752628
AURASOL,2025-06-25 11:00:00,1750824000000,-0.005012,0.12853,3324.0,42187.552,123811486.33,123811486.33,1.0,0.1456,-46.35,22764.52,,963288620.0,963288620.0,18029572.58752628
AURASOL,2025-06-25 15:00:00,1750838400000,-0.005021,0.12405,3014.0,37953.526,119495953.31,119495953.31,1.0,0.1509,-48.22,21967.56,,963288620.0,963288620.0,18029572.58752628
AURASOL,2025-06-25 19:00:00,1750852800000,-0.005015,0.11346,4682.0,55104.12,109294726.83,109294726.83,1.0,0.165,-52.64,20083.68,,963288620.0,963288620.0,18029572.58752628
AURASOL,2025-06-25 23:00:00,1750867200000,-0.005027,0.11878,3028.0,35010.721,114419422.28,114419422.28,1.0,0.1576,-50.42,21030.07,,963288620.0,963288620.0,18029572.58752628
AURASOL,2025-06-26 03:00:00,1750881600000,-0.00504,0.11111,2752.0,31993.658,107030998.57,107030998.57,1.0,0.1685,-53.62,19665.63,,963288620.0,963288620.0,18029572.58752628
AURASOL,2025-06-26 07:00:00,1750896000000,-0.005015,0.11118,2717.0,30483.285,107098428.77,107098428.77,1.0,0.1683,-53.59,19678.09,,963288620.0,963288620.0,18029572.58752628
AURASOL,2025-06-26 11:00:00,1750910400000,-0.005015,0.10335,3755.0,39131.409,99555878.88,99555878.88,1.0,0.1811,-56.86,18285.19,,963288620.0,963288620.0,18029572.58752628
AURASOL,2025-06-26 15:00:00,1750924800000,-0.005026,0.10847,3039.0,31621.282,104487916.61,104487916.61,1.0,0.1726,-54.73,19196.0,,963288620.0,963288620.0,18029572.58752628
AURASOL,2025-06-26 19:00:00,1750939200000,-0.005028,0.11277,3652.0,42228.05,108630057.68,108630057.68,1.0,0.166,-52.93,19960.94,,963288620.0,963288620.0,18029572.58752628
AURASOL,2025-06-26 23:00:00,1750953600000,-0.005026,0.1055,3139.0,34281.653,101626949.41,101626949.41,1.0,0.1774,-55.97,18667.66,,963288620.0,963288620.0,18029572.58752628
AURASOL,2025-06-27 03:00:00,1750968000000,-0.005035,0.10106,2953.0,30648.989,97349947.94,97349947.94,1.0,0.1852,-57.82,17877.82,,963288620.0,963288620.0,18029572.58752628
AURASOL,2025-06-27 07:00:00,1750982400000,-0.005022,0.1042,2733.0,27929.451,100374674.2,100374674.2,1.0,0.1796,-56.51,18436.4,,963288620.0,963288620.0,18029572.58752628
AURASOL,2025-06-27 11:00:00,1750996800000,-0.005013,0.10784,2718.0,28837.032,103881044.78,103881044.78,1.0,0.1736,-54.99,19083.93,,963288620.0,963288620.0,18029572.58752628
AURASOL,2025-06-27 15:00:00,1751011200000,-0.005017,0.10983,4169.0,46955.304,105797989.13,105797989.13,1.0,0.1704,-54.16,19437.93,,963288620.0,963288620.0,18029572.58752628
AURASOL,2025-06-27 19:00:00,1751025600000,-0.005032,0.1067,2801.0,30018.182,102782895.75,102782895.75,1.0,0.1754,-55.46,18881.13,,963288620.0,963288620.0,18029572.58752628
AURASOL,2025-06-27 23:00:00,1751040000000,-0.005011,0.10306,2771.0,28634.508,99276525.18,99276525.18,1.0,0.1816,-56.98,18233.6,,963288620.0,963288620.0,18029572.58752628
AURASOL,2025-06-28 03:00:00,1751054400000,-0.005032,0.10052,3037.0,32126.32,96829772.08,96829772.08,1.0,0.1862,-58.04,17781.75,,963288620.0,963288620.0,18029572.58752628
AURASOL,2025-06-28 07:00:00,1751068800000,-0.005018,0.10085,2736.0,27365.161,97147657.33,97147657.33,1.0,0.1856,-57.91,17840.46,,963288620.0,963288620.0,18029572.58752628
AURASOL,2025-06-28 11:00:00,1751083200000,-0.005021,0.10623,2953.0,29854.168,102330150.1,102330150.1,1.0,0.1762,-55.66,18797.52,,963288620.0,963288620.0,18029572.58752628
AURASOL,2025-06-28 15:00:00,1751097600000,-0.005033,0.10627,2832.0,30095.903,102368681.65,102368681.65,1.0,0.1761,-55.64,18804.64,,963288620.0,963288620.0,18029572.58752628
AURASOL,2025-06-28 19:00:00,1751112000000,-0.00504,0.10494,2740.0,28841.056,101087507.78,101087507.78,1.0,0.1784,-56.2,18568.04,,963288620.0,963288620.0,18029572.58752628
AURASOL,2025-06-28 23:00:00,1751126400000,-0.005012,0.11555,3579.0,40453.545,111308000.04,111308000.04,1.0,0.162,-51.77,20455.48,,963288620.0,963288620.0,18029572.58752628
AURASOL,2025-06-29 03:00:00,1751140800000,-0.00502,0.10875,3034.0,33242.268,104757637.42,104757637.42,1.0,0.1721,-54.61,19245.81,,963288620.0,963288620.0,18029572.58752628
AURASOL,2025-06-29 07:00:00,1751155200000,-0.005025,0.10563,2559.0,27167.451,101752176.93,101752176.93,1.0,0.1772,-55.91,18690.78,,963288620.0,963288620.0,18029572.58752628
AURASOL,2025-06-29 11:00:00,1751169600000,-0.005011,0.11029,2629.0,28150.85,106241101.9,106241101.9,1.0,0.1697,-53.97,19519.76,,963288620.0,963288620.0,18029572.58752628
AURASOL,2025-06-29 15:00:00,1751184000000,-0.005039,0.10964,2880.0,31452.63,105614964.3,105614964.3,1.0,0.1707,-54.24,19404.13,,963288620.0,963288620.0,18029572.58752628
AURASOL,2025-06-29 19:00:00,1751198400000,-0.005022,0.11297,3132.0,35638.006,108822715.4,108822715.4,1.0,0.1657,-52.85,19996.51,,963288620.0,963288620.0,18029572.58752628
AURASOL,2025-06-29 23:00:00,1751212800000,-0.005032,0.11233,2910.0,33106.173,108206210.68,108206210.68,1.0,0.1666,-53.11,19882.66,,963288620.0,963288620.0,18029572.58752628
AURASOL,2025-06-30 03:00:00,1751227200000,-0.005034,0.11296,2949.0,33110.556,108813082.52,108813082.52,1.0,0.1657,-52.85,19994.74,,963288620.0,963288620.0,18029572.58752628
AURASOL,2025-06-30 07:00:00,1751241600000,-0.005016,0.10818,2863.0,31197.943,104208562.91,104208562.91,1.0,0.173,-54.85,19144.41,,963288620.0,963288620.0,18029572.58752628
AURASOL,2025-06-30 11:00:00,1751256000000,-0.005033,0.10347,3070.0,31936.13,99671473.51,99671473.51,1.0,0.1809,-56.81,18306.54,,963288620.0,963288620.0,18029572.58752628
AURASOL,2025-06-30 15:00:00,1751270400000,-0.005023,0.10259,2899.0,29452.473,98823779.53,98823779.53,1.0,0.1824,-57.18,18149.99,,963288620.0,963288620.0,18029572.58752628
AURASOL,2025-06-30 19:00:00,1751284800000,-0.005014,0.10982,3020.0,31296.28,105788356.25,105788356.25,1.0,0.1704,-54.16,19436.15,,963288620.0,963288620.0,18029572.58752628
AURASOL,2025-06-30 23:00:00,1751299200000,-0.005031,0.10657,3440.0,35975.939,102657668.23,102657668.23,1.0,0.1756,-55.52,18858.0,,963288620.0,963288620.0,18029572.58752628
AURASOL,2025-07-01 03:00:00,1751313600000,-0.00504,0.10937,3220.0,34847.814,105354876.37,105354876.37,1.0,0.1711,-54.35,19356.1,,963288620.0,963288620.0,18029572.58752628
AURASOL,2025-07-01 07:00:00,1751328000000,-0.00504,0.10854,2736.0,30033.23,104555346.81,104555346.81,1.0,0.1724,-54.7,19208.45,,963288620.0,963288620.0,18029572.58752628
AURASOL,2025-07-01 11:00:00,1751342400000,-0.00503,0.10261,2668.0,28158.602,98843045.3,98843045.3,1.0,0.1824,-57.17,18153.55,,963288620.0,963288620.0,18029572.58752628
AURASOL,2025-07-01 15:00:00,1751356800000,-0.005018,0.11175,3076.0,31836.713,107647503.28,107647503.28,1.0,0.1675,-53.36,19779.49,,963288620.0,963288620.0,18029572.58752628
AURASOL,2025-07-01 19:00:00,1751371200000,-0.00504,0.11355,4461.0,49832.052,109381422.8,109381422.8,1.0,0.1648,-52.61,20099.69,,963288620.0,963288620.0,18029572.58752628
AURASOL,2025-07-01 23:00:00,1751385600000,-0.00504,0.11128,3671.0,42308.06,107194757.63,107194757.63,1.0,0.1682,-53.55,19695.88,,963288620.0,963288620.0,18029572.58752628
AURASOL,2025-07-02 03:00:00,1751400000000,-0.005033,0.10758,2767.0,29973.431,103630589.74,103630589.74,1.0,0.174,-55.1,19037.67,,963288620.0,963288620.0,18029572.58752628
AURASOL,2025-07-02 07:00:00,1751414400000,-0.005031,0.11357,2626.0,28703.247,109400688.57,109400688.57,1.0,0.1648,-52.6,20103.25,,963288620.0,963288620.0,18029572.58752628
AURASOL,2025-07-02 11:00:00,1751428800000,-0.005018,0.1172,2787.0,31666.354,112897426.26,112897426.26,1.0,0.1597,-51.08,20749.0,,963288620.0,963288620.0,18029572.58752628
AURASOL,2025-07-02 15:00:00,1751443200000,-0.005026,0.11145,2759.0,31555.273,107358516.7,107358516.7,1.0,0.1679,-53.48,19726.12,,963288620.0,963288620.0,18029572.58752628
AURASOL,2025-07-02 19:00:00,1751457600000,-0.005012,0.11822,2714.0,31187.346,113879980.66,113879980.66,1.0,0.1583,-50.66,20930.45,,963288620.0,963288620.0,18029572.58752628
AURASOL,2025-07-02 23:00:00,1751472000000,-0.005032,0.13496,9145.0,126295.577,130005432.16,130005432.16,1.0,0.1387,-43.67,23908.37,,963288620.0,963288620.0,18029572.58752628
AURASOL,2025-07-03 03:00:00,1751486400000,-0.005024,0.13904,3821.0,52506.619,133935649.72,133935649.72,1.0,0.1346,-41.97,24634.17,,963288620.0,963288620.0,18029572.58752628
AURASOL,2025-07-03 07:00:00,1751500800000,-0.00504,0.13769,3551.0,49943.05,132635210.09,132635210.09,1.0,0.1359,-42.53,24394.02,,963288620.0,963288620.0,18029572.58752628
AURASOL,2025-07-03 11:00:00,1751515200000,-0.005018,0.15344,4213.0,60008.305,147807005.85,147807005.85,1.0,0.122,-35.96,27195.82,,963288620.0,963288620.0,18029572.58752628
AURASOL,2025-07-03 15:00:00,1751529600000,-0.00504,0.1498,4326.0,65136.289,144300635.28,144300635.28,1.0,0.1249,-37.48,26548.3,,963288620.0,963288620.0,18029572.58752628
AURASOL,2025-07-03 19:00:00,1751544000000,-0.005037,0.13862,3542.0,50185.53,133531068.5,133531068.5,1.0,0.135,-42.14,24559.46,,963288620.0,963288620.0,18029572.58752628
AURASOL,2025-07-03 23:00:00,1751558400000,-0.005028,0.12903,3053.0,40780.805,124293130.64,124293130.64,1.0,0.1451,-46.14,22853.47,,963288620.0,963288620.0,18029572.58752628
AURASOL,2025-07-04 03:00:00,1751572800000,-0.005018,0.13209,2650.0,35050.842,127240793.82,127240793.82,1.0,0.1417,-44.87,23397.82,,963288620.0,963288620.0,18029572.58752628
AURASOL,2025-07-04 07:00:00,1751587200000,-0.005036,0.13354,2646.0,35158.26,128637562.31,128637562.31,1.0,0.1402,-44.26,23655.76,,963288620.0,963288620.0,18029572.58752628
AURASOL,2025-07-04 11:00:00,1751601600000,-0.00504,0.12464,3142.0,41077.321,120064293.6,120064293.6,1.0,0.1502,-47.98,22072.52,,963288620.0,963288620.0,18029572.58752628
AURASOL,2025-07-04 15:00:00,1751616000000,-0.005017,0.14637,3711.0,48580.515,140996555.31,140996555.31,1.0,0.1279,-38.91,25938.12,,963288620.0,963288620.0,18029572.58752628
AURASOL,2025-07-04 19:00:00,1751630400000,-0.005024,0.1331,2921.0,40111.568,128213715.32,128213715.32,1.0,0.1406,-44.45,23577.49,,963288620.0,963288620.0,18029572.58752628
AURASOL,2025-07-04 23:00:00,1751644800000,-0.00504,0.13596,3501.0,47717.131,130968720.78,130968720.78,1.0,0.1377,-43.25,24086.26,,963288620.0,963288620.0,18029572.58752628
AURASOL,2025-07-05 03:00:00,1751659200000,-0.005018,0.13854,2788.0,38533.066,133454005.41,133454005.41,1.0,0.1351,-42.18,24545.23,,963288620.0,963288620.0,18029572.58752628
AURASOL,2025-07-05 07:00:00,1751673600000,-0.005026,0.13484,2659.0,36302.118,129889837.52,129889837.52,1.0,0.1388,-43.72,23887.02,,963288620.0,963288620.0,18029572.58752628
AURASOL,2025-07-05 11:00:00,1751688000000,-0.00504,0.13966,3065.0,41896.466,134532888.67,134532888.67,1.0,0.134,-41.71,24744.47,,963288620.0,963288620.0,18029572.58752628
AURASOL,2025-07-05 15:00:00,1751702400000,-0.005036,0.13848,2688.0,37271.712,133396208.1,133396208.1,1.0,0.1352,-42.2,24534.55,,963288620.0,963288620.0,18029572.58752628
AURASOL,2025-07-05 19:00:00,1751716800000,-0.005039,0.13652,2743.0,37428.507,131508162.4,131508162.4,1.0,0.1371,-43.02,24185.88,,963288620.0,963288620.0,18029572.58752628
AURASOL,2025-07-05 23:00:00,1751731200000,-0.005036,0.13253,2641.0,35481.785,127664640.81,127664640.81,1.0,0.1412,-44.68,23476.09,,963288620.0,963288620.0,18029572.58752628
AURASOL,2025-07-06 03:00:00,1751745600000,-0.00504,0.13466,2685.0,35328.895,129716445.57,129716445.57,1.0,0.139,-43.79,23855.0,,963288620.0,963288620.0,18029572.58752628
AURASOL,2025-07-06 07:00:00,1751760000000,-0.005025,0.13255,2503.0,33327.496,127683906.58,127683906.58,1.0,0.1412,-44.68,23479.65,,963288620.0,963288620.0,18029572.58752628
AURASOL,2025-07-06 11:00:00,1751774400000,-0.00503,0.13495,2648.0,35471.408,129995799.27,129995799.27,1.0,0.1387,-43.67,23906.59,,963288620.0,963288620.0,18029572.58752628
AURASOL,2025-07-06 15:00:00,1751788800000,-0.00504,0.13093,2674.0,35227.458,126123379.02,126123379.02,1.0,0.143,-45.35,23191.46,,963288620.0,963288620.0,18029572.58752628
AURASOL,2025-07-06 19:00:00,1751803200000,-0.00504,0.13103,2713.0,35448.036,126219707.88,126219707.88,1.0,0.1428,-45.31,23209.25,,963288620.0,963288620.0,18029572.58752628
AURASOL,2025-07-06 23:00:00,1751817600000,-0.005017,0.13061,2664.0,34888.378,125815126.66,125815126.66,1.0,0.1433,-45.48,23134.54,,963288620.0,963288620.0,18029572.58752628
ZETA,2024-05-03 15:00:00,1714723200000,-0.007971,1.5592,2475854.0,40663119.214,1519943892.19,3274320000.0,0.4642,0.0086,-45.37,922.76,,974822917.0,2100000000.0,13061920.20377886
ZETA,2025-03-23 07:00:00,1742688000000,-0.02,0.3682,8137886.0,30373080.833,358929798.04,773220000.0,0.4642,0.0364,-87.1,141.52,,974822917.0,2100000000.0,13061920.20377886
ZETA,2025-03-23 11:00:00,1742702400000,-0.010903,0.3312,3634458.0,12459710.475,322861350.11,695520000.0,0.4642,0.0405,-88.4,117.25,,974822917.0,2100000000.0,13061920.20377886
ZETA,2025-03-23 19:00:00,1742731200000,-0.005775,0.2935,1209931.0,3645750.428,286110526.14,616350000.0,0.4642,0.0457,-89.72,92.52,,974822917.0,2100000000.0,13061920.20377886
ZETA,2025-03-24 11:00:00,1742788800000,-0.012229,0.3264,2094999.0,6978966.493,318182200.11,685440000.0,0.4642,0.0411,-88.56,114.1,,974822917.0,2100000000.0,13061920.20377886
ZETA,2025-03-24 15:00:00,1742803200000,-0.005508,0.3135,726497.0,2321689.518,305606984.48,658350000.0,0.4642,0.0427,-89.02,105.64,,974822917.0,2100000000.0,13061920.20377886
STARTUP,2025-05-18 23:00:00,1747584000000,-0.005009,0.0252,932194.0,2777451.943,24955187.64,,,,,,,0.0,0.0,0.0
STARTUP,2025-05-19 07:00:00,1747612800000,-0.005007,0.0238,578620.0,1586698.02,23568788.33,,,,,,,0.0,0.0,0.0
STARTUP,2025-07-01 07:00:00,1751328000000,-0.005046,0.02684,211340.0,552935.641,26579255.41,,,,,,,0.0,0.0,0.0
STARTUP,2025-07-01 11:00:00,1751342400000,-0.005061,0.02433,192940.0,490200.26,24093639.5,,,,,,,0.0,0.0,0.0
STARTUP,2025-07-01 15:00:00,1751356800000,-0.00506,0.02385,195235.0,451025.341,23618302.59,,,,,,,0.0,0.0,0.0
STARTUP,2025-07-01 19:00:00,1751371200000,-0.005051,0.02138,147440.0,331180.443,21172298.09,,,,,,,0.0,0.0,0.0
STARTUP,2025-07-01 23:00:00,1751385600000,-0.005054,0.026,674799.0,1731280.768,25747415.82,,,,,,,0.0,0.0,0.0
STARTUP,2025-07-02 03:00:00,1751400000000,-0.005065,0.03366,895215.0,2779728.466,33333000.64,,,,,,,0.0,0.0,0.0
STARTUP,2025-07-02 07:00:00,1751414400000,-0.005074,0.03768,1091423.0,4194007.007,37313947.24,,,,,,,0.0,0.0,0.0
STARTUP,2025-07-02 11:00:00,1751428800000,-0.005048,0.0381,439008.0,1656164.059,37729867.03,,,,,,,0.0,0.0,0.0
STARTUP,2025-07-02 15:00:00,1751443200000,-0.005043,0.03995,568096.0,2299419.295,39561894.7,,,,,,,0.0,0.0,0.0
STARTUP,2025-07-02 19:00:00,1751457600000,-0.005044,0.04576,755066.0,3155479.73,45315451.85,,,,,,,0.0,0.0,0.0
STARTUP,2025-07-02 23:00:00,1751472000000,-0.005074,0.04577,729712.0,3352063.733,45325354.7,,,,,,,0.0,0.0,0.0
STARTUP,2025-07-03 03:00:00,1751486400000,-0.010058,0.03935,304688.0,1237592.97,38967723.56,,,,,,,0.0,0.0,0.0
STARTUP,2025-07-03 07:00:00,1751500800000,-0.010058,0.03797,171376.0,677325.441,37601129.96,,,,,,,0.0,0.0,0.0
STARTUP,2025-07-03 11:00:00,1751515200000,-0.010065,0.0405,122908.0,479843.817,40106551.57,,,,,,,0.0,0.0,0.0
STARTUP,2025-07-03 15:00:00,1751529600000,-0.010058,0.03949,100910.0,406089.337,39106363.5,,,,,,,0.0,0.0,0.0
STARTUP,2025-07-03 19:00:00,1751544000000,-0.010056,0.03367,217611.0,774235.214,33342903.49,,,,,,,0.0,0.0,0.0
STARTUP,2025-07-03 23:00:00,1751558400000,-0.010042,0.03927,325996.0,1204503.268,38888500.75,,,,,,,0.0,0.0,0.0
STARTUP,2025-07-04 03:00:00,1751572800000,-0.010047,0.03697,133304.0,489482.32,36610844.73,,,,,,,0.0,0.0,0.0
STARTUP,2025-07-04 07:00:00,1751587200000,-0.010051,0.03234,65295.0,226333.452,32025824.14,,,,,,,0.0,0.0,0.0
STARTUP,2025-07-04 11:00:00,1751601600000,-0.010039,0.0311,83526.0,262514.499,30797870.47,,,,,,,0.0,0.0,0.0
STARTUP,2025-07-04 15:00:00,1751616000000,-0.010053,0.0325,68415.0,215990.306,32184269.78,,,,,,,0.0,0.0,0.0
STARTUP,2025-07-04 19:00:00,1751630400000,-0.010068,0.0303,57453.0,176796.651,30005642.29,,,,,,,0.0,0.0,0.0
STARTUP,2025-07-04 23:00:00,1751644800000,-0.010033,0.0338,188914.0,638139.074,33471640.57,,,,,,,0.0,0.0,0.0
STARTUP,2025-07-05 03:00:00,1751659200000,-0.010058,0.03606,155412.0,537513.604,35709685.18,,,,,,,0.0,0.0,0.0
STARTUP,2025-07-05 07:00:00,1751673600000,-0.010042,0.03623,136003.0,481434.068,35878033.67,,,,,,,0.0,0.0,0.0
STARTUP,2025-07-05 11:00:00,1751688000000,-0.010061,0.04342,374352.0,1514770.474,42998184.43,,,,,,,0.0,0.0,0.0
STARTUP,2025-07-05 15:00:00,1751702400000,-0.010049,0.0416,279787.0,1154219.648,41195865.32,,,,,,,0.0,0.0,0.0
STARTUP,2025-07-05 19:00:00,1751716800000,-0.010063,0.04303,311552.0,1282127.264,42611973.19,,,,,,,0.0,0.0,0.0
STARTUP,2025-07-05 23:00:00,1751731200000,-0.010058,0.0418,143096.0,590011.814,41393922.36,,,,,,,0.0,0.0,0.0
STARTUP,2025-07-06 03:00:00,1751745600000,-0.010049,0.04279,91196.0,376872.171,42374304.73,,,,,,,0.0,0.0,0.0
STARTUP,2025-07-06 07:00:00,1751760000000,-0.010042,0.04523,90660.0,405363.592,44790600.68,,,,,,,0.0,0.0,0.0
STARTUP,2025-07-06 11:00:00,1751774400000,-0.010058,0.04266,81369.0,357763.991,42245567.66,,,,,,,0.0,0.0,0.0
STARTUP,2025-07-06 15:00:00,1751788800000,-0.010036,0.03654,113716.0,431516.243,36185022.08,,,,,,,0.0,0.0,0.0
STARTUP,2025-07-06 19:00:00,1751803200000,-0.010042,0.0396,107490.0,415279.069,39215294.87,,,,,,,0.0,0.0,0.0
STARTUP,2025-07-06 23:00:00,1751817600000,-0.010044,0.0346,95939.0,341712.27,34263868.75,,,,,,,0.0,0.0,0.0
STARTUP,2025-07-07 03:00:00,1751832000000,-0.010038,0.0354,88434.0,305824.184,35056096.93,,,,,,,0.0,0.0,0.0
STARTUP,2025-07-07 07:00:00,1751846400000,-0.01005,0.03849,57200.0,214078.228,38116078.27,,,,,,,0.0,0.0,0.0
STARTUP,2025-07-07 11:00:00,1751860800000,-0.010061,0.0353,33393.0,122207.81,34957068.41,,,,,,,0.0,0.0,0.0
STARTUP,2025-07-07 15:00:00,1751875200000,-0.010061,0.0385,60152.0,224368.514,38125981.12,,,,,,,0.0,0.0,0.0
STARTUP,2025-07-07 19:00:00,1751889600000,-0.010031,0.03625,41243.0,152382.83,35897839.37,,,,,,,0.0,0.0,0.0
STARTUP,2025-07-07 23:00:00,1751904000000,-0.010064,0.0303,81548.0,260736.833,30005642.29,,,,,,,0.0,0.0,0.0
STARTUP,2025-07-08 03:00:00,1751918400000,-0.010031,0.02958,115041.0,330295.131,29292636.93,,,,,,,0.0,0.0,0.0
STARTUP,2025-07-08 07:00:00,1751932800000,-0.010062,0.02808,48553.0,141167.342,27807209.09,,,,,,,0.0,0.0,0.0
STARTUP,2025-07-08 11:00:00,1751947200000,-0.010046,0.02904,54482.0,148689.816,28757882.9,,,,,,,0.0,0.0,0.0
STARTUP,2025-07-08 15:00:00,1751961600000,-0.010054,0.03144,55882.0,171039.528,31134567.44,,,,,,,0.0,0.0,0.0
STARTUP,2025-07-08 19:00:00,1751976000000,-0.010042,0.02806,69611.0,216824.831,27787403.39,,,,,,,0.0,0.0,0.0
STARTUP,2025-07-08 23:00:00,1751990400000,-0.010047,0.02731,51123.0,140421.354,27044689.47,,,,,,,0.0,0.0,0.0
STARTUP,2025-07-09 03:00:00,1752004800000,-0.010053,0.0274,48031.0,137142.014,27133815.14,,,,,,,0.0,0.0,0.0
STARTUP,2025-07-09 07:00:00,1752019200000,-0.01005,0.02509,41475.0,105827.608,24846256.27,,,,,,,0.0,0.0,0.0
STARTUP,2025-07-09 11:00:00,1752033600000,-0.010033,0.02894,50061.0,132005.231,28658854.38,,,,,,,0.0,0.0,0.0
STARTUP,2025-07-09 15:00:00,1752048000000,-0.010034,0.0335,75476.0,227077.103,33174555.0,,,,,,,0.0,0.0,0.0
STARTUP,2025-07-09 19:00:00,1752062400000,-0.010068,0.02876,57795.0,174570.668,28480603.04,,,,,,,0.0,0.0,0.0
STARTUP,2025-07-09 23:00:00,1752076800000,-0.010046,0.03173,83055.0,255576.391,31421750.16,,,,,,,0.0,0.0,0.0
STARTUP,2025-07-10 03:00:00,1752091200000,-0.010053,0.03846,97040.0,327505.287,38086369.72,,,,,,,0.0,0.0,0.0
STARTUP,2025-07-10 07:00:00,1752105600000,-0.010047,0.03846,137324.0,545048.739,38086369.72,,,,,,,0.0,0.0,0.0
STARTUP,2025-07-10 11:00:00,1752120000000,-0.010063,0.03619,40240.0,149065.084,35838422.26,,,,,,,0.0,0.0,0.0
STARTUP,2025-07-10 15:00:00,1752134400000,-0.01004,0.03411,35799.0,124504.881,33778628.99,,,,,,,0.0,0.0,0.0
STARTUP,2025-07-10 19:00:00,1752148800000,-0.010062,0.033,61485.0,204788.733,32679412.39,,,,,,,0.0,0.0,0.0
STARTUP,2025-07-10 23:00:00,1752163200000,-0.010053,0.0349,69362.0,241582.527,34560954.32,,,,,,,0.0,0.0,0.0
STARTUP,2025-07-11 03:00:00,1752177600000,-0.010063,0.03384,41758.0,143711.531,33511251.98,,,,,,,0.0,0.0,0.0
STARTUP,2025-07-11 07:00:00,1752192000000,-0.010061,0.03463,42795.0,144156.879,34293577.31,,,,,,,0.0,0.0,0.0
XNY,2025-07-24 19:00:00,1753358400000,-0.005569,0.004086,366358.0,146045.9166,10215000.0,40860000.0,0.25,4.0038,-85.87,82.29,,2500000000.0,10000000000.0,40898879.35698627
XNY,2025-07-24 23:00:00,1753372800000,-0.009779,0.003824,204088.0,79984.7621,9560000.0,38240000.0,0.25,4.2781,-86.78,70.6,,2500000000.0,10000000000.0,40898879.35698627
XNY,2025-07-25 03:00:00,1753387200000,-0.010148,0.003566,184316.0,67021.5904,8915000.0,35660000.0,0.25,4.5876,-87.67,59.09,,2500000000.0,10000000000.0,40898879.35698627
XNY,2025-07-25 07:00:00,1753401600000,-0.005082,0.003543,90320.0,32701.8694,8857500.0,35430000.0,0.25,4.6174,-87.75,58.06,,2500000000.0,10000000000.0,40898879.35698627
XNY,2025-08-10 19:00:00,1754827200000,-0.007089,0.008968,4383864.0,3614931.0971,22420000.0,89680000.0,0.25,1.8242,-68.99,300.09,,2500000000.0,10000000000.0,40898879.35698627
XNY,2025-08-10 23:00:00,1754841600000,-0.015932,0.008076,1982803.0,1743627.0685,20190000.0,80760000.0,0.25,2.0257,-72.07,260.29,,2500000000.0,10000000000.0,40898879.35698627
XNY,2025-08-11 03:00:00,1754856000000,-0.017236,0.008243,958419.0,707603.0336,20607500.0,82430000.0,0.25,1.9847,-71.49,267.74,,2500000000.0,10000000000.0,40898879.35698627
XNY,2025-08-11 07:00:00,1754870400000,-0.006956,0.00736,404074.0,298918.2976,18400000.0,73600000.0,0.25,2.2228,-74.55,228.35,,2500000000.0,10000000000.0,40898879.35698627
XNY,2025-08-11 19:00:00,1754913600000,-0.018371,0.012598,2879778.0,3750650.8399,31495000.0,125980000.0,0.25,1.2986,-56.43,462.03,,2500000000.0,10000000000.0,40898879.35698627
XNY,2025-08-11 23:00:00,1754928000000,-0.02,0.015538,1588671.0,2257786.1386,38845000.0,155380000.0,0.25,1.0529,-46.27,593.19,,2500000000.0,10000000000.0,40898879.35698627
XNY,2025-08-12 03:00:00,1754942400000,-0.02,0.015976,1708881.0,2690266.0103,39940000.0,159760000.0,0.25,1.024,-44.75,612.73,,2500000000.0,10000000000.0,40898879.35698627
XNY,2025-08-12 07:00:00,1754956800000,-0.02,0.015552,460645.0,724880.8729,38880000.0,155520000.0,0.25,1.0519,-46.22,593.82,,2500000000.0,10000000000.0,40898879.35698627
XNY,2025-08-12 11:00:00,1754971200000,-0.02,0.01508,460147.0,698533.1465,37700000.0,150800000.0,0.25,1.0849,-47.85,572.76,,2500000000.0,10000000000.0,40898879.35698627
XNY,2025-08-12 15:00:00,1754985600000,-0.02,0.015084,358660.0,523650.7767,37710000.0,150840000.0,0.25,1.0846,-47.84,572.94,,2500000000.0,10000000000.0,40898879.35698627
XNY,2025-08-12 19:00:00,1755000000000,-0.02,0.01804,1822737.0,3301559.085,45100000.0,180400000.0,0.25,0.9068,-37.61,704.81,,2500000000.0,10000000000.0,40898879.35698627
XNY,2025-08-12 23:00:00,1755014400000,-0.02,0.01713,553259.0,921371.1518,42825000.0,171300000.0,0.25,0.955,-40.76,664.21,,2500000000.0,10000000000.0,40898879.35698627
XNY,2025-08-13 03:00:00,1755028800000,-0.016314,0.01552,257656.0,429144.7902,38800000.0,155200000.0,0.25,1.0541,-46.33,592.39,,2500000000.0,10000000000.0,40898879.35698627
XNY,2025-08-13 07:00:00,1755043200000,-0.012216,0.014722,162785.0,247938.3124,36805000.0,147220000.0,0.25,1.1112,-49.09,556.79,,2500000000.0,10000000000.0,40898879.35698627
XNY,2025-08-13 11:00:00,1755057600000,-0.007558,0.011073,449281.0,566316.8047,27682500.0,110730000.0,0.25,1.4774,-61.71,394.0,,2500000000.0,10000000000.0,40898879.35698627
SXP,2024-10-11 15:00:00,1728633600000,-0.010499,0.2795,56426021.0,16075967.2817,182551669.62,182551669.62,1.0,0.029,-95.23,94.63,,653136563.9186863,653136563.9186863,5297404.13450549
SXP,2024-10-28 15:00:00,1730102400000,-0.011268,0.2682,23187596.0,6262889.4153,175171226.44,175171226.44,1.0,0.0302,-95.42,86.77,,653136563.9186863,653136563.9186863,5297404.13450549
SXP,2024-12-30 15:00:00,1735545600000,-0.008846,0.3787,,,247342816.76,247342816.76,1.0,0.0214,-93.53,163.71,,653136563.9186863,653136563.9186863,5297404.13450549
SXP,2024-12-30 23:00:00,1735574400000,-0.011464,0.3629,17083790.0,5993239.5721,237023259.05,237023259.05,1.0,0.0223,-93.8,152.71,,653136563.9186863,653136563.9186863,5297404.13450549
SXP,2024-12-31 07:00:00,1735603200000,-0.008591,0.3614,21638059.0,7705094.4566,236043554.2,236043554.2,1.0,0.0224,-93.83,151.67,,653136563.9186863,653136563.9186863,5297404.13450549
SXP,2024-12-31 15:00:00,1735632000000,-0.013301,0.3328,13291919.0,4588897.9209,217363848.47,217363848.47,1.0,0.0244,-94.32,131.75,,653136563.9186863,653136563.9186863,5297404.13450549
SXP,2025-01-01 07:00:00,1735689600000,-0.006253,0.3203,7435339.0,2419744.3089,209199641.42,209199641.42,1.0,0.0253,-94.53,123.05,,653136563.9186863,653136563.9186863,5297404.13450549
SXP,2025-02-17 15:00:00,1739779200000,-0.006138,0.262,3454289.0,895069.6948,171121779.75,171121779.75,1.0,0.031,-95.53,82.45,,653136563.9186863,653136563.9186863,5297404.13450549
SXP,2025-02-18 15:00:00,1739865600000,-0.007465,0.2501,3002855.0,733952.1463,163349454.64,163349454.64,1.0,0.0324,-95.73,74.16,,653136563.9186863,653136563.9186863,5297404.13450549
SXP,2025-04-12 23:00:00,1744473600000,-0.00951,0.2047,9630358.0,1945132.0425,133697054.63,133697054.63,1.0,0.0396,-96.5,42.55,,653136563.9186863,653136563.9186863,5297404.13450549
VOXEL,2025-04-18 23:00:00,1744992000000,-0.006428,0.02489,7670591.0,1930594.5799,6131713.25,7467000.0,0.8212,0.9632,-99.48,23.41,,246352480.7409657,300000000.0,5905956.8643373
VOXEL,2025-04-19 03:00:00,1745006400000,-0.005644,0.02752,6839222.0,1805958.5135,6779620.27,8256000.0,0.8212,0.8711,-99.42,36.45,,246352480.7409657,300000000.0,5905956.8643373
VOXEL,2025-04-19 07:00:00,1745020800000,-0.007512,0.03946,42273901.0,14908990.517,9721068.89,11838000.0,0.8212,0.6075,-99.17,95.65,,246352480.7409657,300000000.0,5905956.8643373
VOXEL,2025-04-19 11:00:00,1745035200000,-0.02,0.03877,32931836.0,12602986.3346,9551085.68,11631000.0,0.8212,0.6184,-99.19,92.23,,246352480.7409657,300000000.0,5905956.8643373
VOXEL,2025-04-19 15:00:00,1745049600000,-0.02,0.04462,60291790.0,24771769.3803,10992247.69,13386000.0,0.8212,0.5373,-99.06,121.23,,246352480.7409657,300000000.0,5905956.8643373
VOXEL,2025-04-19 19:00:00,1745064000000,-0.02,0.05696,147553741.0,75400391.3198,14032237.3,17088000.0,0.8212,0.4209,-98.8,182.42,,246352480.7409657,300000000.0,5905956.8643373
VOXEL,2025-04-19 23:00:00,1745078400000,-0.02,0.06002,90207745.0,52321868.5561,14786075.89,18006000.0,0.8212,0.3994,-98.74,197.59,,246352480.7409657,300000000.0,5905956.8643373
VOXEL,2025-04-20 01:00:00,1745085600000,-0.02,0.06002,90207745.0,52321868.5561,14786075.89,18006000.0,0.8212,0.3994,-98.74,197.59,,246352480.7409657,300000000.0,5905956.8643373
VOXEL,2025-04-20 03:00:00,1745092800000,-0.02,0.06227,76137098.0,43320835.3017,15340368.98,18681000.0,0.8212,0.385,-98.69,208.75,,246352480.7409657,300000000.0,5905956.8643373
VOXEL,2025-04-20 05:00:00,1745100000000,-0.02,0.06227,76137098.0,43320835.3017,15340368.98,18681000.0,0.8212,0.385,-98.69,208.75,,246352480.7409657,300000000.0,5905956.8643373
VOXEL,2025-04-20 07:00:00,1745107200000,-0.02,0.11995,165639156.0,148816523.1394,29549980.06,35985000.0,0.8212,0.1999,-97.48,494.74,,246352480.7409657,300000000.0,5905956.8643373
VOXEL,2025-04-20 09:00:00,1745114400000,-0.02,0.11995,165639156.0,148816523.1394,29549980.06,35985000.0,0.8212,0.1999,-97.48,494.74,,246352480.7409657,300000000.0,5905956.8643373
VOXEL,2025-04-20 11:00:00,1745121600000,-0.02,0.12963,82814788.0,99743321.2811,31934672.08,38889000.0,0.8212,0.1849,-97.28,542.73,,246352480.7409657,300000000.0,5905956.8643373
VOXEL,2025-04-20 13:00:00,1745128800000,-0.019065,0.12963,82814788.0,99743321.2811,31934672.08,38889000.0,0.8212,0.1849,-97.28,542.73,,246352480.7409657,300000000.0,5905956.8643373
VOXEL,2025-04-20 14:00:00,1745132400000,-0.02,0.12963,82814788.0,99743321.2811,31934672.08,38889000.0,0.8212,0.1849,-97.28,542.73,,246352480.7409657,300000000.0,5905956.8643373
VOXEL,2025-04-20 15:00:00,1745136000000,-0.02,0.12325,115792057.0,143376687.5635,30362943.25,36975000.0,0.8212,0.1945,-97.41,511.1,,246352480.7409657,300000000.0,5905956.8643373
VOXEL,2025-04-20 16:00:00,1745139600000,-0.016867,0.12325,115792057.0,143376687.5635,30362943.25,36975000.0,0.8212,0.1945,-97.41,511.1,,246352480.7409657,300000000.0,5905956.8643373
VOXEL,2025-04-20 17:00:00,1745143200000,-0.014755,0.12325,115792057.0,143376687.5635,30362943.25,36975000.0,0.8212,0.1945,-97.41,511.1,,246352480.7409657,300000000.0,5905956.8643373
VOXEL,2025-04-20 18:00:00,1745146800000,-0.01289,0.12325,115792057.0,143376687.5635,30362943.25,36975000.0,0.8212,0.1945,-97.41,511.1,,246352480.7409657,300000000.0,5905956.8643373
VOXEL,2025-04-20 19:00:00,1745150400000,-0.018411,0.08823,83276980.0,87489904.3675,21735679.38,26469000.0,0.8212,0.2717,-98.15,337.46,,246352480.7409657,300000000.0,5905956.8643373
VOXEL,2025-04-20 20:00:00,1745154000000,-0.011367,0.08823,83276980.0,87489904.3675,21735679.38,26469000.0,0.8212,0.2717,-98.15,337.46,,246352480.7409657,300000000.0,5905956.8643373
VOXEL,2025-04-20 21:00:00,1745157600000,-0.005639,0.08823,83276980.0,87489904.3675,21735679.38,26469000.0,0.8212,0.2717,-98.15,337.46,,246352480.7409657,300000000.0,5905956.8643373
VOXEL,2025-04-21 01:00:00,1745172000000,-0.006421,0.09215,60336796.0,55190202.5801,22701381.1,27645000.0,0.8212,0.2602,-98.06,356.9,,246352480.7409657,300000000.0,5905956.8643373
VOXEL,2025-04-21 02:00:00,1745175600000,-0.013258,0.09215,60336796.0,55190202.5801,22701381.1,27645000.0,0.8212,0.2602,-98.06,356.9,,246352480.7409657,300000000.0,5905956.8643373
VOXEL,2025-04-21 03:00:00,1745179200000,-0.005954,0.09162,28590379.0,26741250.5541,22570814.29,27486000.0,0.8212,0.2617,-98.07,354.27,,246352480.7409657,300000000.0,5905956.8643373
VOXEL,2025-04-21 04:00:00,1745182800000,-0.012433,0.09162,28590379.0,26741250.5541,22570814.29,27486000.0,0.8212,0.2617,-98.07,354.27,,246352480.7409657,300000000.0,5905956.8643373
VOXEL,2025-04-21 05:00:00,1745186400000,-0.007496,0.09162,28590379.0,26741250.5541,22570814.29,27486000.0,0.8212,0.2617,-98.07,354.27,,246352480.7409657,300000000.0,5905956.8643373
VOXEL,2025-04-21 07:00:00,1745193600000,-0.005583,0.08099,23565739.0,20046809.2547,19952087.42,24297000.0,0.8212,0.296,-98.3,301.56,,246352480.7409657,300000000.0,5905956.8643373
VOXEL,2025-04-21 22:00:00,1745247600000,-0.005735,0.07913,26728504.0,20843014.8589,19493871.8,23739000.0,0.8212,0.303,-98.34,292.34,,246352480.7409657,300000000.0,5905956.8643373
VOXEL,2025-04-26 06:00:00,1745622000000,-0.009001,0.08329,11920132.0,9848167.1422,20518698.12,24987000.0,0.8212,0.2878,-98.25,312.97,,246352480.7409657,300000000.0,5905956.8643373
SNT,2024-06-18 23:00:00,1718726400000,-0.015,0.02516,972792.0,2487998.521,120627344.63,171210533.6,0.7046,0.0977,-96.28,306.04,,4794409564.173396,6804870174.878168,11782907.75143925
SNT,2024-06-19 07:00:00,1718755200000,-0.00642,0.02728,239213.0,638911.377,130791492.91,185636858.37,0.7046,0.0901,-95.96,340.25,,4794409564.173396,6804870174.878168,11782907.75143925
SNT,2024-07-01 15:00:00,1719820800000,-0.005627,0.02507,197117.0,502282.566,120195847.77,170598095.28,0.7046,0.098,-96.29,304.59,,4794409564.173396,6804870174.878168,11782907.75143925
SNT,2024-07-14 15:00:00,1720944000000,-0.005449,0.02539,127716.0,326331.149,121730058.83,172775653.74,0.7046,0.0968,-96.24,309.75,,4794409564.173396,6804870174.878168,11782907.75143925
SNT,2024-09-06 15:00:00,1725609600000,-0.015,0.02327,945854.0,2152966.923,111565910.56,158349328.97,0.7046,0.1056,-96.56,275.54,,4794409564.173396,6804870174.878168,11782907.75143925
SNT,2024-09-06 23:00:00,1725638400000,-0.009436,0.02231,326868.0,726712.401,106963277.38,151816653.6,0.7046,0.1102,-96.7,260.04,,4794409564.173396,6804870174.878168,11782907.75143925
SNT,2024-09-07 15:00:00,1725696000000,-0.005101,0.02214,180667.0,401790.482,106148227.75,150659825.67,0.7046,0.111,-96.72,257.3,,4794409564.173396,6804870174.878168,11782907.75143925
SNT,2024-11-11 15:00:00,1731312000000,-0.006358,0.03977,369525.0,1541847.569,190673668.37,270629686.85,0.7046,0.0618,-94.12,541.82,,4794409564.173396,6804870174.878168,11782907.75143925
SNT,2024-11-11 23:00:00,1731340800000,-0.007836,0.03766,117328.0,443279.836,180557464.19,256271410.79,0.7046,0.0653,-94.43,507.77,,4794409564.173396,6804870174.878168,11782907.75143925
SNT,2025-04-02 07:00:00,1743552000000,-0.005259,0.02136,99488.0,217240.831,102408588.29,145352026.94,0.7046,0.1151,-96.84,244.71,,4794409564.173396,6804870174.878168,11782907.75143925
SNT,2025-04-02 15:00:00,1743580800000,-0.010136,0.02267,100261.0,225397.432,108689264.82,154266406.86,0.7046,0.1084,-96.65,265.85,,4794409564.173396,6804870174.878168,11782907.75143925
SNT,2025-04-10 07:00:00,1744243200000,-0.005077,0.01894,274044.0,526795.564,90806117.15,128884241.11,0.7046,0.1298,-97.2,205.66,,4794409564.173396,6804870174.878168,11782907.75143925
SNT,2025-04-10 15:00:00,1744272000000,-0.02,0.02135,730543.0,1554131.303,102360644.2,145283978.23,0.7046,0.1151,-96.84,244.55,,4794409564.173396,6804870174.878168,11782907.75143925
SNT,2025-04-10 23:00:00,1744300800000,-0.016382,0.02222,354151.0,768714.692,106531780.52,151204215.29,0.7046,0.1106,-96.71,258.59,,4794409564.173396,6804870174.878168,11782907.75143925
SNT,2025-04-11 15:00:00,1744358400000,-0.005075,0.02087,140438.0,306958.203,100059327.6,142017640.55,0.7046,0.1178,-96.91,236.81,,4794409564.173396,6804870174.878168,11782907.75143925
SNT,2025-04-15 23:00:00,1744732800000,-0.005245,0.02154,1205538.0,2783011.687,103271582.01,146576903.57,0.7046,0.1141,-96.81,247.62,,4794409564.173396,6804870174.878168,11782907.75143925
SNT,2025-04-16 15:00:00,1744790400000,-0.02,0.02544,459255.0,1175939.054,121969779.31,173115897.25,0.7046,0.0966,-96.24,310.56,,4794409564.173396,6804870174.878168,11782907.75143925
SNT,2025-04-16 19:00:00,1744804800000,-0.019282,0.02432,464331.0,1097974.763,116600040.6,165494442.65,0.7046,0.1011,-96.4,292.48,,4794409564.173396,6804870174.878168,11782907.75143925
SNT,2025-04-17 07:00:00,1744848000000,-0.009224,0.02584,499856.0,1311097.046,123887543.14,175837845.32,0.7046,0.0951,-96.18,317.01,,4794409564.173396,6804870174.878168,11782907.75143925
SNT,2025-04-17 11:00:00,1744862400000,-0.018811,0.02633,90507.0,231610.67,126236803.82,179172231.7,0.7046,0.0933,-96.1,324.92,,4794409564.173396,6804870174.878168,11782907.75143925
SNT,2025-04-17 15:00:00,1744876800000,-0.015194,0.02632,313677.0,811760.817,126188859.73,179104183.0,0.7046,0.0934,-96.11,324.76,,4794409564.173396,6804870174.878168,11782907.75143925
SNT,2025-04-17 19:00:00,1744891200000,-0.02,0.02455,254131.0,635560.583,117702754.8,167059562.79,0.7046,0.1001,-96.37,296.19,,4794409564.173396,6804870174.878168,11782907.75143925
SNT,2025-04-18 03:00:00,1744920000000,-0.005425,0.02624,115067.0,297745.709,125805306.96,178559793.39,0.7046,0.0937,-96.12,323.47,,4794409564.173396,6804870174.878168,11782907.75143925
SNT,2025-04-18 07:00:00,1744934400000,-0.014435,0.02388,87495.0,217694.616,114490500.39,162500299.78,0.7046,0.1029,-96.47,285.38,,4794409564.173396,6804870174.878168,11782907.75143925
SNT,2025-04-18 19:00:00,1744977600000,-0.007102,0.02381,45144.0,106959.607,114154891.72,162023958.86,0.7046,0.1032,-96.48,284.25,,4794409564.173396,6804870174.878168,11782907.75143925
SNT,2025-05-06 11:00:00,1746504000000,-0.009891,0.02191,187731.0,425094.081,105045513.55,149094705.53,0.7046,0.1122,-96.76,253.59,,4794409564.173396,6804870174.878168,11782907.75143925
SNT,2025-05-15 19:00:00,1747310400000,-0.006866,0.02534,35188.0,87980.076,121490338.36,172435410.23,0.7046,0.097,-96.25,308.94,,4794409564.173396,6804870174.878168,11782907.75143925
SNT,2025-05-16 03:00:00,1747339200000,-0.007222,0.02624,95816.0,250338.143,125805306.96,178559793.39,0.7046,0.0937,-96.12,323.47,,4794409564.173396,6804870174.878168,11782907.75143925
SNT,2025-05-17 03:00:00,1747425600000,-0.013338,0.02989,439395.0,1325614.611,143304901.87,203397569.53,0.7046,0.0822,-95.58,382.37,,4794409564.173396,6804870174.878168,11782907.75143925
SNT,2025-05-17 07:00:00,1747440000000,-0.010371,0.03286,848601.0,2705148.447,157544298.28,223608033.95,0.7046,0.0748,-95.14,430.3,,4794409564.173396,6804870174.878168,11782907.75143925
SNT,2025-05-17 11:00:00,1747454400000,-0.02,0.0337,885489.0,2897693.685,161571602.31,229324124.89,0.7046,0.0729,-95.01,443.86,,4794409564.173396,6804870174.878168,11782907.75143925
SNT,2025-05-17 15:00:00,1747468800000,-0.013289,0.03097,808707.0,2508249.579,148482864.2,210746829.32,0.7046,0.0794,-95.42,399.8,,4794409564.173396,6804870174.878168,11782907.75143925
SNT,2025-05-17 23:00:00,1747497600000,-0.005037,0.02738,76908.0,209446.06,131270933.87,186317345.39,0.7046,0.0898,-95.95,341.87,,4794409564.173396,6804870174.878168,11782907.75143925
SNT,2025-05-18 07:00:00,1747526400000,-0.00562,0.02794,227759.0,640970.266,133955803.22,190128072.69,0.7046,0.088,-95.87,350.9,,4794409564.173396,6804870174.878168,11782907.75143925
SNT,2025-05-18 11:00:00,1747540800000,-0.008825,0.02818,56795.0,159111.658,135106461.52,191761241.53,0.7046,0.0872,-95.83,354.78,,4794409564.173396,6804870174.878168,11782907.75143925
SNT,2025-05-27 23:00:00,1748361600000,-0.005418,0.03596,57494.0,201622.377,172406967.93,244703131.49,0.7046,0.0683,-94.68,480.33,,4794409564.173396,6804870174.878168,11782907.75143925
SNT,2025-05-28 23:00:00,1748448000000,-0.006356,0.04045,81924.0,324529.027,193933866.87,275256998.57,0.7046,0.0608,-94.02,552.79,,4794409564.173396,6804870174.878168,11782907.75143925
SNT,2025-05-29 15:00:00,1748505600000,-0.006792,0.04865,623913.0,2947017.67,233248025.3,331056934.01,0.7046,0.0505,-92.8,685.13,,4794409564.173396,6804870174.878168,11782907.75143925
SNT,2025-05-29 19:00:00,1748520000000,-0.01385,0.05007,801913.0,3950030.719,240056086.88,340719849.66,0.7046,0.0491,-92.59,708.04,,4794409564.173396,6804870174.878168,11782907.75143925
SNT,2025-05-29 23:00:00,1748534400000,-0.015767,0.05026,330196.0,1632431.572,240967024.7,342012774.99,0.7046,0.0489,-92.56,711.11,,4794409564.173396,6804870174.878168,11782907.75143925
SNT,2025-05-30 03:00:00,1748548800000,-0.005101,0.04627,254113.0,1269495.375,221837330.53,314861342.99,0.7046,0.0531,-93.15,646.72,,4794409564.173396,6804870174.878168,11782907.75143925
SNT,2025-05-30 07:00:00,1748563200000,-0.008508,0.05051,275035.0,1355553.414,242165627.09,343713992.53,0.7046,0.0487,-92.53,715.14,,4794409564.173396,6804870174.878168,11782907.75143925
SNT,2025-05-30 11:00:00,1748577600000,-0.01191,0.05268,226046.0,1149581.029,252569495.84,358480560.81,0.7046,0.0467,-92.21,750.16,,4794409564.173396,6804870174.878168,11782907.75143925
SNT,2025-05-30 15:00:00,1748592000000,-0.01844,0.03805,812592.0,3409840.598,182427283.92,258925310.15,0.7046,0.0646,-94.37,514.06,,4794409564.173396,6804870174.878168,11782907.75143925
SNT,2025-05-30 19:00:00,1748606400000,-0.016767,0.04061,201751.0,780617.989,194700972.4,276345777.8,0.7046,0.0605,-93.99,555.37,,4794409564.173396,6804870174.878168,11782907.75143925
SNT,2025-05-30 23:00:00,1748620800000,-0.006351,0.03585,123848.0,460781.991,171879582.88,243954595.77,0.7046,0.0686,-94.7,478.56,,4794409564.173396,6804870174.878168,11782907.75143925
SNT,2025-05-31 15:00:00,1748678400000,-0.009754,0.03143,93604.0,305877.073,150688292.6,213877069.6,0.7046,0.0782,-95.35,407.23,,4794409564.173396,6804870174.878168,11782907.75143925
SNT,2025-06-01 11:00:00,1748750400000,-0.02,0.0324,295077.0,945916.664,155338869.88,220477793.67,0.7046,0.0759,-95.21,422.88,,4794409564.173396,6804870174.878168,11782907.75143925
SNT,2025-06-01 19:00:00,1748779200000,-0.006471,0.03175,45498.0,145950.409,152222503.66,216054628.05,0.7046,0.0774,-95.3,412.39,,4794409564.173396,6804870174.878168,11782907.75143925
SNT,2025-06-14 19:00:00,1749902400000,-0.005404,0.03351,625270.0,2032533.29,160660664.5,228031199.56,0.7046,0.0733,-95.04,440.79,,4794409564.173396,6804870174.878168,11782907.75143925
SNT,2025-06-14 23:00:00,1749916800000,-0.010413,0.03394,793306.0,2621656.469,162722260.61,230957293.74,0.7046,0.0724,-94.98,447.73,,4794409564.173396,6804870174.878168,11782907.75143925
SNT,2025-06-20 11:00:00,1750392000000,-0.02,0.04254,1994319.0,8536577.128,203954182.86,289479177.24,0.7046,0.0578,-93.71,586.52,,4794409564.173396,6804870174.878168,11782907.75143925
SNT,2025-06-20 15:00:00,1750406400000,-0.02,0.04021,1429832.0,5808612.423,192783208.58,273623829.73,0.7046,0.0611,-94.05,548.92,,4794409564.173396,6804870174.878168,11782907.75143925
SNT,2025-06-20 17:00:00,1750413600000,-0.02,0.04021,1429832.0,5808612.423,192783208.58,273623829.73,0.7046,0.0611,-94.05,548.92,,4794409564.173396,6804870174.878168,11782907.75143925
SNT,2025-06-20 19:00:00,1750420800000,-0.02,0.03582,1477770.0,5621678.918,171735750.59,243750449.66,0.7046,0.0686,-94.7,478.07,,4794409564.173396,6804870174.878168,11782907.75143925
SNT,2025-06-20 21:00:00,1750428000000,-0.02,0.03582,1477770.0,5621678.918,171735750.59,243750449.66,0.7046,0.0686,-94.7,478.07,,4794409564.173396,6804870174.878168,11782907.75143925
SNT,2025-06-20 23:00:00,1750435200000,-0.016067,0.0332,960660.0,3262059.812,159174397.53,225921689.81,0.7046,0.074,-95.09,435.79,,4794409564.173396,6804870174.878168,11782907.75143925
SNT,2025-06-21 01:00:00,1750442400000,-0.009263,0.0332,960660.0,3262059.812,159174397.53,225921689.81,0.7046,0.074,-95.09,435.79,,4794409564.173396,6804870174.878168,11782907.75143925
SNT,2025-06-21 07:00:00,1750464000000,-0.014566,0.03845,643305.0,2190543.959,184345047.74,261647258.22,0.7046,0.0639,-94.31,520.52,,4794409564.173396,6804870174.878168,11782907.75143925
SNT,2025-06-21 09:00:00,1750471200000,-0.02,0.03845,643305.0,2190543.959,184345047.74,261647258.22,0.7046,0.0639,-94.31,520.52,,4794409564.173396,6804870174.878168,11782907.75143925
SNT,2025-06-21 11:00:00,1750478400000,-0.018931,0.03632,340863.0,1242622.023,174132955.37,247152884.75,0.7046,0.0677,-94.63,486.14,,4794409564.173396,6804870174.878168,11782907.75143925
SNT,2025-06-21 12:00:00,1750482000000,-0.006333,0.03632,340863.0,1242622.023,174132955.37,247152884.75,0.7046,0.0677,-94.63,486.14,,4794409564.173396,6804870174.878168,11782907.75143925
SNT,2025-06-21 13:00:00,1750485600000,-0.008209,0.03632,340863.0,1242622.023,174132955.37,247152884.75,0.7046,0.0677,-94.63,486.14,,4794409564.173396,6804870174.878168,11782907.75143925
SNT,2025-06-21 14:00:00,1750489200000,-0.006392,0.03632,340863.0,1242622.023,174132955.37,247152884.75,0.7046,0.0677,-94.63,486.14,,4794409564.173396,6804870174.878168,11782907.75143925
SNT,2025-06-22 04:00:00,1750539600000,-0.008346,0.0313,132320.0,413054.034,150065019.36,212992436.47,0.7046,0.0785,-95.37,405.13,,4794409564.173396,6804870174.878168,11782907.75143925
SNT,2025-06-22 05:00:00,1750543200000,-0.00906,0.0313,132320.0,413054.034,150065019.36,212992436.47,0.7046,0.0785,-95.37,405.13,,4794409564.173396,6804870174.878168,11782907.75143925
SNT,2025-06-22 06:00:00,1750546800000,-0.008169,0.0313,132320.0,413054.034,150065019.36,212992436.47,0.7046,0.0785,-95.37,405.13,,4794409564.173396,6804870174.878168,11782907.75143925
SNT,2025-06-22 07:00:00,1750550400000,-0.00773,0.03004,135303.0,415361.535,144024063.31,204418300.05,0.7046,0.0818,-95.56,384.79,,4794409564.173396,6804870174.878168,11782907.75143925
SNT,2025-06-22 08:00:00,1750554000000,-0.01023,0.03004,135303.0,415361.535,144024063.31,204418300.05,0.7046,0.0818,-95.56,384.79,,4794409564.173396,6804870174.878168,11782907.75143925
SNT,2025-06-22 09:00:00,1750557600000,-0.006266,0.03004,135303.0,415361.535,144024063.31,204418300.05,0.7046,0.0818,-95.56,384.79,,4794409564.173396,6804870174.878168,11782907.75143925
SNT,2025-06-22 11:00:00,1750564800000,-0.005434,0.02781,142940.0,405960.964,133332529.98,189243439.56,0.7046,0.0884,-95.89,348.81,,4794409564.173396,6804870174.878168,11782907.75143925
SNT,2025-06-22 14:00:00,1750575600000,-0.005403,0.02781,142940.0,405960.964,133332529.98,189243439.56,0.7046,0.0884,-95.89,348.81,,4794409564.173396,6804870174.878168,11782907.75143925
SNT,2025-06-22 16:00:00,1750582800000,-0.007074,0.02965,254931.0,713716.184,142154243.58,201764400.69,0.7046,0.0829,-95.61,378.5,,4794409564.173396,6804870174.878168,11782907.75143925
SNT,2025-06-22 17:00:00,1750586400000,-0.009463,0.02965,254931.0,713716.184,142154243.58,201764400.69,0.7046,0.0829,-95.61,378.5,,4794409564.173396,6804870174.878168,11782907.75143925
SNT,2025-06-22 18:00:00,1750590000000,-0.010058,0.02965,254931.0,713716.184,142154243.58,201764400.69,0.7046,0.0829,-95.61,378.5,,4794409564.173396,6804870174.878168,11782907.75143925
SNT,2025-06-23 08:00:00,1750640400000,-0.005759,0.02763,171823.0,483026.594,132469536.26,188018562.93,0.7046,0.0889,-95.91,345.9,,4794409564.173396,6804870174.878168,11782907.75143925
SNT,2025-06-23 12:00:00,1750654800000,-0.009479,0.02832,110449.0,311581.511,135777678.86,192713923.35,0.7046,0.0868,-95.81,357.04,,4794409564.173396,6804870174.878168,11782907.75143925
SNT,2025-06-23 15:00:00,1750665600000,-0.006519,0.02723,87982.0,240407.718,130551772.43,185296614.86,0.7046,0.0903,-95.97,339.44,,4794409564.173396,6804870174.878168,11782907.75143925
SNT,2025-07-13 09:00:00,1752372000000,-0.00558,0.03271,113497.0,377413.785,156825136.84,222587303.42,0.7046,0.0751,-95.16,427.88,,4794409564.173396,6804870174.878168,11782907.75143925
VTHO,2025-01-21 23:00:00,1737475200000,-0.04,0.005304,3497878.0,16773715.473,493723728.08,493723728.08,1.0,0.0048,-87.38,3375.36,,93085167435.0,93085167435.0,2392125.40513633
VTHO,2025-01-22 03:00:00,1737489600000,-0.015518,0.006572,3329575.0,19594945.905,611755720.38,611755720.38,1.0,0.0039,-84.36,4206.2,,93085167435.0,93085167435.0,2392125.40513633
VTHO,2025-01-22 07:00:00,1737504000000,-0.04,0.008372,4070272.0,32149000.528,779309021.77,779309021.77,1.0,0.0031,-80.07,5385.62,,93085167435.0,93085167435.0,2392125.40513633
VTHO,2025-01-22 11:00:00,1737518400000,-0.04,0.008609,2786513.0,22784323.503,801370206.45,801370206.45,1.0,0.003,-79.51,5540.91,,93085167435.0,93085167435.0,2392125.40513633
VTHO,2025-01-22 15:00:00,1737532800000,-0.026156,0.007983,3009732.0,24486933.04,743098891.63,743098891.63,1.0,0.0032,-81.0,5130.73,,93085167435.0,93085167435.0,2392125.40513633
VTHO,2025-01-22 19:00:00,1737547200000,-0.022904,0.006648,3327426.0,24084076.838,618830193.11,618830193.11,1.0,0.0039,-84.18,4255.99,,93085167435.0,93085167435.0,2392125.40513633
VTHO,2025-01-22 23:00:00,1737561600000,-0.012091,0.007224,3570162.0,25126754.17,672447249.55,672447249.55,1.0,0.0036,-82.81,4633.41,,93085167435.0,93085167435.0,2392125.40513633
VTHO,2025-01-23 03:00:00,1737576000000,-0.02,0.007309,2315866.0,17091135.812,680359488.78,680359488.78,1.0,0.0035,-82.6,4689.1,,93085167435.0,93085167435.0,2392125.40513633
VTHO,2025-01-23 07:00:00,1737590400000,-0.02,0.007422,1362800.0,9982121.767,690878112.7,690878112.7,1.0,0.0035,-82.33,4763.15,,93085167435.0,93085167435.0,2392125.40513633
VTHO,2025-01-23 11:00:00,1737604800000,-0.02,0.007457,1154035.0,8346716.652,694136093.56,694136093.56,1.0,0.0034,-82.25,4786.08,,93085167435.0,93085167435.0,2392125.40513633
VTHO,2025-01-23 15:00:00,1737619200000,-0.016716,0.006871,1718922.0,11840901.094,639588185.45,639588185.45,1.0,0.0037,-83.65,4402.11,,93085167435.0,93085167435.0,2392125.40513633
VTHO,2025-01-23 19:00:00,1737633600000,-0.012004,0.006805,822652.0,5595944.927,633444564.4,633444564.4,1.0,0.0038,-83.8,4358.87,,93085167435.0,93085167435.0,2392125.40513633
VTHO,2025-01-27 07:00:00,1737936000000,-0.005911,0.005047,470404.0,2431392.958,469800840.04,469800840.04,1.0,0.0051,-87.99,3206.97,,93085167435.0,93085167435.0,2392125.40513633
VTHO,2025-01-27 11:00:00,1737950400000,-0.005216,0.004815,125405.0,617606.109,448205081.2,448205081.2,1.0,0.0053,-88.54,3054.95,,93085167435.0,93085167435.0,2392125.40513633
VTHO,2025-01-31 19:00:00,1738324800000,-0.014967,0.005675,1836812.0,10690189.369,528258325.19,528258325.19,1.0,0.0045,-86.49,3618.45,,93085167435.0,93085167435.0,2392125.40513633
VTHO,2025-02-01 11:00:00,1738382400000,-0.009737,0.006278,1889936.0,11537601.654,584388681.16,584388681.16,1.0,0.0041,-85.06,4013.56,,93085167435.0,93085167435.0,2392125.40513633
VTHO,2025-02-01 15:00:00,1738396800000,-0.02,0.006,1436954.0,8733696.254,558511004.61,558511004.61,1.0,0.0043,-85.72,3831.4,,93085167435.0,93085167435.0,2392125.40513633
VTHO,2025-02-01 19:00:00,1738411200000,-0.007349,0.005884,934172.0,5535966.127,547713125.19,547713125.19,1.0,0.0044,-85.99,3755.4,,93085167435.0,93085167435.0,2392125.40513633
VTHO,2025-02-01 23:00:00,1738425600000,-0.006428,0.005782,316551.0,1843122.871,538218438.11,538218438.11,1.0,0.0044,-86.24,3688.56,,93085167435.0,93085167435.0,2392125.40513633
VTHO,2025-02-02 03:00:00,1738440000000,-0.005393,0.005824,268275.0,1553642.369,542128015.14,542128015.14,1.0,0.0044,-86.14,3716.08,,93085167435.0,93085167435.0,2392125.40513633
VTHO,2025-02-02 07:00:00,1738454400000,-0.005908,0.005422,405894.0,2288173.544,504707777.83,504707777.83,1.0,0.0047,-87.09,3452.68,,93085167435.0,93085167435.0,2392125.40513633
VTHO,2025-02-02 11:00:00,1738468800000,-0.007222,0.005463,348489.0,1893571.572,508524269.7,508524269.7,1.0,0.0047,-87.0,3479.54,,93085167435.0,93085167435.0,2392125.40513633
VTHO,2025-02-02 15:00:00,1738483200000,-0.006247,0.005189,245300.0,1303416.684,483018933.82,483018933.82,1.0,0.005,-87.65,3300.01,,93085167435.0,93085167435.0,2392125.40513633
VTHO,2025-04-14 19:00:00,1744632000000,-0.009733,0.002756,6223125.0,18848061.299,256542721.45,256542721.45,1.0,0.0093,-93.44,1705.82,,93085167435.0,93085167435.0,2392125.40513633
VTHO,2025-04-14 23:00:00,1744646400000,-0.006131,0.002865,1379491.0,3921534.164,266689004.7,266689004.7,1.0,0.009,-93.18,1777.25,,93085167435.0,93085167435.0,2392125.40513633
VTHO,2025-04-15 03:00:00,1744660800000,-0.006152,0.002992,1371589.0,4091820.826,278510820.97,278510820.97,1.0,0.0086,-92.88,1860.46,,93085167435.0,93085167435.0,2392125.40513633
VTHO,2025-04-15 07:00:00,1744675200000,-0.00931,0.00303,2368040.0,7264679.536,282048057.33,282048057.33,1.0,0.0085,-92.79,1885.36,,93085167435.0,93085167435.0,2392125.40513633
VTHO,2025-04-15 11:00:00,1744689600000,-0.01347,0.003095,2313887.0,6877337.45,288098593.21,288098593.21,1.0,0.0083,-92.63,1927.95,,93085167435.0,93085167435.0,2392125.40513633
VTHO,2025-04-15 15:00:00,1744704000000,-0.015599,0.002925,2019880.0,6104780.445,272274114.75,272274114.75,1.0,0.0088,-93.04,1816.56,,93085167435.0,93085167435.0,2392125.40513633
VTHO,2025-04-15 19:00:00,1744718400000,-0.006406,0.002853,825241.0,2390441.541,265571982.69,265571982.69,1.0,0.009,-93.21,1769.38,,93085167435.0,93085167435.0,2392125.40513633
VTHO,2025-04-16 07:00:00,1744761600000,-0.005975,0.002719,503951.0,1404095.785,253098570.26,253098570.26,1.0,0.0095,-93.53,1681.58,,93085167435.0,93085167435.0,2392125.40513633
ZBCN,2024-04-17 23:00:00,1713369600000,-0.008111,0.002307,182438.0,426857.776,209757278.58,230697337.88,0.9092,0.1209,-67.53,233.32,,90922097345.22806,99998846067.47476,25359538.7486435
ZBCN,2024-04-18 15:00:00,1713427200000,-0.015,0.002263,124704.0,274228.113,205756706.29,226297388.65,0.9092,0.1233,-68.15,226.96,,90922097345.22806,99998846067.47476,25359538.7486435
ZBCN,2024-04-19 15:00:00,1713513600000,-0.007666,0.002197,62091.0,137766.492,199755847.87,219697464.81,0.9092,0.127,-69.08,217.42,,90922097345.22806,99998846067.47476,25359538.7486435
ZBCN,2024-04-20 07:00:00,1713571200000,-0.012102,0.002216,107398.0,235772.833,201483367.72,221597442.89,0.9092,0.1259,-68.81,220.17,,90922097345.22806,99998846067.47476,25359538.7486435
ZBCN,2024-04-25 23:00:00,1714060800000,-0.008926,0.002877,119973.0,338444.132,261582874.06,287696680.14,0.9092,0.0969,-59.51,315.67,,90922097345.22806,99998846067.47476,25359538.7486435
ZBCN,2024-04-26 15:00:00,1714118400000,-0.006181,0.002762,22803.0,63189.781,251126832.87,276196812.84,0.9092,0.101,-61.13,299.05,,90922097345.22806,99998846067.47476,25359538.7486435
ZBCN,2024-05-11 07:00:00,1715385600000,-0.007469,0.002048,21605.0,44662.109,186208455.36,204797636.75,0.9092,0.1362,-71.18,195.9,,90922097345.22806,99998846067.47476,25359538.7486435
ZBCN,2024-05-11 15:00:00,1715414400000,-0.006602,0.002047,29474.0,60496.477,186117533.27,204697637.9,0.9092,0.1363,-71.19,195.75,,90922097345.22806,99998846067.47476,25359538.7486435
ZBCN,2024-05-12 07:00:00,1715472000000,-0.006002,0.002032,28288.0,57657.855,184753701.81,203197655.21,0.9092,0.1373,-71.4,193.58,,90922097345.22806,99998846067.47476,25359538.7486435
ZBCN,2024-05-12 15:00:00,1715500800000,-0.006267,0.002052,20790.0,42517.661,186572143.75,205197632.13,0.9092,0.1359,-71.12,196.47,,90922097345.22806,99998846067.47476,25359538.7486435
ZBCN,2024-05-14 07:00:00,1715644800000,-0.005888,0.001909,17547.0,33623.093,173570283.83,190897797.14,0.9092,0.1461,-73.13,175.81,,90922097345.22806,99998846067.47476,25359538.7486435
ZBCN,2025-02-13 07:00:00,1739404800000,-0.007548,0.0010167,73584.0,74693.0451,92440496.37,101668826.8,0.9092,0.2743,-85.69,46.89,,90922097345.22806,99998846067.47476,25359538.7486435
ZBCN,2025-02-18 07:00:00,1739836800000,-0.014306,0.0015025,375869.0,556491.1571,136610451.26,150248266.22,0.9092,0.1856,-78.85,117.08,,90922097345.22806,99998846067.47476,25359538.7486435
ZBCN,2025-02-18 15:00:00,1739865600000,-0.026923,0.0014097,391018.0,561513.9736,128172880.63,140968373.3,0.9092,0.1979,-80.16,103.67,,90922097345.22806,99998846067.47476,25359538.7486435
ZBCN,2025-02-18 23:00:00,1739894400000,-0.029664,0.0016375,695052.0,1136137.8528,148884934.4,163748110.44,0.9092,0.1703,-76.95,136.59,,90922097345.22806,99998846067.47476,25359538.7486435
ZBCN,2025-02-19 07:00:00,1739923200000,-0.03,0.0018332,768628.0,1414697.6398,166678388.85,183317884.61,0.9092,0.1521,-74.2,164.86,,90922097345.22806,99998846067.47476,25359538.7486435
ZBCN,2025-02-19 15:00:00,1739952000000,-0.020975,0.0018545,442952.0,802242.2719,168615029.53,185447860.03,0.9092,0.1504,-73.9,167.94,,90922097345.22806,99998846067.47476,25359538.7486435
ZBCN,2025-02-19 23:00:00,1739980800000,-0.01427,0.0017828,496305.0,838322.6167,162095915.15,178277942.77,0.9092,0.1564,-74.91,157.58,,90922097345.22806,99998846067.47476,25359538.7486435
ZBCN,2025-02-20 07:00:00,1740009600000,-0.010466,0.0018653,146011.0,261855.7761,169596988.18,186527847.57,0.9092,0.1495,-73.75,169.5,,90922097345.22806,99998846067.47476,25359538.7486435
ZBCN,2025-02-20 15:00:00,1740038400000,-0.009606,0.001827,99272.0,177713.9031,166114671.85,182697891.77,0.9092,0.1527,-74.29,163.97,,90922097345.22806,99998846067.47476,25359538.7486435
ZBCN,2025-03-12 15:00:00,1741766400000,-0.007858,0.0009548,51334.0,48767.6863,86812418.55,95478898.23,0.9092,0.2921,-86.56,37.95,,90922097345.22806,99998846067.47476,25359538.7486435
ZBCN,2025-03-12 23:00:00,1741795200000,-0.006492,0.0009517,95804.0,91180.7969,86530560.04,95168901.8,0.9092,0.2931,-86.61,37.5,,90922097345.22806,99998846067.47476,25359538.7486435
ZBCN,2025-03-13 15:00:00,1741852800000,-0.006384,0.0009229,65067.0,59475.672,83912003.64,92288935.04,0.9092,0.3022,-87.01,33.34,,90922097345.22806,99998846067.47476,25359538.7486435
ZBCN,2025-03-13 23:00:00,1741881600000,-0.008553,0.0009,108621.0,97734.9542,81829887.61,89998961.46,0.9092,0.3099,-87.33,30.03,,90922097345.22806,99998846067.47476,25359538.7486435
ZBCN,2025-03-24 15:00:00,1742803200000,-0.006664,0.0009774,369894.0,353028.8135,88867257.95,97738872.15,0.9092,0.2854,-86.24,41.22,,90922097345.22806,99998846067.47476,25359538.7486435
ZBCN,2025-04-10 07:00:00,1744243200000,-0.005442,0.0008704,32592.0,28758.4601,79138593.53,87038995.62,0.9092,0.3204,-87.75,25.76,,90922097345.22806,99998846067.47476,25359538.7486435
ZBCN,2025-04-13 23:00:00,1744560000000,-0.008765,0.0009692,256368.0,249454.7466,88121696.75,96918881.61,0.9092,0.2878,-86.36,40.03,,90922097345.22806,99998846067.47476,25359538.7486435
ZBCN,2025-04-15 15:00:00,1744704000000,-0.00937,0.0008402,158264.0,131452.0568,76392746.19,84019030.47,0.9092,0.332,-88.17,21.39,,90922097345.22806,99998846067.47476,25359538.7486435
ZBCN,2025-04-15 23:00:00,1744732800000,-0.014957,0.0008338,340749.0,287855.0346,75810844.77,83379037.85,0.9092,0.3345,-88.26,20.47,,90922097345.22806,99998846067.47476,25359538.7486435
ZBCN,2025-04-16 07:00:00,1744761600000,-0.007333,0.0008652,77118.0,65953.6529,78665798.62,86519001.62,0.9092,0.3224,-87.82,25.0,,90922097345.22806,99998846067.47476,25359538.7486435
ZBCN,2025-04-16 15:00:00,1744790400000,-0.006237,0.000861,73301.0,63320.8636,78283925.81,86099006.46,0.9092,0.3239,-87.88,24.4,,90922097345.22806,99998846067.47476,25359538.7486435
ZBCN,2025-04-17 15:00:00,1744876800000,-0.006161,0.0009302,116139.0,108582.1657,84575734.95,93018926.61,0.9092,0.2998,-86.91,34.4,,90922097345.22806,99998846067.47476,25359538.7486435
ZBCN,2025-04-17 23:00:00,1744905600000,-0.006057,0.0010595,268938.0,275982.2898,96331962.14,105948777.41,0.9092,0.2633,-85.09,53.08,,90922097345.22806,99998846067.47476,25359538.7486435
ZBCN,2025-04-20 15:00:00,1745136000000,-0.007842,0.0009697,153470.0,148356.0597,88167157.8,96968881.03,0.9092,0.2876,-86.35,40.1,,90922097345.22806,99998846067.47476,25359538.7486435
ZBCN,2025-04-20 23:00:00,1745164800000,-0.010507,0.0009649,69629.0,66281.7651,87730731.73,96488886.57,0.9092,0.2891,-86.42,39.41,,90922097345.22806,99998846067.47476,25359538.7486435
ZBCN,2025-04-21 07:00:00,1745193600000,-0.011719,0.0009521,78705.0,76702.0336,86566928.88,95208901.34,0.9092,0.2929,-86.6,37.56,,90922097345.22806,99998846067.47476,25359538.7486435
ZBCN,2025-04-21 15:00:00,1745222400000,-0.008249,0.0009358,106492.0,99611.7831,85084898.7,93578920.15,0.9092,0.298,-86.83,35.2,,90922097345.22806,99998846067.47476,25359538.7486435
ZBCN,2025-04-21 23:00:00,1745251200000,-0.011547,0.0009276,162580.0,149318.3225,84339337.5,92758929.61,0.9092,0.3007,-86.94,34.02,,90922097345.22806,99998846067.47476,25359538.7486435
ZBCN,2025-04-22 07:00:00,1745280000000,-0.015765,0.0008857,292106.0,257822.2961,80529701.62,88568977.96,0.9092,0.3149,-87.53,27.97,,90922097345.22806,99998846067.47476,25359538.7486435
ZBCN,2025-04-22 15:00:00,1745308800000,-0.009549,0.0008519,616444.0,511675.5467,77456534.73,85189016.96,0.9092,0.3274,-88.01,23.08,,90922097345.22806,99998846067.47476,25359538.7486435
ZBCN,2025-04-22 23:00:00,1745337600000,-0.012454,0.0008376,385704.0,319385.7966,76156348.74,83759033.47,0.9092,0.333,-88.21,21.02,,90922097345.22806,99998846067.47476,25359538.7486435
ZBCN,2025-05-24 15:00:00,1748073600000,-0.005645,0.0033372,376745.0,1214775.3696,303425223.26,333716149.1,0.9092,0.0836,-53.03,382.16,,90922097345.22806,99998846067.47476,25359538.7486435
ZBCN,2025-05-24 23:00:00,1748102400000,-0.008018,0.0039678,3641860.0,14652261.5586,360760697.85,396775421.43,0.9092,0.0703,-44.16,473.27,,90922097345.22806,99998846067.47476,25359538.7486435
ZBCN,2025-05-25 15:00:00,1748160000000,-0.006405,0.003792,794929.0,3126838.1996,344776593.13,379195624.29,0.9092,0.0736,-46.63,447.87,,90922097345.22806,99998846067.47476,25359538.7486435
ZBCN,2025-05-25 23:00:00,1748188800000,-0.007599,0.0043184,835047.0,3469496.0669,392637985.18,431835016.86,0.9092,0.0646,-39.22,523.92,,90922097345.22806,99998846067.47476,25359538.7486435
ZBCN,2025-05-26 15:00:00,1748246400000,-0.005698,0.004911,810267.0,4112780.1696,446518420.06,491094333.04,0.9092,0.0568,-30.88,609.54,,90922097345.22806,99998846067.47476,25359538.7486435
ZBCN,2025-05-27 15:00:00,1748332800000,-0.005053,0.0043474,625258.0,2769082.9206,395274726.0,434734983.39,0.9092,0.0642,-38.81,528.11,,90922097345.22806,99998846067.47476,25359538.7486435
ZBCN,2025-05-30 07:00:00,1748563200000,-0.007486,0.0066399,1116458.0,7587573.0778,603713634.16,663982338.0,0.9092,0.042,-6.55,859.34,,90922097345.22806,99998846067.47476,25359538.7486435
UXLINK,2024-07-19 07:00:00,1721347200000,-0.015,0.2213,612386.0,1285920.031,106160589.14,221300000.0,0.4797,0.1616,-94.09,56.98,,479713462.0,1000000000.0,17153836.58443826
UXLINK,2024-07-19 15:00:00,1721376000000,-0.011251,0.2618,2447615.0,6319162.037,125588984.35,261800000.0,0.4797,0.1366,-93.01,85.71,,479713462.0,1000000000.0,17153836.58443826
UXLINK,2024-07-20 15:00:00,1721462400000,-0.006181,0.2205,1179313.0,2618108.674,105776818.37,220500000.0,0.4797,0.1622,-94.11,56.42,,479713462.0,1000000000.0,17153836.58443826
UXLINK,2024-07-21 07:00:00,1721520000000,-0.00647,0.2074,810160.0,1708067.845,99492572.02,207400000.0,0.4797,0.1724,-94.46,47.12,,479713462.0,1000000000.0,17153836.58443826
UXLINK,2024-07-22 15:00:00,1721635200000,-0.00558,0.1953,430623.0,839898.331,93688039.13,195300000.0,0.4797,0.1831,-94.79,38.54,,479713462.0,1000000000.0,17153836.58443826
UXLINK,2024-09-03 23:00:00,1725379200000,-0.015,0.2048,2725978.0,5556769.387,98245317.02,204800000.0,0.4797,0.1746,-94.53,45.28,,479713462.0,1000000000.0,17153836.58443826
UXLINK,2024-09-04 07:00:00,1725408000000,-0.008565,0.2124,2049148.0,4304521.628,101891139.33,212400000.0,0.4797,0.1684,-94.33,50.67,,479713462.0,1000000000.0,17153836.58443826
UXLINK,2024-09-04 15:00:00,1725436800000,-0.015234,0.2024,1546304.0,3145028.326,97094004.71,202400000.0,0.4797,0.1767,-94.6,43.58,,479713462.0,1000000000.0,17153836.58443826
UXLINK,2024-09-12 15:00:00,1726128000000,-0.03,0.3037,3548823.0,10286305.126,145688978.41,303700000.0,0.4797,0.1177,-91.89,115.44,,479713462.0,1000000000.0,17153836.58443826
UXLINK,2024-09-12 23:00:00,1726156800000,-0.010715,0.2769,975701.0,2637892.829,132832657.63,276900000.0,0.4797,0.1291,-92.61,96.43,,479713462.0,1000000000.0,17153836.58443826
UXLINK,2024-09-17 15:00:00,1726560000000,-0.005181,0.5073,3604925.0,17919113.219,243358639.27,507300000.0,0.4797,0.0705,-86.46,259.87,,479713462.0,1000000000.0,17153836.58443826
UXLINK,2024-09-17 23:00:00,1726588800000,-0.0168,0.6346,6630491.0,38627218.832,304426162.99,634600000.0,0.4797,0.0563,-83.06,350.17,,479713462.0,1000000000.0,17153836.58443826
UXLINK,2024-09-18 15:00:00,1726646400000,-0.005012,0.6296,2405157.0,15953945.379,302027595.68,629600000.0,0.4797,0.0568,-83.19,346.62,,479713462.0,1000000000.0,17153836.58443826
UXLINK,2024-11-07 15:00:00,1730966400000,-0.02,0.7257,2394368.0,17563574.182,348128059.37,725700000.0,0.4797,0.0493,-80.63,414.79,,479713462.0,1000000000.0,17153836.58443826
UXLINK,2024-11-28 23:00:00,1732809600000,-0.006524,0.6656,1778531.0,12273464.871,319297280.31,665600000.0,0.4797,0.0537,-82.23,372.16,,479713462.0,1000000000.0,17153836.58443826
UXLINK,2024-11-29 15:00:00,1732867200000,-0.005252,0.6935,629065.0,4436226.854,332681285.9,693500000.0,0.4797,0.0516,-81.49,391.95,,479713462.0,1000000000.0,17153836.58443826
UXLINK,2024-12-25 19:00:00,1735128000000,-0.009179,2.1766,3362732.0,73619807.909,1044144321.39,2176600000.0,0.4797,0.0164,-41.9,1444.02,,479713462.0,1000000000.0,17153836.58443826
UXLINK,2024-12-25 23:00:00,1735142400000,-0.02,1.6961,3022774.0,56089146.0,813642002.9,1696100000.0,0.4797,0.0211,-54.73,1103.17,,479713462.0,1000000000.0,17153836.58443826
UXLINK,2024-12-26 07:00:00,1735171200000,-0.02,1.9066,2198964.0,39641557.168,914621686.65,1906600000.0,0.4797,0.0188,-49.11,1252.49,,479713462.0,1000000000.0,17153836.58443826
UXLINK,2024-12-26 11:00:00,1735185600000,-0.02,1.8394,1350101.0,24362742.813,882384942.0,1839400000.0,0.4797,0.0194,-50.9,1204.82,,479713462.0,1000000000.0,17153836.58443826
UXLINK,2024-12-26 15:00:00,1735200000000,-0.02,1.889,1429763.0,26391853.389,906178729.72,1889000000.0,0.4797,0.0189,-49.58,1240.01,,479713462.0,1000000000.0,17153836.58443826
UXLINK,2024-12-26 19:00:00,1735214400000,-0.014777,1.8028,1121949.0,20439243.766,864827429.29,1802800000.0,0.4797,0.0198,-51.88,1178.86,,479713462.0,1000000000.0,17153836.58443826
UXLINK,2024-12-26 23:00:00,1735228800000,-0.01139,1.8041,824149.0,14671247.165,865451056.79,1804100000.0,0.4797,0.0198,-51.84,1179.78,,479713462.0,1000000000.0,17153836.58443826
UXLINK,2024-12-27 03:00:00,1735243200000,-0.008713,2.0189,1076487.0,20493095.179,968493508.43,2018900000.0,0.4797,0.0177,-46.11,1332.16,,479713462.0,1000000000.0,17153836.58443826
UXLINK,2024-12-27 07:00:00,1735257600000,-0.014421,1.8985,1191613.0,23129177.984,910736007.61,1898500000.0,0.4797,0.0188,-49.32,1246.75,,479713462.0,1000000000.0,17153836.58443826
UXLINK,2024-12-27 11:00:00,1735272000000,-0.006056,1.8537,684029.0,12736487.107,889244844.51,1853700000.0,0.4797,0.0193,-50.52,1214.97,,479713462.0,1000000000.0,17153836.58443826
UXLINK,2024-12-27 15:00:00,1735286400000,-0.009164,1.8698,794241.0,14829140.31,896968231.25,1869800000.0,0.4797,0.0191,-50.09,1226.39,,479713462.0,1000000000.0,17153836.58443826
UXLINK,2024-12-27 19:00:00,1735300800000,-0.008794,1.8537,638894.0,11921823.583,889244844.51,1853700000.0,0.4797,0.0193,-50.52,1214.97,,479713462.0,1000000000.0,17153836.58443826
UXLINK,2024-12-27 23:00:00,1735315200000,-0.007097,1.8989,511012.0,9561893.539,910927892.99,1898900000.0,0.4797,0.0188,-49.31,1247.03,,479713462.0,1000000000.0,17153836.58443826
UXLINK,2024-12-28 07:00:00,1735344000000,-0.006957,1.7598,550780.0,9831987.186,844199750.43,1759800000.0,0.4797,0.0203,-53.03,1148.36,,479713462.0,1000000000.0,17153836.58443826
UXLINK,2024-12-28 11:00:00,1735358400000,-0.005099,1.6665,302368.0,5163368.455,799442484.42,1666500000.0,0.4797,0.0215,-55.52,1082.17,,479713462.0,1000000000.0,17153836.58443826
UXLINK,2024-12-28 19:00:00,1735387200000,-0.006298,1.7164,307659.0,5311003.836,823380186.18,1716400000.0,0.4797,0.0208,-54.18,1117.57,,479713462.0,1000000000.0,17153836.58443826
UXLINK,2025-01-14 11:00:00,1736827200000,-0.006542,1.307,370262.0,4899044.168,626985494.83,1307000000.0,0.4797,0.0274,-65.11,827.15,,479713462.0,1000000000.0,17153836.58443826
UXLINK,2025-01-18 15:00:00,1737187200000,-0.005,1.047,535756.0,5747046.748,502259994.71,1047000000.0,0.4797,0.0342,-72.05,642.71,,479713462.0,1000000000.0,17153836.58443826
UXLINK,2025-01-18 19:00:00,1737201600000,-0.008834,1.0254,334358.0,3487257.695,491898183.93,1025400000.0,0.4797,0.0349,-72.63,627.39,,479713462.0,1000000000.0,17153836.58443826
UXLINK,2025-02-08 11:00:00,1738987200000,-0.017989,0.8094,2011465.0,16131412.122,388280076.14,809400000.0,0.4797,0.0442,-78.4,474.17,,479713462.0,1000000000.0,17153836.58443826
UXLINK,2025-02-08 15:00:00,1739001600000,-0.011935,0.7501,1786757.0,13906314.578,359833067.85,750100000.0,0.4797,0.0477,-79.98,432.1,,479713462.0,1000000000.0,17153836.58443826
UXLINK,2025-02-08 19:00:00,1739016000000,-0.00515,0.7242,912374.0,6816045.09,347408489.18,724200000.0,0.4797,0.0494,-80.67,413.73,,479713462.0,1000000000.0,17153836.58443826
UXLINK,2025-02-09 11:00:00,1739073600000,-0.018362,0.7194,1318811.0,9933447.985,345105864.56,719400000.0,0.4797,0.0497,-80.8,410.32,,479713462.0,1000000000.0,17153836.58443826
UXLINK,2025-02-09 15:00:00,1739088000000,-0.008302,0.7397,419999.0,3040316.071,354844047.84,739700000.0,0.4797,0.0483,-80.26,424.72,,479713462.0,1000000000.0,17153836.58443826
UXLINK,2025-02-09 19:00:00,1739102400000,-0.007784,0.7306,218895.0,1595745.979,350478655.34,730600000.0,0.4797,0.0489,-80.5,418.27,,479713462.0,1000000000.0,17153836.58443826
UXLINK,2025-03-18 11:00:00,1742270400000,-0.00577,0.5362,642196.0,3483457.542,257222358.32,536200000.0,0.4797,0.0667,-85.69,280.37,,479713462.0,1000000000.0,17153836.58443826
UXLINK,2025-04-18 11:00:00,1744948800000,-0.011363,0.4546,732799.0,3328509.972,218077739.83,454600000.0,0.4797,0.0787,-87.87,222.48,,479713462.0,1000000000.0,17153836.58443826
UXLINK,2025-04-18 15:00:00,1744963200000,-0.010063,0.424,1381777.0,5971121.065,203398507.89,424000000.0,0.4797,0.0843,-88.68,200.77,,479713462.0,1000000000.0,17153836.58443826
XCN,2024-04-14 07:00:00,1713052800000,-0.009537,0.001742,25255.0,44135.024,60562716.09,84317045.82,0.7183,0.4732,-99.05,147.5,,34766197525.0,48402437326.0,28659533.95772046
XCN,2024-04-14 23:00:00,1713110400000,-0.005506,0.00182,33427.0,60635.085,63274479.5,88092435.93,0.7183,0.4529,-99.01,158.58,,34766197525.0,48402437326.0,28659533.95772046
XCN,2024-04-15 23:00:00,1713196800000,-0.006197,0.001845,43548.0,81177.518,64143634.43,89302496.87,0.7183,0.4468,-99.0,162.14,,34766197525.0,48402437326.0,28659533.95772046
XCN,2024-04-23 07:00:00,1713830400000,-0.011314,0.002259,134322.0,304827.417,78536840.21,109341105.92,0.7183,0.3649,-98.77,220.96,,34766197525.0,48402437326.0,28659533.95772046
XCN,2024-04-26 07:00:00,1714089600000,-0.022095,0.002177,144199.0,311757.955,75686012.01,105372106.06,0.7183,0.3787,-98.82,209.31,,34766197525.0,48402437326.0,28659533.95772046
XCN,2024-04-30 07:00:00,1714435200000,-0.014487,0.002146,168208.0,360355.313,74608259.89,103871630.5,0.7183,0.3841,-98.83,204.9,,34766197525.0,48402437326.0,28659533.95772046
XCN,2024-11-01 07:00:00,1730419200000,-0.008378,0.001211,36344.0,43686.672,42101865.2,58615351.6,0.7183,0.6807,-99.34,72.06,,34766197525.0,48402437326.0,28659533.95772046
XCN,2024-11-02 07:00:00,1730505600000,-0.005289,0.001221,18036.0,22113.781,42449527.18,59099375.98,0.7183,0.6751,-99.34,73.48,,34766197525.0,48402437326.0,28659533.95772046
XCN,2024-11-03 07:00:00,1730592000000,-0.005557,0.001206,41352.0,49853.11,41928034.22,58373339.42,0.7183,0.6835,-99.34,71.35,,34766197525.0,48402437326.0,28659533.95772046
XCN,2024-11-03 15:00:00,1730620800000,-0.005729,0.001217,21783.0,26596.411,42310462.39,58905766.23,0.7183,0.6774,-99.34,72.91,,34766197525.0,48402437326.0,28659533.95772046
XCN,2024-11-03 23:00:00,1730649600000,-0.00657,0.001187,57530.0,68118.487,41267476.46,57453693.11,0.7183,0.6945,-99.36,68.65,,34766197525.0,48402437326.0,28659533.95772046
XCN,2024-11-04 15:00:00,1730707200000,-0.005402,0.001186,60959.0,72428.123,41232710.26,57405290.67,0.7183,0.6951,-99.36,68.51,,34766197525.0,48402437326.0,28659533.95772046
XCN,2024-11-04 23:00:00,1730736000000,-0.006259,0.001175,98382.0,115608.287,40850282.09,56872863.86,0.7183,0.7016,-99.36,66.94,,34766197525.0,48402437326.0,28659533.95772046
XCN,2024-12-23 07:00:00,1734912000000,-0.006332,0.002224,12865.0,28439.556,77320023.3,107647020.61,0.7183,0.3707,-98.79,215.98,,34766197525.0,48402437326.0,28659533.95772046
XCN,2024-12-23 23:00:00,1734969600000,-0.005577,0.002155,14829.0,31807.515,74921155.67,104307252.44,0.7183,0.3825,-98.83,206.18,,34766197525.0,48402437326.0,28659533.95772046
XCN,2024-12-25 23:00:00,1735142400000,-0.00505,0.002195,15237.0,33153.585,76311803.57,106243349.93,0.7183,0.3756,-98.81,211.86,,34766197525.0,48402437326.0,28659533.95772046
XCN,2025-01-17 07:00:00,1737072000000,-0.028457,0.005537,1489342.0,7594737.928,192500435.7,268004295.47,0.7183,0.1489,-96.99,686.69,,34766197525.0,48402437326.0,28659533.95772046
XCN,2025-01-17 15:00:00,1737100800000,-0.024705,0.006114,1313225.0,7568694.488,212560531.67,295932501.81,0.7183,0.1348,-96.68,768.67,,34766197525.0,48402437326.0,28659533.95772046
XCN,2025-01-17 23:00:00,1737129600000,-0.04,0.013286,3642256.0,37407951.192,461903700.32,643074782.31,0.7183,0.062,-92.78,1787.66,,34766197525.0,48402437326.0,28659533.95772046
XCN,2025-01-18 07:00:00,1737158400000,-0.04,0.012083,2908045.0,33023281.616,420079964.69,584846650.21,0.7183,0.0682,-93.44,1616.74,,34766197525.0,48402437326.0,28659533.95772046
XCN,2025-01-18 15:00:00,1737187200000,-0.028337,0.012133,1279543.0,15923705.084,421818274.57,587266772.08,0.7183,0.0679,-93.41,1623.84,,34766197525.0,48402437326.0,28659533.95772046
XCN,2025-01-18 23:00:00,1737216000000,-0.023767,0.010524,720324.0,8439041.004,365879462.75,509387250.42,0.7183,0.0783,-94.28,1395.24,,34766197525.0,48402437326.0,28659533.95772046
XCN,2025-01-19 07:00:00,1737244800000,-0.012067,0.010783,351516.0,3958523.498,374883907.91,521923481.69,0.7183,0.0764,-94.14,1432.04,,34766197525.0,48402437326.0,28659533.95772046
XCN,2025-01-19 23:00:00,1737302400000,-0.005264,0.010534,433148.0,4732224.779,366227124.73,509871274.79,0.7183,0.0783,-94.28,1396.66,,34766197525.0,48402437326.0,28659533.95772046
XCN,2025-01-20 15:00:00,1737360000000,-0.005183,0.013477,754187.0,9937660.598,468544044.04,652319647.84,0.7183,0.0612,-92.68,1814.8,,34766197525.0,48402437326.0,28659533.95772046
XCN,2025-01-20 23:00:00,1737388800000,-0.008649,0.012553,344032.0,4379697.775,436420077.53,607595795.75,0.7183,0.0657,-93.18,1683.52,,34766197525.0,48402437326.0,28659533.95772046
XCN,2025-01-21 15:00:00,1737446400000,-0.011436,0.011465,211430.0,2436349.631,398594454.62,554933943.94,0.7183,0.0719,-93.77,1528.93,,34766197525.0,48402437326.0,28659533.95772046
XCN,2025-01-21 23:00:00,1737475200000,-0.008528,0.011784,191149.0,2293115.183,409684871.63,570374321.45,0.7183,0.07,-93.6,1574.26,,34766197525.0,48402437326.0,28659533.95772046
XCN,2025-01-22 23:00:00,1737561600000,-0.009407,0.012277,105031.0,1217018.299,426824607.01,594236723.05,0.7183,0.0671,-93.33,1644.3,,34766197525.0,48402437326.0,28659533.95772046
XCN,2025-01-24 07:00:00,1737676800000,-0.021852,0.0256,1602413.0,39752490.507,890014656.64,1239102395.55,0.7183,0.0322,-86.1,3537.22,,34766197525.0,48402437326.0,28659533.95772046
XCN,2025-01-24 15:00:00,1737705600000,-0.01091,0.025068,1311177.0,35928016.409,871519039.56,1213352298.89,0.7183,0.0329,-86.38,3461.63,,34766197525.0,48402437326.0,28659533.95772046
XCN,2025-01-24 19:00:00,1737720000000,-0.006421,0.024577,1685343.0,35055470.798,854448836.57,1189586702.16,0.7183,0.0335,-86.65,3391.87,,34766197525.0,48402437326.0,28659533.95772046
XCN,2025-01-24 23:00:00,1737734400000,-0.04,0.022687,663436.0,15367305.016,788740723.25,1098106095.61,0.7183,0.0363,-87.68,3123.34,,34766197525.0,48402437326.0,28659533.95772046
XCN,2025-01-25 03:00:00,1737748800000,-0.018396,0.023492,336072.0,7388881.434,816727512.26,1137070057.66,0.7183,0.0351,-87.24,3237.72,,34766197525.0,48402437326.0,28659533.95772046
XCN,2025-01-25 07:00:00,1737763200000,-0.014838,0.022678,193720.0,4469569.484,788427827.47,1097670473.68,0.7183,0.0364,-87.68,3122.06,,34766197525.0,48402437326.0,28659533.95772046
XCN,2025-01-25 11:00:00,1737777600000,-0.016857,0.022916,105059.0,2409762.682,796702182.48,1109190253.76,0.7183,0.036,-87.55,3155.88,,34766197525.0,48402437326.0,28659533.95772046
XCN,2025-01-25 15:00:00,1737792000000,-0.007961,0.02816,313074.0,8047766.646,979016122.3,1363012635.1,0.7183,0.0293,-84.7,3900.94,,34766197525.0,48402437326.0,28659533.95772046
XCN,2025-01-25 19:00:00,1737806400000,-0.008281,0.0278,363308.0,9883549.373,966500291.19,1345587757.66,0.7183,0.0297,-84.9,3849.79,,34766197525.0,48402437326.0,28659533.95772046
XCN,2025-01-25 23:00:00,1737820800000,-0.019768,0.027256,154068.0,4122325.946,947587479.74,1319256831.76,0.7183,0.0302,-85.2,3772.5,,34766197525.0,48402437326.0,28659533.95772046
XCN,2025-01-26 07:00:00,1737849600000,-0.006345,0.03338,186802.0,6155269.802,1160495673.38,1615673357.94,0.7183,0.0247,-81.87,4642.59,,34766197525.0,48402437326.0,28659533.95772046
XCN,2025-01-26 15:00:00,1737878400000,-0.006979,0.045359,619667.0,27827914.476,1576959953.54,2195486154.67,0.7183,0.0182,-75.36,6344.55,,34766197525.0,48402437326.0,28659533.95772046
XCN,2025-01-26 19:00:00,1737892800000,-0.010219,0.046275,385503.0,17181886.693,1608805790.47,2239822787.26,0.7183,0.0178,-74.87,6474.7,,34766197525.0,48402437326.0,28659533.95772046
XCN,2025-01-26 23:00:00,1737907200000,-0.006445,0.04223,280363.0,11474189.529,1468176521.48,2044034928.28,0.7183,0.0195,-77.06,5899.99,,34766197525.0,48402437326.0,28659533.95772046
XCN,2025-01-29 23:00:00,1738166400000,-0.005129,0.03524,346614.0,12129231.993,1225160800.78,1705701891.37,0.7183,0.0234,-80.86,4906.86,,34766197525.0,48402437326.0,28659533.95772046
XCN,2025-02-03 11:00:00,1738555200000,-0.006016,0.026967,51218.0,1280730.022,937540048.66,1305268527.37,0.7183,0.0306,-85.35,3731.44,,34766197525.0,48402437326.0,28659533.95772046
XCN,2025-03-03 03:00:00,1740945600000,-0.007478,0.018135,44454.0,815310.909,630484992.12,877778200.91,0.7183,0.0455,-90.15,2476.6,,34766197525.0,48402437326.0,28659533.95772046
XCN,2025-04-10 23:00:00,1744300800000,-0.007339,0.016735,855020.0,13406511.244,581812315.58,810014788.65,0.7183,0.0493,-90.91,2277.69,,34766197525.0,48402437326.0,28659533.95772046
XCN,2025-04-11 03:00:00,1744315200000,-0.012912,0.016535,365552.0,5988992.241,574859076.08,800334301.19,0.7183,0.0499,-91.02,2249.27,,34766197525.0,48402437326.0,28659533.95772046
XCN,2025-04-11 11:00:00,1744344000000,-0.014645,0.022407,590054.0,12178865.825,779006187.94,1084553413.16,0.7183,0.0368,-87.83,3083.56,,34766197525.0,48402437326.0,28659533.95772046
XCN,2025-04-11 15:00:00,1744358400000,-0.006302,0.02168,663245.0,14378082.259,753731162.34,1049364841.23,0.7183,0.038,-88.22,2980.27,,34766197525.0,48402437326.0,28659533.95772046
XCN,2025-04-11 19:00:00,1744372800000,-0.005333,0.024385,704979.0,15948427.711,847773726.65,1180293434.19,0.7183,0.0338,-86.76,3364.59,,34766197525.0,48402437326.0,28659533.95772046
XCN,2025-04-12 03:00:00,1744401600000,-0.005182,0.020646,657756.0,14008585.503,717782914.1,999316721.03,0.7183,0.0399,-88.79,2833.36,,34766197525.0,48402437326.0,28659533.95772046
MYX,2025-05-06 23:00:00,1746547200000,-0.00508,0.0985,1438387.0,1406297.0471,15538368.82,98500000.0,0.1577,2.858,-96.04,110.85,,157749937.3,1000000000.0,44408819.25806647
MYX,2025-05-07 03:00:00,1746561600000,-0.00508,0.09548,516197.0,503881.9953,15061964.01,95480000.0,0.1577,2.9484,-96.16,104.38,,157749937.3,1000000000.0,44408819.25806647
MYX,2025-05-07 07:00:00,1746576000000,-0.005012,0.10267,4233033.0,4343141.5994,16196186.06,102670000.0,0.1577,2.7419,-95.87,119.77,,157749937.3,1000000000.0,44408819.25806647
MYX,2025-05-07 11:00:00,1746590400000,-0.005009,0.10422,3164211.0,3237500.1488,16440698.47,104220000.0,0.1577,2.7012,-95.81,123.09,,157749937.3,1000000000.0,44408819.25806647
MYX,2025-05-07 19:00:00,1746619200000,-0.005004,0.08685,2536836.0,2289833.8492,13700582.05,86850000.0,0.1577,3.2414,-96.51,85.91,,157749937.3,1000000000.0,44408819.25806647
MYX,2025-06-20 19:00:00,1750420800000,-0.012262,0.05554,1829056.0,970909.1167,8761431.52,55540000.0,0.1577,5.0687,-97.77,18.89,,157749937.3,1000000000.0,44408819.25806647
MYX,2025-06-21 19:00:00,1750507200000,-0.013675,0.05509,7547049.0,4666799.8371,8690444.05,55090000.0,0.1577,5.1101,-97.79,17.92,,157749937.3,1000000000.0,44408819.25806647
MYX,2025-06-22 23:00:00,1750608000000,-0.005791,0.07165,3523366.0,2509254.7905,11302783.01,71650000.0,0.1577,3.929,-97.12,53.37,,157749937.3,1000000000.0,44408819.25806647
MYX,2025-06-24 19:00:00,1750766400000,-0.009899,0.09214,986145.0,904712.2824,14535079.22,92140000.0,0.1577,3.0553,-96.3,97.23,,157749937.3,1000000000.0,44408819.25806647
MYX,2025-06-26 19:00:00,1750939200000,-0.008111,0.10642,3356241.0,3523303.6781,16787748.33,106420000.0,0.1577,2.6453,-95.72,127.8,,157749937.3,1000000000.0,44408819.25806647
MYX,2025-06-26 23:00:00,1750953600000,-0.02,0.11194,1738415.0,1853843.9718,17658527.98,111940000.0,0.1577,2.5149,-95.5,139.61,,157749937.3,1000000000.0,44408819.25806647
MYX,2025-06-27 03:00:00,1750968000000,-0.019259,0.11381,2078430.0,2344623.6678,17953520.36,113810000.0,0.1577,2.4735,-95.43,143.62,,157749937.3,1000000000.0,44408819.25806647
MYX,2025-06-27 07:00:00,1750982400000,-0.015862,0.08679,1975269.0,1976258.3589,13691117.06,86790000.0,0.1577,3.2436,-96.51,85.78,,157749937.3,1000000000.0,44408819.25806647
MYX,2025-06-27 11:00:00,1750996800000,-0.006772,0.09722,1201375.0,1122281.1777,15336448.9,97220000.0,0.1577,2.8956,-96.09,108.11,,157749937.3,1000000000.0,44408819.25806647
MYX,2025-06-30 15:00:00,1751270400000,-0.012327,0.15605,1530096.0,2362130.1491,24616877.72,156050000.0,0.1577,1.804,-93.73,234.04,,157749937.3,1000000000.0,44408819.25806647
MYX,2025-06-30 19:00:00,1751284800000,-0.017083,0.15257,1568351.0,2379097.2362,24067907.93,152570000.0,0.1577,1.8451,-93.87,226.59,,157749937.3,1000000000.0,44408819.25806647
MYX,2025-06-30 23:00:00,1751299200000,-0.01477,0.15236,592306.0,892908.9326,24034780.45,152360000.0,0.1577,1.8477,-93.88,226.14,,157749937.3,1000000000.0,44408819.25806647
MYX,2025-07-01 03:00:00,1751313600000,-0.012649,0.14909,531170.0,793669.7752,23518938.15,149090000.0,0.1577,1.8882,-94.01,219.14,,157749937.3,1000000000.0,44408819.25806647
MYX,2025-07-01 07:00:00,1751328000000,-0.007988,0.15402,324344.0,488440.1865,24296645.34,154020000.0,0.1577,1.8278,-93.81,229.69,,157749937.3,1000000000.0,44408819.25806647
MYX,2025-07-01 11:00:00,1751342400000,-0.007907,0.13349,571799.0,838198.1916,21058039.13,133490000.0,0.1577,2.1089,-94.63,185.74,,157749937.3,1000000000.0,44408819.25806647
MYX,2025-07-01 19:00:00,1751371200000,-0.00519,0.11135,3968830.0,3763253.3429,17565455.52,111350000.0,0.1577,2.5282,-95.52,138.35,,157749937.3,1000000000.0,44408819.25806647
MYX,2025-07-03 03:00:00,1751486400000,-0.014579,0.11344,525244.0,594415.4119,17895152.89,113440000.0,0.1577,2.4816,-95.44,142.83,,157749937.3,1000000000.0,44408819.25806647
MYX,2025-07-03 07:00:00,1751500800000,-0.02,0.07234,3664517.0,3496158.8602,11411630.46,72340000.0,0.1577,3.8915,-97.09,54.85,,157749937.3,1000000000.0,44408819.25806647
MYX,2025-07-03 08:00:00,1751504400000,-0.01908,0.07234,3664517.0,3496158.8602,11411630.46,72340000.0,0.1577,3.8915,-97.09,54.85,,157749937.3,1000000000.0,44408819.25806647
MYX,2025-07-03 09:00:00,1751508000000,-0.02,0.07234,3664517.0,3496158.8602,11411630.46,72340000.0,0.1577,3.8915,-97.09,54.85,,157749937.3,1000000000.0,44408819.25806647
MYX,2025-07-03 10:00:00,1751511600000,-0.016078,0.07234,3664517.0,3496158.8602,11411630.46,72340000.0,0.1577,3.8915,-97.09,54.85,,157749937.3,1000000000.0,44408819.25806647
MYX,2025-07-03 11:00:00,1751515200000,-0.005837,0.06321,3090040.0,2132013.9628,9971373.54,63210000.0,0.1577,4.4536,-97.46,35.31,,157749937.3,1000000000.0,44408819.25806647
MYX,2025-07-13 18:00:00,1752404400000,-0.005007,0.0718,3764645.0,2933416.0781,11326445.5,71800000.0,0.1577,3.9208,-97.11,53.69,,157749937.3,1000000000.0,44408819.25806647
MYX,2025-07-27 19:00:00,1753617600000,-0.011127,0.11561,892557.0,994846.7903,18237470.25,115610000.0,0.1577,2.435,-95.35,147.47,,157749937.3,1000000000.0,44408819.25806647
MYX,2025-07-28 19:00:00,1753704000000,-0.02,0.10159,2264761.0,2618565.8535,16025816.13,101590000.0,0.1577,2.7711,-95.92,117.46,,157749937.3,1000000000.0,44408819.25806647
MYX,2025-07-28 20:00:00,1753707600000,-0.007865,0.10159,2264761.0,2618565.8535,16025816.13,101590000.0,0.1577,2.7711,-95.92,117.46,,157749937.3,1000000000.0,44408819.25806647
MYX,2025-08-04 16:00:00,1754298000000,-0.007847,0.33097,32118477.0,92763778.7475,52210496.75,330970000.0,0.1577,0.8506,-86.7,608.46,,157749937.3,1000000000.0,44408819.25806647
MYX,2025-08-04 17:00:00,1754301600000,-0.007579,0.33097,32118477.0,92763778.7475,52210496.75,330970000.0,0.1577,0.8506,-86.7,608.46,,157749937.3,1000000000.0,44408819.25806647
MYX,2025-08-04 18:00:00,1754305200000,-0.018849,0.33097,32118477.0,92763778.7475,52210496.75,330970000.0,0.1577,0.8506,-86.7,608.46,,157749937.3,1000000000.0,44408819.25806647
MYX,2025-08-04 19:00:00,1754308800000,-0.012776,0.36171,29553274.0,92914934.3181,57059729.82,361710000.0,0.1577,0.7783,-85.46,674.26,,157749937.3,1000000000.0,44408819.25806647
MYX,2025-08-04 21:00:00,1754316000000,-0.02,0.36171,29553274.0,92914934.3181,57059729.82,361710000.0,0.1577,0.7783,-85.46,674.26,,157749937.3,1000000000.0,44408819.25806647
MYX,2025-08-04 22:00:00,1754319600000,-0.009593,0.36171,29553274.0,92914934.3181,57059729.82,361710000.0,0.1577,0.7783,-85.46,674.26,,157749937.3,1000000000.0,44408819.25806647
MYX,2025-08-04 23:00:00,1754323200000,-0.012493,0.41172,24447943.0,102498928.6656,64948804.19,411720000.0,0.1577,0.6838,-83.45,781.31,,157749937.3,1000000000.0,44408819.25806647
MYX,2025-08-05 00:00:00,1754326800000,-0.02,0.41172,24447943.0,102498928.6656,64948804.19,411720000.0,0.1577,0.6838,-83.45,781.31,,157749937.3,1000000000.0,44408819.25806647
MYX,2025-08-05 01:00:00,1754330400000,-0.01803,0.41172,24447943.0,102498928.6656,64948804.19,411720000.0,0.1577,0.6838,-83.45,781.31,,157749937.3,1000000000.0,44408819.25806647
MYX,2025-08-05 02:00:00,1754334000000,-0.008292,0.41172,24447943.0,102498928.6656,64948804.19,411720000.0,0.1577,0.6838,-83.45,781.31,,157749937.3,1000000000.0,44408819.25806647
MYX,2025-08-05 09:00:00,1754359200000,-0.008981,0.56059,9654303.0,45767253.8993,88433037.35,560590000.0,0.1577,0.5022,-77.47,1099.98,,157749937.3,1000000000.0,44408819.25806647
MYX,2025-08-05 10:00:00,1754362800000,-0.007441,0.56059,9654303.0,45767253.8993,88433037.35,560590000.0,0.1577,0.5022,-77.47,1099.98,,157749937.3,1000000000.0,44408819.25806647
MYX,2025-08-05 11:00:00,1754366400000,-0.012643,0.8251,23437506.0,173735775.5071,130159473.27,825100000.0,0.1577,0.3412,-66.84,1666.18,,157749937.3,1000000000.0,44408819.25806647
MYX,2025-08-05 12:00:00,1754370000000,-0.02,0.8251,23437506.0,173735775.5071,130159473.27,825100000.0,0.1577,0.3412,-66.84,1666.18,,157749937.3,1000000000.0,44408819.25806647
MYX,2025-08-05 14:00:00,1754377200000,-0.02,0.8251,23437506.0,173735775.5071,130159473.27,825100000.0,0.1577,0.3412,-66.84,1666.18,,157749937.3,1000000000.0,44408819.25806647
MYX,2025-08-05 15:00:00,1754380800000,-0.02,1.25429,14727894.0,158222171.6326,197864168.86,1254290000.0,0.1577,0.2244,-49.59,2584.89,,157749937.3,1000000000.0,44408819.25806647
MYX,2025-08-05 16:00:00,1754384400000,-0.02,1.25429,14727894.0,158222171.6326,197864168.86,1254290000.0,0.1577,0.2244,-49.59,2584.89,,157749937.3,1000000000.0,44408819.25806647
MYX,2025-08-05 17:00:00,1754388000000,-0.02,1.25429,14727894.0,158222171.6326,197864168.86,1254290000.0,0.1577,0.2244,-49.59,2584.89,,157749937.3,1000000000.0,44408819.25806647
MYX,2025-08-05 18:00:00,1754391600000,-0.02,1.25429,14727894.0,158222171.6326,197864168.86,1254290000.0,0.1577,0.2244,-49.59,2584.89,,157749937.3,1000000000.0,44408819.25806647
MYX,2025-08-05 19:00:00,1754395200000,-0.02,1.42223,9358530.0,119485535.6483,224356693.33,1422230000.0,0.1577,0.1979,-42.84,2944.38,,157749937.3,1000000000.0,44408819.25806647
MYX,2025-08-05 20:00:00,1754398800000,-0.02,1.42223,9358530.0,119485535.6483,224356693.33,1422230000.0,0.1577,0.1979,-42.84,2944.38,,157749937.3,1000000000.0,44408819.25806647
MYX,2025-08-05 21:00:00,1754402400000,-0.02,1.42223,9358530.0,119485535.6483,224356693.33,1422230000.0,0.1577,0.1979,-42.84,2944.38,,157749937.3,1000000000.0,44408819.25806647
MYX,2025-08-05 22:00:00,1754406000000,-0.02,1.42223,9358530.0,119485535.6483,224356693.33,1422230000.0,0.1577,0.1979,-42.84,2944.38,,157749937.3,1000000000.0,44408819.25806647
MYX,2025-08-05 23:00:00,1754409600000,-0.02,1.89194,11729829.0,188812399.3619,298453416.38,1891940000.0,0.1577,0.1488,-23.96,3949.82,,157749937.3,1000000000.0,44408819.25806647
MYX,2025-08-06 00:00:00,1754413200000,-0.02,1.89194,11729829.0,188812399.3619,298453416.38,1891940000.0,0.1577,0.1488,-23.96,3949.82,,157749937.3,1000000000.0,44408819.25806647
MYX,2025-08-06 01:00:00,1754416800000,-0.02,1.89194,11729829.0,188812399.3619,298453416.38,1891940000.0,0.1577,0.1488,-23.96,3949.82,,157749937.3,1000000000.0,44408819.25806647
MYX,2025-08-06 02:00:00,1754420400000,-0.02,1.89194,11729829.0,188812399.3619,298453416.38,1891940000.0,0.1577,0.1488,-23.96,3949.82,,157749937.3,1000000000.0,44408819.25806647
MYX,2025-08-06 03:00:00,1754424000000,-0.02,1.24995,11554512.0,185949995.0216,197179534.13,1249950000.0,0.1577,0.2252,-49.76,2575.6,,157749937.3,1000000000.0,44408819.25806647
MYX,2025-08-06 04:00:00,1754427600000,-0.02,1.24995,11554512.0,185949995.0216,197179534.13,1249950000.0,0.1577,0.2252,-49.76,2575.6,,157749937.3,1000000000.0,44408819.25806647
MYX,2025-08-06 05:00:00,1754431200000,-0.02,1.24995,11554512.0,185949995.0216,197179534.13,1249950000.0,0.1577,0.2252,-49.76,2575.6,,157749937.3,1000000000.0,44408819.25806647
MYX,2025-08-06 06:00:00,1754434800000,-0.013356,1.24995,11554512.0,185949995.0216,197179534.13,1249950000.0,0.1577,0.2252,-49.76,2575.6,,157749937.3,1000000000.0,44408819.25806647
MYX,2025-08-06 07:00:00,1754438400000,-0.011032,1.4308,8484089.0,90647996.6074,225708610.29,1430800000.0,0.1577,0.1968,-42.49,2962.72,,157749937.3,1000000000.0,44408819.25806647
MYX,2025-08-06 11:00:00,1754452800000,-0.005583,1.98303,7091126.0,120724699.2972,312822858.16,1983030000.0,0.1577,0.142,-20.3,4144.81,,157749937.3,1000000000.0,44408819.25806647
MYX,2025-08-06 13:00:00,1754460000000,-0.010646,1.98303,7091126.0,120724699.2972,312822858.16,1983030000.0,0.1577,0.142,-20.3,4144.81,,157749937.3,1000000000.0,44408819.25806647
MYX,2025-08-06 14:00:00,1754463600000,-0.012014,1.98303,7091126.0,120724699.2972,312822858.16,1983030000.0,0.1577,0.142,-20.3,4144.81,,157749937.3,1000000000.0,44408819.25806647
MYX,2025-08-06 15:00:00,1754467200000,-0.02,1.82773,6362409.0,119260555.7033,288324292.9,1827730000.0,0.1577,0.154,-26.54,3812.38,,157749937.3,1000000000.0,44408819.25806647
MYX,2025-08-06 16:00:00,1754470800000,-0.01505,1.82773,6362409.0,119260555.7033,288324292.9,1827730000.0,0.1577,0.154,-26.54,3812.38,,157749937.3,1000000000.0,44408819.25806647
MYX,2025-08-06 17:00:00,1754474400000,-0.012184,1.82773,6362409.0,119260555.7033,288324292.9,1827730000.0,0.1577,0.154,-26.54,3812.38,,157749937.3,1000000000.0,44408819.25806647
MYX,2025-08-06 18:00:00,1754478000000,-0.02,1.82773,6362409.0,119260555.7033,288324292.9,1827730000.0,0.1577,0.154,-26.54,3812.38,,157749937.3,1000000000.0,44408819.25806647
MYX,2025-08-06 19:00:00,1754481600000,-0.015181,1.72335,5081805.0,96781696.3557,271858354.45,1723350000.0,0.1577,0.1634,-30.74,3588.94,,157749937.3,1000000000.0,44408819.25806647
MYX,2025-08-06 20:00:00,1754485200000,-0.02,1.72335,5081805.0,96781696.3557,271858354.45,1723350000.0,0.1577,0.1634,-30.74,3588.94,,157749937.3,1000000000.0,44408819.25806647
MYX,2025-08-06 21:00:00,1754488800000,-0.015412,1.72335,5081805.0,96781696.3557,271858354.45,1723350000.0,0.1577,0.1634,-30.74,3588.94,,157749937.3,1000000000.0,44408819.25806647
MYX,2025-08-06 22:00:00,1754492400000,-0.02,1.72335,5081805.0,96781696.3557,271858354.45,1723350000.0,0.1577,0.1634,-30.74,3588.94,,157749937.3,1000000000.0,44408819.25806647
MYX,2025-08-06 23:00:00,1754496000000,-0.007794,1.46667,4011410.0,67243369.9769,231367100.54,1466670000.0,0.1577,0.1919,-41.05,3039.5,,157749937.3,1000000000.0,44408819.25806647
MYX,2025-08-07 00:00:00,1754499600000,-0.00923,1.46667,4011410.0,67243369.9769,231367100.54,1466670000.0,0.1577,0.1919,-41.05,3039.5,,157749937.3,1000000000.0,44408819.25806647
MYX,2025-08-07 01:00:00,1754503200000,-0.007379,1.46667,4011410.0,67243369.9769,231367100.54,1466670000.0,0.1577,0.1919,-41.05,3039.5,,157749937.3,1000000000.0,44408819.25806647
MYX,2025-08-07 02:00:00,1754506800000,-0.006536,1.46667,4011410.0,67243369.9769,231367100.54,1466670000.0,0.1577,0.1919,-41.05,3039.5,,157749937.3,1000000000.0,44408819.25806647
MYX,2025-08-07 04:00:00,1754514000000,-0.006338,1.64645,2521598.0,39735336.8584,259727384.27,1646450000.0,0.1577,0.171,-33.83,3424.34,,157749937.3,1000000000.0,44408819.25806647
MYX,2025-08-07 05:00:00,1754517600000,-0.007514,1.64645,2521598.0,39735336.8584,259727384.27,1646450000.0,0.1577,0.171,-33.83,3424.34,,157749937.3,1000000000.0,44408819.25806647
MYX,2025-08-07 06:00:00,1754521200000,-0.006206,1.64645,2521598.0,39735336.8584,259727384.27,1646450000.0,0.1577,0.171,-33.83,3424.34,,157749937.3,1000000000.0,44408819.25806647
MYX,2025-08-07 07:00:00,1754524800000,-0.005484,1.46314,1995532.0,33443468.9598,230810243.26,1463140000.0,0.1577,0.1924,-41.19,3031.95,,157749937.3,1000000000.0,44408819.25806647
MYX,2025-08-07 08:00:00,1754528400000,-0.007906,1.46314,1995532.0,33443468.9598,230810243.26,1463140000.0,0.1577,0.1924,-41.19,3031.95,,157749937.3,1000000000.0,44408819.25806647
MYX,2025-08-07 12:00:00,1754542800000,-0.005351,1.49248,1656428.0,25144804.2273,235438626.42,1492480000.0,0.1577,0.1886,-40.01,3094.75,,157749937.3,1000000000.0,44408819.25806647
MYX,2025-08-07 21:00:00,1754575200000,-0.02,1.55393,4613816.0,82585344.8733,245132360.07,1553930000.0,0.1577,0.1812,-37.54,3226.29,,157749937.3,1000000000.0,44408819.25806647
MYX,2025-08-08 19:00:00,1754654400000,-0.010721,1.68397,5610320.0,111864820.0012,265646161.92,1683970000.0,0.1577,0.1672,-32.32,3504.65,,157749937.3,1000000000.0,44408819.25806647
MYX,2025-08-08 20:00:00,1754658000000,-0.02,1.68397,5610320.0,111864820.0012,265646161.92,1683970000.0,0.1577,0.1672,-32.32,3504.65,,157749937.3,1000000000.0,44408819.25806647
MYX,2025-08-08 21:00:00,1754661600000,-0.012197,1.68397,5610320.0,111864820.0012,265646161.92,1683970000.0,0.1577,0.1672,-32.32,3504.65,,157749937.3,1000000000.0,44408819.25806647
MYX,2025-08-08 22:00:00,1754665200000,-0.008718,1.68397,5610320.0,111864820.0012,265646161.92,1683970000.0,0.1577,0.1672,-32.32,3504.65,,157749937.3,1000000000.0,44408819.25806647
MYX,2025-08-14 05:00:00,1755122400000,-0.00755,1.90122,292785.0,5508498.4081,299917335.79,1901220000.0,0.1577,0.1481,-23.59,3969.69,,157749937.3,1000000000.0,44408819.25806647
MYX,2025-08-14 06:00:00,1755126000000,-0.007883,1.90122,292785.0,5508498.4081,299917335.79,1901220000.0,0.1577,0.1481,-23.59,3969.69,,157749937.3,1000000000.0,44408819.25806647
MYX,2025-08-14 07:00:00,1755129600000,-0.015675,1.69923,523919.0,9344042.3325,268053425.96,1699230000.0,0.1577,0.1657,-31.7,3537.31,,157749937.3,1000000000.0,44408819.25806647
MYX,2025-08-14 08:00:00,1755133200000,-0.011769,1.69923,523919.0,9344042.3325,268053425.96,1699230000.0,0.1577,0.1657,-31.7,3537.31,,157749937.3,1000000000.0,44408819.25806647
MYX,2025-08-14 09:00:00,1755136800000,-0.013529,1.69923,523919.0,9344042.3325,268053425.96,1699230000.0,0.1577,0.1657,-31.7,3537.31,,157749937.3,1000000000.0,44408819.25806647
MYX,2025-08-17 19:00:00,1755432000000,-0.02,2.18248,968888.0,21250816.2675,344286083.16,2182480000.0,0.1577,0.129,-12.28,4571.74,,157749937.3,1000000000.0,44408819.25806647
MYX,2025-08-17 20:00:00,1755435600000,-0.015906,2.18248,968888.0,21250816.2675,344286083.16,2182480000.0,0.1577,0.129,-12.28,4571.74,,157749937.3,1000000000.0,44408819.25806647
MYX,2025-08-17 21:00:00,1755439200000,-0.008333,2.18248,968888.0,21250816.2675,344286083.16,2182480000.0,0.1577,0.129,-12.28,4571.74,,157749937.3,1000000000.0,44408819.25806647
MYX,2025-08-17 22:00:00,1755442800000,-0.008725,2.18248,968888.0,21250816.2675,344286083.16,2182480000.0,0.1577,0.129,-12.28,4571.74,,157749937.3,1000000000.0,44408819.25806647
MYX,2025-08-17 23:00:00,1755446400000,-0.008024,2.06704,338168.0,7181882.4798,326075430.4,2067040000.0,0.1577,0.1362,-16.92,4324.64,,157749937.3,1000000000.0,44408819.25806647
MYX,2025-08-18 00:00:00,1755450000000,-0.00813,2.06704,338168.0,7181882.4798,326075430.4,2067040000.0,0.1577,0.1362,-16.92,4324.64,,157749937.3,1000000000.0,44408819.25806647
MYX,2025-08-18 01:00:00,1755453600000,-0.006621,2.06704,338168.0,7181882.4798,326075430.4,2067040000.0,0.1577,0.1362,-16.92,4324.64,,157749937.3,1000000000.0,44408819.25806647
MYX,2025-08-18 02:00:00,1755457200000,-0.006626,2.06704,338168.0,7181882.4798,326075430.4,2067040000.0,0.1577,0.1362,-16.92,4324.64,,157749937.3,1000000000.0,44408819.25806647
MYX,2025-08-18 03:00:00,1755460800000,-0.009579,1.80112,524503.0,9744969.5972,284126567.07,1801120000.0,0.1577,0.1563,-27.61,3755.42,,157749937.3,1000000000.0,44408819.25806647
MYX,2025-08-18 04:00:00,1755464400000,-0.01115,1.80112,524503.0,9744969.5972,284126567.07,1801120000.0,0.1577,0.1563,-27.61,3755.42,,157749937.3,1000000000.0,44408819.25806647
MYX,2025-08-18 05:00:00,1755468000000,-0.016702,1.80112,524503.0,9744969.5972,284126567.07,1801120000.0,0.1577,0.1563,-27.61,3755.42,,157749937.3,1000000000.0,44408819.25806647
MYX,2025-08-18 06:00:00,1755471600000,-0.006056,1.80112,524503.0,9744969.5972,284126567.07,1801120000.0,0.1577,0.1563,-27.61,3755.42,,157749937.3,1000000000.0,44408819.25806647
MYX,2025-08-18 07:00:00,1755475200000,-0.008617,1.62473,407806.0,6942426.8866,256301055.63,1624730000.0,0.1577,0.1733,-34.7,3377.84,,157749937.3,1000000000.0,44408819.25806647
MYX,2025-08-18 08:00:00,1755478800000,-0.008644,1.62473,407806.0,6942426.8866,256301055.63,1624730000.0,0.1577,0.1733,-34.7,3377.84,,157749937.3,1000000000.0,44408819.25806647
MYX,2025-08-18 09:00:00,1755482400000,-0.005323,1.62473,407806.0,6942426.8866,256301055.63,1624730000.0,0.1577,0.1733,-34.7,3377.84,,157749937.3,1000000000.0,44408819.25806647
TROLLSOL,2025-08-03 15:00:00,1754208000000,-0.00503,0.07511,103751.0,805710.048,75033449.34,75033449.34,1.0,0.3753,-70.6,888.81,,998980819.284372,998980819.284372,28159021.39558654
TROLLSOL,2025-08-03 19:00:00,1754222400000,-0.00503,0.08268,136475.0,1091679.287,82595734.14,82595734.14,1.0,0.3409,-67.64,988.47,,998980819.284372,998980819.284372,28159021.39558654
TROLLSOL,2025-08-03 23:00:00,1754236800000,-0.00503,0.0844,153456.0,1324399.525,84313981.15,84313981.15,1.0,0.334,-66.97,1011.12,,998980819.284372,998980819.284372,28159021.39558654
TROLLSOL,2025-08-04 03:00:00,1754251200000,-0.00503,0.08446,169934.0,1526201.545,84373920.0,84373920.0,1.0,0.3337,-66.94,1011.91,,998980819.284372,998980819.284372,28159021.39558654
TROLLSOL,2025-08-04 07:00:00,1754265600000,-0.00503,0.08378,102928.0,873765.079,83694613.04,83694613.04,1.0,0.3364,-67.21,1002.95,,998980819.284372,998980819.284372,28159021.39558654
TROLLSOL,2025-08-04 11:00:00,1754280000000,-0.00503,0.08604,30274.0,251714.748,85952309.69,85952309.69,1.0,0.3276,-66.32,1032.71,,998980819.284372,998980819.284372,28159021.39558654
TROLLSOL,2025-08-04 15:00:00,1754294400000,-0.00503,0.0854,19711.0,163165.776,85312961.97,85312961.97,1.0,0.3301,-66.57,1024.28,,998980819.284372,998980819.284372,28159021.39558654
TROLLSOL,2025-08-04 19:00:00,1754308800000,-0.00503,0.09044,20723.0,182493.766,90347825.3,90347825.3,1.0,0.3117,-64.6,1090.63,,998980819.284372,998980819.284372,28159021.39558654
TROLLSOL,2025-08-04 23:00:00,1754323200000,-0.00503,0.10268,53011.0,523805.131,102575350.52,102575350.52,1.0,0.2745,-59.81,1251.77,,998980819.284372,998980819.284372,28159021.39558654
TROLLSOL,2025-08-05 03:00:00,1754337600000,-0.00503,0.10209,30309.0,303349.12,101985951.84,101985951.84,1.0,0.2761,-60.04,1244.0,,998980819.284372,998980819.284372,28159021.39558654
TROLLSOL,2025-08-05 07:00:00,1754352000000,-0.00503,0.09496,13190.0,127025.442,94863218.6,94863218.6,1.0,0.2968,-62.83,1150.14,,998980819.284372,998980819.284372,28159021.39558654
TROLLSOL,2025-08-05 11:00:00,1754366400000,-0.00503,0.102,13648.0,133953.381,101896043.57,101896043.57,1.0,0.2764,-60.08,1242.82,,998980819.284372,998980819.284372,28159021.39558654
TROLLSOL,2025-08-05 15:00:00,1754380800000,-0.00503,0.11996,36850.0,415670.577,119837739.08,119837739.08,1.0,0.235,-53.05,1479.26,,998980819.284372,998980819.284372,28159021.39558654
TROLLSOL,2025-08-05 19:00:00,1754395200000,-0.00503,0.14203,85192.0,1244158.335,141885245.76,141885245.76,1.0,0.1985,-44.41,1769.81,,998980819.284372,998980819.284372,28159021.39558654
TROLLSOL,2025-08-05 23:00:00,1754409600000,-0.00503,0.15968,39781.0,614542.565,159517257.22,159517257.22,1.0,0.1765,-37.5,2002.17,,998980819.284372,998980819.284372,28159021.39558654
TROLLSOL,2025-08-06 03:00:00,1754424000000,-0.00503,0.1482,20953.0,320308.319,148048957.42,148048957.42,1.0,0.1902,-41.99,1851.03,,998980819.284372,998980819.284372,28159021.39558654
TROLLSOL,2025-08-06 07:00:00,1754438400000,-0.00503,0.1774,41551.0,707877.302,177219197.34,177219197.34,1.0,0.1589,-30.56,2235.45,,998980819.284372,998980819.284372,28159021.39558654
TROLLSOL,2025-08-06 11:00:00,1754452800000,-0.00503,0.16978,22999.0,411074.191,169606963.5,169606963.5,1.0,0.166,-33.55,2135.13,,998980819.284372,998980819.284372,28159021.39558654
TROLLSOL,2025-08-06 15:00:00,1754467200000,-0.00503,0.18509,25704.0,478026.487,184901359.84,184901359.84,1.0,0.1523,-27.55,2336.69,,998980819.284372,998980819.284372,28159021.39558654
TROLLSOL,2025-08-06 19:00:00,1754481600000,-0.00503,0.17444,35821.0,683344.153,174262214.12,174262214.12,1.0,0.1616,-31.72,2196.48,,998980819.284372,998980819.284372,28159021.39558654
TROLLSOL,2025-08-06 23:00:00,1754496000000,-0.00503,0.17682,28774.0,479826.166,176639788.47,176639788.47,1.0,0.1594,-30.79,2227.81,,998980819.284372,998980819.284372,28159021.39558654
TROLLSOL,2025-08-07 03:00:00,1754510400000,-0.00503,0.19288,20262.0,364779.051,192683420.42,192683420.42,1.0,0.1461,-24.5,2439.24,,998980819.284372,998980819.284372,28159021.39558654
TROLLSOL,2025-08-07 07:00:00,1754524800000,-0.00503,0.16307,13821.0,243403.333,162903802.2,162903802.2,1.0,0.1729,-36.17,2046.8,,998980819.284372,998980819.284372,28159021.39558654
TROLLSOL,2025-08-07 11:00:00,1754539200000,-0.00503,0.1628,10904.0,170720.735,162634077.38,162634077.38,1.0,0.1731,-36.28,2043.24,,998980819.284372,998980819.284372,28159021.39558654
TROLLSOL,2025-08-07 15:00:00,1754553600000,-0.00503,0.1644,8291.0,135657.707,164232446.69,164232446.69,1.0,0.1715,-35.65,2064.31,,998980819.284372,998980819.284372,28159021.39558654
TROLLSOL,2025-08-07 19:00:00,1754568000000,-0.00503,0.15814,8902.0,142103.278,157978826.76,157978826.76,1.0,0.1782,-38.1,1981.89,,998980819.284372,998980819.284372,28159021.39558654
TROLLSOL,2025-08-07 23:00:00,1754582400000,-0.00503,0.15693,15438.0,228298.192,156770059.97,156770059.97,1.0,0.1796,-38.58,1965.96,,998980819.284372,998980819.284372,28159021.39558654
TROLLSOL,2025-08-08 03:00:00,1754596800000,-0.00503,0.17488,7971.0,125475.845,174701765.68,174701765.68,1.0,0.1612,-31.55,2202.27,,998980819.284372,998980819.284372,28159021.39558654
TROLLSOL,2025-08-08 07:00:00,1754611200000,-0.00503,0.16055,15244.0,266757.997,160386370.54,160386370.54,1.0,0.1756,-37.16,2013.62,,998980819.284372,998980819.284372,28159021.39558654
TROLLSOL,2025-08-08 11:00:00,1754625600000,-0.00503,0.16754,6653.0,107073.393,167369246.46,167369246.46,1.0,0.1682,-34.42,2105.64,,998980819.284372,998980819.284372,28159021.39558654
TROLLSOL,2025-08-08 15:00:00,1754640000000,-0.00503,0.16787,4573.0,75555.312,167698910.13,167698910.13,1.0,0.1679,-34.29,2109.99,,998980819.284372,998980819.284372,28159021.39558654
TROLLSOL,2025-08-08 19:00:00,1754654400000,-0.00503,0.17853,7265.0,124241.863,178348045.67,178348045.67,1.0,0.1579,-30.12,2250.33,,998980819.284372,998980819.284372,28159021.39558654
TROLLSOL,2025-08-08 23:00:00,1754668800000,-0.00503,0.21793,64781.0,1381571.322,217707889.95,217707889.95,1.0,0.1293,-14.7,2769.02,,998980819.284372,998980819.284372,28159021.39558654
TROLLSOL,2025-08-09 03:00:00,1754683200000,-0.00503,0.21136,30831.0,673588.271,211144585.96,211144585.96,1.0,0.1334,-17.27,2682.53,,998980819.284372,998980819.284372,28159021.39558654
TROLLSOL,2025-08-09 07:00:00,1754697600000,-0.00503,0.23443,19223.0,436932.531,234191073.46,234191073.46,1.0,0.1202,-8.24,2986.24,,998980819.284372,998980819.284372,28159021.39558654
TROLLSOL,2025-08-09 11:00:00,1754712000000,-0.00503,0.22984,20796.0,467065.458,229605751.5,229605751.5,1.0,0.1226,-10.04,2925.81,,998980819.284372,998980819.284372,28159021.39558654
TROLLSOL,2025-08-09 15:00:00,1754726400000,-0.00503,0.24384,22822.0,551604.329,243591482.97,243591482.97,1.0,0.1156,-4.56,3110.12,,998980819.284372,998980819.284372,28159021.39558654
TROLLSOL,2025-08-09 19:00:00,1754740800000,-0.00503,0.237,15752.0,374931.254,236758454.17,236758454.17,1.0,0.1189,-7.24,3020.08,,998980819.284372,998980819.284372,28159021.39558654
TROLLSOL,2025-08-09 23:00:00,1754755200000,-0.00503,0.24303,9251.0,221005.404,242782308.51,242782308.51,1.0,0.116,-4.88,3099.46,,998980819.284372,998980819.284372,28159021.39558654
TROLLSOL,2025-08-10 03:00:00,1754769600000,-0.00503,0.21855,16019.0,349351.231,218327258.05,218327258.05,1.0,0.129,-14.46,2777.18,,998980819.284372,998980819.284372,28159021.39558654
XEM,2024-06-04 07:00:00,1717459200000,-0.009314,0.0236,38535947.0,909413.171,212399999.98,212399999.98,,,,,,0.0,8999999999.0,0.0
XEM,2024-06-04 15:00:00,1717488000000,-0.005373,0.0233,24530927.0,566290.9032,209699999.98,209699999.98,,,,,,0.0,8999999999.0,0.0
XEM,2024-07-18 15:00:00,1721289600000,-0.005233,0.0165,108870826.0,1785079.786,148499999.98,148499999.98,,,,,,0.0,8999999999.0,0.0
XEM,2024-07-30 15:00:00,1722326400000,-0.007925,0.0229,84728064.0,2005926.4729,206099999.98,206099999.98,,,,,,0.0,8999999999.0,0.0
XEM,2024-08-02 15:00:00,1722585600000,-0.019643,0.0252,130114151.0,3332026.8856,226799999.97,226799999.97,,,,,,0.0,8999999999.0,0.0
XEM,2024-08-02 23:00:00,1722614400000,-0.007051,0.0241,50759927.0,1228806.424,216899999.98,216899999.98,,,,,,0.0,8999999999.0,0.0
XEM,2024-08-03 07:00:00,1722643200000,-0.007636,0.0243,35391468.0,859691.4574,218699999.98,218699999.98,,,,,,0.0,8999999999.0,0.0
XEM,2024-08-03 15:00:00,1722672000000,-0.013258,0.0252,116877139.0,2869122.4794,226799999.97,226799999.97,,,,,,0.0,8999999999.0,0.0
XEM,2024-08-03 23:00:00,1722700800000,-0.005904,0.0205,113195287.0,2502672.6857,184499999.98,184499999.98,,,,,,0.0,8999999999.0,0.0
XEM,2024-08-04 07:00:00,1722729600000,-0.021126,0.0228,105036289.0,2423767.9396,205199999.98,205199999.98,,,,,,0.0,8999999999.0,0.0
XEM,2024-08-04 15:00:00,1722758400000,-0.007673,0.0226,86274960.0,1941234.0752,203399999.98,203399999.98,,,,,,0.0,8999999999.0,0.0
XEM,2024-08-05 07:00:00,1722816000000,-0.005254,0.0182,101101563.0,2072165.4605,163799999.98,163799999.98,,,,,,0.0,8999999999.0,0.0
XEM,2024-11-29 15:00:00,1732867200000,-0.010097,0.0308,66700705.0,1881288.68699,277199999.97,277199999.97,,,,,,0.0,8999999999.0,0.0
XEM,2024-11-29 23:00:00,1732896000000,-0.007082,0.02949,4791171.0,139218.72115,265409999.97,265409999.97,,,,,,0.0,8999999999.0,0.0
XEM,2024-11-30 15:00:00,1732953600000,-0.02,0.03284,46660326.0,1541684.05012,295559999.97,295559999.97,,,,,,0.0,8999999999.0,0.0
XEM,2024-11-30 23:00:00,1732982400000,-0.013989,0.03384,44401335.0,1477870.48512,304559999.97,304559999.97,,,,,,0.0,8999999999.0,0.0
XEM,2024-12-01 07:00:00,1733011200000,-0.006706,0.03288,14817111.0,494479.15071,295919999.97,295919999.97,,,,,,0.0,8999999999.0,0.0
XEM,2024-12-01 15:00:00,1733040000000,-0.0076,0.03352,5230610.0,173284.35082,301679999.97,301679999.97,,,,,,0.0,8999999999.0,0.0
XEM,2024-12-01 23:00:00,1733068800000,-0.005488,0.03332,5950097.0,197947.77197,299879999.97,299879999.97,,,,,,0.0,8999999999.0,0.0
XEM,2024-12-02 07:00:00,1733097600000,-0.007064,0.03156,9765070.0,315437.89717,284039999.97,284039999.97,,,,,,0.0,8999999999.0,0.0
XEM,2024-12-02 15:00:00,1733126400000,-0.008176,0.03088,10168919.0,317915.58839,277919999.97,277919999.97,,,,,,0.0,8999999999.0,0.0
XEM,2024-12-05 15:00:00,1733385600000,-0.005296,0.03913,29695677.0,1154360.09079,352169999.96,352169999.96,,,,,,0.0,8999999999.0,0.0
XEM,2024-12-09 15:00:00,1733731200000,-0.007576,0.03532,22651833.0,812709.64338,317879999.96,317879999.96,,,,,,0.0,8999999999.0,0.0
XEM,2025-02-18 15:00:00,1739865600000,-0.013822,0.02407,8865583.0,211166.08342,216629999.98,216629999.98,,,,,,0.0,8999999999.0,0.0
XEM,2025-04-17 23:00:00,1744905600000,-0.006063,0.01753,8777576.0,154684.26237,157769999.98,157769999.98,,,,,,0.0,8999999999.0,0.0
XEM,2025-04-26 15:00:00,1745654400000,-0.006826,0.02145,101883014.0,2268927.38903,193049999.98,193049999.98,,,,,,0.0,8999999999.0,0.0
XEM,2025-04-26 23:00:00,1745683200000,-0.00957,0.02545,37374446.0,917111.24962,229049999.97,229049999.97,,,,,,0.0,8999999999.0,0.0
XEM,2025-05-19 23:00:00,1747670400000,-0.005118,0.01378,23022392.0,318575.71511,124019999.99,124019999.99,,,,,,0.0,8999999999.0,0.0
XEM,2025-05-20 07:00:00,1747699200000,-0.005516,0.01352,35293142.0,474050.9956,121679999.99,121679999.99,,,,,,0.0,8999999999.0,0.0
XEM,2025-05-20 15:00:00,1747728000000,-0.006561,0.01322,16085999.0,212312.84158,118979999.99,118979999.99,,,,,,0.0,8999999999.0,0.0
XEM,2025-06-13 23:00:00,1749830400000,-0.009806,0.00516,26861076.0,140234.80587,46439999.99,46439999.99,,,,,,0.0,8999999999.0,0.0
XEM,2025-06-14 15:00:00,1749888000000,-0.016501,0.00511,59863185.0,313226.76636,45989999.99,45989999.99,,,,,,0.0,8999999999.0,0.0
XEM,2025-06-14 23:00:00,1749916800000,-0.011977,0.00492,27364265.0,136873.63197,44280000.0,44280000.0,,,,,,0.0,8999999999.0,0.0
XEM,2025-06-15 07:00:00,1749945600000,-0.014086,0.00493,23661980.0,116687.66153,44370000.0,44370000.0,,,,,,0.0,8999999999.0,0.0
XEM,2025-06-15 15:00:00,1749974400000,-0.007606,0.00534,66287759.0,334322.17742,48059999.99,48059999.99,,,,,,0.0,8999999999.0,0.0
XEM,2025-06-15 23:00:00,1750003200000,-0.00853,0.00489,10384819.0,51187.37391,44010000.0,44010000.0,,,,,,0.0,8999999999.0,0.0
XEM,2025-06-16 07:00:00,1750032000000,-0.010674,0.00497,11677650.0,57530.26755,44730000.0,44730000.0,,,,,,0.0,8999999999.0,0.0
XEM,2025-06-16 15:00:00,1750060800000,-0.008252,0.00488,22591492.0,110017.70984,43920000.0,43920000.0,,,,,,0.0,8999999999.0,0.0
XEM,2025-06-16 23:00:00,1750089600000,-0.019005,0.00488,64469281.0,314782.92167,43920000.0,43920000.0,,,,,,0.0,8999999999.0,0.0
XEM,2025-06-17 07:00:00,1750118400000,-0.006418,0.00455,38826787.0,175808.78753,40950000.0,40950000.0,,,,,,0.0,8999999999.0,0.0
XEM,2025-06-18 23:00:00,1750262400000,-0.005205,0.00384,31237698.0,118752.66814,34560000.0,34560000.0,,,,,,0.0,8999999999.0,0.0
XEM,2025-06-19 07:00:00,1750291200000,-0.015308,0.00391,31506382.0,122945.09053,35190000.0,35190000.0,,,,,,0.0,8999999999.0,0.0
XEM,2025-06-19 15:00:00,1750320000000,-0.02,0.00409,83001947.0,339508.89281,36810000.0,36810000.0,,,,,,0.0,8999999999.0,0.0
XEM,2025-06-19 23:00:00,1750348800000,-0.00744,0.00552,609199473.0,3005292.86473,49679999.99,49679999.99,,,,,,0.0,8999999999.0,0.0
XEM,2025-06-20 03:00:00,1750363200000,-0.02,0.00483,835297647.0,4101575.237,43470000.0,43470000.0,,,,,,0.0,8999999999.0,0.0
XEM,2025-06-20 06:00:00,1750374000000,-0.009824,0.00483,835297647.0,4101575.237,43470000.0,43470000.0,,,,,,0.0,8999999999.0,0.0
XEM,2025-06-20 07:00:00,1750377600000,-0.016106,0.0048,247624187.0,1183679.20067,43200000.0,43200000.0,,,,,,0.0,8999999999.0,0.0
XEM,2025-06-20 09:00:00,1750384800000,-0.010412,0.0048,247624187.0,1183679.20067,43200000.0,43200000.0,,,,,,0.0,8999999999.0,0.0
XEM,2025-06-20 10:00:00,1750388400000,-0.006712,0.0048,247624187.0,1183679.20067,43200000.0,43200000.0,,,,,,0.0,8999999999.0,0.0
XEM,2025-06-20 13:00:00,1750399200000,-0.015864,0.00457,400986241.0,1872600.33744,41130000.0,41130000.0,,,,,,0.0,8999999999.0,0.0
XEM,2025-06-20 14:00:00,1750402800000,-0.011898,0.00457,400986241.0,1872600.33744,41130000.0,41130000.0,,,,,,0.0,8999999999.0,0.0
XEM,2025-06-20 15:00:00,1750406400000,-0.012554,0.00624,889912701.0,5003240.13101,56159999.99,56159999.99,,,,,,0.0,8999999999.0,0.0
XEM,2025-06-20 16:00:00,1750410000000,-0.011463,0.00624,889912701.0,5003240.13101,56159999.99,56159999.99,,,,,,0.0,8999999999.0,0.0
XEM,2025-06-20 17:00:00,1750413600000,-0.014381,0.00624,889912701.0,5003240.13101,56159999.99,56159999.99,,,,,,0.0,8999999999.0,0.0
XEM,2025-06-20 18:00:00,1750417200000,-0.02,0.00624,889912701.0,5003240.13101,56159999.99,56159999.99,,,,,,0.0,8999999999.0,0.0
XEM,2025-06-28 22:00:00,1751122800000,-0.005922,0.004528,111485485.0,505554.200643,40752000.0,40752000.0,,,,,,0.0,8999999999.0,0.0
XEM,2025-06-28 23:00:00,1751126400000,-0.005136,0.004675,106079431.0,496547.01795,42075000.0,42075000.0,,,,,,0.0,8999999999.0,0.0
XEM,2025-06-29 01:00:00,1751133600000,-0.010045,0.004675,106079431.0,496547.01795,42075000.0,42075000.0,,,,,,0.0,8999999999.0,0.0
XEM,2025-06-29 16:00:00,1751187600000,-0.00563,0.004478,62936681.0,281797.640301,40302000.0,40302000.0,,,,,,0.0,8999999999.0,0.0
XEM,2025-06-29 17:00:00,1751191200000,-0.005523,0.004478,62936681.0,281797.640301,40302000.0,40302000.0,,,,,,0.0,8999999999.0,0.0
XEM,2025-06-29 20:00:00,1751202000000,-0.007354,0.004464,163974643.0,743450.272384,40176000.0,40176000.0,,,,,,0.0,8999999999.0,0.0
XEM,2025-06-29 21:00:00,1751205600000,-0.008975,0.004464,163974643.0,743450.272384,40176000.0,40176000.0,,,,,,0.0,8999999999.0,0.0
XEM,2025-06-30 05:00:00,1751234400000,-0.00578,0.004511,122177837.0,553077.195748,40599000.0,40599000.0,,,,,,0.0,8999999999.0,0.0
XEM,2025-06-30 10:00:00,1751252400000,-0.007711,0.004436,70308196.0,313278.193062,39924000.0,39924000.0,,,,,,0.0,8999999999.0,0.0
XEM,2025-06-30 11:00:00,1751256000000,-0.010207,0.004455,132307095.0,596546.206749,40095000.0,40095000.0,,,,,,0.0,8999999999.0,0.0
XEM,2025-06-30 12:00:00,1751259600000,-0.009306,0.004455,132307095.0,596546.206749,40095000.0,40095000.0,,,,,,0.0,8999999999.0,0.0
XEM,2025-06-30 13:00:00,1751263200000,-0.005372,0.004455,132307095.0,596546.206749,40095000.0,40095000.0,,,,,,0.0,8999999999.0,0.0
XEM,2025-06-30 23:00:00,1751299200000,-0.02,0.004143,468306969.0,1925869.607789,37287000.0,37287000.0,,,,,,0.0,8999999999.0,0.0
XEM,2025-07-01 00:00:00,1751302800000,-0.011651,0.004143,468306969.0,1925869.607789,37287000.0,37287000.0,,,,,,0.0,8999999999.0,0.0
XEM,2025-07-01 01:00:00,1751306400000,-0.02,0.004143,468306969.0,1925869.607789,37287000.0,37287000.0,,,,,,0.0,8999999999.0,0.0
XEM,2025-07-01 02:00:00,1751310000000,-0.014974,0.004143,468306969.0,1925869.607789,37287000.0,37287000.0,,,,,,0.0,8999999999.0,0.0
XEM,2025-07-01 03:00:00,1751313600000,-0.00752,0.004053,470434886.0,1935223.206579,36477000.0,36477000.0,,,,,,0.0,8999999999.0,0.0
XEM,2025-07-01 04:00:00,1751317200000,-0.007886,0.004053,470434886.0,1935223.206579,36477000.0,36477000.0,,,,,,0.0,8999999999.0,0.0
XEM,2025-07-01 05:00:00,1751320800000,-0.009898,0.004053,470434886.0,1935223.206579,36477000.0,36477000.0,,,,,,0.0,8999999999.0,0.0
XEM,2025-07-01 06:00:00,1751324400000,-0.010274,0.004053,470434886.0,1935223.206579,36477000.0,36477000.0,,,,,,0.0,8999999999.0,0.0
XEM,2025-07-01 07:00:00,1751328000000,-0.00749,0.003544,321258219.0,1206051.27172,31896000.0,31896000.0,,,,,,0.0,8999999999.0,0.0
XEM,2025-07-01 08:00:00,1751331600000,-0.02,0.003544,321258219.0,1206051.27172,31896000.0,31896000.0,,,,,,0.0,8999999999.0,0.0
XEM,2025-07-01 15:00:00,1751356800000,-0.006532,0.003207,227033312.0,718623.785257,28863000.0,28863000.0,,,,,,0.0,8999999999.0,0.0
XEM,2025-07-01 16:00:00,1751360400000,-0.008895,0.003207,227033312.0,718623.785257,28863000.0,28863000.0,,,,,,0.0,8999999999.0,0.0
XEM,2025-07-01 17:00:00,1751364000000,-0.009615,0.003207,227033312.0,718623.785257,28863000.0,28863000.0,,,,,,0.0,8999999999.0,0.0
XEM,2025-07-01 18:00:00,1751367600000,-0.007683,0.003207,227033312.0,718623.785257,28863000.0,28863000.0,,,,,,0.0,8999999999.0,0.0
XEM,2025-07-01 19:00:00,1751371200000,-0.008699,0.002994,178571600.0,559121.443651,26946000.0,26946000.0,,,,,,0.0,8999999999.0,0.0
XEM,2025-07-01 20:00:00,1751374800000,-0.010838,0.002994,178571600.0,559121.443651,26946000.0,26946000.0,,,,,,0.0,8999999999.0,0.0
XEM,2025-07-01 22:00:00,1751382000000,-0.006467,0.002994,178571600.0,559121.443651,26946000.0,26946000.0,,,,,,0.0,8999999999.0,0.0
XEM,2025-07-02 01:00:00,1751392800000,-0.006541,0.003053,129039089.0,378661.345617,27477000.0,27477000.0,,,,,,0.0,8999999999.0,0.0
XEM,2025-07-02 02:00:00,1751396400000,-0.008561,0.003053,129039089.0,378661.345617,27477000.0,27477000.0,,,,,,0.0,8999999999.0,0.0
XEM,2025-07-02 03:00:00,1751400000000,-0.010283,0.002818,92150069.0,268316.825876,25362000.0,25362000.0,,,,,,0.0,8999999999.0,0.0
XEM,2025-07-02 04:00:00,1751403600000,-0.012847,0.002818,92150069.0,268316.825876,25362000.0,25362000.0,,,,,,0.0,8999999999.0,0.0
XEM,2025-07-02 13:00:00,1751436000000,-0.008827,0.002974,162870036.0,464412.070442,26766000.0,26766000.0,,,,,,0.0,8999999999.0,0.0
XEM,2025-07-02 14:00:00,1751439600000,-0.011679,0.002974,162870036.0,464412.070442,26766000.0,26766000.0,,,,,,0.0,8999999999.0,0.0
XEM,2025-07-02 15:00:00,1751443200000,-0.011888,0.002744,365883474.0,1047670.667067,24696000.0,24696000.0,,,,,,0.0,8999999999.0,0.0
XEM,2025-07-02 16:00:00,1751446800000,-0.015635,0.002744,365883474.0,1047670.667067,24696000.0,24696000.0,,,,,,0.0,8999999999.0,0.0
XEM,2025-07-02 17:00:00,1751450400000,-0.016209,0.002744,365883474.0,1047670.667067,24696000.0,24696000.0,,,,,,0.0,8999999999.0,0.0
XEM,2025-07-02 18:00:00,1751454000000,-0.02,0.002744,365883474.0,1047670.667067,24696000.0,24696000.0,,,,,,0.0,8999999999.0,0.0
XEM,2025-07-02 19:00:00,1751457600000,-0.02,0.002931,395190863.0,1140532.368861,26379000.0,26379000.0,,,,,,0.0,8999999999.0,0.0
XEM,2025-07-02 20:00:00,1751461200000,-0.02,0.002931,395190863.0,1140532.368861,26379000.0,26379000.0,,,,,,0.0,8999999999.0,0.0
XEM,2025-07-02 21:00:00,1751464800000,-0.02,0.002931,395190863.0,1140532.368861,26379000.0,26379000.0,,,,,,0.0,8999999999.0,0.0
XEM,2025-07-02 22:00:00,1751468400000,-0.02,0.002931,395190863.0,1140532.368861,26379000.0,26379000.0,,,,,,0.0,8999999999.0,0.0
XEM,2025-07-02 23:00:00,1751472000000,-0.02,0.003035,292641555.0,865503.940512,27315000.0,27315000.0,,,,,,0.0,8999999999.0,0.0
XEM,2025-07-03 00:00:00,1751475600000,-0.02,0.003035,292641555.0,865503.940512,27315000.0,27315000.0,,,,,,0.0,8999999999.0,0.0
XEM,2025-07-03 01:00:00,1751479200000,-0.02,0.003035,292641555.0,865503.940512,27315000.0,27315000.0,,,,,,0.0,8999999999.0,0.0
XEM,2025-07-03 02:00:00,1751482800000,-0.02,0.003035,292641555.0,865503.940512,27315000.0,27315000.0,,,,,,0.0,8999999999.0,0.0
XEM,2025-07-03 03:00:00,1751486400000,-0.016729,0.003026,218632578.0,662547.847506,27234000.0,27234000.0,,,,,,0.0,8999999999.0,0.0
XEM,2025-07-03 04:00:00,1751490000000,-0.016545,0.003026,218632578.0,662547.847506,27234000.0,27234000.0,,,,,,0.0,8999999999.0,0.0
XEM,2025-07-03 05:00:00,1751493600000,-0.019324,0.003026,218632578.0,662547.847506,27234000.0,27234000.0,,,,,,0.0,8999999999.0,0.0
XEM,2025-07-03 06:00:00,1751497200000,-0.019512,0.003026,218632578.0,662547.847506,27234000.0,27234000.0,,,,,,0.0,8999999999.0,0.0
XEM,2025-07-03 07:00:00,1751500800000,-0.02,0.002242,630254945.0,1640728.917602,20178000.0,20178000.0,,,,,,0.0,8999999999.0,0.0
XEM,2025-07-03 08:00:00,1751504400000,-0.02,0.002242,630254945.0,1640728.917602,20178000.0,20178000.0,,,,,,0.0,8999999999.0,0.0
XEM,2025-07-03 09:00:00,1751508000000,-0.02,0.002242,630254945.0,1640728.917602,20178000.0,20178000.0,,,,,,0.0,8999999999.0,0.0
XEM,2025-07-03 10:00:00,1751511600000,-0.02,0.002242,630254945.0,1640728.917602,20178000.0,20178000.0,,,,,,0.0,8999999999.0,0.0
XEM,2025-07-03 11:00:00,1751515200000,-0.017446,0.001918,1004764643.0,1934075.839973,17262000.0,17262000.0,,,,,,0.0,8999999999.0,0.0
XEM,2025-07-03 12:00:00,1751518800000,-0.02,0.001918,1004764643.0,1934075.839973,17262000.0,17262000.0,,,,,,0.0,8999999999.0,0.0
USELESS,2025-06-10 23:00:00,1749571200000,-0.005041,0.04359,302954.0,1272153.529,43550825.73,43550825.73,1.0,1.4835,-89.51,-34.77,,999101301.422796,999101301.422796,64607913.0264532
USELESS,2025-06-11 03:00:00,1749585600000,-0.005037,0.03912,181222.0,773898.739,39084842.91,39084842.91,1.0,1.653,-90.58,-41.45,,999101301.422796,999101301.422796,64607913.0264532
USELESS,2025-06-11 07:00:00,1749600000000,-0.005041,0.04268,118915.0,467596.505,42641643.54,42641643.54,1.0,1.5151,-89.72,-36.13,,999101301.422796,999101301.422796,64607913.0264532
USELESS,2025-06-11 11:00:00,1749614400000,-0.005054,0.04696,156560.0,702944.109,46917797.11,46917797.11,1.0,1.377,-88.69,-29.72,,999101301.422796,999101301.422796,64607913.0264532
USELESS,2025-06-11 15:00:00,1749628800000,-0.005065,0.041,136364.0,600529.061,40963153.36,40963153.36,1.0,1.5772,-90.13,-38.64,,999101301.422796,999101301.422796,64607913.0264532
USELESS,2025-06-11 19:00:00,1749643200000,-0.00506,0.05399,225624.0,1159065.379,53941479.26,53941479.26,1.0,1.1977,-87.0,-19.2,,999101301.422796,999101301.422796,64607913.0264532
USELESS,2025-06-11 23:00:00,1749657600000,-0.005041,0.0465,127286.0,651405.335,46458210.52,46458210.52,1.0,1.3907,-88.81,-30.41,,999101301.422796,999101301.422796,64607913.0264532
USELESS,2025-06-12 03:00:00,1749672000000,-0.005065,0.04435,86745.0,404961.144,44310142.72,44310142.72,1.0,1.4581,-89.32,-33.63,,999101301.422796,999101301.422796,64607913.0264532
USELESS,2025-06-12 07:00:00,1749686400000,-0.005035,0.03968,60955.0,249539.022,39644339.64,39644339.64,1.0,1.6297,-90.45,-40.62,,999101301.422796,999101301.422796,64607913.0264532
USELESS,2025-06-12 11:00:00,1749700800000,-0.005065,0.04048,57084.0,240318.902,40443620.68,40443620.68,1.0,1.5975,-90.25,-39.42,,999101301.422796,999101301.422796,64607913.0264532
USELESS,2025-06-12 15:00:00,1749715200000,-0.005063,0.04488,39106.0,166855.762,44839666.41,44839666.41,1.0,1.4409,-89.2,-32.83,,999101301.422796,999101301.422796,64607913.0264532
USELESS,2025-06-12 19:00:00,1749729600000,-0.005038,0.04602,84341.0,401964.947,45978641.89,45978641.89,1.0,1.4052,-88.92,-31.13,,999101301.422796,999101301.422796,64607913.0264532
USELESS,2025-06-12 23:00:00,1749744000000,-0.005063,0.04618,135208.0,690416.965,46138498.1,46138498.1,1.0,1.4003,-88.88,-30.89,,999101301.422796,999101301.422796,64607913.0264532
USELESS,2025-06-13 03:00:00,1749758400000,-0.005059,0.04119,50896.0,224177.204,41152982.61,41152982.61,1.0,1.5699,-90.08,-38.36,,999101301.422796,999101301.422796,64607913.0264532
USELESS,2025-06-13 07:00:00,1749772800000,-0.005065,0.03478,96390.0,345399.87,34748743.26,34748743.26,1.0,1.8593,-91.63,-47.95,,999101301.422796,999101301.422796,64607913.0264532
USELESS,2025-06-13 11:00:00,1749787200000,-0.005044,0.0375,67743.0,258432.641,37466298.8,37466298.8,1.0,1.7244,-90.97,-43.88,,999101301.422796,999101301.422796,64607913.0264532
USELESS,2025-06-13 15:00:00,1749801600000,-0.005037,0.0441,44586.0,177817.974,44060367.39,44060367.39,1.0,1.4663,-89.38,-34.0,,999101301.422796,999101301.422796,64607913.0264532
USELESS,2025-06-13 19:00:00,1749816000000,-0.005065,0.06185,610036.0,3847000.273,61794415.49,61794415.49,1.0,1.0455,-85.11,-7.44,,999101301.422796,999101301.422796,64607913.0264532
USELESS,2025-06-13 23:00:00,1749830400000,-0.00504,0.06111,236348.0,1472985.909,61055080.53,61055080.53,1.0,1.0582,-85.29,-8.55,,999101301.422796,999101301.422796,64607913.0264532
USELESS,2025-06-14 03:00:00,1749844800000,-0.005065,0.06749,92341.0,583671.873,67429346.83,67429346.83,1.0,0.9582,-83.75,1.0,,999101301.422796,999101301.422796,64607913.0264532
USELESS,2025-06-14 07:00:00,1749859200000,-0.005041,0.07132,105369.0,720490.006,71255904.82,71255904.82,1.0,0.9067,-82.83,6.73,,999101301.422796,999101301.422796,64607913.0264532
USELESS,2025-06-14 11:00:00,1749873600000,-0.005065,0.06672,86920.0,610857.06,66660038.83,66660038.83,1.0,0.9692,-83.94,-0.15,,999101301.422796,999101301.422796,64607913.0264532
USELESS,2025-06-14 15:00:00,1749888000000,-0.005041,0.0695,55058.0,360438.173,69437540.45,69437540.45,1.0,0.9304,-83.27,4.01,,999101301.422796,999101301.422796,64607913.0264532
USELESS,2025-06-14 19:00:00,1749902400000,-0.005052,0.07436,172985.0,1292218.829,74293172.77,74293172.77,1.0,0.8696,-82.1,11.28,,999101301.422796,999101301.422796,64607913.0264532
USELESS,2025-06-14 23:00:00,1749916800000,-0.005041,0.06592,95394.0,673227.095,65860757.79,65860757.79,1.0,0.981,-84.13,-1.35,,999101301.422796,999101301.422796,64607913.0264532
USELESS,2025-06-15 03:00:00,1749931200000,-0.005057,0.06757,120901.0,814529.058,67509274.94,67509274.94,1.0,0.957,-83.73,1.12,,999101301.422796,999101301.422796,64607913.0264532
USELESS,2025-06-15 07:00:00,1749945600000,-0.005039,0.0694,62786.0,435861.492,69337630.32,69337630.32,1.0,0.9318,-83.29,3.86,,999101301.422796,999101301.422796,64607913.0264532
USELESS,2025-06-15 11:00:00,1749960000000,-0.005052,0.0742,66976.0,510951.623,74133316.57,74133316.57,1.0,0.8715,-82.14,11.04,,999101301.422796,999101301.422796,64607913.0264532
USELESS,2025-06-15 15:00:00,1749974400000,-0.005065,0.0851,157327.0,1307547.516,85023520.75,85023520.75,1.0,0.7599,-79.51,27.36,,999101301.422796,999101301.422796,64607913.0264532
USELESS,2025-06-15 19:00:00,1749988800000,-0.005065,0.08519,121379.0,1037528.483,85113439.87,85113439.87,1.0,0.7591,-79.49,27.49,,999101301.422796,999101301.422796,64607913.0264532
USELESS,2025-06-15 23:00:00,1750003200000,-0.005044,0.0943,226313.0,2098292.59,94215252.72,94215252.72,1.0,0.6857,-77.3,41.13,,999101301.422796,999101301.422796,64607913.0264532
USELESS,2025-06-16 03:00:00,1750017600000,-0.005038,0.07723,135145.0,1160847.735,77160593.51,77160593.51,1.0,0.8373,-81.41,15.58,,999101301.422796,999101301.422796,64607913.0264532
USELESS,2025-06-16 07:00:00,1750032000000,-0.005048,0.08396,57598.0,480207.795,83884545.27,83884545.27,1.0,0.7702,-79.79,25.65,,999101301.422796,999101301.422796,64607913.0264532
USELESS,2025-06-16 11:00:00,1750046400000,-0.005065,0.0833,35589.0,288668.666,83225138.41,83225138.41,1.0,0.7763,-79.95,24.66,,999101301.422796,999101301.422796,64607913.0264532
USELESS,2025-06-16 15:00:00,1750060800000,-0.005043,0.08175,30888.0,259302.532,81676531.39,81676531.39,1.0,0.791,-80.32,22.34,,999101301.422796,999101301.422796,64607913.0264532
USELESS,2025-06-16 19:00:00,1750075200000,-0.005053,0.0797,49884.0,392537.841,79628373.72,79628373.72,1.0,0.8114,-80.81,19.28,,999101301.422796,999101301.422796,64607913.0264532
USELESS,2025-06-16 23:00:00,1750089600000,-0.005058,0.0757,54038.0,419157.739,75631968.52,75631968.52,1.0,0.8542,-81.78,13.29,,999101301.422796,999101301.422796,64607913.0264532
USELESS,2025-06-17 03:00:00,1750104000000,-0.005052,0.07602,87355.0,660084.176,75951680.93,75951680.93,1.0,0.8506,-81.7,13.77,,999101301.422796,999101301.422796,64607913.0264532
USELESS,2025-06-17 07:00:00,1750118400000,-0.005052,0.08137,62828.0,494428.714,81296872.9,81296872.9,1.0,0.7947,-80.41,21.77,,999101301.422796,999101301.422796,64607913.0264532
USELESS,2025-06-17 11:00:00,1750132800000,-0.00506,0.08357,50293.0,434434.906,83494895.76,83494895.76,1.0,0.7738,-79.88,25.07,,999101301.422796,999101301.422796,64607913.0264532
USELESS,2025-06-17 15:00:00,1750147200000,-0.005055,0.07498,41457.0,318080.547,74912615.58,74912615.58,1.0,0.8624,-81.95,12.21,,999101301.422796,999101301.422796,64607913.0264532
USELESS,2025-06-17 19:00:00,1750161600000,-0.005065,0.08555,70875.0,579356.76,85473116.34,85473116.34,1.0,0.7559,-79.4,28.03,,999101301.422796,999101301.422796,64607913.0264532
USELESS,2025-06-17 23:00:00,1750176000000,-0.005041,0.09181,94397.0,808537.919,91727490.48,91727490.48,1.0,0.7043,-77.9,37.4,,999101301.422796,999101301.422796,64607913.0264532
USELESS,2025-06-18 03:00:00,1750190400000,-0.005049,0.0875,180148.0,1618736.09,87421363.87,87421363.87,1.0,0.739,-78.93,30.95,,999101301.422796,999101301.422796,64607913.0264532
USELESS,2025-06-18 07:00:00,1750204800000,-0.005055,0.08974,131980.0,1156897.999,89659350.79,89659350.79,1.0,0.7206,-78.39,34.3,,999101301.422796,999101301.422796,64607913.0264532
USELESS,2025-06-18 11:00:00,1750219200000,-0.005049,0.085,46144.0,409771.857,84923610.62,84923610.62,1.0,0.7608,-79.54,27.21,,999101301.422796,999101301.422796,64607913.0264532
USELESS,2025-06-18 15:00:00,1750233600000,-0.005065,0.09536,84600.0,770925.893,95274300.1,95274300.1,1.0,0.6781,-77.04,42.71,,999101301.422796,999101301.422796,64607913.0264532
USELESS,2025-06-18 19:00:00,1750248000000,-0.005058,0.09777,235301.0,2383689.308,97682134.24,97682134.24,1.0,0.6614,-76.46,46.32,,999101301.422796,999101301.422796,64607913.0264532
USELESS,2025-06-18 23:00:00,1750262400000,-0.005058,0.10325,74948.0,757838.423,103157209.37,103157209.37,1.0,0.6263,-75.14,54.52,,999101301.422796,999101301.422796,64607913.0264532
USELESS,2025-06-19 03:00:00,1750276800000,-0.005049,0.0964,59131.0,566873.937,96313365.46,96313365.46,1.0,0.6708,-76.79,44.27,,999101301.422796,999101301.422796,64607913.0264532
USELESS,2025-06-19 07:00:00,1750291200000,-0.005065,0.09458,25047.0,240635.722,94495001.09,94495001.09,1.0,0.6837,-77.23,41.54,,999101301.422796,999101301.422796,64607913.0264532
USELESS,2025-06-19 11:00:00,1750305600000,-0.00505,0.08536,53974.0,470373.133,85283287.09,85283287.09,1.0,0.7576,-79.45,27.75,,999101301.422796,999101301.422796,64607913.0264532
USELESS,2025-06-19 15:00:00,1750320000000,-0.005042,0.09196,49494.0,442330.158,91877355.68,91877355.68,1.0,0.7032,-77.86,37.62,,999101301.422796,999101301.422796,64607913.0264532
USELESS,2025-06-19 19:00:00,1750334400000,-0.005037,0.08029,52230.0,440739.58,80217843.49,80217843.49,1.0,0.8054,-80.67,20.16,,999101301.422796,999101301.422796,64607913.0264532
USELESS,2025-06-19 23:00:00,1750348800000,-0.005062,0.07798,114777.0,945997.815,77909919.48,77909919.48,1.0,0.8293,-81.23,16.7,,999101301.422796,999101301.422796,64607913.0264532
USELESS,2025-06-20 03:00:00,1750363200000,-0.005064,0.08406,54486.0,448906.766,83984455.4,83984455.4,1.0,0.7693,-79.76,25.8,,999101301.422796,999101301.422796,64607913.0264532
USELESS,2025-06-20 07:00:00,1750377600000,-0.005063,0.07882,23778.0,192569.952,78749164.58,78749164.58,1.0,0.8204,-81.02,17.96,,999101301.422796,999101301.422796,64607913.0264532
USELESS,2025-06-20 11:00:00,1750392000000,-0.00506,0.08625,42581.0,329798.038,86172487.25,86172487.25,1.0,0.7498,-79.24,29.08,,999101301.422796,999101301.422796,64607913.0264532
USELESS,2025-06-20 15:00:00,1750406400000,-0.005065,0.09516,136717.0,1329785.902,95074479.84,95074479.84,1.0,0.6796,-77.09,42.41,,999101301.422796,999101301.422796,64607913.0264532
USELESS,2025-06-20 19:00:00,1750420800000,-0.005061,0.09,211319.0,2097621.46,89919117.13,89919117.13,1.0,0.7185,-78.33,34.69,,999101301.422796,999101301.422796,64607913.0264532
USELESS,2025-06-20 23:00:00,1750435200000,-0.005046,0.10283,110411.0,999808.019,102737586.83,102737586.83,1.0,0.6289,-75.24,53.89,,999101301.422796,999101301.422796,64607913.0264532
USELESS,2025-06-21 03:00:00,1750449600000,-0.005039,0.09185,200928.0,2028005.532,91767454.54,91767454.54,1.0,0.704,-77.89,37.46,,999101301.422796,999101301.422796,64607913.0264532
USELESS,2025-06-21 07:00:00,1750464000000,-0.005048,0.1,106592.0,1061290.559,99910130.14,99910130.14,1.0,0.6467,-75.92,49.66,,999101301.422796,999101301.422796,64607913.0264532
USELESS,2025-06-21 11:00:00,1750478400000,-0.005037,0.0983,46524.0,455193.028,98211657.93,98211657.93,1.0,0.6578,-76.33,47.11,,999101301.422796,999101301.422796,64607913.0264532
USELESS,2025-06-21 15:00:00,1750492800000,-0.005061,0.11168,152105.0,1671552.104,111579633.34,111579633.34,1.0,0.579,-73.11,67.14,,999101301.422796,999101301.422796,64607913.0264532
USELESS,2025-06-21 19:00:00,1750507200000,-0.005034,0.11144,177316.0,1967385.363,111339849.03,111339849.03,1.0,0.5803,-73.17,66.78,,999101301.422796,999101301.422796,64607913.0264532
USELESS,2025-06-21 23:00:00,1750521600000,-0.005065,0.0924,124552.0,1275195.761,92316960.25,92316960.25,1.0,0.6998,-77.75,38.28,,999101301.422796,999101301.422796,64607913.0264532
USELESS,2025-06-22 03:00:00,1750536000000,-0.005048,0.09609,104011.0,966321.145,96003644.05,96003644.05,1.0,0.673,-76.87,43.8,,999101301.422796,999101301.422796,64607913.0264532
USELESS,2025-06-22 07:00:00,1750550400000,-0.005044,0.0946,57855.0,554419.304,94514983.11,94514983.11,1.0,0.6836,-77.22,41.57,,999101301.422796,999101301.422796,64607913.0264532
USELESS,2025-06-22 11:00:00,1750564800000,-0.00504,0.093,28635.0,274074.952,92916421.03,92916421.03,1.0,0.6953,-77.61,39.18,,999101301.422796,999101301.422796,64607913.0264532
USELESS,2025-06-22 15:00:00,1750579200000,-0.00505,0.09461,42769.0,385740.153,94524974.13,94524974.13,1.0,0.6835,-77.22,41.59,,999101301.422796,999101301.422796,64607913.0264532
USELESS,2025-06-22 19:00:00,1750593600000,-0.005063,0.0845,109646.0,896969.818,84424059.97,84424059.97,1.0,0.7653,-79.66,26.46,,999101301.422796,999101301.422796,64607913.0264532
USELESS,2025-06-22 23:00:00,1750608000000,-0.005065,0.0825,44624.0,381304.256,82425857.37,82425857.37,1.0,0.7838,-80.14,23.47,,999101301.422796,999101301.422796,64607913.0264532
USELESS,2025-06-23 03:00:00,1750622400000,-0.005036,0.09891,96130.0,890366.251,98821109.72,98821109.72,1.0,0.6538,-76.19,48.02,,999101301.422796,999101301.422796,64607913.0264532
USELESS,2025-06-23 07:00:00,1750636800000,-0.005034,0.09892,70668.0,718799.12,98831100.74,98831100.74,1.0,0.6537,-76.18,48.04,,999101301.422796,999101301.422796,64607913.0264532
USELESS,2025-06-23 11:00:00,1750651200000,-0.005065,0.09853,37248.0,368214.134,98441451.23,98441451.23,1.0,0.6563,-76.28,47.46,,999101301.422796,999101301.422796,64607913.0264532
USELESS,2025-06-23 15:00:00,1750665600000,-0.005057,0.09785,33854.0,343089.92,97762062.34,97762062.34,1.0,0.6609,-76.44,46.44,,999101301.422796,999101301.422796,64607913.0264532
USELESS,2025-06-23 19:00:00,1750680000000,-0.005065,0.095,46099.0,461126.259,94914623.64,94914623.64,1.0,0.6807,-77.13,42.17,,999101301.422796,999101301.422796,64607913.0264532
USELESS,2025-06-23 23:00:00,1750694400000,-0.005057,0.1247,217098.0,2506058.54,124587932.29,124587932.29,1.0,0.5186,-69.98,86.62,,999101301.422796,999101301.422796,64607913.0264532
USELESS,2025-06-24 03:00:00,1750708800000,-0.005037,0.13079,142560.0,1872088.942,130672459.21,130672459.21,1.0,0.4944,-68.51,95.73,,999101301.422796,999101301.422796,64607913.0264532
USELESS,2025-06-24 07:00:00,1750723200000,-0.00505,0.1362,49648.0,648060.297,136077597.25,136077597.25,1.0,0.4748,-67.21,103.83,,999101301.422796,999101301.422796,64607913.0264532
USELESS,2025-06-24 11:00:00,1750737600000,-0.005065,0.1313,34684.0,475350.051,131182000.88,131182000.88,1.0,0.4925,-68.39,96.5,,999101301.422796,999101301.422796,64607913.0264532
USELESS,2025-06-24 15:00:00,1750752000000,-0.005039,0.13449,23374.0,300289.988,134369134.03,134369134.03,1.0,0.4808,-67.62,101.27,,999101301.422796,999101301.422796,64607913.0264532
USELESS,2025-06-24 19:00:00,1750766400000,-0.005051,0.138,49940.0,679207.184,137875979.6,137875979.6,1.0,0.4686,-66.78,106.52,,999101301.422796,999101301.422796,64607913.0264532
USELESS,2025-06-24 23:00:00,1750780800000,-0.005042,0.13428,23491.0,318783.752,134159322.76,134159322.76,1.0,0.4816,-67.67,100.96,,999101301.422796,999101301.422796,64607913.0264532
USELESS,2025-06-25 03:00:00,1750795200000,-0.005065,0.12883,15013.0,195300.7,128714220.66,128714220.66,1.0,0.5019,-68.98,92.8,,999101301.422796,999101301.422796,64607913.0264532
USELESS,2025-06-25 07:00:00,1750809600000,-0.005057,0.14399,18674.0,261229.54,143860596.39,143860596.39,1.0,0.4491,-65.33,115.49,,999101301.422796,999101301.422796,64607913.0264532
USELESS,2025-06-25 11:00:00,1750824000000,-0.005033,0.1438,17352.0,250538.825,143670767.14,143670767.14,1.0,0.4497,-65.38,115.2,,999101301.422796,999101301.422796,64607913.0264532
USELESS,2025-06-25 15:00:00,1750838400000,-0.005044,0.1372,13012.0,178988.758,137076698.56,137076698.56,1.0,0.4713,-66.97,105.33,,999101301.422796,999101301.422796,64607913.0264532
USELESS,2025-06-25 19:00:00,1750852800000,-0.00506,0.13926,13070.0,182718.145,139134847.24,139134847.24,1.0,0.4644,-66.47,108.41,,999101301.422796,999101301.422796,64607913.0264532
USELESS,2025-06-25 23:00:00,1750867200000,-0.005046,0.12705,10729.0,142716.311,126935820.35,126935820.35,1.0,0.509,-69.41,90.14,,999101301.422796,999101301.422796,64607913.0264532
USELESS,2025-06-26 03:00:00,1750881600000,-0.005056,0.124,32851.0,393840.252,123888561.38,123888561.38,1.0,0.5215,-70.15,85.57,,999101301.422796,999101301.422796,64607913.0264532
USELESS,2025-06-26 07:00:00,1750896000000,-0.005063,0.14135,22421.0,284926.743,141222968.96,141222968.96,1.0,0.4575,-65.97,111.54,,999101301.422796,999101301.422796,64607913.0264532
USELESS,2025-06-26 11:00:00,1750910400000,-0.005044,0.146,17180.0,245808.448,145868790.01,145868790.01,1.0,0.4429,-64.85,118.5,,999101301.422796,999101301.422796,64607913.0264532
USELESS,2025-06-26 15:00:00,1750924800000,-0.005035,0.13671,13635.0,190066.447,136587138.92,136587138.92,1.0,0.473,-67.09,104.59,,999101301.422796,999101301.422796,64607913.0264532
USELESS,2025-06-26 19:00:00,1750939200000,-0.005047,0.1296,16254.0,219017.98,129483528.66,129483528.66,1.0,0.499,-68.8,93.95,,999101301.422796,999101301.422796,64607913.0264532
USELESS,2025-06-26 23:00:00,1750953600000,-0.005048,0.13594,17803.0,242782.627,135817830.92,135817830.92,1.0,0.4757,-67.27,103.44,,999101301.422796,999101301.422796,64607913.0264532
USELESS,2025-06-27 03:00:00,1750968000000,-0.005045,0.1353,20943.0,292709.57,135178406.08,135178406.08,1.0,0.4779,-67.43,102.48,,999101301.422796,999101301.422796,64607913.0264532
USELESS,2025-06-27 07:00:00,1750982400000,-0.005056,0.14257,12161.0,171650.749,142441872.54,142441872.54,1.0,0.4536,-65.68,113.36,,999101301.422796,999101301.422796,64607913.0264532
USELESS,2025-06-27 11:00:00,1750996800000,-0.005058,0.13934,10324.0,147102.564,139214775.34,139214775.34,1.0,0.4641,-66.45,108.53,,999101301.422796,999101301.422796,64607913.0264532
USELESS,2025-06-27 15:00:00,1751011200000,-0.005037,0.14431,8932.0,124918.625,144180308.81,144180308.81,1.0,0.4481,-65.26,115.97,,999101301.422796,999101301.422796,64607913.0264532
USELESS,2025-06-27 19:00:00,1751025600000,-0.005041,0.14233,32503.0,475538.303,142202088.23,142202088.23,1.0,0.4543,-65.73,113.0,,999101301.422796,999101301.422796,64607913.0264532
USELESS,2025-06-27 23:00:00,1751040000000,-0.005045,0.13858,11258.0,157905.972,138455458.35,138455458.35,1.0,0.4666,-66.64,107.39,,999101301.422796,999101301.422796,64607913.0264532
USELESS,2025-06-28 03:00:00,1751054400000,-0.005052,0.13607,13476.0,189066.742,135947714.08,135947714.08,1.0,0.4752,-67.24,103.64,,999101301.422796,999101301.422796,64607913.0264532
USELESS,2025-06-28 07:00:00,1751068800000,-0.005035,0.14074,6990.0,96280.509,140613517.16,140613517.16,1.0,0.4595,-66.12,110.63,,999101301.422796,999101301.422796,64607913.0264532
USELESS,2025-06-28 11:00:00,1751083200000,-0.005063,0.14933,11195.0,162060.067,149195797.34,149195797.34,1.0,0.433,-64.05,123.48,,999101301.422796,999101301.422796,64607913.0264532
USELESS,2025-06-28 15:00:00,1751097600000,-0.005058,0.15074,14297.0,214250.082,150604530.18,150604530.18,1.0,0.429,-63.71,125.59,,999101301.422796,999101301.422796,64607913.0264532
USELESS,2025-06-28 19:00:00,1751112000000,-0.005063,0.14828,25307.0,371824.806,148146740.97,148146740.97,1.0,0.4361,-64.3,121.91,,999101301.422796,999101301.422796,64607913.0264532
USELESS,2025-06-28 23:00:00,1751126400000,-0.005041,0.15621,67075.0,1071046.634,156069614.3,156069614.3,1.0,0.414,-62.39,133.78,,999101301.422796,999101301.422796,64607913.0264532
USELESS,2025-06-29 03:00:00,1751140800000,-0.00504,0.15994,22814.0,358055.002,159796262.15,159796262.15,1.0,0.4043,-61.49,139.36,,999101301.422796,999101301.422796,64607913.0264532
USELESS,2025-06-29 07:00:00,1751155200000,-0.00504,0.15701,13215.0,204207.909,156868895.34,156868895.34,1.0,0.4119,-62.2,134.97,,999101301.422796,999101301.422796,64607913.0264532
USELESS,2025-06-29 11:00:00,1751169600000,-0.005057,0.15885,8699.0,137600.863,158707241.73,158707241.73,1.0,0.4071,-61.76,137.73,,999101301.422796,999101301.422796,64607913.0264532
USELESS,2025-06-29 15:00:00,1751184000000,-0.005038,0.1649,9492.0,152336.532,164751804.6,164751804.6,1.0,0.3922,-60.3,146.78,,999101301.422796,999101301.422796,64607913.0264532
USELESS,2025-06-29 19:00:00,1751198400000,-0.005056,0.16905,37299.0,630519.118,168898075.01,168898075.01,1.0,0.3825,-59.3,152.99,,999101301.422796,999101301.422796,64607913.0264532
USELESS,2025-06-29 23:00:00,1751212800000,-0.005053,0.1685,12812.0,211456.166,168348569.29,168348569.29,1.0,0.3838,-59.43,152.17,,999101301.422796,999101301.422796,64607913.0264532
USELESS,2025-06-30 03:00:00,1751227200000,-0.005063,0.18294,35831.0,648830.889,182775592.08,182775592.08,1.0,0.3535,-55.96,173.78,,999101301.422796,999101301.422796,64607913.0264532
USELESS,2025-06-30 07:00:00,1751241600000,-0.005063,0.19398,22246.0,427957.498,193805670.45,193805670.45,1.0,0.3334,-53.3,190.3,,999101301.422796,999101301.422796,64607913.0264532
USELESS,2025-06-30 11:00:00,1751256000000,-0.00506,0.20238,14516.0,279673.947,202198121.38,202198121.38,1.0,0.3195,-51.28,202.87,,999101301.422796,999101301.422796,64607913.0264532
USELESS,2025-06-30 15:00:00,1751270400000,-0.005033,0.19434,20560.0,402807.956,194165346.92,194165346.92,1.0,0.3327,-53.21,190.84,,999101301.422796,999101301.422796,64607913.0264532
USELESS,2025-06-30 19:00:00,1751284800000,-0.005049,0.21875,39751.0,823735.991,218553409.69,218553409.69,1.0,0.2956,-47.34,227.37,,999101301.422796,999101301.422796,64607913.0264532
USELESS,2025-06-30 23:00:00,1751299200000,-0.005049,0.21401,25824.0,562604.696,213817669.52,213817669.52,1.0,0.3022,-48.48,220.28,,999101301.422796,999101301.422796,64607913.0264532
USELESS,2025-07-01 03:00:00,1751313600000,-0.005046,0.20344,19043.0,390117.069,203257168.76,203257168.76,1.0,0.3179,-51.02,204.46,,999101301.422796,999101301.422796,64607913.0264532
USELESS,2025-07-01 07:00:00,1751328000000,-0.005059,0.2105,9658.0,195277.101,210310823.95,210310823.95,1.0,0.3072,-49.32,215.02,,999101301.422796,999101301.422796,64607913.0264532
USELESS,2025-07-01 11:00:00,1751342400000,-0.005052,0.19408,11893.0,229118.766,193905580.58,193905580.58,1.0,0.3332,-53.27,190.45,,999101301.422796,999101301.422796,64607913.0264532
USELESS,2025-07-01 15:00:00,1751356800000,-0.005057,0.18951,9956.0,185655.86,189339687.63,189339687.63,1.0,0.3412,-54.38,183.61,,999101301.422796,999101301.422796,64607913.0264532
USELESS,2025-07-01 19:00:00,1751371200000,-0.005047,0.18202,8846.0,161157.255,181856418.88,181856418.88,1.0,0.3553,-56.18,172.4,,999101301.422796,999101301.422796,64607913.0264532
USELESS,2025-07-01 23:00:00,1751385600000,-0.005065,0.18024,9162.0,160717.522,180078018.57,180078018.57,1.0,0.3588,-56.61,169.74,,999101301.422796,999101301.422796,64607913.0264532
USELESS,2025-07-02 03:00:00,1751400000000,-0.005034,0.22223,31165.0,671792.228,222030282.22,222030282.22,1.0,0.291,-46.5,232.58,,999101301.422796,999101301.422796,64607913.0264532
USELESS,2025-07-02 07:00:00,1751414400000,-0.005057,0.23808,20330.0,482295.762,237866037.84,237866037.84,1.0,0.2716,-42.68,256.3,,999101301.422796,999101301.422796,64607913.0264532
USELESS,2025-07-02 11:00:00,1751428800000,-0.005038,0.225,15960.0,380709.628,224797792.82,224797792.82,1.0,0.2874,-45.83,236.73,,999101301.422796,999101301.422796,64607913.0264532
USELESS,2025-07-02 15:00:00,1751443200000,-0.005045,0.2388,16041.0,376142.59,238585390.78,238585390.78,1.0,0.2708,-42.51,257.38,,999101301.422796,999101301.422796,64607913.0264532
USELESS,2025-07-02 19:00:00,1751457600000,-0.005052,0.27051,36159.0,921752.593,270266893.05,270266893.05,1.0,0.2391,-34.87,304.83,,999101301.422796,999101301.422796,64607913.0264532
USELESS,2025-07-02 23:00:00,1751472000000,-0.005065,0.25895,17327.0,447714.776,258717282.0,258717282.0,1.0,0.2497,-37.66,287.53,,999101301.422796,999101301.422796,64607913.0264532
USELESS,2025-07-03 03:00:00,1751486400000,-0.005038,0.26235,16891.0,455816.895,262114226.43,262114226.43,1.0,0.2465,-36.84,292.62,,999101301.422796,999101301.422796,64607913.0264532
USELESS,2025-07-03 07:00:00,1751500800000,-0.005046,0.25449,12483.0,311093.251,254261290.2,254261290.2,1.0,0.2541,-38.73,280.86,,999101301.422796,999101301.422796,64607913.0264532
USELESS,2025-07-03 11:00:00,1751515200000,-0.005065,0.26376,12530.0,335815.312,263522959.26,263522959.26,1.0,0.2452,-36.5,294.73,,999101301.422796,999101301.422796,64607913.0264532
USELESS,2025-07-03 15:00:00,1751529600000,-0.005058,0.26408,8745.0,231542.192,263842671.68,263842671.68,1.0,0.2449,-36.42,295.21,,999101301.422796,999101301.422796,64607913.0264532
USELESS,2025-07-03 19:00:00,1751544000000,-0.005059,0.24684,10667.0,272032.472,246618165.24,246618165.24,1.0,0.262,-40.57,269.41,,999101301.422796,999101301.422796,64607913.0264532
USELESS,2025-07-03 23:00:00,1751558400000,-0.005063,0.24678,7502.0,184629.964,246558219.17,246558219.17,1.0,0.262,-40.59,269.32,,999101301.422796,999101301.422796,64607913.0264532
USELESS,2025-07-04 03:00:00,1751572800000,-0.005038,0.25105,7142.0,180148.421,250824381.72,250824381.72,1.0,0.2576,-39.56,275.71,,999101301.422796,999101301.422796,64607913.0264532
USELESS,2025-07-04 07:00:00,1751587200000,-0.005058,0.2431,6899.0,167745.652,242881526.38,242881526.38,1.0,0.266,-41.47,263.81,,999101301.422796,999101301.422796,64607913.0264532
USELESS,2025-07-04 11:00:00,1751601600000,-0.005065,0.22922,7877.0,183913.826,229014000.31,229014000.31,1.0,0.2821,-44.81,243.04,,999101301.422796,999101301.422796,64607913.0264532
USELESS,2025-07-04 15:00:00,1751616000000,-0.005043,0.2662,14173.0,355767.496,265960766.44,265960766.44,1.0,0.2429,-35.91,298.38,,999101301.422796,999101301.422796,64607913.0264532
USELESS,2025-07-05 19:00:00,1751716800000,-0.005026,0.284,25381.0,744755.408,283744769.6,283744769.6,1.0,0.2277,-31.63,325.02,,999101301.422796,999101301.422796,64607913.0264532
USELESS,2025-07-05 23:00:00,1751731200000,-0.00503,0.29443,13991.0,397895.18,294165396.18,294165396.18,1.0,0.2196,-29.12,340.63,,999101301.422796,999101301.422796,64607913.0264532
USELESS,2025-07-06 03:00:00,1751745600000,-0.005024,0.283,9100.0,266503.346,282745668.3,282745668.3,1.0,0.2285,-31.87,323.53,,999101301.422796,999101301.422796,64607913.0264532
USELESS,2025-07-06 07:00:00,1751760000000,-0.005026,0.28954,6391.0,181650.461,289279790.81,289279790.81,1.0,0.2233,-30.29,333.31,,999101301.422796,999101301.422796,64607913.0264532
USELESS,2025-07-06 11:00:00,1751774400000,-0.00503,0.29921,6753.0,197068.371,298941100.4,298941100.4,1.0,0.2161,-27.96,347.78,,999101301.422796,999101301.422796,64607913.0264532
USELESS,2025-07-06 15:00:00,1751788800000,-0.005025,0.29194,6981.0,202143.252,291677633.94,291677633.94,1.0,0.2215,-29.71,336.9,,999101301.422796,999101301.422796,64607913.0264532
USELESS,2025-07-06 19:00:00,1751803200000,-0.00503,0.28305,14451.0,422325.622,282795623.37,282795623.37,1.0,0.2285,-31.86,323.6,,999101301.422796,999101301.422796,64607913.0264532
USELESS,2025-07-06 23:00:00,1751817600000,-0.00503,0.26554,10523.0,285873.02,265301359.58,265301359.58,1.0,0.2435,-36.07,297.4,,999101301.422796,999101301.422796,64607913.0264532
USELESS,2025-07-07 03:00:00,1751832000000,-0.00503,0.29201,14990.0,442155.515,291747571.03,291747571.03,1.0,0.2215,-29.7,337.01,,999101301.422796,999101301.422796,64607913.0264532
USELESS,2025-07-07 07:00:00,1751846400000,-0.00503,0.28259,6348.0,180892.816,282336036.77,282336036.77,1.0,0.2288,-31.97,322.91,,999101301.422796,999101301.422796,64607913.0264532
USELESS,2025-07-07 11:00:00,1751860800000,-0.00503,0.28691,5288.0,149031.168,286652154.39,286652154.39,1.0,0.2254,-30.93,329.38,,999101301.422796,999101301.422796,64607913.0264532
USELESS,2025-07-07 15:00:00,1751875200000,-0.00503,0.276,5717.0,159255.2,275751959.19,275751959.19,1.0,0.2343,-33.55,313.05,,999101301.422796,999101301.422796,64607913.0264532
USELESS,2025-07-07 19:00:00,1751889600000,-0.00503,0.26161,6654.0,180624.131,261374891.47,261374891.47,1.0,0.2472,-37.02,291.51,,999101301.422796,999101301.422796,64607913.0264532
USELESS,2025-07-07 23:00:00,1751904000000,-0.00503,0.22023,15366.0,377294.264,220032079.61,220032079.61,1.0,0.2936,-46.98,229.59,,999101301.422796,999101301.422796,64607913.0264532
USELESS,2025-07-08 03:00:00,1751918400000,-0.005022,0.26629,17071.0,431891.711,266050685.56,266050685.56,1.0,0.2428,-35.89,298.52,,999101301.422796,999101301.422796,64607913.0264532
USELESS,2025-07-08 07:00:00,1751932800000,-0.005026,0.22812,10181.0,253828.654,227914988.88,227914988.88,1.0,0.2835,-45.08,241.39,,999101301.422796,999101301.422796,64607913.0264532
USELESS,2025-07-08 11:00:00,1751947200000,-0.00503,0.25445,8350.0,201252.76,254221326.15,254221326.15,1.0,0.2541,-38.74,280.8,,999101301.422796,999101301.422796,64607913.0264532
USELESS,2025-07-08 15:00:00,1751961600000,-0.005029,0.24629,6904.0,171006.937,246068659.53,246068659.53,1.0,0.2626,-40.71,268.59,,999101301.422796,999101301.422796,64607913.0264532
USELESS,2025-07-08 19:00:00,1751976000000,-0.00503,0.23561,6702.0,162270.394,235398257.63,235398257.63,1.0,0.2745,-43.28,252.6,,999101301.422796,999101301.422796,64607913.0264532
USELESS,2025-07-08 23:00:00,1751990400000,-0.00503,0.23879,9368.0,215539.202,238575399.77,238575399.77,1.0,0.2708,-42.51,257.36,,999101301.422796,999101301.422796,64607913.0264532
