token,funding_rate,funding_category,avg_stable_funding,stable_volatility,drop_magnitude,stability_score,entry_price,high_price,change_pct,candles_to_peak,position_size_usdt,profit_usdt,profit_pct,settle_time,stable_rates,roi_per_candle,risk_reward_ratio
BANANAS31,-0.02012,Strong,0.000146,6.1e-05,0.020266,High,0.025279,0.076836,203.95,1.0,1000,2039.52,203.95,1752148800000,"[6.4e-05, 0.00021, 0.000164]",203.95,0.00986516303015445
B,-0.00511,Strong,6.7e-05,0.000189,0.005177,High,0.11801,0.35041,196.93,1.0,1000,1969.32,196.93,1747872000000,"[0.0002, 0.0002, -0.0002]",196.93,0.002594830650484944
VOXEL,-0.006428,Strong,-0.000659,0.000108,0.005769,High,0.02354,0.0639,171.45,1.0,1000,1714.53,171.45,1744992000000,"[-0.000782, -0.000519, -0.000677]",171.45,0.0037491980169145523
MUBARAK,-0.005033,Strong,1.9e-05,0.000155,0.005052,High,0.0585,0.15804,170.15,1.0,1000,1701.54,170.15,1742126400000,"[0.000123, -0.0002, 0.000133]",170.15,0.00295797825448134
YBDBD,-0.00505,Strong,-9e-05,0.000156,0.00496,High,0.000297,0.000735,147.74,1.0,1000,1474.75,147.47,1750593600000,"[-0.0002, -0.0002, 0.00013]",147.47,0.003418167050223365
FLOCK,-0.002506,Moderate,1.2e-05,0.0,0.002518,High,0.129,0.3149,144.11,1.0,1000,1441.09,144.11,1748736000000,"[1.2e-05, 1.2e-05, 1.2e-05]",144.11,0.0017389494136423565
MUBARAK,-0.007045,Strong,-0.005011,7e-06,0.002034,High,0.09372,0.22124,136.06,1.0,1000,1360.65,136.06,1742212800000,"[-0.005019, -0.005013, -0.005002]",136.06,0.005177862707628987
BMT,-0.004175,Moderate,-2.9e-05,8.3e-05,0.004146,High,0.1258,0.2968,135.93,1.0,1000,1359.3,135.93,1742198400000,"[-0.000144, 6e-06, 5e-05]",135.93,0.0030714338262340904
TUT,-0.001264,Mild,-6e-05,0.000132,0.001204,High,0.02598,0.06063,133.37,1.0,1000,1333.72,133.37,1742385600000,"[0.000117, -0.0002, -9.7e-05]",133.37,0.0009477393716727898
OMNI,-0.001849,Mild,5e-05,0.0,0.001899,High,2.359,5.468,131.79,1.0,1000,1317.93,131.79,1752192000000,"[5e-05, 5e-05, 5e-05]",131.79,0.0014029896046741028
DRIFT,-0.015,Strong,0.0001,0.0,0.0151,High,0.902,2.0866,131.33,1.0,1000,1313.3,131.33,1731052800000,"[0.0001, 0.0001, 0.0001]",131.33,0.011421609685525011
OM,-0.011956,Strong,5e-05,0.0,0.012006,High,0.47876,1.1008,129.93,1.0,1000,1299.27,129.93,1744574400000,"[5e-05, 5e-05, 5e-05]",129.93,0.009201877934272299
HYPER,-0.015389,Strong,5e-05,0.0,0.015439,High,0.2956,0.6759,128.65,1.0,1000,1286.54,128.65,1752120000000,"[5e-05, 5e-05, 5e-05]",128.65,0.011961912164788185
BAN,-0.001529,Mild,0.000215,0.000144,0.001744,High,0.0728,0.1632,124.18,1.0,1000,1241.76,124.18,1740139200000,"[5e-05, 0.000195, 0.0004]",124.18,0.0012312771782895795
FLOCK,-0.002562,Moderate,-0.000674,0.000208,0.001888,Medium,0.1405,0.3149,124.13,1.0,1000,1241.28,124.13,1748761200000,"[-0.000594, -0.000468, -0.000959]",124.13,0.002063965197776525
ZORA,-0.002877,Moderate,4e-05,1.4e-05,0.002917,High,0.02785,0.05999,115.4,1.0,1000,1154.04,115.4,1753214400000,"[5e-05, 5e-05, 2e-05]",115.4,0.002493067590987868
XVG,-0.006133,Strong,0.0001,0.0,0.006233,High,0.009221,0.0194,110.39,1.0,1000,1103.89,110.39,1733155200000,"[0.0001, 0.0001, 0.0001]",110.39,0.0055557568620346045
ELX,-0.001555,Mild,1.2e-05,0.0,0.001567,High,0.1386,0.2869,107.0,1.0,1000,1069.99,107.0,1752919200000,"[1.2e-05, 1.2e-05, 1.2e-05]",107.0,0.001453271028037383
DIA,-0.002684,Moderate,-0.000538,0.000233,0.002146,Medium,0.5537,1.1339,104.79,1.0,1000,1047.86,104.79,1753027200000,"[-0.000775, -0.000222, -0.000618]",104.79,0.0025613131023952667
MOONPIG,-0.005023,Strong,-6.4e-05,0.000148,0.004959,High,0.05286,0.1075,103.37,1.0,1000,1033.67,103.37,1747857600000,"[-0.0002, 0.000141, -0.000134]",103.37,0.004859243494243977
CARV,-0.001266,Mild,-0.000455,9.2e-05,0.000811,High,0.7192,1.45,101.61,1.0,1000,1016.13,101.61,1730534400000,"[-0.000393, -0.000388, -0.000585]",101.61,0.0012459403602007677
VIC,-0.00104,Mild,5e-05,0.0,0.00109,High,0.18,0.3628,101.56,1.0,1000,1015.56,101.56,1751832000000,"[5e-05, 5e-05, 5e-05]",101.56,0.0010240252067743203
MAVIA,-0.014779,Strong,0.0001,0.0,0.014879,High,0.2761,0.5544,100.8,1.0,1000,1007.97,100.8,1742140800000,"[0.0001, 0.0001, 0.0001]",100.8,0.01466170634920635
LPT,-0.006927,Strong,-0.00046,8.8e-05,0.006467,High,6.744,13.467,99.69,1.0,1000,996.89,99.69,1748577600000,"[-0.000517, -0.000528, -0.000336]",99.69,0.00694854047547397
FUN,-0.00985,Strong,-0.000131,9.8e-05,0.009719,High,0.00365,0.007131,95.37,1.0,1000,953.7,95.37,1743249600000,"[-0.0002, -0.0002, 8e-06]",95.37,0.010328195449302715
AMP,-0.001581,Mild,-0.000811,0.000148,0.00077,High,0.007486,0.0145,93.69,1.0,1000,936.95,93.69,1733212800000,"[-0.000785, -0.000644, -0.001003]",93.69,0.0016874799871918027
DIA,-0.005476,Strong,-0.000211,0.000101,0.005265,High,0.4821,0.9288,92.66,1.0,1000,926.57,92.66,1752955200000,"[-7.3e-05, -0.00025, -0.000311]",92.66,0.0059097776818476154
RARE,-0.017505,Strong,2.7e-05,2.1e-05,0.017532,High,0.05829,0.11179,91.78,1.0,1000,917.82,91.78,1741521600000,"[5e-05, 3.2e-05, 0]",91.78,0.01907278274133798
J,-0.001115,Mild,-0.000506,0.00021,0.000609,Medium,0.2546,0.488,91.67,1.0,1000,916.73,91.67,1740081600000,"[-0.00071, -0.00059, -0.000217]",91.67,0.001216319406567034
RSS3,-0.004435,Moderate,5.3e-05,6.7e-05,0.004488,High,0.0477,0.0913,91.4,1.0,1000,914.05,91.4,1742313600000,"[-4.2e-05, 0.0001, 0.0001]",91.4,0.004852297592997812
SPK,-0.005727,Strong,-0.000688,0.00024,0.005039,Medium,0.06511,0.12392,90.32,1.0,1000,903.24,90.32,1753142400000,"[-0.000785, -0.000921, -0.000358]",90.32,0.006340788308237379
VTHO,-0.04,Strong,0.0001,0.0,0.0401,High,0.005073,0.009455,86.38,1.0,1000,863.79,86.38,1737475200000,"[0.0001, 0.0001, 0.0001]",86.38,0.0463070155128502
STARTUP,-0.005046,Strong,1.9e-05,0.000155,0.005065,High,0.02579,0.04804,86.27,1.0,1000,862.74,86.27,1751328000000,"[-0.0002, 0.000121, 0.000136]",86.27,0.0058490784745566255
OM,-0.001693,Mild,-0.000267,0.000228,0.001426,Medium,0.53763,0.998,85.63,1.0,1000,856.3,85.63,1744646400000,"[-0.000566, -0.000222, -1.4e-05]",85.63,0.001977110825645218
X,-0.001153,Mild,-0.000211,0.000123,0.000942,High,5.4e-05,0.0001,84.02,1.0,1000,851.85,85.19,1742227200000,"[-4.2e-05, -0.000261, -0.00033]",85.19,0.0013722923113544394
TOMI,-0.001107,Mild,0.0001,0.0,0.001207,High,0.1392,0.255,83.19,1.0,1000,831.9,83.19,1722153600000,"[0.0001, 0.0001, 0.0001]",83.19,0.0013306887847097007
DMC,-0.001273,Mild,-0.000755,7.8e-05,0.000518,High,0.005441,0.009953,82.93,1.0,1000,829.26,82.93,1751169600000,"[-0.000814, -0.000805, -0.000645]",82.93,0.001535029542988062
HFT,-0.002328,Moderate,-0.000568,0.000287,0.00176,Medium,0.08313,0.15203,82.88,1.0,1000,828.82,82.88,1751299200000,"[-0.000696, -0.000838, -0.00017]",82.88,0.002808880308880309
SCRT,-0.001063,Mild,-1.4e-05,7e-05,0.001049,High,0.3505,0.6327,80.51,1.0,1000,805.14,80.51,1732248000000,"[2e-05, 5e-05, -0.000111]",80.51,0.001320332877903366
HOUSE,-0.005022,Strong,-9e-05,0.000156,0.004932,High,0.07582,0.1356,78.84,1.0,1000,788.45,78.84,1745971200000,"[-0.0002, -0.0002, 0.00013]",78.84,0.006369863013698631
TOSHI,-0.001674,Mild,4.1e-05,1.3e-05,0.001715,High,0.000666,0.001187,78.11,1.0,1000,782.28,78.23,1738555200000,"[2.3e-05, 5e-05, 5e-05]",78.23,0.002143131481244399
SD,-0.002077,Moderate,0.0001,0.0,0.002177,High,0.8146,1.4517,78.21,1.0,1000,782.1,78.21,1731801600000,"[0.0001, 0.0001, 0.0001]",78.21,0.002655670630354175
GODS,-0.001608,Mild,0.000131,0.000267,0.001739,Medium,0.0863,0.1526,76.83,1.0,1000,768.25,76.83,1744560000000,"[-0.000141, 0.000494, 4e-05]",76.83,0.0020929324482623977
TURBO,-0.001612,Mild,-3e-05,5.7e-05,0.001582,High,0.002608,0.004572,75.31,1.0,1000,753.07,75.31,1745308800000,"[-7.5e-05, 5e-05, -6.6e-05]",75.31,0.0021404859912362234
AERGO,-0.001014,Mild,-1.6e-05,9.4e-05,0.000998,High,0.1411,0.24498,73.62,1.0,1000,736.22,73.62,1744272000000,"[-0.000149, 5e-05, 5e-05]",73.62,0.0013773431132844333
LUCE,-0.003636,Moderate,0.0001,0.0,0.003736,High,0.01104,0.01914,73.37,1.0,1000,733.7,73.37,1738684800000,"[0.0001, 0.0001, 0.0001]",73.37,0.004955703966198719
HAEDAL,-0.001485,Mild,-0.000312,0.000255,0.001173,Medium,0.1294,0.224,73.11,1.0,1000,731.07,73.11,1747771200000,"[-0.000505, 4.8e-05, -0.000478]",73.11,0.0020311858842839555
MOCA,-0.001952,Mild,-0.001414,0.000242,0.000538,Medium,0.2828,0.4881,72.6,1.0,1000,725.95,72.6,1735056000000,"[-0.001748, -0.001312, -0.001183]",72.6,0.0026887052341597797
XCN,-0.007339,Strong,-0.000368,0.000297,0.006971,Medium,0.015549,0.026815,72.45,1.0,1000,724.55,72.45,1744300800000,"[-0.000609, 5e-05, -0.000544]",72.45,0.010129744651483781
BR,-0.002817,Moderate,6e-05,1.4e-05,0.002877,High,0.07975,0.13702,71.81,1.0,1000,718.12,71.81,1751572800000,"[7.9e-05, 5e-05, 5e-05]",71.81,0.003922851970477649
MOBILE,-0.012029,Strong,0.001164,0.000263,0.013193,Medium,0.001407,0.002409,71.21,1.0,1000,712.15,71.22,1733068800000,"[0.000821, 0.001211, 0.001459]",71.22,0.016892290408650472
M,-0.00913,Strong,-1e-06,1.9e-05,0.009129,High,0.5615,0.9538,69.87,1.0,1000,698.66,69.87,1752228000000,"[1.2e-05, -2.8e-05, 1.2e-05]",69.87,0.013067124660083008
BMT,-0.016504,Strong,-4.6e-05,0.000136,0.016458,High,0.1906,0.3222,69.05,1.0,1000,690.45,69.05,1742270400000,"[5e-05, -0.000238, 5e-05]",69.05,0.023901520637219408
BID,-0.004063,Moderate,-0.000279,0.000184,0.003784,High,0.05173,0.08661,67.43,1.0,1000,674.27,67.43,1749456000000,"[-0.000293, -0.000496, -4.7e-05]",67.43,0.006025507934153936
ATA,-0.00142,Mild,-0.000159,0.000205,0.001261,Medium,0.1371,0.2292,67.18,1.0,1000,671.77,67.18,1735372800000,"[-0.000417, -0.000146, 8.5e-05]",67.18,0.0021137243227150938
POLYX,-0.001371,Mild,5e-05,0.0,0.001421,High,0.26218,0.43813,67.11,1.0,1000,671.1,67.11,1710936000000,"[5e-05, 5e-05, 5e-05]",67.11,0.0020429146177916853
MAGIC,-0.015207,Strong,0.0001,0.0,0.015307,High,0.1249,0.2077,66.29,1.0,1000,662.93,66.29,1745107200000,"[0.0001, 0.0001, 0.0001]",66.29,0.02294011163071353
DMC,-0.002701,Moderate,-0.000964,0.000219,0.001737,Medium,0.005995,0.009953,66.02,1.0,1000,660.22,66.02,1751184000000,"[-0.001273, -0.000814, -0.000805]",66.02,0.004091184489548622
ARCSOL,-0.002223,Moderate,5e-05,0.0,0.002273,High,0.3026,0.4998,65.17,1.0,1000,651.69,65.17,1736884800000,"[5e-05, 5e-05, 5e-05]",65.17,0.003411078717201166
RED,-0.001513,Mild,-0.000589,0.000106,0.000924,High,0.5109,0.8399,64.4,1.0,1000,643.96,64.4,1741953600000,"[-0.000735, -0.000485, -0.000548]",64.4,0.0023493788819875776
DMC,-0.00137,Mild,-0.000606,0.00018,0.000764,High,0.004442,0.007296,64.25,1.0,1000,642.5,64.25,1751112000000,"[-0.000816, -0.000627, -0.000376]",64.25,0.002132295719844358
MYX,-0.005791,Strong,5e-05,0.0,0.005841,High,0.07213,0.1183,64.01,1.0,1000,640.09,64.01,1750608000000,"[5e-05, 5e-05, 5e-05]",64.01,0.009047023902515232
NEWT,-0.00871,Strong,-6.8e-05,0.000166,0.008642,High,0.4318,0.7074,63.83,1.0,1000,638.26,63.83,1753286400000,"[-0.000303, 5e-05, 5e-05]",63.83,0.01364562118126273
LPT,-0.002594,Moderate,0.000151,3.2e-05,0.002745,High,11.227,18.254,62.59,1.0,1000,625.9,62.59,1708070400000,"[0.000143, 0.000193, 0.000117]",62.59,0.004144432017894232
MOCA,-0.001886,Mild,-0.001261,0.000276,0.000625,Medium,0.3009,0.4881,62.21,1.0,1000,622.13,62.21,1734998400000,"[-0.00142, -0.000872, -0.00149]",62.21,0.003031666934576435
AMP,-0.001672,Mild,0.000116,6e-06,0.001788,High,0.00598,0.009698,62.17,1.0,1000,621.74,62.17,1732752000000,"[0.000119, 0.000108, 0.000121]",62.17,0.002689400032169857
GOAT,-0.005664,Strong,2.1e-05,0.000157,0.005685,High,0.5729,0.9214,60.83,1.0,1000,608.31,60.83,1729670400000,"[0.000125, 0.000139, -0.0002]",60.83,0.009311195133979945
FUN,-0.001437,Mild,-0.000489,0.000151,0.000948,High,0.005204,0.008368,60.8,1.0,1000,607.99,60.8,1750453200000,"[-0.000647, -0.000535, -0.000286]",60.8,0.0023634868421052633
XCN,-0.001715,Mild,1.7e-05,4.7e-05,0.001732,High,0.012099,0.019454,60.79,1.0,1000,607.9,60.79,1744243200000,"[5e-05, -5e-05, 5e-05]",60.79,0.002821187695344629
JELLYJELLY,-0.002631,Moderate,-0.000138,0.000265,0.002493,Medium,0.01244,0.01998,60.61,1.0,1000,606.11,60.61,1738886400000,"[-0.000513, 5e-05, 5e-05]",60.61,0.004340867843590167
SUNDOG,-0.001118,Mild,-0.000397,0.000142,0.000721,High,0.0527,0.0843,59.96,1.0,1000,599.62,59.96,1746720000000,"[-0.000196, -0.000485, -0.00051]",59.96,0.0018645763842561709
ZETA,-0.002272,Moderate,-3.4e-05,0.000119,0.002238,High,0.2516,0.402,59.78,1.0,1000,597.77,59.78,1742616000000,"[5e-05, -0.000202, 5e-05]",59.78,0.0038006022080963537
FLM,-0.004227,Moderate,4.5e-05,8e-06,0.004272,High,0.02472,0.03946,59.63,1.0,1000,596.28,59.63,1745539200000,"[5e-05, 5e-05, 3.4e-05]",59.63,0.0070887137346972995
AVL,-0.001832,Mild,1.9e-05,0.000155,0.001851,High,0.3174,0.5052,59.17,1.0,1000,591.68,59.17,1740067200000,"[-0.0002, 0.000134, 0.000124]",59.17,0.0030961635964171035
MDT,-0.00975,Strong,-3.2e-05,0.00017,0.009718,High,0.03088,0.04899,58.65,1.0,1000,586.46,58.65,1753401600000,"[-9.7e-05, 0.0002, -0.0002]",58.65,0.01662404092071611
JELLYJELLY,-0.00446,Moderate,-0.000157,0.000293,0.004303,Medium,0.03073,0.04855,57.99,1.0,1000,579.89,57.99,1742659200000,"[5e-05, -0.000571, 5e-05]",57.99,0.0076909812036558035
USELESS,-0.005041,Strong,0.000109,4e-05,0.00515,High,0.03972,0.06272,57.91,1.0,1000,579.05,57.91,1749571200000,"[0.000125, 5.4e-05, 0.000147]",57.91,0.008704886893455364
ALPHA,-0.001193,Mild,-1.6e-05,0.000164,0.001177,High,0.08342,0.13148,57.61,1.0,1000,576.12,57.61,1729526400000,"[-0.000248, 0.0001, 0.0001]",57.61,0.0020708210380142337
X,-0.001772,Mild,0.00039,0.000156,0.002162,High,0.000202,0.000316,56.5,1.0,1000,564.36,56.44,1731139200000,"[0.000244, 0.000319, 0.000607]",56.44,0.003136283185840708
SNT,-0.001528,Mild,-4.4e-05,0.000197,0.001484,High,0.02922,0.04555,55.89,1.0,1000,558.86,55.89,1731225600000,"[0.0001, -0.000322, 9e-05]",55.89,0.002733941671139739
FIS,-0.003226,Moderate,5e-05,0.0,0.003276,High,0.09739,0.15177,55.84,1.0,1000,558.37,55.84,1751889600000,"[5e-05, 5e-05, 5e-05]",55.84,0.005777220630372493
COOKIE,-0.00461,Moderate,1e-05,5.7e-05,0.00462,High,0.1784,0.2774,55.49,1.0,1000,554.93,55.49,1739160000000,"[5e-05, 5e-05, -7.1e-05]",55.49,0.008307803207785186
PEAQ,-0.001681,Mild,-0.000137,0.000178,0.001544,High,0.1636,0.2542,55.38,1.0,1000,553.79,55.38,1739980800000,"[-0.000329, -0.000181, 0.0001]",55.38,0.003035391838208739
FLOCK,-0.00297,Moderate,-0.002,0.0,0.00097,High,0.2027,0.3149,55.35,1.0,1000,553.53,55.35,1748779200000,"[-0.002, -0.002, -0.002]",55.35,0.005365853658536586
RFC,-0.005078,Strong,-9.6e-05,0.000147,0.004982,High,0.09557,0.14775,54.6,1.0,1000,545.99,54.6,1744574400000,"[-0.0002, 0.000112, -0.0002]",54.6,0.0093003663003663
CTK,-0.001839,Mild,-0.000497,0.000101,0.001342,High,0.8006,1.2284,53.43,1.0,1000,534.35,53.43,1731830400000,"[-0.000356, -0.000586, -0.00055]",53.43,0.0034418865805727118
FLOCK,-0.001646,Mild,-0.000262,0.000115,0.001384,High,0.1946,0.2985,53.39,1.0,1000,533.92,53.39,1748926800000,"[-0.000163, -0.000199, -0.000423]",53.39,0.0030829743397640004
DEGEN,-0.001,Mild,5e-05,0.0,0.00105,High,0.005835,0.00894,53.21,1.0,1000,532.13,53.21,1747065600000,"[5e-05, 5e-05, 5e-05]",53.21,0.0018793459875963165
JASMY,-0.0011,Mild,0.000275,0.000199,0.001375,High,0.01149,0.0176,53.18,1.0,1000,531.77,53.18,1708473600000,"[0.000553, 0.0001, 0.000172]",53.18,0.002068446784505453
DEGEN,-0.002673,Moderate,3.3e-05,8.1e-05,0.002706,High,0.00785,0.01198,52.61,1.0,1000,526.11,52.61,1727827200000,"[8e-05, 0.0001, -8.1e-05]",52.61,0.005080783121079643
10000WEN,-0.008388,Strong,0.000235,0.000123,0.008623,High,0.716,1.092,52.51,1.0,1000,525.14,52.51,1707782400000,"[0.000207, 0.000398, 0.0001]",52.51,0.015974100171395923
IDEX,-0.010342,Strong,0.0001,0.0,0.010442,High,0.02521,0.0384,52.32,1.0,1000,523.21,52.32,1753401600000,"[0.0001, 0.0001, 0.0001]",52.32,0.019766819571865445
ONG,-0.001422,Mild,-5.8e-05,8.9e-05,0.001364,High,0.4575,0.696,52.13,1.0,1000,521.31,52.13,1713412800000,"[-0.000176, -3.9e-05, 4e-05]",52.13,0.0027277958948781892
M,-0.002439,Moderate,5.4e-05,0.000153,0.002493,High,0.6288,0.9538,51.69,1.0,1000,516.86,51.69,1752213600000,"[-9.7e-05, 0.000263, -5e-06]",51.69,0.004718514219384794
GUN,-0.001167,Mild,-0.000526,0.000279,0.000641,Medium,0.0454,0.0688,51.54,1.0,1000,515.42,51.54,1743868800000,"[-0.000342, -0.000316, -0.00092]",51.54,0.002264260768335274
INIT,-0.004263,Moderate,5e-05,0.0,0.004313,High,0.6534,0.9871,51.07,1.0,1000,510.71,51.07,1745496000000,"[5e-05, 5e-05, 5e-05]",51.07,0.008347366359898179
T,-0.002869,Moderate,-0.00095,0.000219,0.001919,Medium,0.01511,0.02282,51.03,1.0,1000,510.26,51.03,1744905600000,"[-0.001222, -0.000941, -0.000686]",51.03,0.005622183029590437
BAN,-0.001719,Mild,5e-05,0.0,0.001769,High,0.0593,0.0895,50.93,1.0,1000,509.27,50.93,1737777600000,"[5e-05, 5e-05, 5e-05]",50.93,0.0033752208914195956
GMT,-0.003111,Moderate,-0.000443,7.5e-05,0.002668,High,0.1357,0.2045,50.7,1.0,1000,507.0,50.7,1735200000000,"[-0.000349, -0.000532, -0.000447]",50.7,0.006136094674556213
SAFE,-0.001854,Mild,5e-05,0.0,0.001904,High,0.4533,0.683,50.67,1.0,1000,506.73,50.67,1740585600000,"[5e-05, 5e-05, 5e-05]",50.67,0.0036589698046181167
AERGO,-0.004829,Moderate,-0.00094,0.000157,0.003889,High,0.44642,0.67135,50.39,1.0,1000,503.85,50.39,1744776000000,"[-0.00116, -0.000806, -0.000853]",50.39,0.00958325064496924
RARE,-0.018362,Strong,0.0001,0.0,0.018462,High,0.1,0.1503,50.3,1.0,1000,503.0,50.3,1723737600000,"[0.0001, 0.0001, 0.0001]",50.3,0.03650497017892644
TOSHI,-0.006577,Strong,-7.9e-05,0.000254,0.006498,Medium,0.000448,0.000673,50.18,1.0,1000,502.23,50.22,1737590400000,"[0.0001, -0.000438, 0.0001]",50.22,0.013106815464328419
RFC,-0.005064,Strong,5e-06,0.000145,0.005069,High,0.0552,0.0829,50.18,1.0,1000,501.81,50.18,1744128000000,"[9.9e-05, -0.0002, 0.000115]",50.18,0.010091669988043044
AGLD,-0.002299,Moderate,-0.000294,0.000214,0.002005,Medium,1.857,2.7824,49.83,1.0,1000,498.33,49.83,1735430400000,"[-0.000582, -6.8e-05, -0.000231]",49.83,0.004613686534216336
MOCA,-0.001402,Mild,-0.000751,0.000244,0.000651,Medium,0.1458,0.2183,49.73,1.0,1000,497.26,49.73,1734609600000,"[-0.000561, -0.000597, -0.001096]",49.73,0.0028192238085662583
BIO,-0.001342,Mild,-0.000177,5.5e-05,0.001165,High,0.05474,0.08176,49.36,1.0,1000,493.61,49.36,1745294400000,"[-0.000253, -0.000123, -0.000156]",49.36,0.0027188006482982176
AI16Z,-0.001457,Mild,0.000255,0.000287,0.001712,Medium,0.844,1.258,49.05,1.0,1000,490.52,49.05,1735286400000,"[-8e-05, 0.000622, 0.000224]",49.05,0.0029704383282364933
TAI,-0.001553,Mild,-0.000106,0.000292,0.001447,Medium,0.0712,0.1061,49.02,1.0,1000,490.17,49.02,1745596800000,"[-0.000519, 0.0001, 0.0001]",49.02,0.003168094655242758
OBT,-0.001627,Mild,-0.000442,0.000229,0.001185,Medium,0.00698,0.0104,49.0,1.0,1000,489.97,49.0,1750291200000,"[-0.000166, -0.000727, -0.000434]",49.0,0.003320408163265306
SNT,-0.001511,Mild,5.1e-05,3.5e-05,0.001562,High,0.028,0.0417,48.93,1.0,1000,489.29,48.93,1740902400000,"[2.9e-05, 2.3e-05, 0.0001]",48.93,0.0030880850194154913
FLOCK,-0.01,Strong,5e-05,0.0,0.01005,High,0.1043,0.1547,48.32,1.0,1000,483.22,48.32,1748577600000,"[5e-05, 5e-05, 5e-05]",48.32,0.020695364238410594
MAVIA,-0.009087,Strong,5e-05,0.0,0.009137,High,0.3477,0.515,48.12,1.0,1000,481.16,48.12,1742889600000,"[5e-05, 5e-05, 5e-05]",48.12,0.018884039900249377
HIVE,-0.001508,Mild,5e-05,0.0,0.001558,High,0.4035,0.5967,47.88,1.0,1000,478.81,47.88,1735992000000,"[5e-05, 5e-05, 5e-05]",47.88,0.0031495405179615705
THE,-0.001579,Mild,-1e-05,8.5e-05,0.001569,High,0.4271,0.6315,47.86,1.0,1000,478.58,47.86,1752566400000,"[-0.00013, 5e-05, 5e-05]",47.86,0.0032992060175511912
REI,-0.004251,Moderate,-0.000143,0.000147,0.004108,High,0.0214,0.03163,47.8,1.0,1000,478.04,47.8,1753459200000,"[5e-05, -0.000175, -0.000305]",47.8,0.008893305439330543
FHE,-0.001463,Mild,3.9e-05,1.5e-05,0.001502,High,0.05642,0.0833,47.64,1.0,1000,476.43,47.64,1744876800000,"[1.8e-05, 5e-05, 5e-05]",47.64,0.0030709487825356847
BMT,-0.00274,Moderate,8.8e-05,0.000158,0.002828,High,0.0844,0.1244,47.39,1.0,1000,473.93,47.39,1741867200000,"[-0.000135, 0.0002, 0.0002]",47.39,0.005781810508546106
SPELL,-0.001133,Mild,-0.000108,0.000181,0.001025,High,0.000817,0.001201,46.98,1.0,1000,470.01,47.0,1737100800000,"[-8.4e-05, -0.000341, 0.0001]",47.0,0.0024116645381013196
PIPPIN,-0.005042,Strong,-9e-05,0.000155,0.004952,High,0.2275,0.33419,46.9,1.0,1000,468.97,46.9,1736496000000,"[0.000129, -0.0002, -0.0002]",46.9,0.01075053304904051
M,-0.002684,Moderate,-0.000103,0.000217,0.002581,Medium,0.1684,0.2472,46.79,1.0,1000,467.93,46.79,1751947200000,"[5e-05, -0.00041, 5e-05]",46.79,0.005736268433425946
L3,-0.002115,Moderate,-2e-06,0.000129,0.002113,High,0.08858,0.12974,46.47,1.0,1000,464.66,46.47,1732723200000,"[-0.000185, 0.0001, 7.8e-05]",46.47,0.004551323434473854
SLF,-0.002495,Moderate,0.0001,0.0,0.002595,High,0.073,0.1059,45.07,1.0,1000,450.68,45.07,1753401600000,"[0.0001, 0.0001, 0.0001]",45.07,0.005535833148435767
ACH,-0.010227,Strong,2.4e-05,0.000107,0.010251,High,0.0275,0.039822,44.81,1.0,1000,448.07,44.81,1737964800000,"[-0.000128, 0.0001, 0.0001]",44.81,0.022823030573532695
BLUM,-0.001144,Mild,-0.000379,0.000111,0.000765,High,0.0582,0.0842,44.67,1.0,1000,446.74,44.67,1751968800000,"[-0.000243, -0.00038, -0.000515]",44.67,0.00256100291023058
ZORA,-0.001773,Mild,-5.7e-05,0.000151,0.001716,High,0.0102,0.01471,44.22,1.0,1000,442.16,44.22,1746892800000,"[-0.000271, 5e-05, 5e-05]",44.22,0.004009497964721846
PARTI,-0.001005,Mild,-6.4e-05,0.000103,0.000941,High,0.233,0.3359,44.16,1.0,1000,441.63,44.16,1746403200000,"[-0.0002, -4.3e-05, 5e-05]",44.16,0.0022758152173913047
AVL,-0.015,Strong,5e-05,0.0,0.01505,High,0.51,0.733,43.73,1.0,1000,437.25,43.73,1741320000000,"[5e-05, 5e-05, 5e-05]",43.73,0.034301394923393555
GRIFFAIN,-0.006265,Strong,3.3e-05,0.000137,0.006298,High,0.2067,0.2971,43.73,1.0,1000,437.35,43.73,1734710400000,"[-0.000135, 0.0002, 3.4e-05]",43.73,0.014326549279670708
VOXEL,-0.003289,Moderate,-0.001166,0.000193,0.002123,High,0.06463,0.09246,43.06,1.0,1000,430.6,43.06,1745470800000,"[-0.00118, -0.000923, -0.001394]",43.06,0.007638179284718996
CKB,-0.008743,Strong,3.4e-05,5.8e-05,0.008777,High,0.010081,0.014394,42.78,1.0,1000,427.83,42.78,1726214400000,"[0.0001, 4.3e-05, -4.2e-05]",42.78,0.020437120149602618
UMA,-0.003154,Moderate,-0.000253,0.000121,0.002901,High,1.3,1.852,42.46,1.0,1000,424.62,42.46,1749384000000,"[-0.00037, -8.6e-05, -0.000303]",42.46,0.007428167687235044
BOBA,-0.001003,Mild,0.0001,0.0,0.001103,High,0.0962,0.137,42.41,1.0,1000,424.12,42.41,1747353600000,"[0.0001, 0.0001, 0.0001]",42.41,0.002365008252770573
H,-0.009576,Strong,-0.000502,4e-05,0.009074,High,0.06813,0.09686,42.17,1.0,1000,421.69,42.17,1751533200000,"[-0.000483, -0.000465, -0.000558]",42.17,0.022708086317287168
FUN,-0.007736,Strong,-0.000255,0.000181,0.007481,High,0.004011,0.005681,41.64,1.0,1000,416.36,41.64,1750262400000,"[-1.4e-05, -0.000298, -0.000452]",41.64,0.018578290105667628
LOOKS,-0.015,Strong,0.0001,0.0,0.0151,High,0.0177,0.02505,41.53,1.0,1000,415.25,41.53,1745971200000,"[0.0001, 0.0001, 0.0001]",41.53,0.036118468576932336
LA,-0.008942,Strong,1.2e-05,0.0,0.008954,High,0.4976,0.7042,41.52,1.0,1000,415.19,41.52,1752058800000,"[1.2e-05, 1.2e-05, 1.2e-05]",41.52,0.02153660886319846
SAFE,-0.005476,Strong,-6.4e-05,0.00011,0.005412,High,0.485,0.686,41.44,1.0,1000,414.43,41.44,1743004800000,"[5e-05, -2.9e-05, -0.000213]",41.44,0.013214285714285715
BRETT,-0.015,Strong,0.0001,0.0,0.0151,High,0.0391,0.0553,41.43,1.0,1000,414.32,41.43,1714262400000,"[0.0001, 0.0001, 0.0001]",41.43,0.03620564808110065
REZ,-0.002572,Moderate,-0.000317,7.4e-05,0.002255,High,0.01446,0.02044,41.36,1.0,1000,413.55,41.36,1743292800000,"[-0.00025, -0.000281, -0.000421]",41.36,0.006218568665377177
DOG,-0.0024,Moderate,3.2e-05,0.000106,0.002432,High,0.002624,0.003706,41.23,1.0,1000,412.35,41.23,1738555200000,"[-6.5e-05, -1.9e-05, 0.00018]",41.23,0.005821004123211254
L3,-0.001928,Mild,-0.000161,0.000135,0.001767,High,0.08744,0.12346,41.19,1.0,1000,411.94,41.19,1735401600000,"[-8e-06, -0.000337, -0.000138]",41.19,0.004680747754309299
ZEUS,-0.002505,Moderate,0.000286,0.000264,0.002791,Medium,0.6961,0.9828,41.19,1.0,1000,411.87,41.19,1734134400000,"[0.000659, 0.0001, 0.0001]",41.19,0.006081573197378004
CTK,-0.001564,Mild,4.6e-05,6e-06,0.00161,High,0.376,0.53,40.96,1.0,1000,409.57,40.96,1745956800000,"[5e-05, 5e-05, 3.8e-05]",40.96,0.003818359375
J,-0.001043,Mild,-0.000168,0.000215,0.000875,Medium,0.1926,0.2714,40.91,1.0,1000,409.14,40.91,1739952000000,"[0.000114, -0.000408, -0.00021]",40.91,0.002549498900024444
SUN,-0.00681,Strong,0.0001,0.0,0.00691,High,0.013918,0.019604,40.85,1.0,1000,408.54,40.85,1724169600000,"[0.0001, 0.0001, 0.0001]",40.85,0.01667074663402693
RSS3,-0.001067,Mild,3.6e-05,9.1e-05,0.001103,High,0.2694,0.3778,40.24,1.0,1000,402.38,40.24,1713052800000,"[0.0001, 0.0001, -9.3e-05]",40.24,0.002651590457256461
VINE,-0.001688,Mild,5e-05,0.0,0.001738,High,0.03983,0.05583,40.17,1.0,1000,401.71,40.17,1743408000000,"[5e-05, 5e-05, 5e-05]",40.17,0.0042021409011700275
MDT,-0.001463,Mild,0.0001,0.0,0.001563,High,0.05969,0.08357,40.01,1.0,1000,400.07,40.01,1734048000000,"[0.0001, 0.0001, 0.0001]",40.01,0.0036565858535366163
XNO,-0.001427,Mild,4.3e-05,8.1e-05,0.00147,High,1.342,1.877,39.87,1.0,1000,398.66,39.87,1739203200000,"[-7.2e-05, 0.0001, 0.0001]",39.87,0.003579132179583647
LSK,-0.001755,Mild,0.000281,0.000191,0.002036,High,2.3056,3.2243,39.85,1.0,1000,398.46,39.85,1709625600000,"[5e-05, 0.000274, 0.000518]",39.85,0.004404015056461731
JELLYJELLY,-0.004332,Moderate,-6e-05,0.000156,0.004272,High,0.0329,0.046,39.82,1.0,1000,398.18,39.82,1738555200000,"[-0.000281, 5e-05, 5e-05]",39.82,0.010878955298844802
NKN,-0.00562,Strong,-0.000449,0.000202,0.005171,Medium,0.01933,0.02702,39.78,1.0,1000,397.83,39.78,1744992000000,"[-0.000507, -0.000662, -0.000177]",39.78,0.01412770236299648
IDOL,-0.004267,Moderate,-0.000333,0.000179,0.003934,High,0.01192,0.01665,39.68,1.0,1000,396.81,39.68,1751774400000,"[-0.000281, -0.000145, -0.000573]",39.68,0.010753528225806452
J,-0.001043,Mild,-0.000119,0.000134,0.000924,High,0.2993,0.4175,39.49,1.0,1000,394.92,39.49,1737964800000,"[-0.000106, -0.00029, 3.8e-05]",39.49,0.00264117498100785
FUN,-0.00136,Mild,-0.000237,0.000121,0.001123,High,0.011214,0.01563,39.38,1.0,1000,393.79,39.38,1751594400000,"[-0.000182, -0.000405, -0.000123]",39.38,0.0034535297105129504
BANK,-0.002681,Moderate,5e-06,6.4e-05,0.002686,High,0.04492,0.0626,39.36,1.0,1000,393.59,39.36,1746633600000,"[-8.6e-05, 5e-05, 5e-05]",39.36,0.006811483739837398
HNT,-0.003359,Moderate,-0.000268,5.1e-05,0.003091,High,3.13,4.357,39.2,1.0,1000,392.01,39.2,1744473600000,"[-0.000211, -0.000335, -0.000258]",39.2,0.008568877551020407
ARK,-0.001031,Mild,-5.3e-05,8.5e-05,0.000978,High,0.3976,0.5533,39.16,1.0,1000,391.6,39.16,1739721600000,"[-0.000151, 5.6e-05, -6.3e-05]",39.16,0.0026327885597548523
MASA,-0.002836,Moderate,-0.000261,0.000198,0.002575,High,0.02328,0.03231,38.79,1.0,1000,387.89,38.79,1746604800000,"[-0.000451, 1.3e-05, -0.000344]",38.79,0.007311162670791442
MAGIC,-0.016547,Strong,2.9e-05,2.9e-05,0.016576,High,0.1551,0.2151,38.68,1.0,1000,386.85,38.68,1751990400000,"[5e-05, 5e-05, -1.2e-05]",38.68,0.04277921406411582
FWOG,-0.002029,Moderate,0.000125,1.3e-05,0.002154,High,0.0557,0.0771,38.42,1.0,1000,384.2,38.42,1739995200000,"[0.000107, 0.000134, 0.000135]",38.42,0.005281103591879229
ALEO,-0.002344,Moderate,-0.000666,0.000298,0.001678,Medium,0.1937,0.268,38.36,1.0,1000,383.58,38.36,1744963200000,"[-0.000425, -0.000487, -0.001086]",38.36,0.0061105318039624615
PERP,-0.005629,Strong,5e-05,0.0,0.005679,High,0.2455,0.3394,38.25,1.0,1000,382.48,38.25,1745121600000,"[5e-05, 5e-05, 5e-05]",38.25,0.014716339869281047
XCN,-0.001316,Mild,-0.000646,0.000124,0.00067,High,0.028803,0.039816,38.24,1.0,1000,382.36,38.24,1738152000000,"[-0.000703, -0.000474, -0.000761]",38.24,0.003441422594142259
APE,-0.004875,Moderate,-0.00011,0.000297,0.004765,Medium,1.272,1.7566,38.1,1.0,1000,380.97,38.1,1729411200000,"[-0.000531, 0.0001, 0.0001]",38.1,0.012795275590551181
SWARMS,-0.001614,Mild,-6e-05,0.000123,0.001554,High,0.4495,0.6207,38.09,1.0,1000,380.87,38.09,1736208000000,"[0.0001, -0.0002, -8.1e-05]",38.09,0.0042373326332370695
PLUME,-0.00126,Mild,-0.00035,0.00024,0.00091,Medium,0.0896,0.1237,38.06,1.0,1000,380.58,38.06,1751400000000,"[-0.000671, -9.3e-05, -0.000286]",38.06,0.003310562270099842
ZERO,-0.005935,Strong,-4.1e-05,0.000142,0.005894,High,0.000439,0.000605,37.81,1.0,1000,378.13,37.81,1715414400000,"[-0.000201, -6.7e-05, 0.000144]",37.81,0.01569690558053425
XION,-0.001115,Mild,3.1e-05,9.7e-05,0.001146,High,1.112,1.532,37.77,1.0,1000,377.7,37.77,1738857600000,"[0.0001, -0.000106, 0.0001]",37.77,0.0029520783690759863
CKB,-0.001203,Mild,0.0001,0.0,0.001303,High,0.007211,0.009927,37.66,1.0,1000,376.65,37.66,1707811200000,"[0.0001, 0.0001, 0.0001]",37.66,0.003194370685077005
AKT,-0.001352,Mild,0.0001,0.0,0.001452,High,1.986,2.733,37.61,1.0,1000,376.13,37.61,1722844800000,"[0.0001, 0.0001, 0.0001]",37.61,0.0035947886200478596
RSS3,-0.01031,Strong,-0.000232,0.000239,0.010078,Medium,0.0641,0.0881,37.44,1.0,1000,374.41,37.44,1744416000000,"[-0.000455, -0.00034, 0.0001]",37.44,0.027537393162393165
JELLYJELLY,-0.001368,Mild,-1e-05,8.4e-05,0.001358,High,0.0326,0.0448,37.42,1.0,1000,374.23,37.42,1738483200000,"[5e-05, -0.000129, 5e-05]",37.42,0.0036557990379476215
M,-0.025086,Strong,-0.005046,1e-06,0.02004,High,0.162,0.2226,37.41,1.0,1000,374.07,37.41,1751889600000,"[-0.005044, -0.005047, -0.005046]",37.41,0.06705693664795509
EPIC,-0.001284,Mild,-4.3e-05,0.000105,0.001241,High,2.0121,2.7646,37.4,1.0,1000,373.99,37.4,1752868800000,"[5e-05, -0.00019, 1.1e-05]",37.4,0.003433155080213904
API3,-0.010173,Strong,5e-05,0.0,0.010223,High,0.716,0.9838,37.4,1.0,1000,374.02,37.4,1742241600000,"[5e-05, 5e-05, 5e-05]",37.4,0.027200534759358286
OGN,-0.001305,Mild,6.9e-05,3.5e-05,0.001374,High,0.1114,0.1528,37.16,1.0,1000,371.63,37.16,1735286400000,"[0.0001, 2.1e-05, 8.7e-05]",37.16,0.0035118406889128096
TOSHI,-0.001901,Mild,5e-05,0.0,0.001951,High,0.000316,0.000433,37.09,1.0,1000,370.25,37.03,1744430400000,"[5e-05, 5e-05, 5e-05]",37.03,0.005125370719870585
T,-0.001115,Mild,-8.7e-05,0.000251,0.001028,Medium,0.0206,0.02821,36.94,1.0,1000,369.42,36.94,1723276800000,"[8.1e-05, -0.000442, 0.0001]",36.94,0.0030184082295614516
MYX,-0.001129,Mild,-0.00016,0.000232,0.000969,Medium,0.048,0.06562,36.71,1.0,1000,367.08,36.71,1750377600000,"[-0.000483, 5e-05, -4.6e-05]",36.71,0.0030754562789430673
EDGE,-0.00496,Moderate,-2.1e-05,5e-06,0.004939,High,0.1686,0.23,36.42,1.0,1000,364.18,36.42,1753344000000,"[-1.8e-05, -1.8e-05, -2.8e-05]",36.42,0.013618890719384952
GLM,-0.001449,Mild,-0.000782,0.000158,0.000667,High,0.3017,0.4112,36.29,1.0,1000,362.94,36.29,1740268800000,"[-0.001005, -0.000682, -0.000658]",36.29,0.003992835491871039
ORBS,-0.007927,Strong,7.4e-05,3.4e-05,0.008001,High,0.03837,0.05227,36.23,1.0,1000,362.26,36.23,1712952000000,"[5e-05, 0.000123, 5e-05]",36.23,0.021879657742202598
RARE,-0.001613,Mild,6e-06,4.5e-05,0.001619,High,0.09045,0.1226,35.54,1.0,1000,355.44,35.54,1741881600000,"[5e-05, -5.6e-05, 2.5e-05]",35.54,0.004538548114800226
CTC,-0.002465,Moderate,0.000659,0.000299,0.003124,Medium,2.1407,2.9,35.47,1.0,1000,354.7,35.47,1733385600000,"[0.000762, 0.000963, 0.000253]",35.47,0.006949534818156189
H,-0.005401,Strong,-0.000265,0.000167,0.005136,High,0.07,0.09479,35.41,1.0,1000,354.14,35.41,1751400000000,"[-0.000434, -3.7e-05, -0.000325]",35.41,0.015252753459474726
FLM,-0.001199,Mild,-9.7e-05,0.000162,0.001102,High,0.0156,0.0211,35.26,1.0,1000,352.56,35.26,1745020800000,"[-1.8e-05, -0.000322, 5e-05]",35.26,0.0034004537719795804
KAITO,-0.002924,Moderate,-0.001584,0.000133,0.00134,High,1.4717,1.988,35.08,1.0,1000,350.82,35.08,1740326400000,"[-0.001404, -0.001628, -0.00172]",35.08,0.008335233751425314
IDOL,-0.004049,Moderate,-7e-06,0.000142,0.004042,High,0.01347,0.01819,35.04,1.0,1000,350.41,35.04,1751630400000,"[0.00014, -0.0002, 3.8e-05]",35.04,0.011555365296803653
D,-0.00143,Mild,5e-05,0.0,0.00148,High,0.11006,0.14827,34.72,1.0,1000,347.17,34.72,1737993600000,"[5e-05, 5e-05, 5e-05]",34.72,0.004118663594470046
PLUME,-0.001331,Mild,-2.5e-05,0.000106,0.001306,High,0.1337,0.1801,34.7,1.0,1000,347.05,34.7,1738108800000,"[-0.000174, 5e-05, 5e-05]",34.7,0.0038357348703170024
ZETA,-0.001644,Mild,-3.1e-05,0.000103,0.001613,High,0.5454,0.7345,34.67,1.0,1000,346.72,34.67,1723276800000,"[-0.000176, 3.3e-05, 5e-05]",34.67,0.004741851745024517
XCN,-0.001054,Mild,-9.1e-05,0.000199,0.000963,High,0.016696,0.022478,34.63,1.0,1000,346.31,34.63,1747296000000,"[-0.000372, 5e-05, 5e-05]",34.63,0.0030436038117239383
RESOLV,-0.002936,Moderate,-7.8e-05,0.000181,0.002858,High,0.17754,0.23874,34.47,1.0,1000,344.71,34.47,1753200000000,"[5e-05, 5e-05, -0.000333]",34.47,0.008517551494052799
PLUME,-0.004982,Moderate,-5.3e-05,0.000135,0.004929,High,0.1552,0.208,34.02,1.0,1000,340.21,34.02,1737504000000,"[-8.5e-05, 0.000126, -0.0002]",34.02,0.014644326866549087
PHA,-0.003216,Moderate,0.0001,0.0,0.003316,High,0.1814,0.2431,34.01,1.0,1000,340.13,34.01,1735027200000,"[0.0001, 0.0001, 0.0001]",34.01,0.009456042340488094
STEEM,-0.001446,Mild,-0.000117,0.000133,0.001329,High,0.2191,0.2932,33.82,1.0,1000,338.2,33.82,1735300800000,"[-0.000288, -9.8e-05, 3.5e-05]",33.82,0.004275576581904199
SHELL,-0.004981,Moderate,-9.9e-05,0.000143,0.004882,High,0.4635,0.62,33.76,1.0,1000,337.65,33.76,1739721600000,"[-0.0002, -0.0002, 0.000103]",33.76,0.014754146919431282
OL,-0.001827,Mild,0.0001,0.0,0.001927,High,0.03173,0.04244,33.75,1.0,1000,337.54,33.75,1744704000000,"[0.0001, 0.0001, 0.0001]",33.75,0.005413333333333333
UXLINK,-0.002839,Moderate,-0.000132,0.000112,0.002707,High,0.2279,0.3045,33.61,1.0,1000,336.11,33.61,1726041600000,"[2.2e-05, -0.000176, -0.000242]",33.61,0.008446890806307646
NKN,-0.001546,Mild,-0.000117,0.000136,0.001429,High,0.03473,0.04639,33.57,1.0,1000,335.73,33.57,1745467200000,"[-2.2e-05, -1.9e-05, -0.000309]",33.57,0.00460530235329163
HAEDAL,-0.003117,Moderate,-0.000137,0.000278,0.00298,Medium,0.1565,0.2088,33.42,1.0,1000,334.19,33.42,1746172800000,"[-0.00053, 5e-05, 6.8e-05]",33.42,0.009326750448833035
H,-0.002302,Moderate,-0.000141,0.000145,0.002161,High,0.06926,0.09233,33.31,1.0,1000,333.09,33.31,1751511600000,"[-0.000101, 1.2e-05, -0.000335]",33.31,0.006910837586310416
ATH,-0.001803,Mild,-0.000457,0.000215,0.001346,Medium,0.06495,0.08653,33.23,1.0,1000,332.26,33.23,1723564800000,"[-0.000747, -0.000391, -0.000233]",33.23,0.005425820042130605
AIOT,-0.002772,Moderate,-0.000164,0.000236,0.002608,Medium,0.13981,0.18627,33.23,1.0,1000,332.31,33.23,1750003200000,"[-0.000297, -0.000362, 0.000167]",33.23,0.008341859765272346
XCN,-0.001099,Mild,-4e-05,9.9e-05,0.001059,High,0.020649,0.027497,33.16,1.0,1000,331.64,33.16,1739332800000,"[8e-06, 5e-05, -0.000177]",33.16,0.0033142340168878168
FLOCK,-0.00238,Moderate,-0.000131,0.000256,0.002249,Medium,0.1874,0.2494,33.08,1.0,1000,330.84,33.08,1737561600000,"[-0.000492, 5e-05, 5e-05]",33.08,0.007194679564691658
FB,-0.002384,Moderate,0.0001,0.0,0.002484,High,1.046,1.39,32.89,1.0,1000,328.87,32.89,1741766400000,"[0.0001, 0.0001, 0.0001]",32.89,0.0072484037701429
AURASOL,-0.02003,Strong,3.1e-05,0.000163,0.020061,High,0.16233,0.21571,32.88,1.0,1000,328.84,32.88,1749729600000,"[-0.0002, 0.000146, 0.000146]",32.88,0.060918491484184906
FHE,-0.001037,Mild,5e-05,0.0,0.001087,High,0.05866,0.07791,32.82,1.0,1000,328.16,32.82,1744660800000,"[5e-05, 5e-05, 5e-05]",32.82,0.003159658744667885
AVL,-0.001167,Mild,-0.000142,0.000261,0.001025,Medium,0.3468,0.4599,32.61,1.0,1000,326.12,32.61,1740240000000,"[-0.000511, 3.5e-05, 5e-05]",32.61,0.0035786568537258512
VVV,-0.001019,Mild,-4.7e-05,9e-05,0.000972,High,3.95,5.234,32.51,1.0,1000,325.06,32.51,1746043200000,"[5e-05, -0.000167, -2.4e-05]",32.51,0.003134420178406644
HIVE,-0.005979,Strong,-5.5e-05,0.000149,0.005924,High,0.3432,0.4547,32.49,1.0,1000,324.88,32.49,1735358400000,"[5e-05, 5e-05, -0.000266]",32.49,0.01840258541089566
CVC,-0.004841,Moderate,-0.000172,4.5e-05,0.004669,High,0.14611,0.19334,32.32,1.0,1000,323.25,32.32,1728028800000,"[-0.000115, -0.000174, -0.000226]",32.32,0.014978341584158415
STEEM,-0.009246,Strong,5e-05,0.0,0.009296,High,0.2664,0.3521,32.17,1.0,1000,321.7,32.17,1735358400000,"[5e-05, 5e-05, 5e-05]",32.17,0.028741063102269194
LEVER,-0.006883,Strong,0.0001,0.0,0.006983,High,0.000737,0.000974,32.21,1.0,1000,321.57,32.16,1745568000000,"[0.0001, 0.0001, 0.0001]",32.16,0.021369140018627757
CARV,-0.004514,Moderate,-0.002544,0.000126,0.00197,High,0.7784,1.028,32.07,1.0,1000,320.66,32.07,1730880000000,"[-0.002376, -0.002577, -0.002679]",32.07,0.014075459931400061
TOSHI,-0.003383,Moderate,-8e-06,8.2e-05,0.003375,High,0.000669,0.000883,32.08,1.0,1000,319.88,31.99,1739404800000,"[-0.000123, 5e-05, 5e-05]",31.99,0.010545511221945138
ORCA,-0.02,Strong,-2.7e-05,0.000107,0.019973,High,2.727,3.592,31.72,1.0,1000,317.2,31.72,1742544000000,"[4.8e-05, -0.000178, 5e-05]",31.72,0.06305170239596469
ENJ,-0.005235,Strong,-4e-06,0.000147,0.005231,High,0.0885,0.1165,31.64,1.0,1000,316.38,31.64,1745193600000,"[-0.000211, 0.0001, 0.0001]",31.64,0.01654551201011378
AERO,-0.00842,Strong,-0.000154,0.000288,0.008266,Medium,0.782,1.029,31.59,1.0,1000,315.86,31.59,1738555200000,"[-0.000561, 5e-05, 5e-05]",31.59,0.02665400443178221
MOVE,-0.001897,Mild,-0.00057,0.000215,0.001327,Medium,0.8599,1.1305,31.47,1.0,1000,314.69,31.47,1734667200000,"[-0.000784, -0.000275, -0.00065]",31.47,0.006027963139497935
STEEM,-0.002471,Moderate,5e-05,0.0,0.002521,High,0.1967,0.2586,31.47,1.0,1000,314.69,31.47,1734840000000,"[5e-05, 5e-05, 5e-05]",31.47,0.007851922465840483
A8,-0.001498,Mild,-0.0001,0.000149,0.001398,High,0.32803,0.43125,31.47,1.0,1000,314.67,31.47,1734336000000,"[-0.000145, -0.000256, 0.0001]",31.47,0.004760088973625676
ACX,-0.001666,Mild,0.0,4.6e-05,0.001666,High,0.2836,0.3728,31.45,1.0,1000,314.53,31.45,1738555200000,"[1.1e-05, 5e-05, -6.1e-05]",31.45,0.005297297297297297
XCN,-0.001242,Mild,-0.000324,0.00028,0.000918,Medium,0.014877,0.019555,31.44,1.0,1000,314.45,31.44,1740859200000,"[5e-05, -0.000398, -0.000624]",31.44,0.003950381679389313
XEM,-0.010097,Strong,0.0001,0.0,0.010197,High,0.02599,0.03415,31.4,1.0,1000,313.97,31.4,1732867200000,"[0.0001, 0.0001, 0.0001]",31.4,0.03215605095541401
KERNEL,-0.002772,Moderate,-0.001393,0.000258,0.001379,Medium,0.2006,0.2633,31.26,1.0,1000,312.56,31.26,1753401600000,"[-0.001715, -0.001379, -0.001084]",31.26,0.008867562380038389
CGPT,-0.002374,Moderate,5e-05,0.0,0.002424,High,0.1949,0.2555,31.09,1.0,1000,310.93,31.09,1734912000000,"[5e-05, 5e-05, 5e-05]",31.09,0.007635895786426503
XCN,-0.001317,Mild,2.9e-05,2.9e-05,0.001346,High,0.015882,0.020818,31.08,1.0,1000,310.79,31.08,1740931200000,"[5e-05, 5e-05, -1.2e-05]",31.08,0.004237451737451738
VIRTUAL,-0.00104,Mild,-4.9e-05,2.8e-05,0.000991,High,1.0012,1.3107,30.91,1.0,1000,309.13,30.91,1740038400000,"[-7.5e-05, -1e-05, -6.3e-05]",30.91,0.0033646069233257843
HYPER,-0.004331,Moderate,-0.000147,0.000237,0.004184,Medium,0.4111,0.5375,30.75,1.0,1000,307.47,30.75,1753286400000,"[-0.000481, -1.1e-05, 5e-05]",30.75,0.014084552845528455
MEME,-0.015733,Strong,-0.000222,0.000184,0.015511,High,0.00196,0.002561,30.66,1.0,1000,306.63,30.66,1744963200000,"[-0.000482, -8.3e-05, -0.0001]",30.66,0.05131441617742988
SPEC,-0.002976,Moderate,0.0001,0.0,0.003076,High,0.747,0.976,30.66,1.0,1000,306.56,30.66,1750867200000,"[0.0001, 0.0001, 0.0001]",30.66,0.009706457925636009
SPELL,-0.001548,Mild,-0.000128,0.000211,0.00142,Medium,0.000646,0.000844,30.68,1.0,1000,306.5,30.65,1742025600000,"[-0.000427, 3e-05, 1.2e-05]",30.65,0.005045632333767926
AMP,-0.001532,Mild,-1.4e-05,0.000197,0.001518,High,0.004998,0.006529,30.63,1.0,1000,306.32,30.63,1732651200000,"[-0.000293, 0.000112, 0.000138]",30.63,0.0050016323865491345
SNT,-0.001197,Mild,-0.000466,0.000258,0.000731,Medium,0.03267,0.04266,30.58,1.0,1000,305.79,30.58,1749988800000,"[-0.000152, -0.000783, -0.000464]",30.58,0.003914323086984957
MASA,-0.001239,Mild,0.0001,0.0,0.001339,High,0.03231,0.04209,30.27,1.0,1000,302.69,30.27,1740585600000,"[0.0001, 0.0001, 0.0001]",30.27,0.004093161546085234
SNT,-0.005245,Strong,6.5e-05,5e-05,0.00531,High,0.02057,0.02679,30.24,1.0,1000,302.38,30.24,1744732800000,"[-6e-06, 0.0001, 0.0001]",30.24,0.017344576719576718
GAS,-0.002941,Moderate,-0.000176,9.3e-05,0.002765,High,2.941,3.83,30.23,1.0,1000,302.28,30.23,1744466400000,"[-5.2e-05, -0.000199, -0.000277]",30.23,0.00972874627853126
DOLO,-0.00143,Mild,3e-05,1.4e-05,0.00146,High,0.03453,0.04495,30.18,1.0,1000,301.77,30.18,1751428800000,"[1.7e-05, 5e-05, 2.3e-05]",30.18,0.004738237243207422
GOONC,-0.005052,Strong,4.2e-05,0.000174,0.005094,High,0.02492,0.0324,30.02,1.0,1000,300.16,30.02,1747569600000,"[-0.0002, 0.000125, 0.0002]",30.02,0.01682878081279147
VOXEL,-0.001862,Mild,-0.000111,6.3e-05,0.001751,High,0.07111,0.09246,30.02,1.0,1000,300.24,30.02,1745528400000,"[-0.00019, -0.000109, -3.5e-05]",30.02,0.006202531645569619
STEEM,-0.006942,Strong,-0.000364,0.000115,0.006578,High,0.1149,0.1492,29.85,1.0,1000,298.52,29.85,1744171200000,"[-0.000511, -0.000231, -0.00035]",29.85,0.023256281407035177
FLOCK,-0.001832,Mild,5e-05,0.0,0.001882,High,0.1072,0.1391,29.76,1.0,1000,297.57,29.76,1745827200000,"[5e-05, 5e-05, 5e-05]",29.76,0.006155913978494624
FUN,-0.007521,Strong,-0.000455,0.000167,0.007066,High,0.010161,0.013175,29.66,1.0,1000,296.62,29.66,1751518800000,"[-0.000248, -0.000461, -0.000656]",29.66,0.02535738368172623
GLM,-0.003404,Moderate,0.000211,0.000269,0.003615,Medium,0.4889,0.6334,29.56,1.0,1000,295.56,29.56,1732521600000,"[0.000121, -6.4e-05, 0.000577]",29.56,0.011515561569688769
VELODROME,-0.001118,Mild,5e-05,0.0,0.001168,High,0.0643,0.0833,29.55,1.0,1000,295.49,29.55,1738555200000,"[5e-05, 5e-05, 5e-05]",29.55,0.0037834179357022
DEEP,-0.003701,Moderate,-0.001918,0.000258,0.001783,Medium,0.07922,0.10248,29.36,1.0,1000,293.61,29.36,1744732800000,"[-0.001923, -0.001599, -0.002232]",29.36,0.01260558583106267
ZRC,-0.003741,Moderate,-0.000248,0.000189,0.003493,High,0.03976,0.05142,29.33,1.0,1000,293.26,29.33,1753372800000,"[-0.00043, -0.000325, 1.2e-05]",29.33,0.012754858506648483
BID,-0.001142,Mild,-7.2e-05,0.000172,0.00107,High,0.08092,0.10459,29.25,1.0,1000,292.51,29.25,1750291200000,"[5e-05, -0.000315, 5e-05]",29.25,0.0039042735042735047
HIVE,-0.02,Strong,5e-05,0.0,0.02005,High,0.4868,0.6288,29.17,1.0,1000,291.7,29.17,1736049600000,"[5e-05, 5e-05, 5e-05]",29.17,0.06856359273225916
MOVE,-0.001005,Mild,-0.000406,0.000211,0.000599,Medium,0.4533,0.5855,29.16,1.0,1000,291.64,29.16,1742904000000,"[-0.000693, -0.000333, -0.000193]",29.16,0.0034465020576131687
L3,-0.005428,Strong,-0.000812,0.000161,0.004616,High,0.06309,0.08144,29.09,1.0,1000,290.85,29.09,1740844800000,"[-0.000889, -0.000588, -0.00096]",29.09,0.018659333104159504
SOPH,-0.001207,Mild,1.2e-05,0.0,0.001219,High,0.05787,0.07468,29.05,1.0,1000,290.48,29.05,1748851200000,"[1.2e-05, 1.2e-05, 1.2e-05]",29.05,0.004154905335628227
SAHARA,-0.005128,Strong,-0.000348,0.000242,0.00478,Medium,0.08414,0.10842,28.86,1.0,1000,288.57,28.86,1751072400000,"[-0.000686, -0.000133, -0.000224]",28.86,0.01776853776853777
PIPPIN,-0.001869,Mild,0.000151,3.6e-05,0.00202,High,0.12744,0.16416,28.81,1.0,1000,288.14,28.81,1737734400000,"[0.0001, 0.000168, 0.000184]",28.81,0.006487330787920862
CLOUD,-0.012746,Strong,8.9e-05,1.6e-05,0.012835,High,0.1225,0.1577,28.73,1.0,1000,287.35,28.73,1748534400000,"[0.0001, 6.6e-05, 0.0001]",28.73,0.04436477549599722
NS,-0.002099,Moderate,-0.000228,0.000205,0.001871,Medium,0.2077,0.2673,28.7,1.0,1000,286.95,28.7,1737849600000,"[-0.00031, 5.3e-05, -0.000428]",28.7,0.007313588850174217
GRASS,-0.001271,Mild,-0.000251,0.000261,0.00102,Medium,1.1683,1.5033,28.67,1.0,1000,286.74,28.67,1738972800000,"[-0.000586, -0.000217, 5e-05]",28.67,0.004433205441227764
WAL,-0.001008,Mild,-0.000229,5.9e-05,0.000779,High,0.5348,0.6881,28.66,1.0,1000,286.65,28.66,1745712000000,"[-0.000258, -0.000147, -0.000283]",28.66,0.003517096999302163
SAHARA,-0.002093,Moderate,-0.00062,0.000132,0.001473,High,0.08458,0.1087,28.52,1.0,1000,285.17,28.52,1751101200000,"[-0.000649, -0.000446, -0.000765]",28.52,0.007338709677419354
HUMA,-0.001328,Mild,-0.000113,5e-05,0.001215,High,0.04563,0.05864,28.51,1.0,1000,285.12,28.51,1749211200000,"[-0.000182, -6.4e-05, -9.3e-05]",28.51,0.0046580147316730965
RFC,-0.001194,Mild,-0.000114,0.000232,0.00108,Medium,0.05956,0.0765,28.44,1.0,1000,284.42,28.44,1744992000000,"[-0.000442, 5e-05, 5e-05]",28.44,0.00419831223628692
MNT,-0.001487,Mild,0.000199,4.2e-05,0.001686,High,1.167,1.4986,28.41,1.0,1000,284.15,28.41,1711526400000,"[0.000244, 0.000211, 0.000143]",28.41,0.00523407250967969
MELANIA,-0.001926,Mild,5e-05,0.0,0.001976,High,1.404,1.802,28.35,1.0,1000,283.48,28.35,1738656000000,"[5e-05, 5e-05, 5e-05]",28.35,0.006793650793650793
SPX,-0.001504,Mild,-0.000231,0.000221,0.001273,Medium,0.624,0.8004,28.27,1.0,1000,282.69,28.27,1734912000000,"[1.3e-05, -0.000522, -0.000184]",28.27,0.005320127343473646
FUN,-0.001523,Mild,-0.000131,0.000102,0.001392,High,0.01,0.01282,28.2,1.0,1000,282.0,28.2,1751482800000,"[-0.00018, -0.000224, 1.2e-05]",28.2,0.005400709219858157
ORCA,-0.001483,Mild,-0.000101,0.0001,0.001382,High,2.758,3.534,28.14,1.0,1000,281.36,28.14,1744596000000,"[-0.000229, -9.1e-05, 1.6e-05]",28.14,0.0052700781805259415
FLOCK,-0.01,Strong,-0.002,0.0,0.008,High,0.2372,0.3038,28.08,1.0,1000,280.78,28.08,1748833200000,"[-0.002, -0.002, -0.002]",28.08,0.03561253561253561
BID,-0.002681,Moderate,3.4e-05,2.2e-05,0.002715,High,0.04926,0.06307,28.03,1.0,1000,280.35,28.03,1748908800000,"[3e-06, 5e-05, 5e-05]",28.03,0.009564752051373528
REQ,-0.00244,Moderate,0.0001,0.0,0.00254,High,0.17531,0.2243,27.94,1.0,1000,279.45,27.94,1711468800000,"[0.0001, 0.0001, 0.0001]",27.94,0.008732999284180386
SXP,-0.004415,Moderate,0.0001,0.0,0.004515,High,0.2764,0.3534,27.86,1.0,1000,278.58,27.86,1726761600000,"[0.0001, 0.0001, 0.0001]",27.86,0.015847092605886574
LPT,-0.002522,Moderate,-0.00022,0.000225,0.002302,Medium,8.412,10.755,27.85,1.0,1000,278.53,27.85,1749056400000,"[-0.000536, -9.1e-05, -3.3e-05]",27.85,0.009055655296229802
ARCSOL,-0.005219,Strong,-5e-06,7.8e-05,0.005214,High,0.3049,0.3894,27.71,1.0,1000,277.14,27.71,1739462400000,"[-0.000115, 5e-05, 5e-05]",27.71,0.018834355828220857
GRASS,-0.001956,Mild,-0.000853,0.000245,0.001103,Medium,1.5977,2.0399,27.68,1.0,1000,276.77,27.68,1730793600000,"[-0.000916, -0.001116, -0.000526]",27.68,0.007066473988439306
GAS,-0.019482,Strong,-0.000543,9.1e-05,0.018939,High,2.44,3.114,27.62,1.0,1000,276.23,27.62,1744171200000,"[-0.000596, -0.000619, -0.000415]",27.62,0.07053584359160028
FLOCK,-0.001077,Mild,1.2e-05,0.0,0.001089,High,0.1995,0.2544,27.52,1.0,1000,275.19,27.52,1749189600000,"[1.2e-05, 1.2e-05, 1.2e-05]",27.52,0.003913517441860465
CLOUD,-0.010824,Strong,0.0001,0.0,0.010924,High,0.234,0.2982,27.44,1.0,1000,274.36,27.44,1724947200000,"[0.0001, 0.0001, 0.0001]",27.44,0.039446064139941686
WAXP,-0.001239,Mild,-0.000576,7.8e-05,0.000663,High,0.02259,0.02877,27.36,1.0,1000,273.57,27.36,1744977600000,"[-0.000681, -0.000552, -0.000495]",27.36,0.004528508771929824
KERNEL,-0.001064,Mild,-0.000134,0.000131,0.00093,High,0.1251,0.1592,27.26,1.0,1000,272.58,27.26,1752163200000,"[-0.000206, -0.000245, 5e-05]",27.26,0.0039031548055759356
MYX,-0.004348,Moderate,-0.000748,0.000276,0.0036,Medium,0.05924,0.07538,27.25,1.0,1000,272.45,27.25,1750406400000,"[-0.000632, -0.001129, -0.000483]",27.25,0.015955963302752292
AUCTION,-0.001407,Mild,-0.00062,0.000284,0.000787,Medium,32.04,40.77,27.25,1.0,1000,272.47,27.25,1742299200000,"[-0.000286, -0.00098, -0.000595]",27.25,0.005163302752293578
ZBCN,-0.00467,Moderate,8.5e-05,2.2e-05,0.004755,High,0.001356,0.001724,27.15,1.0,1000,271.39,27.14,1739808000000,"[5.4e-05, 0.0001, 0.0001]",27.14,0.01720073664825046
AUDIO,-0.003912,Moderate,0.000128,4e-05,0.00404,High,0.208,0.2644,27.12,1.0,1000,271.15,27.12,1716508800000,"[0.0001, 0.000185, 0.0001]",27.12,0.014424778761061945
MEMEFI,-0.001275,Mild,5e-06,0.000146,0.00128,High,0.000691,0.000878,27.06,1.0,1000,270.62,27.06,1744905600000,"[-9.1e-05, 0.000211, -0.000106]",27.06,0.0047117516629711755
VVV,-0.001615,Mild,-0.000174,0.00028,0.001441,Medium,5.022,6.38,27.04,1.0,1000,270.41,27.04,1738684800000,"[-3e-06, -0.000569, 5e-05]",27.04,0.005972633136094674
TOKEN,-0.002246,Moderate,-0.000563,0.000232,0.001683,Medium,0.06086,0.07731,27.03,1.0,1000,270.29,27.03,1724097600000,"[-0.000603, -0.000261, -0.000825]",27.03,0.008309285978542361
IMX,-0.001306,Mild,5e-05,0.0,0.001356,High,0.5407,0.6866,26.98,1.0,1000,269.84,26.98,1745337600000,"[5e-05, 5e-05, 5e-05]",26.98,0.004840622683469237
FIS,-0.00487,Moderate,5e-05,0.0,0.00492,High,0.1399,0.17761,26.95,1.0,1000,269.55,26.95,1753473600000,"[5e-05, 5e-05, 5e-05]",26.95,0.018070500927643784
TOSHI,-0.003099,Moderate,0.0001,0.0,0.003199,High,0.00039,0.000495,27.01,1.0,1000,269.23,26.92,1737273600000,"[0.0001, 0.0001, 0.0001]",26.92,0.011473528322843391
REZ,-0.016115,Strong,-4.9e-05,8.1e-05,0.016066,High,0.02371,0.03009,26.91,1.0,1000,269.08,26.91,1741204800000,"[-4.8e-05, -0.000148, 5e-05]",26.91,0.05988480118914902
OGN,-0.001425,Mild,0.0001,0.0,0.001525,High,0.1569,0.1991,26.9,1.0,1000,268.96,26.9,1716566400000,"[0.0001, 0.0001, 0.0001]",26.9,0.0052973977695167295
ATA,-0.001709,Mild,-0.000215,0.000114,0.001494,High,0.1949,0.2473,26.89,1.0,1000,268.86,26.89,1735747200000,"[-0.000122, -0.000376, -0.000146]",26.89,0.006355522499070286
ARK,-0.005971,Strong,2e-06,4.6e-05,0.005973,High,0.3061,0.3877,26.66,1.0,1000,266.58,26.66,1743897600000,"[2.2e-05, 4.6e-05, -6.1e-05]",26.66,0.022396849212303074
XVG,-0.001283,Mild,-1.4e-05,9.8e-05,0.001269,High,0.014061,0.017793,26.54,1.0,1000,265.41,26.54,1733932800000,"[-2e-06, -0.00014, 0.0001]",26.54,0.004834212509419744
GRASS,-0.002273,Moderate,-0.001382,0.000261,0.000891,Medium,0.9958,1.2598,26.51,1.0,1000,265.11,26.51,1730347200000,"[-0.001154, -0.001246, -0.001747]",26.51,0.008574122972463221
DYM,-0.001213,Mild,1.1e-05,5.5e-05,0.001224,High,1.858,2.348,26.37,1.0,1000,263.72,26.37,1721217600000,"[-6.6e-05, 5e-05, 5e-05]",26.37,0.00459992415623815
AGLD,-0.002848,Moderate,-0.000129,0.000227,0.002719,Medium,1.6457,2.078,26.27,1.0,1000,262.68,26.27,1734768000000,"[8.4e-05, -2.7e-05, -0.000444]",26.27,0.010841263799010278
AIOZ,-0.003922,Moderate,6.7e-05,4.7e-05,0.003989,High,0.485,0.6122,26.23,1.0,1000,262.27,26.23,1738569600000,"[0.0001, 0.0001, 1e-06]",26.23,0.014952344643537936
LAYER,-0.001351,Mild,-0.000464,0.000247,0.000887,Medium,1.0098,1.2745,26.21,1.0,1000,262.13,26.21,1742472000000,"[-0.000733, -0.000136, -0.000522]",26.21,0.005154521175123998
MLN,-0.001364,Mild,5e-05,0.0,0.001414,High,9.39,11.85,26.2,1.0,1000,261.98,26.2,1743768000000,"[5e-05, 5e-05, 5e-05]",26.2,0.005206106870229007
MOVE,-0.001227,Mild,-0.000394,0.000182,0.000833,High,0.1561,0.197,26.2,1.0,1000,262.01,26.2,1750838400000,"[-0.000637, -0.000198, -0.000347]",26.2,0.0046832061068702285
MOVE,-0.00317,Moderate,-0.000671,0.000164,0.002499,High,0.1355,0.1709,26.13,1.0,1000,261.25,26.13,1750665600000,"[-0.000549, -0.000561, -0.000902]",26.13,0.012131649445082283
COOKIE,-0.001076,Mild,3.2e-05,2.5e-05,0.001108,High,0.5119,0.6454,26.08,1.0,1000,260.79,26.08,1736884800000,"[-3e-06, 5e-05, 5e-05]",26.08,0.004125766871165644
CARV,-0.001536,Mild,-0.000111,6.9e-05,0.001425,High,0.2533,0.3193,26.06,1.0,1000,260.56,26.06,1751616000000,"[-7.3e-05, -0.000208, -5.3e-05]",26.06,0.005894090560245587
A8,-0.002901,Moderate,0.00016,8.5e-05,0.003061,High,0.2055,0.259,26.03,1.0,1000,260.34,26.03,1733270400000,"[0.0001, 0.0001, 0.00028]",26.03,0.011144832885132537
TOSHI,-0.001262,Mild,-0.000119,0.000127,0.001143,High,0.000653,0.000823,26.11,1.0,1000,260.34,26.03,1747526400000,"[-0.000258, 5e-05, -0.000148]",26.03,0.004833397165836845
VTHO,-0.002092,Moderate,-0.000792,0.000189,0.0013,High,0.004452,0.005593,25.63,1.0,1000,256.29,25.63,1738569600000,"[-0.000546, -0.001006, -0.000824]",25.63,0.008162309793211081
SPX,-0.002531,Moderate,-0.00035,0.000271,0.002181,Medium,0.6655,0.8359,25.6,1.0,1000,256.05,25.6,1734249600000,"[-0.000596, 2.7e-05, -0.000482]",25.6,0.009886718749999999
XAI,-0.001882,Mild,3.9e-05,1.6e-05,0.001921,High,0.0544,0.0683,25.55,1.0,1000,255.51,25.55,1745179200000,"[1.7e-05, 5e-05, 5e-05]",25.55,0.007365949119373777
BLAST,-0.002946,Moderate,-0.000605,0.000179,0.002341,High,0.002138,0.002682,25.44,1.0,1000,254.44,25.44,1751558400000,"[-0.000847, -0.000419, -0.000549]",25.44,0.011580188679245281
QUICK,-0.003134,Moderate,-0.000395,0.000216,0.002739,Medium,0.02048,0.02568,25.39,1.0,1000,253.91,25.39,1752552000000,"[-0.000616, -0.000101, -0.000467]",25.39,0.012343442300118156
GRASS,-0.001126,Mild,0.000152,0.000108,0.001278,High,3.1731,3.9769,25.33,1.0,1000,253.32,25.33,1731052800000,"[1e-06, 0.000247, 0.000209]",25.33,0.004445321752862219
REZ,-0.001232,Mild,5e-05,0.0,0.001282,High,0.01386,0.01737,25.32,1.0,1000,253.25,25.32,1752609600000,"[5e-05, 5e-05, 5e-05]",25.32,0.004865718799368089
SLF,-0.004125,Moderate,-0.002082,0.000204,0.002043,Medium,0.0879,0.11,25.14,1.0,1000,251.42,25.14,1750636800000,"[-0.002029, -0.001863, -0.002354]",25.14,0.016408114558472554
BLUM,-0.001687,Mild,-5.6e-05,1.3e-05,0.001631,High,0.0653,0.0815,24.81,1.0,1000,248.09,24.81,1752508800000,"[-7.4e-05, -4.2e-05, -5.2e-05]",24.81,0.0067996775493752515
JASMY,-0.001589,Mild,-0.000798,3.8e-05,0.000791,High,0.014063,0.017549,24.79,1.0,1000,247.88,24.79,1744444800000,"[-0.000751, -0.000843, -0.0008]",24.79,0.006409842678499395
M,-0.005021,Strong,-8.7e-05,0.000159,0.004934,High,0.04729,0.059,24.76,1.0,1000,247.62,24.76,1751601600000,"[0.000138, -0.0002, -0.0002]",24.76,0.020278675282714057
MYX,-0.001244,Mild,9.3e-05,4.2e-05,0.001337,High,0.12961,0.16158,24.67,1.0,1000,246.66,24.67,1751184000000,"[0.00015, 5e-05, 8e-05]",24.67,0.0050425618159708144
MYRIA,-0.002153,Moderate,-3e-06,9.1e-05,0.00215,High,0.001687,0.002103,24.66,1.0,1000,246.59,24.66,1722844800000,"[1.2e-05, -0.000122, 0.0001]",24.66,0.00873073803730738
VANA,-0.003709,Moderate,-0.0004,0.000203,0.003309,Medium,7.76,9.67,24.61,1.0,1000,246.13,24.61,1740412800000,"[-0.000115, -0.000516, -0.00057]",24.61,0.015071109305160505
MYRO,-0.001736,Mild,5e-05,0.0,0.001786,High,0.01061,0.01322,24.6,1.0,1000,245.99,24.6,1744214400000,"[5e-05, 5e-05, 5e-05]",24.6,0.00705691056910569
ARPA,-0.003697,Moderate,0.0001,0.0,0.003797,High,0.04534,0.05649,24.59,1.0,1000,245.92,24.59,1738425600000,"[0.0001, 0.0001, 0.0001]",24.59,0.015034566897112647
DOG,-0.001506,Mild,-0.000776,0.000278,0.00073,Medium,0.001823,0.002271,24.57,1.0,1000,245.75,24.57,1740873600000,"[-0.000638, -0.001164, -0.000527]",24.57,0.006129426129426129
HIGH,-0.013173,Strong,-8.2e-05,2.8e-05,0.013091,High,0.5312,0.6615,24.53,1.0,1000,245.29,24.53,1745049600000,"[-0.00012, -5.3e-05, -7.4e-05]",24.53,0.05370158988993069
MOVE,-0.001206,Mild,2.9e-05,2.9e-05,0.001235,High,0.7066,0.8797,24.5,1.0,1000,244.98,24.5,1734580800000,"[-1.2e-05, 5e-05, 5e-05]",24.5,0.004922448979591837
ALEO,-0.00162,Mild,-0.001036,0.000146,0.000584,High,5.37,6.684,24.47,1.0,1000,244.69,24.47,1727481600000,"[-0.000834, -0.001173, -0.001101]",24.47,0.006620351450756027
ORCA,-0.02,Strong,2.2e-05,3.9e-05,0.020022,High,2.81,3.496,24.41,1.0,1000,244.13,24.41,1744358400000,"[-3.3e-05, 5e-05, 5e-05]",24.41,0.0819336337566571
GMX,-0.001025,Mild,7.6e-05,3.4e-05,0.001101,High,10.36,12.88,24.32,1.0,1000,243.24,24.32,1743984000000,"[2.7e-05, 0.0001, 0.0001]",24.32,0.004214638157894737
SPK,-0.002645,Moderate,-1.8e-05,5.1e-05,0.002627,High,0.10838,0.13471,24.29,1.0,1000,242.94,24.29,1753387200000,"[5e-05, -3.1e-05, -7.3e-05]",24.29,0.010889254837381639
AERO,-0.00184,Mild,5e-05,0.0,0.00189,High,0.912,1.133,24.23,1.0,1000,242.32,24.23,1736769600000,"[5e-05, 5e-05, 5e-05]",24.23,0.007593891869583161
UXLINK,-0.002029,Moderate,-0.000314,0.000125,0.001715,High,0.7687,0.9543,24.14,1.0,1000,241.45,24.14,1734235200000,"[-0.000462, -0.000323, -0.000156]",24.14,0.008405136702568351
ACH,-0.001483,Mild,-0.000548,0.000288,0.000935,Medium,0.047057,0.058411,24.13,1.0,1000,241.28,24.13,1738310400000,"[-0.00019, -0.000559, -0.000896]",24.13,0.00614587650227932
STEEM,-0.001996,Mild,-4.2e-05,8.5e-05,0.001954,High,0.2796,0.347,24.11,1.0,1000,241.06,24.11,1735977600000,"[5e-05, -0.000155, -2.2e-05]",24.11,0.008278722521775198
GLM,-0.007938,Strong,-8.7e-05,0.000109,0.007851,High,0.3124,0.3877,24.1,1.0,1000,241.04,24.1,1739692800000,"[-1.9e-05, -1e-06, -0.00024]",24.1,0.03293775933609958
WLD,-0.001312,Mild,4.2e-05,6.8e-05,0.001354,High,2.619,3.2494,24.07,1.0,1000,240.7,24.07,1721145600000,"[0.0001, 7.8e-05, -5.3e-05]",24.07,0.00545076859160781
FLOCK,-0.001674,Mild,-4.2e-05,0.00013,0.001632,High,0.0794,0.0985,24.06,1.0,1000,240.55,24.06,1738569600000,"[-0.000225, 5e-05, 5e-05]",24.06,0.006957605985037407
AVAIL,-0.001527,Mild,0.0001,0.0,0.001627,High,0.1035,0.1282,23.86,1.0,1000,238.65,23.86,1740240000000,"[0.0001, 0.0001, 0.0001]",23.86,0.006399832355406538
AERGO,-0.007642,Strong,-0.000127,0.000203,0.007515,Medium,0.1208,0.14961,23.85,1.0,1000,238.49,23.85,1750406400000,"[5e-05, -1.9e-05, -0.000411]",23.85,0.03204192872117401
ZBCN,-0.001766,Mild,0.000561,0.000106,0.002327,High,0.00109,0.00135,23.85,1.0,1000,238.53,23.85,1726531200000,"[0.000709, 0.000505, 0.000469]",23.85,0.00740461215932914
AUCTION,-0.001955,Mild,-7.6e-05,0.000178,0.001879,High,20.76,25.71,23.84,1.0,1000,238.44,23.84,1735027200000,"[-0.000328, 5e-05, 5e-05]",23.84,0.008200503355704698
GRASS,-0.001747,Mild,0.000383,0.000184,0.00213,High,0.9201,1.1394,23.83,1.0,1000,238.34,23.83,1730304000000,"[0.000535, 0.00049, 0.000125]",23.83,0.007331095258078054
GAS,-0.001087,Mild,-0.00042,0.000138,0.000667,High,3.093,3.83,23.83,1.0,1000,238.28,23.83,1744430400000,"[-0.000602, -0.000269, -0.000389]",23.83,0.0045614771296684856
STG,-0.001601,Mild,0.0001,0.0,0.001701,High,0.3663,0.4532,23.72,1.0,1000,237.24,23.72,1735113600000,"[0.0001, 0.0001, 0.0001]",23.72,0.006749578414839798
NKN,-0.001315,Mild,1.6e-05,8.7e-05,0.001331,High,0.0253,0.0313,23.72,1.0,1000,237.15,23.72,1743667200000,"[-0.000104, 0.0001, 5.2e-05]",23.72,0.005543844856661046
FLOCK,-0.001692,Mild,5e-05,0.0,0.001742,High,0.0866,0.1071,23.67,1.0,1000,236.72,23.67,1739361600000,"[5e-05, 5e-05, 5e-05]",23.67,0.00714828897338403
AKT,-0.001744,Mild,-0.000265,0.000234,0.001479,Medium,2.794,3.454,23.62,1.0,1000,236.22,23.62,1734696000000,"[-0.000333, 5e-05, -0.000511]",23.62,0.007383573243014394
CGPT,-0.00194,Mild,-0.000158,0.000254,0.001782,Medium,0.34,0.4202,23.59,1.0,1000,235.88,23.59,1736784000000,"[-7e-06, 5e-05, -0.000516]",23.59,0.008223823654090717
XEC,-0.001789,Mild,0.000508,8.3e-05,0.002297,High,6.8e-05,8.4e-05,23.73,1.0,1000,235.29,23.53,1709596800000,"[0.00053, 0.000597, 0.000397]",23.53,0.00753898019384745
FUN,-0.001163,Mild,-0.000532,0.000173,0.000631,High,0.009986,0.012332,23.49,1.0,1000,234.93,23.49,1751436000000,"[-0.000753, -0.000513, -0.000331]",23.49,0.004951042997020008
ZRC,-0.00816,Strong,-0.000243,0.000243,0.007917,Medium,0.02689,0.0332,23.47,1.0,1000,234.66,23.47,1750147200000,"[-0.000413, 0.0001, -0.000417]",23.47,0.03476778866638262
SAFE,-0.008,Strong,0.0001,0.0,0.0081,High,1.487,1.836,23.47,1.0,1000,234.7,23.47,1729756800000,"[0.0001, 0.0001, 0.0001]",23.47,0.03408606731998296
FUN,-0.001623,Mild,-2.4e-05,5.1e-05,0.001599,High,0.015321,0.018903,23.38,1.0,1000,233.8,23.38,1752325200000,"[-9.6e-05, 1.2e-05, 1.2e-05]",23.38,0.006941830624465356
SAFE,-0.00165,Mild,-0.000407,0.000166,0.001243,High,0.4751,0.586,23.34,1.0,1000,233.42,23.34,1746576000000,"[-0.000525, -0.000173, -0.000524]",23.34,0.007069408740359898
GODS,-0.015,Strong,-0.000512,0.000251,0.014488,Medium,0.1861,0.2295,23.32,1.0,1000,233.21,23.32,1739001600000,"[-0.000756, -0.000614, -0.000167]",23.32,0.06432246998284734
VANRY,-0.001174,Mild,0.000743,0.000145,0.001917,High,0.02517,0.03104,23.32,1.0,1000,233.21,23.32,1741737600000,"[0.000704, 0.000936, 0.000588]",23.32,0.005034305317324185
SAHARA,-0.00263,Moderate,-0.000935,0.000273,0.001695,Medium,0.08815,0.1087,23.31,1.0,1000,233.13,23.31,1751166000000,"[-0.000998, -0.001233, -0.000574]",23.31,0.011282711282711284
SAHARA,-0.001233,Mild,-0.00032,0.000195,0.000913,High,0.08815,0.1087,23.31,1.0,1000,233.13,23.31,1751158800000,"[-0.000574, -0.000286, -0.000101]",23.31,0.00528957528957529
BR,-0.00157,Mild,-0.000102,0.000117,0.001468,High,0.1588,0.1957,23.24,1.0,1000,232.37,23.24,1742515200000,"[-4e-05, -0.000266, 0]",23.24,0.006755593803786575
MAVIA,-0.001377,Mild,-0.000264,0.000222,0.001113,Medium,0.1976,0.2433,23.13,1.0,1000,231.28,23.13,1746633600000,"[-0.000527, 1.5e-05, -0.00028]",23.13,0.005953307392996109
SEND,-0.002785,Moderate,-0.000479,9.3e-05,0.002306,High,2.1213,2.612,23.13,1.0,1000,231.32,23.13,1735891200000,"[-0.000596, -0.000471, -0.000369]",23.13,0.012040639861651537
SOONNETWORK,-0.001039,Mild,-0.000132,0.000257,0.000907,Medium,0.2483,0.3057,23.12,1.0,1000,231.17,23.12,1748707200000,"[-0.000495, 5e-05, 5e-05]",23.12,0.0044939446366782
CETUS,-0.003298,Moderate,-0.000676,0.000269,0.002622,Medium,0.12569,0.15474,23.11,1.0,1000,231.12,23.11,1707062400000,"[-0.000788, -0.000935, -0.000306]",23.11,0.014270878407615751
SIREN,-0.001542,Mild,-0.000744,0.000226,0.000798,Medium,0.04919,0.06053,23.05,1.0,1000,230.53,23.05,1745064000000,"[-0.00097, -0.000827, -0.000436]",23.05,0.006689804772234273
AUDIO,-0.004219,Moderate,0.0001,0.0,0.004319,High,0.08899,0.10949,23.04,1.0,1000,230.36,23.04,1741536000000,"[0.0001, 0.0001, 0.0001]",23.04,0.018311631944444445
AUCTION,-0.001513,Mild,-0.00013,0.000115,0.001383,High,13.75,16.9,22.91,1.0,1000,229.09,22.91,1741334400000,"[-0.000257, -0.000156, 2.2e-05]",22.91,0.0066041030117852464
XCN,-0.001751,Mild,-0.000546,0.000174,0.001205,High,0.017436,0.021419,22.84,1.0,1000,228.44,22.84,1740240000000,"[-0.000773, -0.000515, -0.000351]",22.84,0.007666374781085814
ULTI,-0.001402,Mild,6e-05,0.000206,0.001462,Medium,0.00488,0.005994,22.83,1.0,1000,228.28,22.83,1739635200000,"[-0.000146, 0.000342, -1.6e-05]",22.83,0.006141042487954447
SOPH,-0.001013,Mild,1.2e-05,0.0,0.001025,High,0.03555,0.04366,22.81,1.0,1000,228.13,22.81,1752195600000,"[1.2e-05, 1.2e-05, 1.2e-05]",22.81,0.0044410346339324855
MOCA,-0.001273,Mild,-7.3e-05,0.000174,0.0012,High,0.2653,0.3258,22.8,1.0,1000,228.04,22.8,1735876800000,"[5e-05, -0.000319, 5e-05]",22.8,0.005583333333333333
VIRTUAL,-0.003678,Moderate,0.000443,0.000283,0.004121,Medium,0.3199,0.3928,22.79,1.0,1000,227.88,22.79,1731312000000,"[0.0001, 0.000437, 0.000793]",22.79,0.016138657305835892
DYM,-0.001368,Mild,0.000146,0.000136,0.001514,High,6.803,8.35,22.74,1.0,1000,227.4,22.74,1707393600000,"[5e-05, 5e-05, 0.000339]",22.74,0.006015831134564644
ALEO,-0.001218,Mild,-4.7e-05,0.000105,0.001171,High,0.1615,0.1982,22.72,1.0,1000,227.24,22.72,1744588800000,"[-0.000103, 0.0001, -0.000137]",22.72,0.005360915492957747
GUN,-0.001302,Mild,-9e-06,8.3e-05,0.001293,High,0.048,0.0589,22.71,1.0,1000,227.08,22.71,1744459200000,"[-0.000126, 5e-05, 5e-05]",22.71,0.005733157199471598
L3,-0.007422,Strong,0.0001,0.0,0.007522,High,0.08131,0.09977,22.7,1.0,1000,227.03,22.7,1742515200000,"[0.0001, 0.0001, 0.0001]",22.7,0.03269603524229075
ONG,-0.002878,Moderate,-0.000533,5.5e-05,0.002345,High,0.4593,0.5635,22.69,1.0,1000,226.87,22.69,1713153600000,"[-0.000461, -0.000595, -0.000542]",22.69,0.01268400176289114
H,-0.016901,Strong,-0.000409,0.000242,0.016492,Medium,0.08747,0.1073,22.67,1.0,1000,226.71,22.67,1751587200000,"[-0.00073, -0.000145, -0.000351]",22.67,0.07455227172474635
BDXN,-0.001067,Mild,-0.00034,0.000237,0.000727,Medium,0.03461,0.04245,22.65,1.0,1000,226.52,22.65,1750766400000,"[-0.000676, -0.000175, -0.00017]",22.65,0.004710816777041943
PHA,-0.001424,Mild,0.0001,0.0,0.001524,High,0.1356,0.1663,22.64,1.0,1000,226.4,22.64,1719705600000,"[0.0001, 0.0001, 0.0001]",22.64,0.006289752650176677
L3,-0.00192,Mild,5e-05,7e-05,0.00197,High,0.10216,0.1252,22.55,1.0,1000,225.53,22.55,1737072000000,"[0.0001, -4.9e-05, 0.0001]",22.55,0.008514412416851441
AGLD,-0.002673,Moderate,-0.001714,5.3e-05,0.000959,High,1.4863,1.8214,22.55,1.0,1000,225.46,22.55,1734969600000,"[-0.001689, -0.001665, -0.001787]",22.55,0.011853658536585366
ATA,-0.001139,Mild,-0.00038,0.000269,0.000759,Medium,0.1667,0.2042,22.5,1.0,1000,224.96,22.5,1735632000000,"[-2e-06, -0.000611, -0.000526]",22.5,0.005062222222222222
SLERF,-0.001287,Mild,0.0001,0.0,0.001387,High,0.3539,0.4335,22.49,1.0,1000,224.92,22.49,1713110400000,"[0.0001, 0.0001, 0.0001]",22.49,0.005722543352601156
LSK,-0.005566,Strong,4.3e-05,1e-05,0.005609,High,1.7313,2.1187,22.38,1.0,1000,223.76,22.38,1714032000000,"[5e-05, 5e-05, 2.8e-05]",22.38,0.0248704200178731
GTC,-0.001312,Mild,-0.00012,0.000293,0.001192,Medium,0.2583,0.3161,22.38,1.0,1000,223.77,22.38,1745078400000,"[-0.000535, 0.0001, 7.4e-05]",22.38,0.005862377122430742
NMR,-0.009218,Strong,-9e-06,0.000127,0.009209,High,13.86,16.95,22.29,1.0,1000,222.94,22.29,1724068800000,"[-6e-06, 0.000145, -0.000166]",22.29,0.041354867653656355
IDEX,-0.00166,Mild,0.0001,0.0,0.00176,High,0.04384,0.0536,22.26,1.0,1000,222.63,22.26,1725235200000,"[0.0001, 0.0001, 0.0001]",22.26,0.007457322551662174
QTUM,-0.006058,Strong,0.0001,0.0,0.006158,High,3.575,4.369,22.21,1.0,1000,222.1,22.21,1738339200000,"[0.0001, 0.0001, 0.0001]",22.21,0.027276001800990542
FLR,-0.001586,Mild,-5e-05,0.000136,0.001536,High,0.02802,0.03423,22.16,1.0,1000,221.63,22.16,1707033600000,"[-2.1e-05, 0.0001, -0.000229]",22.16,0.0071570397111913354
SKATE,-0.006875,Strong,5e-05,0.0,0.006925,High,0.04257,0.052,22.15,1.0,1000,221.52,22.15,1749988800000,"[5e-05, 5e-05, 5e-05]",22.15,0.03103837471783296
AERGO,-0.001744,Mild,-0.000808,0.000224,0.000936,Medium,0.3648,0.44556,22.14,1.0,1000,221.38,22.14,1744646400000,"[-0.000978, -0.000955, -0.000491]",22.14,0.007877145438121048
ZRO,-0.001349,Mild,-3e-05,0.000105,0.001319,High,3.297,4.023,22.02,1.0,1000,220.2,22.02,1719763200000,"[-0.000178, 5e-05, 3.7e-05]",22.02,0.006126248864668483
RSS3,-0.001629,Mild,6.4e-05,5e-05,0.001693,High,0.0545,0.0665,22.02,1.0,1000,220.18,22.02,1744905600000,"[-7e-06, 0.0001, 0.0001]",22.02,0.007397820163487738
SOPH,-0.001687,Mild,-5e-05,7.2e-05,0.001637,High,0.05947,0.07248,21.88,1.0,1000,218.77,21.88,1748916000000,"[-1.2e-05, 1.2e-05, -0.000151]",21.88,0.007710237659963436
BID,-0.00324,Moderate,-0.001985,0.000263,0.001255,Medium,0.13916,0.16957,21.85,1.0,1000,218.53,21.85,1751169600000,"[-0.001967, -0.001672, -0.002315]",21.85,0.014828375286041187
SYN,-0.002069,Moderate,-5.7e-05,7.7e-05,0.002012,High,0.3091,0.3766,21.84,1.0,1000,218.38,21.84,1745596800000,"[-0.000147, 4e-05, -6.4e-05]",21.84,0.009473443223443224
CARV,-0.004015,Moderate,-0.000439,0.000201,0.003576,Medium,0.3136,0.382,21.81,1.0,1000,218.11,21.81,1742184000000,"[-0.000164, -0.000638, -0.000515]",21.81,0.01840898670334709
AKT,-0.011034,Strong,5e-05,0.0,0.011084,High,1.227,1.494,21.76,1.0,1000,217.6,21.76,1741665600000,"[5e-05, 5e-05, 5e-05]",21.76,0.05070772058823529
BR,-0.001914,Mild,1.3e-05,5.2e-05,0.001927,High,0.17,0.207,21.76,1.0,1000,217.65,21.76,1742688000000,"[5e-05, 5e-05, -6e-05]",21.76,0.00879595588235294
STORJ,-0.001607,Mild,-0.000407,4e-05,0.0012,High,0.6353,0.7735,21.75,1.0,1000,217.54,21.75,1729267200000,"[-0.000455, -0.000358, -0.000409]",21.75,0.007388505747126436
MYRIA,-0.005443,Strong,0.0001,0.0,0.005543,High,0.001738,0.002116,21.75,1.0,1000,217.49,21.75,1749513600000,"[0.0001, 0.0001, 0.0001]",21.75,0.02502528735632184
A8,-0.002359,Moderate,-0.000141,0.000271,0.002218,Medium,0.14204,0.17289,21.72,1.0,1000,217.19,21.72,1744588800000,"[5e-05, -0.000524, 5e-05]",21.72,0.0108609576427256
TGT,-0.010567,Strong,5e-05,0.0,0.010617,High,0.01172,0.01426,21.67,1.0,1000,216.72,21.67,1752177600000,"[5e-05, 5e-05, 5e-05]",21.67,0.048763267189663125
AUCTION,-0.003166,Moderate,-0.000913,0.000185,0.002253,High,30.59,37.21,21.64,1.0,1000,216.41,21.64,1742112000000,"[-0.001157, -0.000872, -0.000709]",21.64,0.014630314232902033
HIVE,-0.00444,Moderate,-9.6e-05,4.5e-05,0.004344,High,0.2866,0.3482,21.49,1.0,1000,214.93,21.49,1738555200000,"[-0.000123, -0.000133, -3.2e-05]",21.49,0.0206607724523034
ENA,-0.001944,Mild,-0.000943,0.000197,0.001001,High,1.0045,1.22,21.45,1.0,1000,214.53,21.45,1734710400000,"[-0.000809, -0.000799, -0.001222]",21.45,0.009062937062937064
MOCA,-0.003215,Moderate,-0.000115,0.000126,0.0031,High,0.1929,0.2342,21.41,1.0,1000,214.1,21.41,1738209600000,"[-0.000255, 5e-05, -0.000139]",21.41,0.015016347501167678
GMT,-0.005017,Strong,0.000128,4e-05,0.005145,High,0.0519,0.063,21.39,1.0,1000,213.87,21.39,1744992000000,"[0.0001, 0.000184, 0.0001]",21.39,0.023454885460495557
AUCTION,-0.001986,Mild,-0.001117,0.000253,0.000869,Medium,16.75,20.33,21.37,1.0,1000,213.73,21.37,1741536000000,"[-0.001019, -0.001463, -0.000868]",21.37,0.009293401965372016
L3,-0.002274,Moderate,-5e-05,0.000212,0.002224,Medium,0.09137,0.11081,21.28,1.0,1000,212.76,21.28,1735891200000,"[-0.000349, 0.0001, 0.0001]",21.28,0.010686090225563908
OG,-0.003262,Moderate,2.4e-05,0.000107,0.003286,High,4.001,4.852,21.27,1.0,1000,212.7,21.27,1741478400000,"[-0.000128, 0.0001, 0.0001]",21.27,0.01533615420780442
FORTH,-0.00588,Strong,0.0001,0.0,0.00598,High,4.462,5.41,21.25,1.0,1000,212.46,21.25,1738713600000,"[0.0001, 0.0001, 0.0001]",21.25,0.027670588235294117
FLOCK,-0.001972,Mild,-0.001262,0.000201,0.00071,Medium,0.1184,0.1435,21.2,1.0,1000,211.99,21.2,1748660400000,"[-0.001016, -0.001509, -0.001261]",21.2,0.00930188679245283
FLOCK,-0.001261,Mild,-0.000147,0.000225,0.001114,Medium,0.1184,0.1435,21.2,1.0,1000,211.99,21.2,1748649600000,"[-0.000466, 1.2e-05, 1.2e-05]",21.2,0.00594811320754717
AERO,-0.001013,Mild,-0.000312,4.6e-05,0.000701,High,0.388,0.47,21.13,1.0,1000,211.34,21.13,1744401600000,"[-0.000282, -0.000378, -0.000277]",21.13,0.004794131566493138
FUN,-0.002339,Moderate,-0.001223,9.6e-05,0.001116,High,0.009809,0.01188,21.11,1.0,1000,211.13,21.11,1750752000000,"[-0.001285, -0.001087, -0.001296]",21.11,0.011080056845097112
XEM,-0.004282,Moderate,-0.000501,0.000259,0.003781,Medium,0.004866,0.005893,21.11,1.0,1000,211.06,21.11,1750773600000,"[-0.000303, -0.000334, -0.000867]",21.11,0.020284225485551872
PERP,-0.001391,Mild,-7.9e-05,5.3e-05,0.001312,High,0.2479,0.2999,20.98,1.0,1000,209.76,20.98,1751889600000,"[-3.4e-05, -0.000153, -5e-05]",20.98,0.006630123927550048
CGPT,-0.003665,Moderate,5e-05,0.0,0.003715,High,0.3404,0.4118,20.98,1.0,1000,209.75,20.98,1736510400000,"[5e-05, 5e-05, 5e-05]",20.98,0.01746901811248808
VANA,-0.00125,Mild,-0.00037,0.000127,0.00088,High,6.339,7.664,20.9,1.0,1000,209.02,20.9,1742443200000,"[-0.000549, -0.000283, -0.000277]",20.9,0.005980861244019139
ZBCN,-0.001141,Mild,-0.0005,0.000276,0.000641,Medium,0.00092,0.001111,20.78,1.0,1000,207.61,20.76,1739376000000,"[-0.000452, -0.000189, -0.00086]",20.76,0.005490856592877767
DEEP,-0.002853,Moderate,-0.000321,0.000212,0.002532,Medium,0.04976,0.06009,20.76,1.0,1000,207.6,20.76,1729296000000,"[-0.000603, -0.000266, -9.3e-05]",20.76,0.013742774566473989
WAL,-0.002331,Moderate,-0.001812,2.5e-05,0.000519,High,0.4136,0.4992,20.7,1.0,1000,206.96,20.7,1743364800000,"[-0.001794, -0.001848, -0.001794]",20.7,0.011260869565217393
XCN,-0.001598,Mild,-2e-05,9.9e-05,0.001578,High,0.014398,0.017377,20.69,1.0,1000,206.9,20.69,1740772800000,"[5e-05, -0.000159, 5e-05]",20.69,0.007723537941034316
RAD,-0.004088,Moderate,-0.002097,0.000126,0.001991,High,0.8435,1.018,20.69,1.0,1000,206.88,20.69,1741852800000,"[-0.002162, -0.001921, -0.002208]",20.69,0.01975833736104398
GAS,-0.007763,Strong,5e-05,0.0,0.007813,High,5.432,6.556,20.69,1.0,1000,206.92,20.69,1736352000000,"[5e-05, 5e-05, 5e-05]",20.69,0.03752054132431126
CARV,-0.001603,Mild,-0.000911,0.000222,0.000692,Medium,0.3408,0.4112,20.66,1.0,1000,206.57,20.66,1742875200000,"[-0.000889, -0.001193, -0.00065]",20.66,0.0077589545014520814
AGI,-0.003046,Moderate,-1.4e-05,8.2e-05,0.003032,High,0.18427,0.2221,20.53,1.0,1000,205.3,20.53,1718841600000,"[-5e-05, -9.1e-05, 0.0001]",20.53,0.014836824159766195
FB,-0.001091,Mild,-6.3e-05,0.000195,0.001028,High,1.413,1.703,20.52,1.0,1000,205.24,20.52,1738569600000,"[4.8e-05, 0.0001, -0.000337]",20.52,0.005316764132553606
PUNDIX,-0.00251,Moderate,-7.4e-05,0.000133,0.002436,High,0.5366,0.6462,20.42,1.0,1000,204.25,20.42,1746172800000,"[5e-05, -0.000258, -1.5e-05]",20.42,0.012291870714985307
FUN,-0.001113,Mild,-0.000439,0.000221,0.000674,Medium,0.00489,0.005888,20.41,1.0,1000,204.09,20.41,1750384800000,"[-0.000666, -0.000513, -0.000139]",20.41,0.005453209211170994
AIN,-0.002133,Moderate,-0.000452,0.000244,0.001681,Medium,0.11607,0.13975,20.4,1.0,1000,204.01,20.4,1752523200000,"[-0.000379, -0.000197, -0.00078]",20.4,0.010455882352941176
OM,-0.001586,Mild,-0.000345,0.000281,0.001241,Medium,7.55122,9.08905,20.37,1.0,1000,203.65,20.37,1740182400000,"[-0.000501, -0.000584, 5e-05]",20.37,0.00778595974472263
FLOCK,-0.002051,Moderate,5e-05,0.0,0.002101,High,0.0509,0.0612,20.24,1.0,1000,202.36,20.24,1745193600000,"[5e-05, 5e-05, 5e-05]",20.24,0.010133399209486166
MBOX,-0.001699,Mild,5e-05,0.0,0.001749,High,0.05289,0.06359,20.23,1.0,1000,202.31,20.23,1751918400000,"[5e-05, 5e-05, 5e-05]",20.23,0.008398418190805734
AERO,-0.00234,Moderate,-0.000662,0.000158,0.001678,High,0.604,0.726,20.2,1.0,1000,201.99,20.2,1726214400000,"[-0.000626, -0.000489, -0.000871]",20.2,0.011584158415841586
AMP,-0.004807,Moderate,-0.003744,0.000166,0.001063,High,0.01086,0.013052,20.18,1.0,1000,201.84,20.18,1733630400000,"[-0.00363, -0.003623, -0.003979]",20.18,0.023820614469772048
LUMIA,-0.004194,Moderate,0.000332,0.000147,0.004526,High,1.281,1.539,20.14,1.0,1000,201.41,20.14,1732089600000,"[0.000435, 0.000437, 0.000125]",20.14,0.020824230387288978
RESOLV,-0.001428,Mild,-0.000426,0.000174,0.001002,High,0.2493,0.2995,20.14,1.0,1000,201.36,20.14,1749816000000,"[-0.000662, -0.00025, -0.000365]",20.14,0.007090367428003973
UMA,-0.00905,Strong,5e-05,0.0,0.0091,High,3.667,4.399,19.96,1.0,1000,199.62,19.96,1715198400000,"[5e-05, 5e-05, 5e-05]",19.96,0.045340681362725455
SOPH,-0.00876,Strong,-3.1e-05,3.1e-05,0.008729,High,0.05266,0.06316,19.94,1.0,1000,199.39,19.94,1748613600000,"[-5.4e-05, -5.2e-05, 1.2e-05]",19.94,0.043931795386158476
LUCE,-0.003212,Moderate,6.1e-05,5.5e-05,0.003273,High,0.01608,0.01928,19.9,1.0,1000,199.0,19.9,1737446400000,"[-1.7e-05, 0.0001, 0.0001]",19.9,0.01614070351758794
BLAST,-0.001541,Mild,4.3e-05,8e-05,0.001584,High,0.002621,0.003142,19.88,1.0,1000,198.78,19.88,1752739200000,"[-7e-05, 0.0001, 0.0001]",19.88,0.007751509054325957
AGI,-0.001068,Mild,0.0001,0.0,0.001168,High,0.20838,0.2498,19.88,1.0,1000,198.77,19.88,1708704000000,"[0.0001, 0.0001, 0.0001]",19.88,0.005372233400402415
ICNT,-0.001583,Mild,-4.8e-05,0.000138,0.001535,High,0.2315,0.2775,19.87,1.0,1000,198.7,19.87,1751745600000,"[-0.000243, 5e-05, 5e-05]",19.87,0.007966784096628082
VIC,-0.001962,Mild,-0.00034,0.000258,0.001622,Medium,0.289,0.3463,19.83,1.0,1000,198.27,19.83,1752040800000,"[-0.0007, -0.000112, -0.000208]",19.83,0.009894099848714071
OBT,-0.006848,Strong,-0.000208,0.000219,0.00664,Medium,0.01186,0.0142,19.73,1.0,1000,197.3,19.73,1748116800000,"[-0.000485, -0.00019, 5e-05]",19.73,0.03470856563608717
SCRT,-0.001319,Mild,-0.000396,0.000126,0.000923,High,0.619,0.7411,19.73,1.0,1000,197.25,19.73,1732795200000,"[-0.000258, -0.000367, -0.000562]",19.73,0.0066852508869741515
SIREN,-0.001201,Mild,-0.000538,0.000141,0.000663,High,0.04623,0.05534,19.71,1.0,1000,197.06,19.71,1744977600000,"[-0.000345, -0.000593, -0.000676]",19.71,0.006093353627600203
NKN,-0.002012,Moderate,-0.000416,0.000259,0.001596,Medium,0.03653,0.04373,19.71,1.0,1000,197.1,19.71,1746374400000,"[-5.6e-05, -0.000537, -0.000656]",19.71,0.010208016235413495
CLANKER,-0.002802,Moderate,5e-05,0.0,0.002852,High,45.76,54.77,19.69,1.0,1000,196.9,19.69,1750924800000,"[5e-05, 5e-05, 5e-05]",19.69,0.014230573895378362
ZBCN,-0.001093,Mild,-0.000271,0.000141,0.000822,High,0.001148,0.001373,19.55,1.0,1000,195.99,19.6,1739520000000,"[-7.3e-05, -0.00035, -0.000389]",19.6,0.0055907928388746805
VOXEL,-0.001402,Mild,-5.4e-05,9.3e-05,0.001348,High,0.07074,0.08452,19.48,1.0,1000,194.8,19.48,1748113200000,"[-0.000186, 1.2e-05, 1.2e-05]",19.48,0.007197125256673512
IO,-0.001498,Mild,-9.3e-05,4.1e-05,0.001405,High,0.8444,1.0082,19.4,1.0,1000,193.98,19.4,1746691200000,"[-6.6e-05, -6.1e-05, -0.000151]",19.4,0.007721649484536083
ARK,-0.001856,Mild,0.000112,9.5e-05,0.001968,High,0.4524,0.54,19.36,1.0,1000,193.63,19.36,1728201600000,"[6.2e-05, 2.8e-05, 0.000245]",19.36,0.009586776859504133
FUN,-0.001341,Mild,-0.000672,0.000158,0.000669,High,0.009955,0.01188,19.34,1.0,1000,193.37,19.34,1750726800000,"[-0.000842, -0.000461, -0.000713]",19.34,0.006933815925542916
GUN,-0.001578,Mild,-0.000515,0.000176,0.001063,High,0.04681,0.05584,19.29,1.0,1000,192.91,19.29,1745006400000,"[-0.000564, -0.000702, -0.00028]",19.29,0.00818040435458787
DUCK,-0.001797,Mild,-0.000909,0.000297,0.000888,Medium,0.003295,0.003926,19.15,1.0,1000,191.5,19.15,1750809600000,"[-0.000859, -0.001295, -0.000572]",19.15,0.009383812010443865
MYX,-0.001614,Mild,5e-05,0.0,0.001664,High,0.10559,0.1258,19.14,1.0,1000,191.4,19.14,1750910400000,"[5e-05, 5e-05, 5e-05]",19.14,0.008432601880877742
GLM,-0.012591,Strong,-0.002993,0.000261,0.009598,Medium,0.2859,0.3406,19.13,1.0,1000,191.33,19.13,1739937600000,"[-0.003015, -0.002664, -0.003301]",19.13,0.06581808677469943
ARK,-0.003511,Moderate,0.00025,7e-06,0.003761,High,0.4464,0.5318,19.13,1.0,1000,191.31,19.13,1726819200000,"[0.000258, 0.00024, 0.000252]",19.13,0.018353371667537897
AUCTION,-0.001174,Mild,5e-05,0.0,0.001224,High,12.174,14.49,19.02,1.0,1000,190.24,19.02,1752379200000,"[5e-05, 5e-05, 5e-05]",19.02,0.0061724500525762345
BERA,-0.001374,Mild,-0.000727,0.000161,0.000647,High,5.773,6.869,18.98,1.0,1000,189.85,18.98,1739894400000,"[-0.00058, -0.000651, -0.000951]",18.98,0.007239199157007377
IDEX,-0.003268,Moderate,0.0001,0.0,0.003368,High,0.04261,0.05069,18.96,1.0,1000,189.63,18.96,1739318400000,"[0.0001, 0.0001, 0.0001]",18.96,0.01723628691983122
FLR,-0.001488,Mild,0.000448,0.000239,0.001936,Medium,0.03809,0.04531,18.96,1.0,1000,189.55,18.96,1711843200000,"[0.000769, 0.000379, 0.000195]",18.96,0.007848101265822784
SD,-0.001085,Mild,-0.000328,0.000175,0.000757,High,0.7959,0.9464,18.91,1.0,1000,189.09,18.91,1739808000000,"[-0.000315, -0.000548, -0.00012]",18.91,0.0057377049180327875
POWR,-0.002944,Moderate,0.000131,5.9e-05,0.003075,High,0.3326,0.3954,18.88,1.0,1000,188.82,18.88,1732593600000,"[5e-05, 0.000158, 0.000186]",18.88,0.015593220338983051
SKL,-0.002251,Moderate,0.0001,0.0,0.002351,High,0.06673,0.07931,18.85,1.0,1000,188.52,18.85,1732723200000,"[0.0001, 0.0001, 0.0001]",18.85,0.011941644562334217
CTK,-0.002337,Moderate,5e-05,0.0,0.002387,High,0.6894,0.819,18.8,1.0,1000,187.99,18.8,1731729600000,"[5e-05, 5e-05, 5e-05]",18.8,0.012430851063829788
ZERO,-0.001523,Mild,-0.000495,0.000245,0.001028,Medium,0.000431,0.000512,18.79,1.0,1000,187.94,18.79,1716134400000,"[-0.000841, -0.000319, -0.000324]",18.79,0.008105375199574242
BANK,-0.001095,Mild,-0.000115,7e-05,0.00098,High,0.04523,0.05373,18.79,1.0,1000,187.93,18.79,1745164800000,"[-1.7e-05, -0.000173, -0.000155]",18.79,0.005827567855242151
IDEX,-0.007412,Strong,0.0001,0.0,0.007512,High,0.04741,0.0563,18.75,1.0,1000,187.51,18.75,1724803200000,"[0.0001, 0.0001, 0.0001]",18.75,0.039530666666666665
DYM,-0.002476,Moderate,-0.000487,8e-06,0.001989,High,3.235,3.84,18.7,1.0,1000,187.02,18.7,1713038400000,"[-0.00049, -0.000495, -0.000475]",18.7,0.013240641711229946
SAFE,-0.001103,Mild,0.000365,0.000281,0.001468,Medium,1.594,1.8918,18.68,1.0,1000,186.83,18.68,1733385600000,"[-3e-05, 0.000523, 0.000601]",18.68,0.0059047109207708785
REX,-0.003957,Moderate,0.0001,0.0,0.004057,High,0.01924,0.02281,18.56,1.0,1000,185.55,18.56,1747468800000,"[0.0001, 0.0001, 0.0001]",18.56,0.021320043103448275
ONDO,-0.002127,Moderate,-0.000933,0.000142,0.001194,High,1.2484,1.4798,18.54,1.0,1000,185.36,18.54,1737144000000,"[-0.001131, -0.000866, -0.000802]",18.54,0.011472491909385114
PEAQ,-0.002164,Moderate,-7.8e-05,0.000252,0.002086,Medium,0.2454,0.2909,18.54,1.0,1000,185.41,18.54,1732492800000,"[-0.000434, 0.0001, 0.0001]",18.54,0.01167206040992449
THE,-0.001226,Mild,-2.2e-05,0.000138,0.001204,High,3.287,3.896,18.53,1.0,1000,185.28,18.53,1732737600000,"[0.000135, -0.0002, 0]",18.53,0.006616297895304911
SCA,-0.001422,Mild,-0.000103,0.000288,0.001319,Medium,0.774,0.917,18.48,1.0,1000,184.75,18.48,1713081600000,"[-0.00051, 0.0001, 0.0001]",18.48,0.007694805194805195
SPELL,-0.007889,Strong,-4.2e-05,0.000201,0.007847,Medium,0.001008,0.001194,18.38,1.0,1000,184.52,18.45,1737676800000,"[-0.000326, 0.0001, 0.0001]",18.45,0.042921653971708384
RARE,-0.011901,Strong,-1e-05,4.1e-05,0.011891,High,0.06539,0.07745,18.44,1.0,1000,184.43,18.44,1743667200000,"[-5.9e-05, 4.2e-05, -1.3e-05]",18.44,0.06453904555314534
REZ,-0.014504,Strong,-0.000103,5e-05,0.014401,High,0.02096,0.02482,18.42,1.0,1000,184.16,18.42,1740614400000,"[-0.000129, -3.3e-05, -0.000148]",18.42,0.07874049945711183
RDNT,-0.001755,Mild,-0.000636,0.000275,0.001119,Medium,0.06575,0.07785,18.4,1.0,1000,184.03,18.4,1724889600000,"[-0.000379, -0.001017, -0.000513]",18.4,0.00953804347826087
SONIC,-0.001126,Mild,-0.000106,1.3e-05,0.00102,High,0.3057,0.3619,18.38,1.0,1000,183.84,18.38,1739001600000,"[-9.1e-05, -0.000104, -0.000122]",18.38,0.006126224156692057
FUN,-0.001714,Mild,-0.000123,0.000191,0.001591,High,0.009607,0.01137,18.35,1.0,1000,183.51,18.35,1750809600000,"[-0.000393, 1.2e-05, 1.2e-05]",18.35,0.009340599455040871
GMX,-0.005118,Strong,-0.000148,1.6e-05,0.00497,High,10.63,12.58,18.34,1.0,1000,183.44,18.34,1752076800000,"[-0.000133, -0.000171, -0.000141]",18.34,0.027906215921483096
NEIROETH,-0.001187,Mild,5e-05,0.0,0.001237,High,0.01686,0.01994,18.27,1.0,1000,182.68,18.27,1744156800000,"[5e-05, 5e-05, 5e-05]",18.27,0.0064969896004378755
REZ,-0.003373,Moderate,-0.000117,6.5e-05,0.003256,High,0.0156,0.01845,18.27,1.0,1000,182.69,18.27,1740456000000,"[-3.5e-05, -0.000122, -0.000194]",18.27,0.018461959496442255
XVG,-0.001469,Mild,-4.7e-05,0.000129,0.001422,High,0.012163,0.014381,18.24,1.0,1000,182.36,18.24,1736870400000,"[-0.000224, 3e-06, 8e-05]",18.24,0.00805372807017544
CTK,-0.004463,Moderate,-0.000801,0.000286,0.003662,Medium,0.3281,0.3879,18.23,1.0,1000,182.26,18.23,1751184000000,"[-0.001088, -0.000905, -0.000411]",18.23,0.02448162369720241
TOMI,-0.001334,Mild,0.0001,0.0,0.001434,High,0.4677,0.5528,18.2,1.0,1000,181.95,18.2,1714579200000,"[0.0001, 0.0001, 0.0001]",18.2,0.007329670329670329
FLR,-0.00287,Moderate,-0.000372,0.000215,0.002498,Medium,0.02327,0.0275,18.18,1.0,1000,181.78,18.18,1753200000000,"[-0.000674, -0.000242, -0.000199]",18.18,0.01578657865786579
GODS,-0.001613,Mild,-0.000109,0.000105,0.001504,High,0.1366,0.1614,18.16,1.0,1000,181.55,18.16,1740283200000,"[-3.2e-05, -3.8e-05, -0.000258]",18.16,0.00888215859030837
STORJ,-0.00325,Moderate,1.6e-05,9e-05,0.003266,High,0.3685,0.4353,18.13,1.0,1000,181.28,18.13,1724227200000,"[5.7e-05, -0.000109, 0.0001]",18.13,0.017926089354660783
SD,-0.003813,Moderate,0.0001,0.0,0.003913,High,0.9228,1.09,18.12,1.0,1000,181.19,18.12,1732636800000,"[0.0001, 0.0001, 0.0001]",18.12,0.021043046357615895
MOVE,-0.003215,Moderate,-0.00255,0.000146,0.000665,High,0.1683,0.1988,18.12,1.0,1000,181.22,18.12,1746432000000,"[-0.002402, -0.002749, -0.002498]",18.12,0.017742825607064017
AWE,-0.005728,Strong,-1.4e-05,4.8e-05,0.005714,High,0.0634,0.07487,18.09,1.0,1000,180.91,18.09,1751472000000,"[-2.8e-05, 5e-05, -6.4e-05]",18.09,0.031663902708678825
LPT,-0.005193,Strong,-0.000207,0.000146,0.004986,High,5.903,6.969,18.06,1.0,1000,180.59,18.06,1751158800000,"[-0.000167, -5.1e-05, -0.000402]",18.06,0.028754152823920267
TOSHI,-0.008952,Strong,0.0001,0.0,0.009052,High,0.000288,0.00034,17.92,1.0,1000,180.56,18.06,1736899200000,"[0.0001, 0.0001, 0.0001]",18.06,0.049955357142857135
BOBA,-0.001445,Mild,6.1e-05,5.5e-05,0.001506,High,0.0876,0.1034,18.04,1.0,1000,180.37,18.04,1743696000000,"[0.0001, 0.0001, -1.6e-05]",18.04,0.008009977827050999
T,-0.0036,Moderate,0.0001,0.0,0.0037,High,0.03566,0.04209,18.03,1.0,1000,180.31,18.03,1714204800000,"[0.0001, 0.0001, 0.0001]",18.03,0.01996672212978369
FLOCK,-0.00342,Moderate,-0.000273,0.00028,0.003147,Medium,0.167,0.1971,18.02,1.0,1000,180.24,18.02,1750892400000,"[-0.000653, 1.2e-05, -0.000178]",18.02,0.01897891231964484
ONG,-0.003298,Moderate,-2.7e-05,0.000109,0.003271,High,0.5221,0.6158,17.95,1.0,1000,179.47,17.95,1712851200000,"[-0.000182, 5e-05, 5e-05]",17.95,0.018373259052924792
VANA,-0.001584,Mild,5e-05,0.0,0.001634,High,6.08,7.17,17.93,1.0,1000,179.28,17.93,1740110400000,"[5e-05, 5e-05, 5e-05]",17.93,0.008834355828220859
TAIKO,-0.001628,Mild,-0.000351,0.000235,0.001277,Medium,0.751,0.885,17.84,1.0,1000,178.43,17.84,1742601600000,"[-0.000684, -0.000196, -0.000174]",17.84,0.009125560538116593
BID,-0.00418,Moderate,-0.000744,0.00012,0.003436,High,0.05978,0.07044,17.83,1.0,1000,178.32,17.83,1749916800000,"[-0.000688, -0.000911, -0.000634]",17.83,0.023443634324172742
BROCCOLIF3B,-0.001115,Mild,-5.5e-05,0.000149,0.00106,High,0.02051,0.02416,17.8,1.0,1000,177.96,17.8,1746763200000,"[5e-05, -0.000266, 5e-05]",17.8,0.006264044943820225
VR,-0.001521,Mild,1.2e-05,0.000124,0.001533,High,0.00854,0.01006,17.8,1.0,1000,177.99,17.8,1738108800000,"[-0.000163, 0.0001, 0.0001]",17.8,0.008544943820224719
SD,-0.002646,Moderate,0.0001,0.0,0.002746,High,0.607,0.7149,17.78,1.0,1000,177.76,17.78,1747929600000,"[0.0001, 0.0001, 0.0001]",17.78,0.014881889763779526
ARK,-0.001426,Mild,0.000214,3.3e-05,0.00164,High,0.5803,0.6834,17.77,1.0,1000,177.67,17.77,1731484800000,"[0.000234, 0.000241, 0.000167]",17.77,0.008024760832864379
GAS,-0.001681,Mild,-0.000427,0.000286,0.001254,Medium,3.593,4.231,17.76,1.0,1000,177.57,17.76,1744768800000,"[-0.000826, -0.000285, -0.000171]",17.76,0.009465090090090089
GLM,-0.015,Strong,-0.000255,7.1e-05,0.014745,High,0.49212,0.57926,17.71,1.0,1000,177.07,17.71,1714204800000,"[-0.000243, -0.000175, -0.000348]",17.71,0.0846979107848673
PHA,-0.001847,Mild,0.0001,0.0,0.001947,High,0.1208,0.1421,17.63,1.0,1000,176.32,17.63,1724716800000,"[0.0001, 0.0001, 0.0001]",17.63,0.010476460578559275
MOBILE,-0.00133,Mild,-8.7e-05,0.000264,0.001243,Medium,0.001413,0.001662,17.62,1.0,1000,176.22,17.62,1720483200000,"[-0.000461, 0.0001, 0.0001]",17.62,0.007548240635641316
FUN,-0.001485,Mild,-0.000127,4.8e-05,0.001358,High,0.0071,0.00835,17.61,1.0,1000,176.06,17.61,1744588800000,"[-0.000191, -0.000117, -7.4e-05]",17.61,0.008432708688245315
CPOOL,-0.001222,Mild,-0.000111,0.000218,0.001111,Medium,0.1104,0.1298,17.57,1.0,1000,175.72,17.57,1743451200000,"[-0.00042, 3.6e-05, 5e-05]",17.57,0.006955036994877633
HAEDAL,-0.008316,Strong,-0.000215,9.2e-05,0.008101,High,0.176,0.2069,17.56,1.0,1000,175.57,17.56,1747828800000,"[-0.00018, -0.00034, -0.000124]",17.56,0.04735763097949887
AERGO,-0.00459,Moderate,-0.00179,0.000246,0.0028,Medium,0.13263,0.15589,17.54,1.0,1000,175.38,17.54,1744171200000,"[-0.001798, -0.002087, -0.001485]",17.54,0.026168757126567847
MILK,-0.002615,Moderate,5e-05,0.0,0.002665,High,0.0617,0.0725,17.5,1.0,1000,175.04,17.5,1750939200000,"[5e-05, 5e-05, 5e-05]",17.5,0.014942857142857145
MYX,-0.002055,Moderate,5e-05,0.0,0.002105,High,0.09265,0.10885,17.49,1.0,1000,174.85,17.49,1753272000000,"[5e-05, 5e-05, 5e-05]",17.49,0.01174957118353345
KEKIUS,-0.010001,Strong,-0.000148,3.7e-05,0.009853,High,0.05415,0.0636,17.45,1.0,1000,174.52,17.45,1747440000000,"[-0.0002, -0.000128, -0.000116]",17.45,0.05731232091690545
BAL,-0.007444,Strong,4e-05,8.4e-05,0.007484,High,0.762,0.895,17.45,1.0,1000,174.54,17.45,1744099200000,"[0.0001, 0.0001, -7.9e-05]",17.45,0.04265902578796562
HIVE,-0.009297,Strong,5e-05,0.0,0.009347,High,0.4067,0.4775,17.41,1.0,1000,174.08,17.41,1737691200000,"[5e-05, 5e-05, 5e-05]",17.41,0.05340034462952326
LA,-0.01012,Strong,-0.00505,2.1e-05,0.00507,High,1.529,1.7952,17.41,1.0,1000,174.1,17.41,1749096000000,"[-0.00508, -0.005034, -0.005036]",17.41,0.05812751292360712
SYN,-0.001553,Mild,8e-06,5.9e-05,0.001561,High,0.1955,0.2295,17.39,1.0,1000,173.91,17.39,1745251200000,"[5e-05, -7.5e-05, 5e-05]",17.39,0.00893041978148361
AGI,-0.001687,Mild,3.8e-05,8.8e-05,0.001725,High,0.04771,0.056,17.38,1.0,1000,173.76,17.38,1751731200000,"[0.0001, -8.7e-05, 0.0001]",17.38,0.00970655926352129
AVL,-0.001153,Mild,-0.00017,0.000275,0.000983,Medium,0.506,0.5939,17.37,1.0,1000,173.72,17.37,1741557600000,"[2.5e-05, 2.5e-05, -0.000559]",17.37,0.006637881404720782
DOG,-0.001183,Mild,9.9e-05,4.4e-05,0.001282,High,0.006522,0.007654,17.36,1.0,1000,173.57,17.36,1735776000000,"[0.000131, 0.000128, 3.7e-05]",17.36,0.0068145161290322585
AERO,-0.001348,Mild,-3.1e-05,0.000185,0.001317,High,0.537,0.63,17.32,1.0,1000,173.18,17.32,1726070400000,"[-0.000292, 0.0001, 0.0001]",17.32,0.007782909930715936
CGPT,-0.001516,Mild,-0.000551,0.000113,0.000965,High,0.398,0.4669,17.31,1.0,1000,173.12,17.31,1736928000000,"[-0.000696, -0.000538, -0.000419]",17.31,0.008757943385326402
SCA,-0.001024,Mild,9.3e-05,9e-06,0.001117,High,0.982,1.152,17.31,1.0,1000,173.12,17.31,1710662400000,"[0.0001, 8e-05, 0.0001]",17.31,0.005915655690352398
PUFFER,-0.011857,Strong,0.000287,0.000101,0.012144,High,0.3915,0.4592,17.29,1.0,1000,172.92,17.29,1732507200000,"[0.000334, 0.00038, 0.000146]",17.29,0.06857721226142278
CVX,-0.002267,Moderate,0.000113,8.9e-05,0.00238,High,2.568,3.012,17.29,1.0,1000,172.9,17.29,1732032000000,"[5e-05, 5e-05, 0.000238]",17.29,0.013111625216888374
ZERO,-0.005751,Strong,-0.000493,0.000103,0.005258,High,0.000453,0.000531,17.22,1.0,1000,172.19,17.22,1715875200000,"[-0.000596, -0.000353, -0.000531]",17.22,0.03339721254355401
KMNO,-0.001258,Mild,-0.000427,0.000148,0.000831,High,0.05332,0.06248,17.18,1.0,1000,171.79,17.18,1748779200000,"[-0.000617, -0.000408, -0.000256]",17.18,0.007322467986030267
ROAM,-0.001654,Mild,-2.2e-05,6e-06,0.001632,High,0.187,0.2191,17.17,1.0,1000,171.66,17.17,1742284800000,"[-1.7e-05, -3e-05, -2e-05]",17.17,0.009633080955154338
SWFTC,-0.005013,Strong,-9.2e-05,0.000152,0.004921,High,0.0404,0.047337,17.17,1.0,1000,171.71,17.17,1738368000000,"[-0.0002, -0.0002, 0.000123]",17.17,0.02919627256843331
OBT,-0.001689,Mild,-0.000337,0.000286,0.001352,Medium,0.01011,0.01184,17.11,1.0,1000,171.12,17.11,1746648000000,"[5e-05, -0.000632, -0.000428]",17.11,0.009871420222092343
SOONNETWORK,-0.001104,Mild,-0.000158,0.000171,0.000946,High,0.2839,0.3324,17.08,1.0,1000,170.83,17.08,1748793600000,"[-0.000155, -0.000368, 5e-05]",17.08,0.006463700234192038
B3,-0.002275,Moderate,2.5e-05,0.0,0.0023,High,0.008918,0.01044,17.07,1.0,1000,170.67,17.07,1739721600000,"[2.5e-05, 2.5e-05, 2.5e-05]",17.07,0.01332747510251904
GORK,-0.005056,Strong,-6e-06,0.000163,0.00505,High,0.0542,0.06345,17.07,1.0,1000,170.66,17.07,1746273600000,"[-1.7e-05, -0.0002, 0.0002]",17.07,0.029619214997070886
G,-0.001197,Mild,5e-05,0.0,0.001247,High,0.03144,0.03679,17.02,1.0,1000,170.17,17.02,1735027200000,"[5e-05, 5e-05, 5e-05]",17.02,0.007032902467685076
LA,-0.001975,Mild,-0.000399,0.000108,0.001576,High,1.0336,1.2087,16.94,1.0,1000,169.41,16.94,1749369600000,"[-0.000506, -0.000251, -0.000439]",16.94,0.01165879574970484
T,-0.003724,Moderate,-8.1e-05,0.000146,0.003643,High,0.01618,0.01892,16.93,1.0,1000,169.34,16.93,1750348800000,"[-7e-06, 5e-05, -0.000285]",16.93,0.02199645599527466
FLOCK,-0.003607,Moderate,-0.001301,0.000209,0.002306,Medium,0.415,0.485,16.87,1.0,1000,168.67,16.87,1736308800000,"[-0.001349, -0.001529, -0.001024]",16.87,0.021381149970361585
DRIFT,-0.00103,Mild,4.1e-05,1.2e-05,0.001071,High,1.0374,1.2121,16.84,1.0,1000,168.4,16.84,1736769600000,"[5e-05, 5e-05, 2.4e-05]",16.84,0.006116389548693588
ZBCN,-0.001351,Mild,0.0001,0.0,0.001451,High,0.000845,0.000987,16.8,1.0,1000,168.05,16.8,1722787200000,"[0.0001, 0.0001, 0.0001]",16.8,0.008041666666666666
STEEM,-0.001431,Mild,-6.8e-05,0.000167,0.001363,High,0.3031,0.354,16.79,1.0,1000,167.93,16.79,1713902400000,"[-0.000305, 5e-05, 5e-05]",16.79,0.008522930315664087
POPCAT,-0.001676,Mild,5.1e-05,5.7e-05,0.001727,High,0.4113,0.4801,16.73,1.0,1000,167.27,16.73,1722873600000,"[0.0001, -2.9e-05, 8.3e-05]",16.73,0.010017931858936043
BOBA,-0.006396,Strong,3e-05,9.9e-05,0.006426,High,0.9958,1.1622,16.71,1.0,1000,167.1,16.71,1710662400000,"[0.0001, -0.000109, 0.0001]",16.71,0.03827648114901257
BROCCOLIF3B,-0.002188,Moderate,-0.001061,5.7e-05,0.001127,High,0.0207,0.02416,16.71,1.0,1000,167.15,16.71,1746806400000,"[-0.001086, -0.000983, -0.001115]",16.71,0.013093955715140633
PARTI,-0.001832,Mild,-0.000158,0.000148,0.001674,High,0.2241,0.2615,16.69,1.0,1000,166.89,16.69,1753358400000,"[-0.000252, -0.000273, 5e-05]",16.69,0.01097663271420012
AEVO,-0.006214,Strong,-0.000977,8.5e-05,0.005237,High,2.313,2.699,16.69,1.0,1000,166.88,16.69,1710950400000,"[-0.001033, -0.00104, -0.000857]",16.69,0.037231875374475726
ID,-0.002994,Moderate,5e-05,5.5e-05,0.003044,High,0.3097,0.3614,16.69,1.0,1000,166.94,16.69,1739721600000,"[-2.7e-05, 0.0001, 7.6e-05]",16.69,0.017938885560215695
XCH,-0.002293,Moderate,-0.000409,0.000293,0.001884,Medium,12.12,14.14,16.67,1.0,1000,166.67,16.67,1738569600000,"[-0.000819, -0.000156, -0.000252]",16.67,0.013755248950209957
SIGN,-0.001054,Mild,-0.000124,0.000159,0.00093,High,0.08429,0.09831,16.63,1.0,1000,166.33,16.63,1746237600000,"[-0.000348, -3.7e-05, 1.2e-05]",16.63,0.006337943475646422
FUN,-0.00539,Strong,-0.000167,0.00013,0.005223,High,0.013403,0.01563,16.62,1.0,1000,166.16,16.62,1751670000000,"[-0.000331, -0.000158, -1.3e-05]",16.62,0.03243080625752105
STORJ,-0.001908,Mild,-4.4e-05,0.000102,0.001864,High,0.3637,0.4238,16.52,1.0,1000,165.25,16.52,1739721600000,"[-0.000109, 0.0001, -0.000124]",16.52,0.011549636803874093
REZ,-0.001415,Mild,-0.00039,0.000155,0.001025,High,0.01386,0.01615,16.52,1.0,1000,165.22,16.52,1745553600000,"[-0.00061, -0.000287, -0.000274]",16.52,0.00856537530266344
CTK,-0.00112,Mild,5e-05,0.0,0.00117,High,0.637,0.7421,16.5,1.0,1000,164.99,16.5,1734696000000,"[5e-05, 5e-05, 5e-05]",16.5,0.006787878787878787
HIVE,-0.004966,Moderate,0.00014,8.4e-05,0.005106,High,0.3432,0.3998,16.49,1.0,1000,164.92,16.49,1734883200000,"[2.1e-05, 0.0002, 0.0002]",16.49,0.030115221346270468
AERO,-0.001564,Mild,-5.1e-05,0.000143,0.001513,High,0.667,0.777,16.49,1.0,1000,164.92,16.49,1749830400000,"[-0.000254, 5e-05, 5e-05]",16.49,0.009484536082474227
XCN,-0.001589,Mild,-0.000151,0.000268,0.001438,Medium,0.017117,0.019936,16.47,1.0,1000,164.69,16.47,1745294400000,"[5e-05, 2.7e-05, -0.00053]",16.47,0.009647844565877353
MYX,-0.001052,Mild,-0.000271,0.000241,0.000781,Medium,0.11554,0.13452,16.43,1.0,1000,164.27,16.43,1751083200000,"[-8.8e-05, -0.000612, -0.000114]",16.43,0.006402921485088253
ORBS,-0.001337,Mild,0.000145,3.5e-05,0.001482,High,0.0328,0.03818,16.4,1.0,1000,164.02,16.4,1732867200000,"[0.000167, 0.000172, 9.5e-05]",16.4,0.008152439024390246
SNT,-0.00558,Strong,-0.000292,0.000277,0.005288,Medium,0.03043,0.03542,16.4,1.0,1000,163.98,16.4,1752372000000,"[-0.000658, -0.000231, 1.2e-05]",16.4,0.03402439024390244
CTK,-0.002096,Moderate,5e-05,0.0,0.002146,High,0.8113,0.9443,16.39,1.0,1000,163.93,16.39,1735070400000,"[5e-05, 5e-05, 5e-05]",16.39,0.012788285539963392
AGLD,-0.001155,Mild,-0.000455,8.7e-05,0.0007,High,1.1175,1.3006,16.38,1.0,1000,163.85,16.38,1738915200000,"[-0.000565, -0.000353, -0.000448]",16.38,0.007051282051282051
PARTI,-0.001261,Mild,-0.000431,0.000275,0.00083,Medium,0.3299,0.3839,16.37,1.0,1000,163.69,16.37,1743019200000,"[-9.3e-05, -0.000432, -0.000767]",16.37,0.007703115455100793
SNT,-0.001622,Mild,-0.001073,0.000191,0.000549,High,0.02244,0.0261,16.31,1.0,1000,163.1,16.31,1730620800000,"[-0.000909, -0.000968, -0.001341]",16.31,0.009944819129368485
TOSHI,-0.001016,Mild,-0.000415,0.000139,0.000601,High,0.000424,0.000493,16.3,1.0,1000,162.74,16.27,1750694400000,"[-0.000485, -0.000539, -0.000221]",16.27,0.006233128834355828
1000000BABYDOGE,-0.001055,Mild,5.8e-05,5.9e-05,0.001113,High,0.001489,0.001731,16.25,1.0,1000,162.53,16.25,1738569600000,"[-2.5e-05, 0.0001, 0.0001]",16.25,0.006492307692307692
ID,-0.003552,Moderate,-0.000241,7.2e-05,0.003311,High,0.2475,0.2877,16.24,1.0,1000,162.42,16.24,1742140800000,"[-0.000339, -0.000216, -0.000168]",16.24,0.02187192118226601
ZORA,-0.002595,Moderate,-3.6e-05,9.5e-05,0.002559,High,0.05065,0.05887,16.23,1.0,1000,162.29,16.23,1753286400000,"[3.6e-05, 2.5e-05, -0.00017]",16.23,0.015988909426987063
LPT,-0.002556,Moderate,-0.000217,0.000114,0.002339,High,5.365,6.234,16.2,1.0,1000,161.98,16.2,1745337600000,"[-0.000362, -0.000206, -8.3e-05]",16.2,0.01577777777777778
A8,-0.004482,Moderate,5e-05,0.0,0.004532,High,0.11851,0.13771,16.2,1.0,1000,162.01,16.2,1744214400000,"[5e-05, 5e-05, 5e-05]",16.2,0.027666666666666666
DUCK,-0.002852,Moderate,-2.5e-05,5.3e-05,0.002827,High,0.003379,0.003926,16.19,1.0,1000,161.88,16.19,1750860000000,"[1.2e-05, -0.0001, 1.2e-05]",16.19,0.01761581222977146
XCN,-0.001554,Mild,-0.000546,5.3e-05,0.001008,High,0.02367,0.027497,16.17,1.0,1000,161.68,16.17,1739390400000,"[-0.000476, -0.000558, -0.000603]",16.17,0.00961038961038961
DOG,-0.001061,Mild,-3.9e-05,0.00021,0.001022,Medium,0.001611,0.001871,16.14,1.0,1000,161.39,16.14,1741665600000,"[-0.000271, -8.3e-05, 0.000238]",16.14,0.006573729863692689
SPX,-0.00101,Mild,-0.000295,0.000227,0.000715,Medium,0.5133,0.5961,16.13,1.0,1000,161.31,16.13,1744444800000,"[-0.000483, 2.4e-05, -0.000425]",16.13,0.006261624302541848
PENGU,-0.001107,Mild,-0.000333,7.8e-05,0.000774,High,0.01414,0.01642,16.12,1.0,1000,161.24,16.12,1751443200000,"[-0.000297, -0.000441, -0.00026]",16.12,0.006867245657568237
MOVE,-0.004192,Moderate,-0.000677,0.000275,0.003515,Medium,0.4994,0.5796,16.06,1.0,1000,160.59,16.06,1742918400000,"[-0.001005, -0.000693, -0.000333]",16.06,0.026102117061021175
HIPPO,-0.002023,Moderate,8.5e-05,0.000163,0.002108,High,0.01588,0.01843,16.06,1.0,1000,160.58,16.06,1728244800000,"[-0.000145, 0.0002, 0.0002]",16.06,0.012596513075965132
SIREN,-0.002277,Moderate,5e-05,0.0,0.002327,High,0.03676,0.04263,15.97,1.0,1000,159.68,15.97,1743206400000,"[5e-05, 5e-05, 5e-05]",15.97,0.014257983719474013
MANTA,-0.001726,Mild,-3e-06,7.5e-05,0.001723,High,1.8569,2.1516,15.87,1.0,1000,158.71,15.87,1713052800000,"[5e-05, 5e-05, -0.00011]",15.87,0.01087586641461878
VIC,-0.00262,Moderate,-0.000232,0.000196,0.002388,High,0.3151,0.365,15.84,1.0,1000,158.36,15.84,1751972400000,"[-9e-06, -0.000486, -0.0002]",15.84,0.016540404040404043
BROCCOLIF3B,-0.001018,Mild,1.2e-05,0.0,0.00103,High,0.01105,0.0128,15.84,1.0,1000,158.37,15.84,1748984400000,"[1.2e-05, 1.2e-05, 1.2e-05]",15.84,0.006426767676767677
KAITO,-0.001487,Mild,-0.000306,8.6e-05,0.001181,High,1.5458,1.7904,15.82,1.0,1000,158.24,15.82,1741392000000,"[-0.000356, -0.000184, -0.000377]",15.82,0.009399494310998735
LA,-0.003579,Moderate,-0.000221,6.9e-05,0.003358,High,1.0437,1.2087,15.81,1.0,1000,158.09,15.81,1749416400000,"[-0.00024, -0.000128, -0.000294]",15.81,0.022637571157495255
AEVO,-0.001586,Mild,-0.001084,7.9e-05,0.000502,High,1.551,1.796,15.8,1.0,1000,157.96,15.8,1713600000000,"[-0.001137, -0.001144, -0.000972]",15.8,0.010037974683544303
XEM,-0.001244,Mild,-0.000136,0.000273,0.001108,Medium,0.0209,0.0242,15.79,1.0,1000,157.89,15.79,1723104000000,"[-0.00052, 1.9e-05, 9.2e-05]",15.79,0.007878404053198227
ARCSOL,-0.001187,Mild,-0.000195,0.000176,0.000992,High,0.2455,0.2842,15.76,1.0,1000,157.64,15.76,1739649600000,"[-0.000279, 5e-05, -0.000357]",15.76,0.007531725888324873
IQ,-0.004978,Moderate,0.000131,5e-06,0.005109,High,0.010789,0.012488,15.75,1.0,1000,157.48,15.75,1733486400000,"[0.000126, 0.000137, 0.00013]",15.75,0.03160634920634921
HIGH,-0.001702,Mild,-0.000911,0.000206,0.000791,Medium,0.4955,0.5733,15.7,1.0,1000,157.01,15.7,1745337600000,"[-0.001199, -0.000804, -0.000729]",15.7,0.01084076433121019
ANIME,-0.004464,Moderate,5e-05,0.0,0.004514,High,0.0179,0.0207,15.64,1.0,1000,156.42,15.64,1744632000000,"[5e-05, 5e-05, 5e-05]",15.64,0.028542199488491047
VOXEL,-0.001902,Mild,-0.000175,0.000138,0.001727,High,0.06424,0.07424,15.57,1.0,1000,155.67,15.57,1745280000000,"[-0.00022, 1.2e-05, -0.000317]",15.57,0.012215799614643546
HIGH,-0.001263,Mild,3.9e-05,8.6e-05,0.001302,High,3.2569,3.7633,15.55,1.0,1000,155.49,15.55,1714003200000,"[0.0001, -8.2e-05, 0.0001]",15.55,0.00812218649517685
10000LADYS,-0.009662,Strong,0.0001,0.0,0.009762,High,0.000418,0.000483,15.64,1.0,1000,155.5,15.55,1744473600000,"[0.0001, 0.0001, 0.0001]",15.55,0.06177749360613811
ATH,-0.001221,Mild,-0.000299,0.000182,0.000922,High,0.0625,0.07222,15.55,1.0,1000,155.52,15.55,1720166400000,"[-0.000553, -0.000205, -0.000139]",15.55,0.00785209003215434
AERO,-0.001184,Mild,-0.000158,0.000181,0.001026,High,0.673,0.777,15.45,1.0,1000,154.53,15.45,1749772800000,"[-0.000411, 4e-06, -6.6e-05]",15.45,0.007663430420711974
ONG,-0.001318,Mild,4.7e-05,4e-06,0.001365,High,0.3393,0.3917,15.44,1.0,1000,154.44,15.44,1736352000000,"[5e-05, 4.1e-05, 5e-05]",15.44,0.008536269430051814
XEM,-0.006826,Strong,0.0001,0.0,0.006926,High,0.02286,0.02639,15.44,1.0,1000,154.42,15.44,1745654400000,"[0.0001, 0.0001, 0.0001]",15.44,0.044209844559585494
GPS,-0.005062,Strong,-5.4e-05,4.4e-05,0.005008,High,0.17333,0.2,15.39,1.0,1000,153.87,15.39,1738742400000,"[4e-06, -0.000104, -6.1e-05]",15.39,0.032891487979207275
ALEO,-0.002051,Moderate,-9e-05,0.000135,0.001961,High,0.39,0.45,15.38,1.0,1000,153.85,15.38,1738569600000,"[-0.000177, -0.000194, 0.0001]",15.38,0.013335500650195056
B3,-0.001215,Mild,-0.000506,0.000241,0.000709,Medium,0.007083,0.008171,15.36,1.0,1000,153.61,15.36,1741651200000,"[-0.000634, -0.000716, -0.000169]",15.36,0.00791015625
SCA,-0.001763,Mild,-7e-06,0.000151,0.001756,High,0.87,1.003,15.29,1.0,1000,152.87,15.29,1713369600000,"[-0.00022, 0.0001, 0.0001]",15.29,0.011530412034009159
1000BTT,-0.00136,Mild,-1.2e-05,0.000158,0.001348,High,0.00106,0.001222,15.27,1.0,1000,152.83,15.28,1734825600000,"[-0.000235, 0.0001, 0.0001]",15.28,0.008906352324819908
BLAST,-0.002235,Moderate,-1.5e-05,8.9e-05,0.00222,High,0.00862,0.00993,15.2,1.0,1000,151.97,15.2,1722902400000,"[-0.000117, -2.8e-05, 0.0001]",15.2,0.014703947368421053
ORCA,-0.006751,Strong,-0.001017,0.000287,0.005734,Medium,3.177,3.66,15.2,1.0,1000,152.03,15.2,1744682400000,"[-0.000646, -0.001059, -0.001345]",15.2,0.044414473684210524
B3,-0.003506,Moderate,-2e-06,3.8e-05,0.003504,High,0.005685,0.006548,15.18,1.0,1000,151.8,15.18,1741492800000,"[-5.5e-05, 2.5e-05, 2.5e-05]",15.18,0.023096179183135706
A8,-0.00577,Strong,-0.000114,0.000232,0.005656,Medium,0.14932,0.17198,15.18,1.0,1000,151.75,15.18,1748462400000,"[-0.000443, 5e-05, 5e-05]",15.18,0.03801054018445323
HNT,-0.001541,Mild,2.8e-05,0.000101,0.001569,High,6.6,7.601,15.17,1.0,1000,151.67,15.17,1734940800000,"[0.0001, -0.000115, 0.0001]",15.17,0.01015820698747528
AEVO,-0.00135,Mild,-3.5e-05,1.3e-05,0.001315,High,2.555,2.942,15.15,1.0,1000,151.47,15.15,1711440000000,"[-1.7e-05, -4.9e-05, -3.8e-05]",15.15,0.008910891089108912
RFC,-0.001113,Mild,5e-05,0.0,0.001163,High,0.01281,0.01475,15.14,1.0,1000,151.44,15.14,1749182400000,"[5e-05, 5e-05, 5e-05]",15.14,0.0073513870541611626
BANANAS31,-0.001627,Mild,-0.000359,0.000161,0.001268,High,0.0084,0.009672,15.14,1.0,1000,151.43,15.14,1752436800000,"[-0.000545, -0.000152, -0.00038]",15.14,0.010746367239101717
SD,-0.00284,Moderate,-0.001174,0.000209,0.001666,Medium,0.9229,1.0625,15.13,1.0,1000,151.26,15.13,1731398400000,"[-0.000995, -0.00106, -0.001467]",15.13,0.018770654329147388
VOXEL,-0.001918,Mild,-0.000605,0.000127,0.001313,High,0.06742,0.07762,15.13,1.0,1000,151.29,15.13,1745323200000,"[-0.000621, -0.000441, -0.000752]",15.13,0.01267680105750165
NEWT,-0.001498,Mild,-0.000822,0.000125,0.000676,High,0.389,0.4477,15.09,1.0,1000,150.9,15.09,1751158800000,"[-0.00081, -0.000676, -0.000981]",15.09,0.009927104042412193
PUNDIX,-0.001014,Mild,-0.000238,0.000237,0.000776,Medium,0.5362,0.6171,15.09,1.0,1000,150.88,15.09,1746302400000,"[-0.000555, -0.000172, 1.4e-05]",15.09,0.006719681908548707
SNT,-0.002918,Moderate,5e-05,0.0,0.002968,High,0.0547,0.06295,15.08,1.0,1000,150.82,15.08,1750348800000,"[5e-05, 5e-05, 5e-05]",15.08,0.019350132625994696
LAYER,-0.003859,Moderate,-0.00091,5.1e-05,0.002949,High,0.649,0.7469,15.08,1.0,1000,150.85,15.08,1750572000000,"[-0.000883, -0.000981, -0.000866]",15.08,0.025590185676392575
XAI,-0.001121,Mild,-0.000338,8e-05,0.000783,High,0.3424,0.394,15.07,1.0,1000,150.7,15.07,1720468800000,"[-0.000246, -0.000328, -0.00044]",15.07,0.007438619774386198
BAN,-0.003535,Moderate,5e-05,0.0,0.003585,High,0.0777,0.0894,15.06,1.0,1000,150.58,15.06,1739808000000,"[5e-05, 5e-05, 5e-05]",15.06,0.023472775564409028
SOPH,-0.009631,Strong,-0.000512,8.2e-05,0.009119,High,0.0439,0.05051,15.06,1.0,1000,150.57,15.06,1753286400000,"[-0.000604, -0.000528, -0.000404]",15.06,0.06395086321381142
FLOCK,-0.004504,Moderate,4.2e-05,1.2e-05,0.004546,High,0.0692,0.0796,15.03,1.0,1000,150.29,15.03,1741708800000,"[2.5e-05, 5e-05, 5e-05]",15.03,0.02996673320026614
TUT,-0.001676,Mild,1.6e-05,4.9e-05,0.001692,High,0.04338,0.0499,15.03,1.0,1000,150.3,15.03,1743235200000,"[5e-05, 5e-05, -5.3e-05]",15.03,0.01115103127079175
SPELL,-0.011963,Strong,-0.000192,0.000218,0.011771,Medium,0.000573,0.000659,15.07,1.0,1000,150.09,15.01,1744329600000,"[-0.000423, 0.0001, -0.000254]",15.01,0.07938287989382879
CHZ,-0.001417,Mild,-0.000739,0.000281,0.000678,Medium,0.06604,0.07593,14.98,1.0,1000,149.76,14.98,1728403200000,"[-0.000586, -0.001133, -0.000499]",14.98,0.00945927903871829
NMR,-0.002642,Moderate,5.7e-05,0.000163,0.002699,High,8.648,9.941,14.95,1.0,1000,149.51,14.95,1745467200000,"[-0.000169, 0.000134, 0.000207]",14.95,0.017672240802675585
BANK,-0.004688,Moderate,-0.001016,0.000202,0.003672,Medium,0.06672,0.07668,14.93,1.0,1000,149.28,14.93,1746878400000,"[-0.00085, -0.001301, -0.000897]",14.93,0.031399866041527134
STEEM,-0.006596,Strong,-0.000128,0.000164,0.006468,High,0.2784,0.3199,14.91,1.0,1000,149.07,14.91,1714536000000,"[-0.000359, 7e-06, -3.1e-05]",14.91,0.04423876592890677
NEWT,-0.001059,Mild,-0.000439,0.000296,0.00062,Medium,0.3593,0.4127,14.86,1.0,1000,148.62,14.86,1751011200000,"[-0.000481, -5.7e-05, -0.000778]",14.86,0.007126514131897713
HNT,-0.001821,Mild,0.0001,0.0,0.001921,High,5.549,6.373,14.85,1.0,1000,148.5,14.85,1730764800000,"[0.0001, 0.0001, 0.0001]",14.85,0.012262626262626263
LEVER,-0.001266,Mild,-4.4e-05,0.000112,0.001222,High,0.001303,0.001496,14.84,1.0,1000,148.12,14.81,1739145600000,"[-6e-05, 0.0001, -0.000172]",14.81,0.00853099730458221
AUDIO,-0.010033,Strong,-0.000147,0.000178,0.009886,High,0.08481,0.09737,14.81,1.0,1000,148.1,14.81,1745280000000,"[-0.000311, -0.000231, 0.0001]",14.81,0.06774476704929101
BROCCOLI,-0.001071,Mild,-0.000121,0.000145,0.00095,High,0.03435,0.03943,14.79,1.0,1000,147.89,14.79,1741809600000,"[5e-05, -0.000305, -0.000107]",14.79,0.007241379310344827
BID,-0.001502,Mild,-0.00057,0.00026,0.000932,Medium,0.12876,0.14777,14.76,1.0,1000,147.64,14.76,1751097600000,"[-0.000864, -0.000615, -0.000232]",14.76,0.010176151761517616
QI,-0.001502,Mild,-6.4e-05,0.000183,0.001438,High,0.01172,0.01345,14.76,1.0,1000,147.61,14.76,1738800000000,"[-0.00032, 0.0001, 2.7e-05]",14.76,0.010176151761517616
MOBILE,-0.002167,Moderate,-0.00021,0.000221,0.001957,Medium,0.000461,0.000529,14.96,1.0,1000,147.51,14.75,1744502400000,"[-0.000328, -0.000402, 0.0001]",14.75,0.014485294117647058
BERA,-0.002156,Moderate,-0.000469,0.000114,0.001687,High,8.035,9.219,14.74,1.0,1000,147.36,14.74,1740052800000,"[-0.000509, -0.000585, -0.000314]",14.74,0.01462686567164179
BABY,-0.002355,Moderate,-3.1e-05,0.000115,0.002324,High,0.05041,0.05784,14.74,1.0,1000,147.39,14.74,1752134400000,"[-0.000194, 5e-05, 5e-05]",14.74,0.015976933514246946
ORCA,-0.00184,Mild,-0.001319,0.000218,0.000521,Medium,3.19,3.66,14.73,1.0,1000,147.34,14.73,1744725600000,"[-0.001035, -0.001565, -0.001358]",14.73,0.012491513917175831
BADGER,-0.003856,Moderate,0.0001,0.0,0.003956,High,1.148,1.317,14.72,1.0,1000,147.21,14.72,1745913600000,"[0.0001, 0.0001, 0.0001]",14.72,0.026195652173913044
VR,-0.001627,Mild,0.0001,0.0,0.001727,High,0.00415,0.00476,14.7,1.0,1000,146.99,14.7,1741939200000,"[0.0001, 0.0001, 0.0001]",14.7,0.011068027210884354
CSPR,-0.001941,Mild,0.0001,0.0,0.002041,High,0.015995,0.018347,14.7,1.0,1000,147.05,14.7,1746979200000,"[0.0001, 0.0001, 0.0001]",14.7,0.013204081632653061
AUCTION,-0.001692,Mild,-0.001136,0.000264,0.000556,Medium,32.26,37.0,14.69,1.0,1000,146.93,14.69,1742227200000,"[-0.001462, -0.00113, -0.000815]",14.69,0.011518039482641252
CARV,-0.001852,Mild,-0.001162,0.000164,0.00069,High,0.9102,1.0439,14.69,1.0,1000,146.89,14.69,1734220800000,"[-0.000978, -0.001133, -0.001376]",14.69,0.0126072157930565
SKL,-0.010375,Strong,-4.7e-05,0.000156,0.010328,High,0.05183,0.05944,14.68,1.0,1000,146.83,14.68,1737907200000,"[-0.000264, 0.0001, 2.2e-05]",14.68,0.07067438692098094
MBL,-0.004596,Moderate,-0.003003,0.000298,0.001593,Medium,0.003762,0.004314,14.67,1.0,1000,146.73,14.67,1736438400000,"[-0.002656, -0.002969, -0.003384]",14.67,0.03132924335378323
BMT,-0.001844,Mild,4.7e-05,4e-06,0.001891,High,0.1111,0.1274,14.67,1.0,1000,146.71,14.67,1741939200000,"[4.1e-05, 5e-05, 5e-05]",14.67,0.012569870483980913
ZKJ,-0.002721,Moderate,-1.3e-05,8.9e-05,0.002708,High,0.3131,0.3589,14.63,1.0,1000,146.28,14.63,1750435200000,"[-0.000139, 5e-05, 5e-05]",14.63,0.01859876965140123
FLR,-0.010645,Strong,0.0001,0.0,0.010745,High,0.04051,0.04643,14.61,1.0,1000,146.14,14.61,1712102400000,"[0.0001, 0.0001, 0.0001]",14.61,0.07286105407255304
AKT,-0.001007,Mild,5e-05,0.0,0.001057,High,0.906,1.038,14.57,1.0,1000,145.7,14.57,1744156800000,"[5e-05, 5e-05, 5e-05]",14.57,0.0069114619080301995
ARK,-0.001289,Mild,7e-06,6e-05,0.001296,High,0.3922,0.4493,14.56,1.0,1000,145.59,14.56,1751616000000,"[-7.8e-05, 5e-05, 5e-05]",14.56,0.008853021978021977
BANANAS31,-0.001359,Mild,-4.3e-05,0.000109,0.001316,High,0.006657,0.007625,14.54,1.0,1000,145.41,14.54,1752868800000,"[1.6e-05, 5e-05, -0.000196]",14.54,0.009346629986244841
PERP,-0.001002,Mild,-8e-05,0.000184,0.000922,High,0.1769,0.2026,14.53,1.0,1000,145.28,14.53,1745006400000,"[-0.00034, 5e-05, 5e-05]",14.53,0.00689607708189952
MELANIA,-0.0021,Moderate,-0.000753,0.000237,0.001347,Medium,0.661,0.757,14.52,1.0,1000,145.23,14.52,1742140800000,"[-0.000615, -0.001087, -0.000558]",14.52,0.01446280991735537
SEI,-0.001898,Mild,-0.000866,0.000291,0.001032,Medium,0.2518,0.2883,14.5,1.0,1000,144.96,14.5,1740470400000,"[-0.001278, -0.000642, -0.000679]",14.5,0.013089655172413794
TOKEN,-0.002498,Moderate,-0.00167,0.000275,0.000828,Medium,0.02732,0.03127,14.46,1.0,1000,144.58,14.46,1738584000000,"[-0.001431, -0.002056, -0.001524]",14.46,0.01727524204702628
MOCA,-0.001823,Mild,-0.000524,0.000291,0.001299,Medium,0.1292,0.1478,14.4,1.0,1000,143.96,14.4,1738857600000,"[-0.000886, -0.000511, -0.000174]",14.4,0.01265972222222222
GUN,-0.001677,Mild,-0.000387,2.1e-05,0.00129,High,0.04805,0.05497,14.4,1.0,1000,144.02,14.4,1744891200000,"[-0.000414, -0.000362, -0.000386]",14.4,0.011645833333333333
AUCTION,-0.002163,Moderate,-0.001449,0.000284,0.000714,Medium,41.5,47.45,14.34,1.0,1000,143.37,14.34,1742457600000,"[-0.00105, -0.001688, -0.00161]",14.34,0.015083682008368201
SLF,-0.001104,Mild,-0.00048,0.000249,0.000624,Medium,0.2157,0.2466,14.33,1.0,1000,143.25,14.33,1747296000000,"[-0.00083, -0.000338, -0.000272]",14.33,0.007704117236566642
DUCK,-0.002811,Moderate,-0.000372,0.000289,0.002439,Medium,0.004445,0.00508,14.29,1.0,1000,142.86,14.29,1752278400000,"[-0.000684, -0.000445, 1.2e-05]",14.29,0.01967109867039888
STEEM,-0.002448,Moderate,-0.000669,0.000173,0.001779,High,0.1036,0.1184,14.29,1.0,1000,142.86,14.29,1744012800000,"[-0.000632, -0.000479, -0.000897]",14.29,0.017130860741777467
LAYER,-0.001801,Mild,-7.2e-05,6.4e-05,0.001729,High,1.3102,1.497,14.26,1.0,1000,142.57,14.26,1746662400000,"[-0.000155, 0, -6e-05]",14.26,0.012629733520336606
POWR,-0.001453,Mild,5e-05,0.0,0.001503,High,0.3067,0.3504,14.25,1.0,1000,142.48,14.25,1714190400000,"[5e-05, 5e-05, 5e-05]",14.25,0.010196491228070178
UMA,-0.001219,Mild,-6.5e-05,8.8e-05,0.001154,High,1.678,1.917,14.24,1.0,1000,142.43,14.24,1739016000000,"[-4.3e-05, -0.000183, 3e-05]",14.24,0.008560393258426967
SIREN,-0.001876,Mild,-0.000217,6.9e-05,0.001659,High,0.04882,0.05575,14.2,1.0,1000,141.95,14.2,1750593600000,"[-0.000182, -0.000313, -0.000155]",14.2,0.013211267605633804
XEM,-0.001006,Mild,-8.5e-05,0.000262,0.000921,Medium,0.02932,0.03348,14.19,1.0,1000,141.88,14.19,1733904000000,"[0.0001, -0.000455, 0.0001]",14.19,0.007089499647639182
PLUME,-0.00122,Mild,5e-05,0.0,0.00127,High,0.1452,0.1658,14.19,1.0,1000,141.87,14.19,1738670400000,"[5e-05, 5e-05, 5e-05]",14.19,0.008597603946441155
ICX,-0.001091,Mild,-0.000192,0.000174,0.000899,High,0.1269,0.1449,14.18,1.0,1000,141.84,14.18,1748851200000,"[-5.9e-05, -7.9e-05, -0.000437]",14.18,0.007693935119887164
AVL,-0.001102,Mild,-7e-06,4.5e-05,0.001095,High,0.4201,0.4793,14.09,1.0,1000,140.92,14.09,1742140800000,"[2.5e-05, -7e-05, 2.5e-05]",14.09,0.007821149751596876
XNY,-0.002486,Moderate,1.3e-05,0.000151,0.002499,High,0.003857,0.0044,14.08,1.0,1000,140.78,14.08,1753344000000,"[0.000125, -0.0002, 0.000114]",14.08,0.01765625
FIDA,-0.001368,Mild,-1.7e-05,9.5e-05,0.001351,High,0.10478,0.11948,14.03,1.0,1000,140.29,14.03,1747022400000,"[-0.000152, 5e-05, 5e-05]",14.03,0.009750534568781185
QUICK,-0.003428,Moderate,0.0002,0.0,0.003628,High,0.0434,0.04949,14.03,1.0,1000,140.32,14.03,1725609600000,"[0.0002, 0.0002, 0.0002]",14.03,0.024433357091945836
FIDA,-0.001753,Mild,-9.2e-05,1.6e-05,0.001661,High,0.0729,0.08308,13.96,1.0,1000,139.64,13.96,1751313600000,"[-8.9e-05, -0.000113, -7.3e-05]",13.96,0.01255730659025788
SQD,-0.002543,Moderate,-9.7e-05,0.000208,0.002446,Medium,0.1683,0.1918,13.96,1.0,1000,139.63,13.96,1751457600000,"[-0.000391, 5e-05, 5e-05]",13.96,0.018216332378223496
SOLO,-0.002999,Moderate,0.0001,0.0,0.003099,High,0.3542,0.4035,13.92,1.0,1000,139.19,13.92,1751904000000,"[0.0001, 0.0001, 0.0001]",13.92,0.02154454022988506
AMP,-0.008081,Strong,-0.005449,0.000288,0.002632,Medium,0.01088,0.012395,13.92,1.0,1000,139.25,13.92,1733443200000,"[-0.005733, -0.005054, -0.005559]",13.92,0.05805316091954023
AERO,-0.001659,Mild,5e-05,0.0,0.001709,High,0.842,0.959,13.9,1.0,1000,138.95,13.9,1750262400000,"[5e-05, 5e-05, 5e-05]",13.9,0.01193525179856115
HIVE,-0.00839,Strong,-0.001083,0.000184,0.007307,High,0.4162,0.474,13.89,1.0,1000,138.88,13.89,1735444800000,"[-0.00128, -0.00113, -0.000838]",13.89,0.06040316774658028
SAFE,-0.009342,Strong,2e-05,4.2e-05,0.009362,High,0.5452,0.6208,13.87,1.0,1000,138.66,13.87,1745913600000,"[-4e-05, 5e-05, 5e-05]",13.87,0.06735400144196108
STEEM,-0.011938,Strong,-0.000104,6.9e-05,0.011834,High,0.302,0.3439,13.87,1.0,1000,138.74,13.87,1736308800000,"[-0.000193, -9.3e-05, -2.6e-05]",13.87,0.08607065609228552
XAI,-0.00194,Mild,-0.001112,0.00013,0.000828,High,0.2924,0.3329,13.85,1.0,1000,138.51,13.85,1720195200000,"[-0.001258, -0.001137, -0.000942]",13.85,0.014007220216606501
RSS3,-0.002143,Moderate,-0.00017,0.000195,0.001973,High,0.254,0.2891,13.82,1.0,1000,138.19,13.82,1718697600000,"[-0.000256, -0.000354, 0.0001]",13.82,0.015506512301013025
AIOT,-0.001903,Mild,-0.000276,0.000239,0.001627,Medium,0.39093,0.44492,13.81,1.0,1000,138.11,13.81,1753084800000,"[5e-05, -0.000365, -0.000514]",13.81,0.013779869659666908
MOBILE,-0.005182,Strong,0.0001,0.0,0.005282,High,0.000319,0.000363,13.77,1.0,1000,137.93,13.79,1750377600000,"[0.0001, 0.0001, 0.0001]",13.79,0.0376325344952796
PRCL,-0.002416,Moderate,-1e-05,0.000232,0.002406,Medium,0.422,0.48,13.74,1.0,1000,137.44,13.74,1714204800000,"[-0.000337, 0.000131, 0.000176]",13.74,0.01758369723435226
HAEDAL,-0.001086,Mild,-0.000131,0.000292,0.000955,Medium,0.1487,0.1691,13.72,1.0,1000,137.19,13.72,1747123200000,"[-0.000542, 0.0001, 5e-05]",13.72,0.00791545189504373
MOCA,-0.003169,Moderate,-4.1e-05,0.000129,0.003128,High,0.0979,0.1113,13.69,1.0,1000,136.87,13.69,1745856000000,"[-0.000223, 5e-05, 5e-05]",13.69,0.02314828341855369
10000COQ,-0.005106,Strong,-3.2e-05,0.000187,0.005074,High,0.01082,0.0123,13.68,1.0,1000,136.78,13.68,1739750400000,"[0.0001, -0.000296, 0.0001]",13.68,0.037324561403508774
CVC,-0.009226,Strong,-0.000138,0.000153,0.009088,High,0.15629,0.17764,13.66,1.0,1000,136.61,13.66,1713052800000,"[-0.000148, 5.4e-05, -0.000321]",13.66,0.0675402635431918
FLOCK,-0.001773,Mild,5e-05,0.0,0.001823,High,0.0835,0.0949,13.65,1.0,1000,136.53,13.65,1739203200000,"[5e-05, 5e-05, 5e-05]",13.65,0.012989010989010988
IOST,-0.008496,Strong,0.0001,0.0,0.008596,High,0.007326,0.008326,13.65,1.0,1000,136.5,13.65,1736409600000,"[0.0001, 0.0001, 0.0001]",13.65,0.06224175824175824
FB,-0.002917,Moderate,-0.000676,0.000101,0.002241,High,0.579,0.658,13.64,1.0,1000,136.44,13.64,1744876800000,"[-0.00075, -0.000746, -0.000533]",13.64,0.021385630498533724
OXT,-0.009796,Strong,0.0001,0.0,0.009896,High,0.11319,0.12863,13.64,1.0,1000,136.41,13.64,1732464000000,"[0.0001, 0.0001, 0.0001]",13.64,0.07181818181818181
SWEAT,-0.001149,Mild,-0.000427,4.3e-05,0.000722,High,0.008983,0.010207,13.63,1.0,1000,136.26,13.63,1738828800000,"[-0.000432, -0.000373, -0.000477]",13.63,0.00842993396918562
CARV,-0.00396,Moderate,8.6e-05,1.9e-05,0.004046,High,0.961,1.092,13.63,1.0,1000,136.32,13.63,1732780800000,"[0.0001, 5.9e-05, 0.0001]",13.63,0.029053558327219366
INJ,-0.001105,Mild,0.000207,7.3e-05,0.001312,High,23.22,26.386,13.63,1.0,1000,136.35,13.63,1713052800000,"[0.000254, 0.000263, 0.000103]",13.63,0.008107116654438739
QI,-0.002396,Moderate,0.0001,0.0,0.002496,High,0.01526,0.01734,13.63,1.0,1000,136.3,13.63,1713052800000,"[0.0001, 0.0001, 0.0001]",13.63,0.017578870139398385
VOXEL,-0.009001,Strong,-7.3e-05,0.00012,0.008928,High,0.07511,0.08534,13.62,1.0,1000,136.2,13.62,1745622000000,"[-0.000243, 1.2e-05, 1.2e-05]",13.62,0.06608663729809106
SYS,-0.001147,Mild,-0.000376,0.000221,0.000771,Medium,0.04924,0.05594,13.61,1.0,1000,136.07,13.61,1746633600000,"[-0.000487, -0.000573, -6.7e-05]",13.61,0.008427626745040412
ENA,-0.001273,Mild,-0.000591,0.000109,0.000682,High,0.347,0.3942,13.6,1.0,1000,136.02,13.6,1741075200000,"[-0.000739, -0.000554, -0.00048]",13.6,0.009360294117647059
GLM,-0.008326,Strong,-0.003626,0.000105,0.0047,High,0.2973,0.3377,13.59,1.0,1000,135.89,13.59,1740009600000,"[-0.003762, -0.003507, -0.003608]",13.59,0.06126563649742458
SXP,-0.001075,Mild,-0.000488,0.000179,0.000587,High,0.187,0.2124,13.58,1.0,1000,135.83,13.58,1744704000000,"[-0.000268, -0.000489, -0.000707]",13.58,0.007916053019145802
PRCL,-0.001405,Mild,2e-05,6.7e-05,0.001425,High,0.081,0.092,13.58,1.0,1000,135.8,13.58,1751529600000,"[0.0001, 2.4e-05, -6.3e-05]",13.58,0.010346097201767305
REZ,-0.001418,Mild,-0.000493,0.000253,0.000925,Medium,0.01838,0.02087,13.55,1.0,1000,135.47,13.55,1743811200000,"[-0.000463, -0.000199, -0.000817]",13.55,0.010464944649446493
MDT,-0.001166,Mild,1.8e-05,0.000115,0.001184,High,0.069,0.07834,13.54,1.0,1000,135.36,13.54,1735344000000,"[0.0001, 0.0001, -0.000145]",13.54,0.00861152141802068
SLF,-0.002698,Moderate,0.0001,0.0,0.002798,High,0.0784,0.089,13.52,1.0,1000,135.2,13.52,1752307200000,"[0.0001, 0.0001, 0.0001]",13.52,0.01995562130177515
AERGO,-0.010691,Strong,-0.000232,0.000137,0.010459,High,0.16034,0.182,13.51,1.0,1000,135.09,13.51,1748145600000,"[-0.000267, -0.000379, -5e-05]",13.51,0.0791339748334567
BEAMX,-0.001007,Mild,4e-05,1.5e-05,0.001047,High,0.008199,0.009306,13.5,1.0,1000,135.02,13.5,1746086400000,"[1.9e-05, 5e-05, 5e-05]",13.5,0.007459259259259259
ZRC,-0.001118,Mild,-0.000153,0.000249,0.000965,Medium,0.0704,0.0799,13.49,1.0,1000,134.94,13.49,1733184000000,"[-6.7e-05, 0.0001, -0.000492]",13.49,0.008287620459599705
MOCA,-0.0036,Moderate,-0.001752,0.000242,0.001848,Medium,0.2818,0.3198,13.48,1.0,1000,134.85,13.48,1734868800000,"[-0.002016, -0.001809, -0.001431]",13.48,0.026706231454005934
SCA,-0.001502,Mild,-0.000885,0.000285,0.000617,Medium,0.0855,0.097,13.45,1.0,1000,134.5,13.45,1750636800000,"[-0.0006, -0.000781, -0.001275]",13.45,0.011167286245353162
SCA,-0.001869,Mild,5.9e-05,5.8e-05,0.001928,High,1.041,1.181,13.45,1.0,1000,134.49,13.45,1713657600000,"[0.0001, -2.2e-05, 0.0001]",13.45,0.013895910780669147
CLOUD,-0.004187,Moderate,0.0001,0.0,0.004287,High,0.1574,0.1785,13.41,1.0,1000,134.05,13.41,1722844800000,"[0.0001, 0.0001, 0.0001]",13.41,0.03122296793437733
AIOZ,-0.001136,Mild,-0.000273,0.000142,0.000863,High,0.871,0.9878,13.41,1.0,1000,134.1,13.41,1736784000000,"[-0.000474, -0.00018, -0.000166]",13.41,0.008471290082028338
JELLYJELLY,-0.001215,Mild,5e-05,0.0,0.001265,High,0.02137,0.02423,13.38,1.0,1000,133.83,13.38,1742241600000,"[5e-05, 5e-05, 5e-05]",13.38,0.009080717488789237
LAYER,-0.001004,Mild,-0.000493,0.000148,0.000511,High,1.1926,1.352,13.37,1.0,1000,133.66,13.37,1746792000000,"[-0.000493, -0.000675, -0.000312]",13.37,0.007509349289454002
LAYER,-0.001465,Mild,-0.00079,0.000217,0.000675,Medium,1.1926,1.352,13.37,1.0,1000,133.66,13.37,1746799200000,"[-0.000873, -0.001004, -0.000493]",13.37,0.010957367240089754
HNT,-0.002129,Moderate,-6e-06,0.00015,0.002123,High,3.919,4.44,13.29,1.0,1000,132.94,13.29,1713283200000,"[0.0001, 0.0001, -0.000219]",13.29,0.01601956358164033
SNT,-0.001113,Mild,-0.000543,0.000163,0.00057,High,0.0226,0.02558,13.19,1.0,1000,131.86,13.19,1745035200000,"[-0.000411, -0.000445, -0.000772]",13.19,0.008438210765731617
SLF,-0.001002,Mild,3.4e-05,9.3e-05,0.001036,High,0.2148,0.243,13.13,1.0,1000,131.28,13.13,1747065600000,"[-9.8e-05, 0.0001, 0.0001]",13.13,0.007631378522467632
OM,-0.001285,Mild,-0.00036,7.6e-05,0.000925,High,1.00757,1.1399,13.13,1.0,1000,131.34,13.13,1720699200000,"[-0.000422, -0.000405, -0.000254]",13.13,0.009786747905559785
BLUM,-0.001523,Mild,-0.000344,0.000221,0.001179,Medium,0.0596,0.0674,13.09,1.0,1000,130.87,13.09,1752966000000,"[-0.000575, -0.00041, -4.7e-05]",13.09,0.011634835752482814
VVV,-0.00163,Mild,-0.0003,0.000259,0.00133,Medium,3.923,4.436,13.08,1.0,1000,130.77,13.08,1745913600000,"[-0.000606, 2.7e-05, -0.000322]",13.08,0.01246177370030581
MOVE,-0.001147,Mild,-0.000574,7.9e-05,0.000573,High,0.8203,0.9274,13.06,1.0,1000,130.56,13.06,1734984000000,"[-0.000685, -0.000513, -0.000523]",13.06,0.008782542113323124
NS,-0.001657,Mild,-8e-06,0.000153,0.001649,High,0.1725,0.195,13.04,1.0,1000,130.43,13.04,1740470400000,"[0.0001, 0.0001, -0.000225]",13.04,0.012707055214723928
VIC,-0.005029,Strong,0.000152,3.5e-05,0.005181,High,0.3609,0.4079,13.02,1.0,1000,130.23,13.02,1741795200000,"[0.00014, 0.000117, 0.0002]",13.02,0.03862519201228879
ZEUS,-0.00145,Mild,-0.000103,0.000287,0.001347,Medium,0.7198,0.8135,13.02,1.0,1000,130.18,13.02,1734883200000,"[-0.000509, 0.0001, 0.0001]",13.02,0.011136712749615977
NS,-0.001043,Mild,-8e-06,9.1e-05,0.001035,High,0.131,0.148,12.98,1.0,1000,129.77,12.98,1744819200000,"[-0.000122, 0.0001, -3e-06]",12.98,0.008035439137134053
SEND,-0.002181,Moderate,-6.9e-05,8.5e-05,0.002112,High,2.336,2.639,12.97,1.0,1000,129.71,12.97,1737187200000,"[-7.8e-05, -0.000169, 3.9e-05]",12.97,0.01681572860447186
XMR,-0.001245,Mild,0.0001,0.0,0.001345,High,119.34,134.81,12.96,1.0,1000,129.63,12.96,1707235200000,"[0.0001, 0.0001, 0.0001]",12.96,0.00960648148148148
AERO,-0.001667,Mild,-0.000812,8.5e-05,0.000855,High,1.042,1.177,12.96,1.0,1000,129.56,12.96,1729900800000,"[-0.000834, -0.000903, -0.000698]",12.96,0.012862654320987653
AIOT,-0.002413,Moderate,0.000118,4.9e-05,0.002531,High,0.12432,0.14041,12.94,1.0,1000,129.42,12.94,1749902400000,"[0.000147, 5e-05, 0.000158]",12.94,0.018647604327666156
H,-0.00223,Moderate,-0.001367,0.000263,0.000863,Medium,0.07395,0.08351,12.93,1.0,1000,129.28,12.93,1751788800000,"[-0.001673, -0.001398, -0.00103]",12.93,0.017246713070378967
MTL,-0.001047,Mild,-2.3e-05,0.000173,0.001024,High,1.2979,1.4656,12.92,1.0,1000,129.21,12.92,1736409600000,"[0.0001, -0.000268, 0.0001]",12.92,0.008103715170278638
AVAIL,-0.001359,Mild,4.4e-05,7.9e-05,0.001403,High,0.1403,0.1584,12.9,1.0,1000,129.01,12.9,1723392000000,"[-6.8e-05, 0.0001, 0.0001]",12.9,0.010534883720930232
OBT,-0.004371,Moderate,-0.000678,0.000281,0.003693,Medium,0.00744,0.0084,12.9,1.0,1000,129.03,12.9,1749830400000,"[-0.00035, -0.001037, -0.000646]",12.9,0.03388372093023256
BULLA,-0.001085,Mild,-0.000101,0.000213,0.000984,Medium,0.0676,0.0763,12.87,1.0,1000,128.7,12.87,1751788800000,"[5e-05, 5e-05, -0.000402]",12.87,0.008430458430458431
SNT,-0.001544,Mild,-5.1e-05,0.000213,0.001493,Medium,0.02377,0.02683,12.87,1.0,1000,128.73,12.87,1728316800000,"[0.0001, 0.0001, -0.000352]",12.87,0.011996891996891999
RSS3,-0.001182,Mild,-2.7e-05,0.0001,0.001155,High,0.1602,0.1808,12.86,1.0,1000,128.59,12.86,1721721600000,"[-3.6e-05, 0.0001, -0.000144]",12.86,0.009191290824261277
XEM,-0.002362,Moderate,0.000193,0.000132,0.002555,High,0.0156,0.0176,12.82,1.0,1000,128.21,12.82,1721232000000,"[0.0001, 0.000379, 0.0001]",12.82,0.018424336973478936
UMA,-0.001996,Mild,5e-05,0.0,0.002046,High,2.708,3.055,12.81,1.0,1000,128.14,12.81,1729195200000,"[5e-05, 5e-05, 5e-05]",12.81,0.015581576893052304
HOOK,-0.001127,Mild,9.8e-05,3e-06,0.001225,High,0.4926,0.5557,12.81,1.0,1000,128.1,12.81,1723564800000,"[9.3e-05, 0.0001, 0.0001]",12.81,0.008797814207650273
XCN,-0.003432,Moderate,-0.002232,0.000294,0.0012,Medium,0.002053,0.002316,12.81,1.0,1000,128.11,12.81,1734796800000,"[-0.002589, -0.00187, -0.002237]",12.81,0.026791569086651056
AMP,-0.001623,Mild,-0.000897,0.000255,0.000726,Medium,0.003259,0.003676,12.8,1.0,1000,127.95,12.8,1744200000000,"[-0.000975, -0.001163, -0.000554]",12.8,0.0126796875
SEND,-0.006025,Strong,-3.7e-05,0.000158,0.005988,High,1.3278,1.4976,12.79,1.0,1000,127.88,12.79,1738886400000,"[4.8e-05, -0.000259, 0.0001]",12.79,0.04710711493354183
AERGO,-0.00827,Strong,2.1e-05,4.1e-05,0.008291,High,0.14688,0.16564,12.77,1.0,1000,127.72,12.77,1748059200000,"[-3.7e-05, 5e-05, 5e-05]",12.77,0.06476115896632732
W,-0.001729,Mild,-0.0,7.1e-05,0.001729,High,0.1159,0.1307,12.77,1.0,1000,127.7,12.77,1742702400000,"[5e-05, 5e-05, -0.000101]",12.77,0.013539545810493343
LSK,-0.001046,Mild,-0.000116,6.7e-05,0.00093,High,1.7754,2.0015,12.74,1.0,1000,127.35,12.74,1715774400000,"[-0.000121, -0.000196, -3.1e-05]",12.74,0.008210361067503924
EDU,-0.00855,Strong,-7.7e-05,0.000142,0.008473,High,0.1397,0.1575,12.74,1.0,1000,127.42,12.74,1744041600000,"[-0.000248, -8.2e-05, 0.0001]",12.74,0.06711145996860282
SWELL,-0.001179,Mild,-0.000223,5.2e-05,0.000956,High,0.01052,0.01186,12.74,1.0,1000,127.38,12.74,1753444800000,"[-0.000232, -0.000282, -0.000155]",12.74,0.009254317111459968
SYS,-0.001776,Mild,-0.000693,0.000144,0.001083,High,0.03222,0.03632,12.73,1.0,1000,127.25,12.73,1743998400000,"[-0.000879, -0.000673, -0.000528]",12.73,0.013951296150824823
VIRTUAL,-0.00146,Mild,-0.00012,0.00014,0.00134,High,0.5291,0.5964,12.72,1.0,1000,127.2,12.72,1744372800000,"[-0.000293, 5e-05, -0.000118]",12.72,0.011477987421383647
A8,-0.001507,Mild,5e-05,0.0,0.001557,High,0.15011,0.16919,12.71,1.0,1000,127.11,12.71,1753027200000,"[5e-05, 5e-05, 5e-05]",12.71,0.011856805664830841
ELX,-0.002019,Moderate,1.2e-05,0.0,0.002031,High,0.1024,0.1154,12.7,1.0,1000,126.95,12.7,1752267600000,"[1.2e-05, 1.2e-05, 1.2e-05]",12.7,0.01589763779527559
MVL,-0.002556,Moderate,-6.7e-05,0.000236,0.002489,Medium,0.004064,0.00458,12.7,1.0,1000,126.97,12.7,1734825600000,"[-0.000401, 0.0001, 0.0001]",12.7,0.020125984251968505
PYR,-0.001653,Mild,0.00011,1.5e-05,0.001763,High,2.606,2.936,12.66,1.0,1000,126.63,12.66,1737878400000,"[0.0001, 0.000131, 0.0001]",12.66,0.013056872037914693
TOKEN,-0.001781,Mild,-0.00049,8.3e-05,0.001291,High,0.04465,0.0503,12.65,1.0,1000,126.54,12.65,1736798400000,"[-0.00048, -0.000394, -0.000596]",12.65,0.01407905138339921
SHELL,-0.001028,Mild,-8e-06,8.2e-05,0.00102,High,0.2124,0.2392,12.62,1.0,1000,126.18,12.62,1745841600000,"[5e-05, 5e-05, -0.000123]",12.62,0.008145800316957212
ENA,-0.001339,Mild,-5.8e-05,7.9e-05,0.001281,High,0.6073,0.6838,12.6,1.0,1000,125.97,12.6,1718683200000,"[-9.1e-05, -0.000134, 5e-05]",12.6,0.010626984126984125
XEM,-0.001014,Mild,-0.000377,0.000252,0.000637,Medium,0.004331,0.004875,12.56,1.0,1000,125.61,12.56,1751047200000,"[-0.000724, -0.000135, -0.000272]",12.56,0.00807324840764331
FB,-0.004737,Moderate,0.00014,0.000291,0.004877,Medium,8.37,9.42,12.54,1.0,1000,125.45,12.54,1727971200000,"[-0.000213, 0.0005, 0.000132]",12.54,0.037775119617224885
FLR,-0.003966,Moderate,-0.000316,0.000261,0.00365,Medium,0.02828,0.03182,12.52,1.0,1000,125.18,12.52,1714579200000,"[-0.000546, -0.000452, 4.9e-05]",12.52,0.03167731629392971
GLM,-0.003733,Moderate,-3.5e-05,8.3e-05,0.003698,High,0.2546,0.2864,12.49,1.0,1000,124.9,12.49,1744459200000,"[4.6e-05, -0.000149, -1e-06]",12.49,0.02988791032826261
PYTH,-0.001324,Mild,-0.000365,5.8e-05,0.000959,High,0.996,1.1204,12.49,1.0,1000,124.9,12.49,1710633600000,"[-0.000377, -0.000289, -0.00043]",12.49,0.010600480384307448
XEM,-0.003147,Moderate,-0.002078,0.000223,0.001069,Medium,0.004334,0.004875,12.48,1.0,1000,124.83,12.48,1751119200000,"[-0.001773, -0.002162, -0.002299]",12.48,0.02521634615384615
AUCTION,-0.00124,Mild,-2.6e-05,7.9e-05,0.001214,High,19.78,22.24,12.44,1.0,1000,124.37,12.44,1724155200000,"[-0.000135, 5e-05, 7e-06]",12.44,0.009967845659163987
RARE,-0.005125,Strong,-4.9e-05,0.00014,0.005076,High,0.1278,0.1437,12.44,1.0,1000,124.41,12.44,1730505600000,"[-0.000247, 5e-05, 5e-05]",12.44,0.041197749196141484
MAJOR,-0.002442,Moderate,0.0001,0.0,0.002542,High,0.2621,0.2947,12.44,1.0,1000,124.38,12.44,1748995200000,"[0.0001, 0.0001, 0.0001]",12.44,0.019630225080385855
ZBCN,-0.00256,Moderate,0.0001,0.0,0.00266,High,0.003986,0.004481,12.41,1.0,1000,124.18,12.42,1750694400000,"[0.0001, 0.0001, 0.0001]",12.42,0.020628525382755843
REZ,-0.001992,Mild,-0.000171,8.2e-05,0.001821,High,0.01967,0.02211,12.4,1.0,1000,124.05,12.4,1740744000000,"[-5.7e-05, -0.000245, -0.00021]",12.4,0.016064516129032258
ID,-0.029931,Strong,0.0001,0.0,0.030031,High,0.4782,0.5373,12.36,1.0,1000,123.59,12.36,1707292800000,"[0.0001, 0.0001, 0.0001]",12.36,0.2421601941747573
KNC,-0.013462,Strong,0.0001,0.0,0.013562,High,0.6128,0.6885,12.35,1.0,1000,123.53,12.35,1752307200000,"[0.0001, 0.0001, 0.0001]",12.35,0.10900404858299595
PUMPBTC,-0.002403,Moderate,2.5e-05,0.000159,0.002428,High,0.04609,0.05177,12.32,1.0,1000,123.24,12.32,1749830400000,"[-0.0002, 0.000141, 0.000135]",12.32,0.01950487012987013
MOVE,-0.003553,Moderate,-0.000866,0.000284,0.002687,Medium,0.2207,0.2479,12.32,1.0,1000,123.24,12.32,1745150400000,"[-0.00056, -0.000793, -0.001245]",12.32,0.028839285714285713
ONG,-0.003565,Moderate,5e-05,0.0,0.003615,High,0.1731,0.1944,12.31,1.0,1000,123.05,12.31,1744171200000,"[5e-05, 5e-05, 5e-05]",12.31,0.028960194963444354
RSS3,-0.001116,Mild,-0.000387,0.000132,0.000729,High,0.2527,0.2838,12.31,1.0,1000,123.07,12.31,1719216000000,"[-0.000496, -0.000202, -0.000464]",12.31,0.009065800162469537
REQ,-0.002203,Moderate,-2e-06,0.000145,0.002201,High,0.13175,0.14796,12.3,1.0,1000,123.04,12.3,1735430400000,"[-0.000207, 0.0001, 0.0001]",12.3,0.017910569105691054
BRETT,-0.001542,Mild,5e-05,0.0,0.001592,High,0.10525,0.11811,12.22,1.0,1000,122.19,12.22,1736769600000,"[5e-05, 5e-05, 5e-05]",12.22,0.012618657937806874
BLAST,-0.001821,Mild,-0.000541,0.000233,0.00128,Medium,0.003154,0.003538,12.18,1.0,1000,121.75,12.18,1746691200000,"[-0.000314, -0.000862, -0.000447]",12.18,0.014950738916256158
ZRC,-0.001814,Mild,0.0001,0.0,0.001914,High,0.0742,0.0832,12.13,1.0,1000,121.29,12.13,1733904000000,"[0.0001, 0.0001, 0.0001]",12.13,0.014954657873042045
AUCTION,-0.001394,Mild,-0.000666,0.000133,0.000728,High,14.26,15.99,12.13,1.0,1000,121.32,12.13,1740384000000,"[-0.000479, -0.000775, -0.000744]",12.13,0.011492168178070899
ONDO,-0.001539,Mild,-0.00058,0.000222,0.000959,Medium,1.7132,1.9207,12.11,1.0,1000,121.12,12.11,1734710400000,"[-0.000304, -0.000589, -0.000847]",12.11,0.012708505367464906
AUCTION,-0.001739,Mild,-0.001093,0.000178,0.000646,High,37.44,41.95,12.05,1.0,1000,120.46,12.05,1742371200000,"[-0.001341, -0.000933, -0.001004]",12.05,0.014431535269709543
AVL,-0.006328,Strong,2.5e-05,0.0,0.006353,High,0.1437,0.161,12.04,1.0,1000,120.39,12.04,1751212800000,"[2.5e-05, 2.5e-05, 2.5e-05]",12.04,0.052558139534883724
BOOP,-0.005071,Strong,-2.6e-05,0.000167,0.005045,High,0.3226,0.3614,12.03,1.0,1000,120.27,12.03,1746201600000,"[-7.9e-05, -0.0002, 0.0002]",12.03,0.04215295095594348
AERGO,-0.003776,Moderate,-0.000264,0.00018,0.003512,High,0.20602,0.23078,12.02,1.0,1000,120.18,12.02,1745460000000,"[-1.3e-05, -0.000354, -0.000426]",12.02,0.03141430948419301
SIREN,-0.001213,Mild,4e-05,8.9e-05,0.001253,High,0.03689,0.04132,12.01,1.0,1000,120.09,12.01,1743955200000,"[5e-05, 0.000143, -7.4e-05]",12.01,0.01009991673605329
BAN,-0.02,Strong,-3.3e-05,0.000136,0.019967,High,0.0566,0.0634,12.01,1.0,1000,120.14,12.01,1738670400000,"[-0.000224, 5e-05, 7.6e-05]",12.01,0.16652789342214822
VANA,-0.005631,Strong,-0.000152,0.000144,0.005479,High,6.35,7.111,11.98,1.0,1000,119.84,11.98,1742140800000,"[-0.000235, -0.000271, 5e-05]",11.98,0.047003338898163605
BAN,-0.004428,Moderate,2.1e-05,4.1e-05,0.004449,High,0.0677,0.0758,11.96,1.0,1000,119.65,11.96,1738900800000,"[5e-05, 5e-05, -3.6e-05]",11.96,0.03702341137123745
RARE,-0.002222,Moderate,-0.000566,0.000151,0.001656,High,0.2537,0.284,11.94,1.0,1000,119.43,11.94,1724212800000,"[-0.000731, -0.000601, -0.000365]",11.94,0.018609715242881072
SKATE,-0.001698,Mild,-5.7e-05,0.000152,0.001641,High,0.04237,0.04742,11.92,1.0,1000,119.19,11.92,1751299200000,"[-0.000272, 5e-05, 5e-05]",11.92,0.014244966442953021
BADGER,-0.005471,Strong,5.8e-05,0.000272,0.005529,Medium,2.721,3.045,11.91,1.0,1000,119.07,11.91,1724083200000,"[0.000363, -0.000298, 0.000109]",11.91,0.04593618807724601
STG,-0.009411,Strong,0.0001,0.0,0.009511,High,0.705,0.789,11.91,1.0,1000,119.15,11.91,1717056000000,"[0.0001, 0.0001, 0.0001]",11.91,0.0790176322418136
BID,-0.00117,Mild,5e-05,0.0,0.00122,High,0.09211,0.10304,11.87,1.0,1000,118.66,11.87,1752912000000,"[5e-05, 5e-05, 5e-05]",11.87,0.009856781802864365
BLUR,-0.001408,Mild,-0.000536,0.000289,0.000872,Medium,0.3392,0.3791,11.76,1.0,1000,117.63,11.76,1715731200000,"[-0.000942, -0.000374, -0.000293]",11.76,0.01197278911564626
MEW,-0.006479,Strong,5e-05,0.0,0.006529,High,0.002701,0.003018,11.74,1.0,1000,117.36,11.74,1742976000000,"[5e-05, 5e-05, 5e-05]",11.74,0.055187393526405455
ALPINE,-0.004266,Moderate,5e-05,0.0,0.004316,High,0.904,1.01,11.73,1.0,1000,117.26,11.73,1751889600000,"[5e-05, 5e-05, 5e-05]",11.73,0.03636828644501278
SUN,-0.002413,Moderate,-0.000139,0.000289,0.002274,Medium,0.01023,0.011428,11.71,1.0,1000,117.11,11.71,1723824000000,"[-0.000546, 2.8e-05, 0.0001]",11.71,0.020606319385140907
AGLD,-0.002458,Moderate,5.4e-05,2.4e-05,0.002512,High,2.189,2.4454,11.71,1.0,1000,117.13,11.71,1736611200000,"[7.5e-05, 2e-05, 6.8e-05]",11.71,0.020990606319385142
L3,-0.00128,Mild,5.1e-05,7e-05,0.001331,High,0.0479,0.0535,11.69,1.0,1000,116.91,11.69,1741996800000,"[-4.8e-05, 0.0001, 0.0001]",11.69,0.010949529512403766
MELANIA,-0.002762,Moderate,-0.000339,0.00013,0.002423,High,0.667,0.745,11.69,1.0,1000,116.94,11.69,1742270400000,"[-0.000369, -0.000166, -0.000481]",11.69,0.02362703165098375
GUN,-0.002058,Moderate,-0.000292,0.000207,0.001766,Medium,0.03698,0.0413,11.68,1.0,1000,116.82,11.68,1751716800000,"[-0.000335, -0.000521, -1.9e-05]",11.68,0.01761986301369863
KAITO,-0.00201,Moderate,-0.000226,0.000111,0.001784,High,1.8889,2.1091,11.66,1.0,1000,116.58,11.66,1747123200000,"[-0.000185, -0.000115, -0.000378]",11.66,0.01723842195540309
XION,-0.002023,Moderate,-0.000227,0.00021,0.001796,Medium,1.378,1.538,11.61,1.0,1000,116.11,11.61,1738987200000,"[-0.000272, -0.000458, 5e-05]",11.61,0.017424633936261844
PIXEL,-0.004733,Moderate,5e-05,0.0,0.004783,High,0.04672,0.05214,11.6,1.0,1000,116.01,11.6,1745251200000,"[5e-05, 5e-05, 5e-05]",11.6,0.04080172413793104
FIO,-0.00145,Mild,0.000323,0.000217,0.001773,Medium,0.0298,0.03325,11.58,1.0,1000,115.77,11.58,1732132800000,"[0.000582, 0.000336, 5e-05]",11.58,0.012521588946459413
FLOKI,-0.001441,Mild,-0.000513,9.1e-05,0.000928,High,9.5e-05,0.000106,11.55,1.0,1000,115.79,11.58,1739952000000,"[-0.000512, -0.000624, -0.000402]",11.58,0.012476190476190476
HIFI,-0.004512,Moderate,-0.000449,0.000212,0.004063,Medium,0.1767,0.1971,11.54,1.0,1000,115.45,11.54,1744358400000,"[-0.000287, -0.000749, -0.000312]",11.54,0.03909878682842288
AERGO,-0.005814,Strong,7e-06,6.1e-05,0.005821,High,0.19469,0.21715,11.54,1.0,1000,115.36,11.54,1746244800000,"[5e-05, 4.9e-05, -7.9e-05]",11.54,0.05038128249566725
CARV,-0.001339,Mild,0.0,6.7e-05,0.001339,High,0.8613,0.9606,11.53,1.0,1000,115.29,11.53,1734681600000,"[-3e-05, -6.2e-05, 9.3e-05]",11.53,0.011613183000867302
ARPA,-0.003837,Moderate,0.0001,0.0,0.003937,High,0.06013,0.06706,11.53,1.0,1000,115.25,11.53,1729468800000,"[0.0001, 0.0001, 0.0001]",11.53,0.03327840416305291
SPEC,-0.001063,Mild,0.0001,0.0,0.001163,High,5.73,6.39,11.52,1.0,1000,115.18,11.52,1720656000000,"[0.0001, 0.0001, 0.0001]",11.52,0.009227430555555555
CARV,-0.001661,Mild,-8.4e-05,7.8e-05,0.001577,High,0.3512,0.3916,11.5,1.0,1000,115.03,11.5,1746590400000,"[-8.4e-05, -0.00018, 1.2e-05]",11.5,0.014443478260869565
CSPR,-0.00157,Mild,0.000159,0.000134,0.001729,High,0.01383,0.01542,11.5,1.0,1000,114.97,11.5,1722844800000,"[-2.5e-05, 0.000291, 0.000212]",11.5,0.013652173913043478
JTO,-0.007439,Strong,1.3e-05,5e-05,0.007452,High,3.0306,3.3782,11.47,1.0,1000,114.7,11.47,1740124800000,"[-5.7e-05, 4.6e-05, 5e-05]",11.47,0.06485614646904969
SOPH,-0.001338,Mild,-0.000523,0.000219,0.000815,Medium,0.05666,0.06316,11.47,1.0,1000,114.72,11.47,1748566800000,"[-0.00079, -0.000525, -0.000254]",11.47,0.01166521360069747
LPT,-0.004488,Moderate,-0.000893,0.000289,0.003595,Medium,8.826,9.836,11.44,1.0,1000,114.43,11.44,1748725200000,"[-0.000502, -0.000987, -0.00119]",11.44,0.03923076923076923
XCN,-0.002825,Moderate,-0.000612,0.000244,0.002213,Medium,0.001435,0.001599,11.43,1.0,1000,114.29,11.43,1720944000000,"[-0.000932, -0.000562, -0.000341]",11.43,0.024715660542432193
SNT,-0.00366,Moderate,-0.0002,0.000264,0.00346,Medium,0.02589,0.02885,11.43,1.0,1000,114.33,11.43,1742284800000,"[-0.000157, 0.0001, -0.000543]",11.43,0.032020997375328084
RPL,-0.00165,Mild,5e-05,0.0,0.0017,High,7.802,8.693,11.42,1.0,1000,114.2,11.42,1739073600000,"[5e-05, 5e-05, 5e-05]",11.42,0.014448336252189142
AIOZ,-0.001451,Mild,-0.000529,0.000166,0.000922,High,0.3918,0.4365,11.41,1.0,1000,114.09,11.41,1745856000000,"[-0.000742, -0.000509, -0.000337]",11.41,0.012716914986853636
MBL,-0.001534,Mild,-6.5e-05,0.000123,0.001469,High,0.002289,0.00255,11.4,1.0,1000,114.02,11.4,1722873600000,"[-0.000195, 0.0001, -0.0001]",11.4,0.013456140350877192
NEWT,-0.001008,Mild,-0.000398,0.000195,0.00061,High,0.402,0.4477,11.37,1.0,1000,113.68,11.37,1751194800000,"[-0.000671, -0.000297, -0.000226]",11.37,0.008865435356200529
CTK,-0.001201,Mild,-5.8e-05,0.000153,0.001143,High,0.6218,0.6925,11.37,1.0,1000,113.7,11.37,1729540800000,"[5e-05, 5e-05, -0.000274]",11.37,0.010562884784520669
ENA,-0.001243,Mild,-0.000393,9.8e-05,0.00085,High,1.0764,1.1982,11.32,1.0,1000,113.15,11.32,1734566400000,"[-0.000321, -0.000532, -0.000326]",11.32,0.010980565371024735
GNO,-0.001583,Mild,-9.8e-05,0.000156,0.001485,High,94.6,105.3,11.31,1.0,1000,113.11,11.31,1744214400000,"[-0.000114, 0.0001, -0.000281]",11.31,0.013996463306808133
RLC,-0.001021,Mild,9.1e-05,7e-06,0.001112,High,2.38,2.6492,11.31,1.0,1000,113.11,11.31,1735401600000,"[9.2e-05, 0.0001, 8.2e-05]",11.31,0.009027409372236958
DRIFT,-0.001201,Mild,5e-05,0.0,0.001251,High,0.7231,0.8048,11.3,1.0,1000,112.99,11.3,1745985600000,"[5e-05, 5e-05, 5e-05]",11.3,0.010628318584070796
SLP,-0.001049,Mild,-0.000408,0.000248,0.000641,Medium,0.002235,0.002486,11.23,1.0,1000,112.3,11.23,1738569600000,"[-0.000581, -5.7e-05, -0.000587]",11.23,0.009341050756901156
UXLINK,-0.003096,Moderate,5e-05,0.0,0.003146,High,0.468,0.5205,11.22,1.0,1000,112.18,11.22,1743667200000,"[5e-05, 5e-05, 5e-05]",11.22,0.02759358288770053
AKT,-0.002807,Moderate,-0.000325,0.000151,0.002482,High,2.702,3.003,11.14,1.0,1000,111.4,11.14,1736769600000,"[-0.000424, -0.000439, -0.000112]",11.14,0.025197486535008976
GNO,-0.001697,Mild,-0.000137,0.000244,0.00156,Medium,134.9,149.9,11.12,1.0,1000,111.19,11.12,1752681600000,"[-0.000472, -3.9e-05, 0.0001]",11.12,0.015260791366906475
CUDIS,-0.005113,Strong,-0.004431,0.000214,0.000682,Medium,0.05149,0.05721,11.11,1.0,1000,111.09,11.11,1752436800000,"[-0.004257, -0.004303, -0.004733]",11.11,0.04602160216021603
ORBS,-0.002191,Moderate,-0.00017,8e-05,0.002021,High,0.03898,0.04331,11.11,1.0,1000,111.08,11.11,1713110400000,"[-0.000221, -0.000233, -5.7e-05]",11.11,0.01972097209720972
COS,-0.002837,Moderate,-0.000187,0.000102,0.00265,High,0.00883,0.00981,11.1,1.0,1000,110.99,11.1,1719590400000,"[-6.3e-05, -0.000185, -0.000314]",11.1,0.02555855855855856
HIGH,-0.002374,Moderate,-0.000814,0.000204,0.00156,Medium,0.6304,0.7004,11.1,1.0,1000,111.04,11.1,1746489600000,"[-0.0011, -0.00064, -0.000702]",11.1,0.021387387387387387
FUN,-0.001103,Mild,-0.000302,0.000174,0.000801,High,0.009572,0.010634,11.09,1.0,1000,110.95,11.09,1751119200000,"[-0.000517, -9.2e-05, -0.000298]",11.09,0.009945897204688909
BAN,-0.001149,Mild,-0.000249,0.000203,0.0009,Medium,0.0667,0.0741,11.09,1.0,1000,110.94,11.09,1740571200000,"[-0.00031, 2.5e-05, -0.000462]",11.09,0.010360685302073942
FLR,-0.002398,Moderate,-0.000403,0.000188,0.001995,High,0.01968,0.02186,11.08,1.0,1000,110.77,11.08,1752768000000,"[-0.000409, -0.00063, -0.000169]",11.08,0.02164259927797834
RAY,-0.001816,Mild,-0.000655,0.000124,0.001161,High,1.527,1.696,11.07,1.0,1000,110.67,11.07,1713139200000,"[-0.000625, -0.00082, -0.00052]",11.07,0.016404697380307136
REI,-0.002112,Moderate,5e-05,0.0,0.002162,High,0.02046,0.02272,11.05,1.0,1000,110.46,11.05,1747454400000,"[5e-05, 5e-05, 5e-05]",11.05,0.019113122171945704
GLM,-0.001298,Mild,-0.000632,0.000276,0.000666,Medium,0.3244,0.3602,11.04,1.0,1000,110.36,11.04,1721016000000,"[-0.000305, -0.000612, -0.00098]",11.04,0.011757246376811593
GODS,-0.002293,Moderate,8e-06,9.4e-05,0.002301,High,0.2231,0.2477,11.03,1.0,1000,110.26,11.03,1714262400000,"[-0.000114, 2.6e-05, 0.000113]",11.03,0.020788757932910244
ZRO,-0.001184,Mild,-0.000298,0.000109,0.000886,High,3.018,3.351,11.03,1.0,1000,110.34,11.03,1742544000000,"[-0.000325, -0.000153, -0.000415]",11.03,0.010734360834088848
REZ,-0.001958,Mild,-0.001337,0.000178,0.000621,High,0.01387,0.0154,11.03,1.0,1000,110.31,11.03,1745812800000,"[-0.001389, -0.001097, -0.001524]",11.03,0.017751586582048957
EIGEN,-0.001077,Mild,1.8e-05,2.3e-05,0.001095,High,2.7769,3.0824,11.0,1.0,1000,110.01,11.0,1736769600000,"[5e-05, 1e-06, 3e-06]",11.0,0.009790909090909091
COMP,-0.001317,Mild,-0.000255,0.000105,0.001062,High,52.78,58.58,10.99,1.0,1000,109.89,10.99,1738569600000,"[-0.000402, -0.000161, -0.000201]",10.99,0.011983621474067334
EDGE,-0.001524,Mild,-1.1e-05,8e-06,0.001513,High,0.103,0.1143,10.97,1.0,1000,109.71,10.97,1749254400000,"[-1e-06, -1.4e-05, -1.9e-05]",10.97,0.01389243391066545
MOCA,-0.001161,Mild,-0.000282,0.000154,0.000879,High,0.146,0.162,10.96,1.0,1000,109.59,10.96,1738987200000,"[-9e-05, -0.000289, -0.000466]",10.96,0.010593065693430655
CTC,-0.002397,Moderate,-7.5e-05,0.000177,0.002322,High,0.5282,0.5861,10.96,1.0,1000,109.62,10.96,1707566400000,"[-0.000326, 5e-05, 5e-05]",10.96,0.02187043795620438
ZRC,-0.002282,Moderate,0.0001,0.0,0.002382,High,0.054,0.0599,10.93,1.0,1000,109.26,10.93,1739347200000,"[0.0001, 0.0001, 0.0001]",10.93,0.02087831655992681
SIGN,-0.004217,Moderate,-0.000386,0.000278,0.003831,Medium,0.08862,0.09831,10.93,1.0,1000,109.34,10.93,1746266400000,"[-0.000623, -0.000539, 5e-06]",10.93,0.03858188472095151
B3,-0.00148,Mild,2.5e-05,0.0,0.001505,High,0.006985,0.007748,10.92,1.0,1000,109.23,10.92,1740153600000,"[2.5e-05, 2.5e-05, 2.5e-05]",10.92,0.013553113553113552
SERAPH,-0.002044,Moderate,5e-05,0.0,0.002094,High,0.1905,0.2113,10.92,1.0,1000,109.19,10.92,1744272000000,"[5e-05, 5e-05, 5e-05]",10.92,0.018717948717948716
CTK,-0.001008,Mild,-0.000453,0.000217,0.000555,Medium,0.2218,0.246,10.91,1.0,1000,109.11,10.91,1750636800000,"[-0.00076, -0.000296, -0.000304]",10.91,0.00923923006416132
MYX,-0.00111,Mild,5e-05,0.0,0.00116,High,0.05585,0.06194,10.9,1.0,1000,109.04,10.9,1750305600000,"[5e-05, 5e-05, 5e-05]",10.9,0.010183486238532111
SCA,-0.003526,Moderate,-0.000131,0.000227,0.003395,Medium,0.332,0.3682,10.9,1.0,1000,109.04,10.9,1723161600000,"[-0.000439, -5.3e-05, 0.0001]",10.9,0.03234862385321101
SYS,-0.001032,Mild,-0.000477,0.000169,0.000555,High,0.05131,0.05688,10.86,1.0,1000,108.56,10.86,1746043200000,"[-0.000277, -0.000462, -0.000691]",10.86,0.009502762430939227
CTK,-0.00102,Mild,-0.000137,0.000161,0.000883,High,0.6818,0.7558,10.85,1.0,1000,108.54,10.85,1737417600000,"[-0.000118, 5e-05, -0.000343]",10.85,0.009400921658986176
ROAM,-0.001194,Mild,-1.8e-05,1.2e-05,0.001176,High,0.1677,0.1859,10.85,1.0,1000,108.53,10.85,1749830400000,"[-2.1e-05, -2e-06, -3.2e-05]",10.85,0.011004608294930876
10000LADYS,-0.001391,Mild,0.0001,0.0,0.001491,High,0.000387,0.000429,10.93,1.0,1000,108.53,10.85,1742342400000,"[0.0001, 0.0001, 0.0001]",10.85,0.012726440988106132
AUCTION,-0.001173,Mild,5e-05,0.0,0.001223,High,11.57,12.82,10.8,1.0,1000,108.04,10.8,1739462400000,"[5e-05, 5e-05, 5e-05]",10.8,0.01086111111111111
SONIC,-0.001585,Mild,-0.000274,0.000208,0.001311,Medium,0.233,0.2581,10.77,1.0,1000,107.73,10.77,1753344000000,"[-0.000173, -0.000564, -8.5e-05]",10.77,0.014716805942432685
CVC,-0.00329,Moderate,-5.2e-05,0.000104,0.003238,High,0.20854,0.23099,10.77,1.0,1000,107.65,10.77,1734249600000,"[-7e-06, 4.7e-05, -0.000196]",10.77,0.030547818012999075
VANA,-0.004275,Moderate,-0.000481,6.8e-05,0.003794,High,7.622,8.442,10.76,1.0,1000,107.58,10.76,1742601600000,"[-0.000555, -0.000497, -0.00039]",10.76,0.03973048327137547
ENA,-0.001317,Mild,-0.00071,0.000218,0.000607,Medium,0.3778,0.4184,10.75,1.0,1000,107.46,10.75,1720224000000,"[-0.000714, -0.000441, -0.000976]",10.75,0.012251162790697675
FLR,-0.001636,Mild,0.0001,0.0,0.001736,High,0.01646,0.01823,10.75,1.0,1000,107.53,10.75,1744588800000,"[0.0001, 0.0001, 0.0001]",10.75,0.015218604651162792
XVG,-0.004038,Moderate,-0.00026,0.000147,0.003778,High,0.014397,0.015943,10.74,1.0,1000,107.38,10.74,1735430400000,"[-0.000459, -0.000107, -0.000213]",10.74,0.03759776536312849
QNT,-0.001407,Mild,-0.000131,0.000218,0.001276,Medium,95.46,105.7,10.73,1.0,1000,107.27,10.73,1713052800000,"[0.0001, -6.8e-05, -0.000424]",10.73,0.013112767940354146
ENA,-0.003039,Moderate,-0.000266,0.000244,0.002773,Medium,0.4301,0.4762,10.72,1.0,1000,107.18,10.72,1740168000000,"[-0.000304, -0.000543, 5e-05]",10.72,0.028348880597014924
AKT,-0.002405,Moderate,-0.001286,0.0003,0.001119,Medium,2.166,2.398,10.71,1.0,1000,107.11,10.71,1730764800000,"[-0.00156, -0.000869, -0.001428]",10.71,0.022455648926237158
STEEM,-0.001705,Mild,-0.000449,3.4e-05,0.001256,High,0.283,0.3133,10.71,1.0,1000,107.07,10.71,1714017600000,"[-0.000495, -0.000435, -0.000416]",10.71,0.015919701213818856
ZBCN,-0.00229,Moderate,0.0001,0.0,0.00239,High,0.000916,0.001014,10.7,1.0,1000,106.99,10.7,1725753600000,"[0.0001, 0.0001, 0.0001]",10.7,0.021401869158878505
RSS3,-0.001655,Mild,-0.00023,0.000225,0.001425,Medium,0.1779,0.1969,10.68,1.0,1000,106.8,10.68,1721980800000,"[3.9e-05, -0.000217, -0.000512]",10.68,0.01549625468164794
VANA,-0.002248,Moderate,3.8e-05,1.7e-05,0.002286,High,10.67,11.81,10.68,1.0,1000,106.84,10.68,1737576000000,"[1.3e-05, 5e-05, 5e-05]",10.68,0.02104868913857678
ORDER,-0.006129,Strong,-0.002959,0.000286,0.00317,Medium,0.18,0.1992,10.67,1.0,1000,106.67,10.67,1725033600000,"[-0.002558, -0.003206, -0.003112]",10.67,0.05744142455482661
GMT,-0.001329,Mild,-0.000652,0.00017,0.000677,High,0.1876,0.2076,10.66,1.0,1000,106.61,10.66,1733875200000,"[-0.000885, -0.000486, -0.000585]",10.66,0.012467166979362102
ONG,-0.001911,Mild,-0.000697,0.000168,0.001214,High,0.3424,0.3789,10.66,1.0,1000,106.6,10.66,1719489600000,"[-0.000817, -0.000815, -0.00046]",10.66,0.01792682926829268
MAVIA,-0.003242,Moderate,-0.000138,0.000261,0.003104,Medium,0.263,0.291,10.65,1.0,1000,106.46,10.65,1738800000000,"[-0.000502, 0.0001, -1.2e-05]",10.65,0.03044131455399061
B3,-0.002508,Moderate,-5.5e-05,7.8e-05,0.002453,High,0.00808,0.00894,10.64,1.0,1000,106.44,10.64,1739973600000,"[-3e-05, -0.000161, 2.5e-05]",10.64,0.023571428571428566
VINE,-0.00131,Mild,-1.7e-05,4.9e-05,0.001293,High,0.03108,0.03438,10.62,1.0,1000,106.18,10.62,1745064000000,"[-6.5e-05, -3.6e-05, 5e-05]",10.62,0.01233521657250471
MOBILE,-0.001922,Mild,7.1e-05,4.1e-05,0.001993,High,0.001415,0.001565,10.6,1.0,1000,106.01,10.6,1723276800000,"[0.0001, 0.0001, 1.4e-05]",10.6,0.018132075471698116
BEL,-0.003931,Moderate,-7.9e-05,0.000152,0.003852,High,0.7104,0.7856,10.59,1.0,1000,105.86,10.59,1743436800000,"[-2e-05, -0.000287, 7e-05]",10.59,0.037119924457034936
ERA,-0.001446,Mild,-0.000714,0.000155,0.000732,High,1.4508,1.6043,10.58,1.0,1000,105.8,10.58,1753401600000,"[-0.000932, -0.000623, -0.000586]",10.58,0.013667296786389414
XCN,-0.002059,Moderate,-0.000263,0.000258,0.001796,Medium,0.002584,0.002857,10.57,1.0,1000,105.65,10.57,1736841600000,"[-0.000213, 2.5e-05, -0.000601]",10.57,0.01947965941343425
MBL,-0.002312,Moderate,1e-05,0.000128,0.002322,High,0.003182,0.003518,10.56,1.0,1000,105.59,10.56,1735344000000,"[0.0001, 0.0001, -0.000171]",10.56,0.021893939393939393
AUCTION,-0.001462,Mild,-0.000918,0.00015,0.000544,High,31.87,35.23,10.54,1.0,1000,105.43,10.54,1742212800000,"[-0.00113, -0.000815, -0.000808]",10.54,0.013870967741935485
LPT,-0.001298,Mild,-0.000118,3e-05,0.00118,High,14.692,16.241,10.54,1.0,1000,105.43,10.54,1724428800000,"[-9e-05, -0.000104, -0.000159]",10.54,0.012314990512333965
XION,-0.001874,Mild,-0.000235,0.000205,0.001639,Medium,1.036,1.145,10.52,1.0,1000,105.21,10.52,1739404800000,"[1.1e-05, -0.000227, -0.00049]",10.52,0.017813688212927756
XVG,-0.001838,Mild,-0.000212,0.000108,0.001626,High,0.014168,0.015657,10.51,1.0,1000,105.1,10.51,1735747200000,"[-0.00026, -6.2e-05, -0.000313]",10.51,0.017488106565176024
PEAQ,-0.001351,Mild,-4.3e-05,9e-05,0.001308,High,0.0742,0.082,10.51,1.0,1000,105.12,10.51,1753344000000,"[-0.000126, -8.6e-05, 8.2e-05]",10.51,0.01285442435775452
FIDA,-0.001225,Mild,5e-05,0.0,0.001275,High,0.11893,0.13141,10.49,1.0,1000,104.94,10.49,1753113600000,"[5e-05, 5e-05, 5e-05]",10.49,0.01167778836987607
BROCCOLIF3B,-0.003173,Moderate,0.000117,0.000148,0.00329,High,0.00917,0.01013,10.47,1.0,1000,104.69,10.47,1750726800000,"[1.2e-05, 1.2e-05, 0.000327]",10.47,0.030305635148042024
LAYER,-0.002177,Moderate,-0.00058,0.000134,0.001597,High,1.1209,1.2381,10.46,1.0,1000,104.56,10.46,1741838400000,"[-0.000757, -0.000433, -0.000549]",10.46,0.020812619502868068
UXLINK,-0.004776,Moderate,-9e-06,8.3e-05,0.004767,High,1.5823,1.7476,10.45,1.0,1000,104.47,10.45,1734926400000,"[5e-05, 5e-05, -0.000127]",10.45,0.04570334928229665
BIGTIME,-0.005011,Strong,-4.6e-05,0.00013,0.004965,High,0.07354,0.08118,10.39,1.0,1000,103.89,10.39,1744905600000,"[-0.000229, 4.2e-05, 5e-05]",10.39,0.04822906641000962
ZBCN,-0.002555,Moderate,1.1e-05,0.000125,0.002566,High,0.00179,0.001976,10.35,1.0,1000,103.91,10.39,1746288000000,"[-0.000166, 0.0001, 0.0001]",10.39,0.02468599033816425
F,-0.0075,Strong,0.000177,0.000108,0.007677,High,0.0741,0.0818,10.39,1.0,1000,103.91,10.39,1733846400000,"[0.0001, 0.0001, 0.00033]",10.39,0.07218479307025986
SD,-0.001734,Mild,0.0001,0.0,0.001834,High,0.4995,0.5514,10.39,1.0,1000,103.9,10.39,1752883200000,"[0.0001, 0.0001, 0.0001]",10.39,0.01668912415784408
ROAM,-0.001136,Mild,-0.0002,0.0,0.000936,High,0.2909,0.321,10.35,1.0,1000,103.47,10.35,1741363200000,"[-0.0002, -0.0002, -0.0002]",10.35,0.010975845410628021
RUNE,-0.001419,Mild,3.1e-05,8.2e-05,0.00145,High,1.043,1.151,10.35,1.0,1000,103.55,10.35,1741622400000,"[8.7e-05, 9.1e-05, -8.4e-05]",10.35,0.013710144927536232
FLOCK,-0.003002,Moderate,-0.001871,0.000182,0.001131,High,0.1267,0.1398,10.34,1.0,1000,103.39,10.34,1748624400000,"[-0.001614, -0.002, -0.002]",10.34,0.029032882011605417
ANKR,-0.001816,Mild,-3.1e-05,9.4e-05,0.001785,High,0.01769,0.01952,10.34,1.0,1000,103.45,10.34,1744963200000,"[3.1e-05, 4e-05, -0.000164]",10.34,0.017562862669245647
CRO,-0.002337,Moderate,-0.000283,0.000111,0.002054,High,0.07276,0.08028,10.34,1.0,1000,103.35,10.34,1722844800000,"[-0.00025, -0.000433, -0.000166]",10.34,0.022601547388781434
MBOX,-0.003213,Moderate,-3.5e-05,0.000121,0.003178,High,0.05105,0.05632,10.32,1.0,1000,103.23,10.32,1745092800000,"[-0.000206, 5e-05, 5e-05]",10.32,0.031133720930232558
XEM,-0.002299,Moderate,-0.001239,0.000149,0.00106,High,0.004419,0.004875,10.32,1.0,1000,103.19,10.32,1751108400000,"[-0.001255, -0.001049, -0.001412]",10.32,0.022277131782945735
STORJ,-0.001908,Mild,-0.000118,5.6e-05,0.00179,High,0.3806,0.4198,10.3,1.0,1000,103.0,10.3,1722873600000,"[-0.000183, -0.000126, -4.6e-05]",10.3,0.01852427184466019
UXLINK,-0.001653,Mild,-0.000767,0.000208,0.000886,Medium,1.1845,1.3064,10.29,1.0,1000,102.91,10.29,1737144000000,"[-0.000891, -0.000474, -0.000935]",10.29,0.016064139941690963
MILK,-0.002209,Moderate,-0.00012,0.00024,0.002089,Medium,0.0612,0.0675,10.29,1.0,1000,102.94,10.29,1750694400000,"[-0.00046, 5e-05, 5e-05]",10.29,0.021467444120505347
UXLINK,-0.001461,Mild,-6.8e-05,0.000167,0.001393,High,1.5923,1.7561,10.29,1.0,1000,102.87,10.29,1735876800000,"[-0.000305, 5e-05, 5e-05]",10.29,0.014198250728862976
CARV,-0.001454,Mild,0.0001,0.0,0.001554,High,0.6445,0.7107,10.27,1.0,1000,102.72,10.27,1737446400000,"[0.0001, 0.0001, 0.0001]",10.27,0.014157740993184032
DEEP,-0.001254,Mild,-0.000672,0.000181,0.000582,High,0.193,0.21277,10.24,1.0,1000,102.44,10.24,1746014400000,"[-0.000708, -0.000873, -0.000434]",10.24,0.01224609375
MOVE,-0.005375,Strong,3.1e-05,2.7e-05,0.005406,High,0.1951,0.215,10.2,1.0,1000,102.0,10.2,1746129600000,"[-7e-06, 5e-05, 5e-05]",10.2,0.05269607843137255
VANA,-0.002435,Moderate,5e-05,0.0,0.002485,High,20.7,22.81,10.19,1.0,1000,101.93,10.19,1735200000000,"[5e-05, 5e-05, 5e-05]",10.19,0.02389597644749755
AVL,-0.00132,Mild,2.5e-05,0.0,0.001345,High,0.4204,0.4632,10.18,1.0,1000,101.81,10.18,1742018400000,"[2.5e-05, 2.5e-05, 2.5e-05]",10.18,0.012966601178781925
AVL,-0.002886,Moderate,-0.000159,0.00026,0.002727,Medium,0.121,0.1333,10.17,1.0,1000,101.65,10.17,1752336000000,"[2.5e-05, 2.5e-05, -0.000527]",10.17,0.028377581120943955
GNO,-0.002063,Moderate,-0.000317,0.000236,0.001746,Medium,93.5,103.0,10.16,1.0,1000,101.6,10.16,1744012800000,"[-5.5e-05, -0.000269, -0.000626]",10.16,0.020305118110236223
JELLYJELLY,-0.005271,Strong,-3.1e-05,0.000114,0.00524,High,0.00729,0.00803,10.15,1.0,1000,101.51,10.15,1739678400000,"[-0.000192, 5e-05, 5e-05]",10.15,0.05193103448275861
OBT,-0.001977,Mild,-0.000244,5.7e-05,0.001733,High,0.00769,0.00847,10.14,1.0,1000,101.43,10.14,1752321600000,"[-0.000262, -0.000302, -0.000167]",10.14,0.019497041420118343
ZRO,-0.009408,Strong,1.4e-05,8.3e-05,0.009422,High,2.251,2.479,10.13,1.0,1000,101.29,10.13,1742025600000,"[-1.9e-05, -6.6e-05, 0.000128]",10.13,0.0928726554787759
AERGO,-0.001616,Mild,5e-05,0.0,0.001666,High,0.2109,0.23227,10.13,1.0,1000,101.33,10.13,1744372800000,"[5e-05, 5e-05, 5e-05]",10.13,0.015952615992102664
BLAST,-0.002515,Moderate,-0.000214,0.000129,0.002301,High,0.004225,0.004653,10.13,1.0,1000,101.3,10.13,1740182400000,"[-0.000232, -4.8e-05, -0.000362]",10.13,0.024827245804540966
BLUM,-0.001716,Mild,-6.1e-05,1.1e-05,0.001655,High,0.0612,0.0674,10.13,1.0,1000,101.31,10.13,1753012800000,"[-7e-05, -6.8e-05, -4.5e-05]",10.13,0.01693978282329714
NEWT,-0.005031,Strong,-0.001152,0.000262,0.003879,Medium,0.415,0.4569,10.1,1.0,1000,100.96,10.1,1753459200000,"[-0.001479, -0.000837, -0.001139]",10.1,0.049811881188118814
CTK,-0.001447,Mild,-0.000646,0.000177,0.000801,High,0.3674,0.4045,10.1,1.0,1000,100.98,10.1,1741305600000,"[-0.000817, -0.000403, -0.000718]",10.1,0.014326732673267327
CORE,-0.002254,Moderate,-3.3e-05,0.000209,0.002221,Medium,0.3931,0.4328,10.1,1.0,1000,100.99,10.1,1741564800000,"[-0.000302, 0.000208, -6e-06]",10.1,0.02231683168316832
ONG,-0.00894,Strong,2.5e-05,3.6e-05,0.008965,High,0.346,0.3809,10.09,1.0,1000,100.87,10.09,1718870400000,"[5e-05, 5e-05, -2.6e-05]",10.09,0.08860257680872151
GNO,-0.001227,Mild,0.0001,0.0,0.001327,High,247.9,272.9,10.08,1.0,1000,100.85,10.08,1734652800000,"[0.0001, 0.0001, 0.0001]",10.08,0.012172619047619048
XCN,-0.001535,Mild,-0.000753,0.000274,0.000782,Medium,0.015412,0.016966,10.08,1.0,1000,100.83,10.08,1748937600000,"[-0.000452, -0.000693, -0.001115]",10.08,0.015228174603174603
AERGO,-0.001426,Mild,-8.5e-05,0.000138,0.001341,High,0.13369,0.14716,10.08,1.0,1000,100.76,10.08,1752984000000,"[-2.9e-05, -0.000275, 5e-05]",10.08,0.014146825396825397
ACT,-0.001621,Mild,4.1e-05,1.2e-05,0.001662,High,0.2274,0.2503,10.07,1.0,1000,100.7,10.07,1736769600000,"[5e-05, 2.4e-05, 5e-05]",10.07,0.016097318768619664
SPEC,-0.002109,Moderate,0.0001,0.0,0.002209,High,3.88,4.27,10.05,1.0,1000,100.52,10.05,1738569600000,"[0.0001, 0.0001, 0.0001]",10.05,0.020985074626865673
H,-0.001398,Mild,-0.000741,0.00021,0.000657,Medium,0.07589,0.08351,10.04,1.0,1000,100.41,10.04,1751781600000,"[-0.00103, -0.000659, -0.000535]",10.04,0.013924302788844623
MELANIA,-0.001087,Mild,-0.000457,0.000274,0.00063,Medium,0.688,0.757,10.03,1.0,1000,100.29,10.03,1742112000000,"[-0.000558, -8.2e-05, -0.00073]",10.03,0.010837487537387837
XEM,-0.001019,Mild,0.00042,0.000259,0.001439,Medium,0.02714,0.02986,10.02,1.0,1000,100.22,10.02,1732521600000,"[0.000283, 0.000194, 0.000783]",10.02,0.010169660678642714
RAD,-0.003864,Moderate,0.0001,0.0,0.003964,High,1.419,1.561,10.01,1.0,1000,100.07,10.01,1729670400000,"[0.0001, 0.0001, 0.0001]",10.01,0.0386013986013986
WAL,-0.001841,Mild,-9.2e-05,8.3e-05,0.001749,High,0.5342,0.5877,10.01,1.0,1000,100.15,10.01,1748318400000,"[-7e-06, -6.5e-05, -0.000204]",10.01,0.018391608391608392
HIVE,-0.001267,Mild,-6e-05,0.000156,0.001207,High,0.2841,0.3125,10.0,2.0,1000,99.96,10.0,1740801600000,"[5e-05, 5e-05, -0.00028]",5.0,0.012669999999999999
LEVER,-0.001847,Mild,5.3e-05,3.4e-05,0.0019,High,0.003445,0.003789,9.99,2.0,1000,99.85,9.99,1714032000000,"[2.5e-05, 0.0001, 3.3e-05]",4.995,0.018488488488488487
YGG,-0.001399,Mild,3e-05,2.9e-05,0.001429,High,0.3885,0.4273,9.99,2.0,1000,99.87,9.99,1736769600000,"[5e-05, -1.1e-05, 5e-05]",4.995,0.014004004004004004
AUCTION,-0.001417,Mild,-6e-06,6.2e-05,0.001411,High,11.71,12.88,9.99,2.0,1000,99.91,9.99,1739923200000,"[-9.2e-05, 5e-05, 2.5e-05]",4.995,0.014184184184184184
XEM,-0.001279,Mild,-0.000275,0.000292,0.001004,Medium,0.02414,0.02655,9.98,2.0,1000,99.83,9.98,1734854400000,"[-0.000611, -0.000315, 0.0001]",4.99,0.01281563126252505
REX,-0.001782,Mild,-3e-05,0.000184,0.001752,High,0.01554,0.01709,9.97,2.0,1000,99.74,9.97,1749254400000,"[0.0001, 0.0001, -0.00029]",4.985,0.01787362086258776
LSK,-0.001988,Mild,-6.6e-05,8.2e-05,0.001922,High,0.8327,0.9157,9.97,2.0,1000,99.68,9.97,1720238400000,"[-0.000121, -0.000128, 5e-05]",4.985,0.019939819458375124
CTK,-0.003521,Moderate,5e-05,0.0,0.003571,High,0.6624,0.7284,9.96,2.0,1000,99.64,9.96,1730188800000,"[5e-05, 5e-05, 5e-05]",4.98,0.03535140562248996
SOPH,-0.00119,Mild,-0.000141,4.3e-05,0.001049,High,0.04024,0.04424,9.94,2.0,1000,99.4,9.94,1750150800000,"[-0.000168, -0.000176, -8e-05]",4.97,0.011971830985915494
ORCA,-0.004473,Moderate,9.8e-05,3e-06,0.004571,High,2.726,2.997,9.94,2.0,1000,99.41,9.94,1721721600000,"[9.4e-05, 0.0001, 0.0001]",4.97,0.04500000000000001
ZBCN,-0.002551,Moderate,9e-06,0.000176,0.00256,High,0.003405,0.003743,9.91,2.0,1000,99.27,9.93,1752076800000,"[-0.000237, 0.0001, 0.000163]",4.965,0.025741675075681127
CTK,-0.001246,Mild,-0.0003,0.000154,0.000946,High,0.8229,0.9046,9.93,2.0,1000,99.28,9.93,1733904000000,"[-0.000265, -0.000131, -0.000504]",4.965,0.012547834843907351
VANA,-0.001187,Mild,-0.000636,0.000196,0.000551,High,5.65,6.21,9.91,2.0,1000,99.12,9.91,1738872000000,"[-0.00036, -0.000795, -0.000753]",4.955,0.011977800201816345
ARK,-0.001063,Mild,0.000286,9e-06,0.001349,High,0.3289,0.3613,9.85,2.0,1000,98.51,9.85,1723219200000,"[0.000276, 0.000298, 0.000285]",4.925,0.010791878172588833
PRCL,-0.001348,Mild,-5.8e-05,0.000223,0.00129,Medium,0.0955,0.1049,9.84,2.0,1000,98.43,9.84,1745856000000,"[-0.000374, 0.0001, 0.0001]",4.92,0.013699186991869918
LAYER,-0.00217,Moderate,-0.00102,0.000236,0.00115,Medium,1.1817,1.298,9.84,2.0,1000,98.42,9.84,1746745200000,"[-0.001352, -0.000881, -0.000826]",4.92,0.022052845528455284
SONIC,-0.001153,Mild,-0.000608,0.000291,0.000545,Medium,0.2451,0.2692,9.83,2.0,1000,98.33,9.83,1753416000000,"[-0.000235, -0.000643, -0.000946]",4.915,0.0117293997965412
B3,-0.001199,Mild,2.5e-05,0.0,0.001224,High,0.007987,0.008771,9.82,2.0,1000,98.16,9.82,1739916000000,"[2.5e-05, 2.5e-05, 2.5e-05]",4.91,0.01220977596741344
T,-0.002554,Moderate,0.000163,4.9e-05,0.002717,High,0.02944,0.03233,9.82,2.0,1000,98.17,9.82,1732464000000,"[0.0001, 0.000169, 0.00022]",4.91,0.026008146639511197
PRCL,-0.001046,Mild,-3.8e-05,7.6e-05,0.001008,High,0.0683,0.075,9.81,2.0,1000,98.1,9.81,1745337600000,"[-7.7e-05, 6.8e-05, -0.000106]",4.905,0.010662589194699286
LAYER,-0.001784,Mild,-0.000389,0.000167,0.001395,High,1.9978,2.1934,9.79,2.0,1000,97.91,9.79,1745323200000,"[-0.000623, -0.000242, -0.000303]",4.895,0.01822267620020429
ARK,-0.004225,Moderate,0.000269,1.4e-05,0.004494,High,0.5901,0.6478,9.78,2.0,1000,97.78,9.78,1736092800000,"[0.000256, 0.000289, 0.000263]",4.89,0.043200408997955006
MAGIC,-0.001207,Mild,-0.000343,0.000223,0.000864,Medium,0.1576,0.173,9.77,2.0,1000,97.72,9.77,1750406400000,"[-0.000652, -0.000134, -0.000243]",4.885,0.012354145342886386
HIFI,-0.001134,Mild,-2e-06,7.3e-05,0.001132,High,0.1581,0.1735,9.74,2.0,1000,97.41,9.74,1744156800000,"[-0.000105, 5e-05, 5e-05]",4.87,0.011642710472279261
SONIC,-0.001877,Mild,5e-05,0.0,0.001927,High,0.3029,0.3324,9.74,2.0,1000,97.39,9.74,1747627200000,"[5e-05, 5e-05, 5e-05]",4.87,0.019271047227926077
OM,-0.002582,Moderate,-0.000162,0.000137,0.00242,High,0.67597,0.74173,9.73,2.0,1000,97.28,9.73,1714032000000,"[-0.000343, -0.00013, -1.3e-05]",4.865,0.02653648509763618
MOCA,-0.001438,Mild,-0.000746,8e-05,0.000692,High,0.3041,0.3337,9.73,2.0,1000,97.34,9.73,1735430400000,"[-0.000827, -0.000637, -0.000773]",4.865,0.014779033915724564
COW,-0.006194,Strong,-0.00016,0.000297,0.006034,Medium,0.2867,0.3146,9.73,2.0,1000,97.31,9.73,1744531200000,"[-0.000579, 5e-05, 5e-05]",4.865,0.06365878725590955
MVL,-0.00148,Mild,2.1e-05,6.9e-05,0.001501,High,0.004301,0.004718,9.7,2.0,1000,96.95,9.7,1735488000000,"[3.3e-05, -6.9e-05, 0.0001]",4.85,0.015257731958762889
NOBODY,-0.005044,Strong,-9.3e-05,0.000152,0.004951,High,0.05688,0.06239,9.69,2.0,1000,96.87,9.69,1747785600000,"[-0.0002, -0.0002, 0.000122]",4.845,0.05205366357069143
SUPER,-0.001115,Mild,-0.000479,0.000171,0.000636,High,0.5463,0.5992,9.68,2.0,1000,96.83,9.68,1744444800000,"[-0.000402, -0.000319, -0.000715]",4.84,0.011518595041322315
FUN,-0.002456,Moderate,-0.000328,0.000268,0.002128,Medium,0.006455,0.007079,9.67,2.0,1000,96.67,9.67,1744444800000,"[5e-05, -0.000528, -0.000507]",4.835,0.025398138572905894
MVL,-0.001352,Mild,-0.00011,0.000154,0.001242,High,0.00314,0.003443,9.65,2.0,1000,96.5,9.65,1744790400000,"[-0.000166, 0.0001, -0.000265]",4.825,0.014010362694300517
ZRC,-0.002999,Moderate,0.0001,0.0,0.003099,High,0.02684,0.02943,9.65,2.0,1000,96.5,9.65,1751126400000,"[0.0001, 0.0001, 0.0001]",4.825,0.031077720207253884
UXLINK,-0.006524,Strong,5e-05,0.0,0.006574,High,0.7031,0.7709,9.64,2.0,1000,96.43,9.64,1732809600000,"[5e-05, 5e-05, 5e-05]",4.82,0.06767634854771784
PUFFER,-0.001001,Mild,-9.6e-05,0.000183,0.000905,High,0.449,0.4923,9.64,2.0,1000,96.44,9.64,1738641600000,"[6.3e-05, -0.000352, 0]",4.82,0.010383817427385892
RLC,-0.001569,Mild,-0.000636,0.000274,0.000933,Medium,1.117,1.2246,9.63,2.0,1000,96.33,9.63,1741536000000,"[-0.000995, -0.000331, -0.000583]",4.815,0.01629283489096573
RARE,-0.001062,Mild,-0.000384,0.000168,0.000678,High,0.06319,0.06926,9.61,2.0,1000,96.06,9.61,1746000000000,"[-0.000305, -0.000229, -0.000617]",4.805,0.011050988553590012
SCA,-0.001227,Mild,-0.000286,0.000233,0.000941,Medium,0.2823,0.3094,9.6,2.0,1000,96.0,9.6,1721923200000,"[-0.000556, 1.2e-05, -0.000314]",4.8,0.01278125
NEWT,-0.001398,Mild,-0.000491,7.4e-05,0.000907,High,0.3866,0.4237,9.6,2.0,1000,95.96,9.6,1751101200000,"[-0.000504, -0.000575, -0.000395]",4.8,0.014562499999999999
MYRIA,-0.002613,Moderate,0.0001,0.0,0.002713,High,0.001303,0.001428,9.59,2.0,1000,95.93,9.59,1748851200000,"[0.0001, 0.0001, 0.0001]",4.795,0.02724713242961418
HIVE,-0.001285,Mild,-0.000352,0.000114,0.000933,High,0.2243,0.2458,9.59,2.0,1000,95.85,9.59,1744459200000,"[-0.000285, -0.000259, -0.000513]",4.795,0.013399374348279458
ICNT,-0.001107,Mild,-2e-05,9.9e-05,0.001087,High,0.2683,0.294,9.58,2.0,1000,95.79,9.58,1752062400000,"[5e-05, 5e-05, -0.000159]",4.79,0.011555323590814195
BROCCOLIF3B,-0.001159,Mild,9.2e-05,0.000113,0.001251,High,0.01151,0.01261,9.56,2.0,1000,95.57,9.56,1752541200000,"[0.000252, 1.2e-05, 1.2e-05]",4.78,0.012123430962343097
AVL,-0.002046,Moderate,2.5e-05,0.0,0.002071,High,0.1864,0.2042,9.55,2.0,1000,95.49,9.55,1749448800000,"[2.5e-05, 2.5e-05, 2.5e-05]",4.775,0.02142408376963351
MBL,-0.001424,Mild,0.0001,0.0,0.001524,High,0.003534,0.003871,9.54,2.0,1000,95.36,9.54,1736092800000,"[0.0001, 0.0001, 0.0001]",4.77,0.014926624737945494
QTUM,-0.001078,Mild,-1.7e-05,8.6e-05,0.001061,High,1.794,1.965,9.53,2.0,1000,95.32,9.53,1744185600000,"[-0.000123, -1.7e-05, 8.8e-05]",4.765,0.011311647429171038
BMT,-0.001835,Mild,5e-05,0.0,0.001885,High,0.08625,0.09447,9.53,2.0,1000,95.3,9.53,1751760000000,"[5e-05, 5e-05, 5e-05]",4.765,0.01925498426023085
CYBER,-0.001401,Mild,-0.000248,0.000215,0.001153,Medium,8.924,9.774,9.52,2.0,1000,95.25,9.52,1716710400000,"[-0.000549, -0.000131, -6.3e-05]",4.76,0.014716386554621848
SPX,-0.001432,Mild,-0.000709,0.000222,0.000723,Medium,0.544,0.5958,9.52,2.0,1000,95.22,9.52,1744473600000,"[-0.000634, -0.00101, -0.000483]",4.76,0.015042016806722689
LAYER,-0.001288,Mild,-0.000105,0.000105,0.001183,High,3.1166,3.413,9.51,2.0,1000,95.1,9.51,1746331200000,"[-0.000209, -0.000145, 3.9e-05]",4.755,0.013543638275499474
LSK,-0.002651,Moderate,2.2e-05,4e-05,0.002673,High,1.9587,2.1444,9.48,2.0,1000,94.81,9.48,1711281600000,"[-3.4e-05, 5e-05, 5e-05]",4.74,0.027964135021097045
CTC,-0.001885,Mild,0.000418,5.4e-05,0.002303,High,0.4095,0.4483,9.47,2.0,1000,94.75,9.47,1725868800000,"[0.000486, 0.000353, 0.000414]",4.735,0.01990496304118268
CTK,-0.0059,Strong,-1e-06,7.3e-05,0.005899,High,0.8189,0.8964,9.46,2.0,1000,94.64,9.46,1718740800000,"[5e-05, 5e-05, -0.000104]",4.73,0.06236786469344609
COS,-0.002772,Moderate,5e-05,0.0,0.002822,High,0.012316,0.01348,9.45,2.0,1000,94.51,9.45,1732536000000,"[5e-05, 5e-05, 5e-05]",4.725,0.02933333333333334
QNT,-0.001019,Mild,3.5e-05,4.6e-05,0.001054,High,72.64,79.5,9.44,2.0,1000,94.44,9.44,1719590400000,"[8e-06, -2e-06, 0.0001]",4.72,0.010794491525423729
BDXN,-0.001592,Mild,-0.000493,6.6e-05,0.001099,High,0.0332,0.03633,9.43,2.0,1000,94.28,9.43,1750348800000,"[-0.000585, -0.000462, -0.000432]",4.715,0.016882290562036058
UXLINK,-0.001615,Mild,-0.000456,0.00018,0.001159,High,0.4395,0.4809,9.42,2.0,1000,94.2,9.42,1744891200000,"[-0.000621, -0.000541, -0.000205]",4.71,0.01714437367303609
WAL,-0.001825,Mild,-0.000663,0.000244,0.001162,Medium,0.6116,0.6692,9.42,2.0,1000,94.18,9.42,1745755200000,"[-0.000501, -0.000479, -0.001008]",4.71,0.019373673036093417
ONG,-0.001149,Mild,-0.000609,1.9e-05,0.00054,High,0.1906,0.2085,9.39,2.0,1000,93.91,9.39,1744934400000,"[-0.000636, -0.000602, -0.00059]",4.695,0.012236421725239616
D,-0.002831,Moderate,5e-05,0.0,0.002881,High,0.0834,0.09123,9.39,2.0,1000,93.88,9.39,1739030400000,"[5e-05, 5e-05, 5e-05]",4.695,0.03014909478168264
GLM,-0.001608,Mild,-4.2e-05,7.7e-05,0.001566,High,0.3049,0.3335,9.38,2.0,1000,93.8,9.38,1720324800000,"[-3.7e-05, -0.000138, 5e-05]",4.69,0.01714285714285714
ZRC,-0.001243,Mild,-0.000217,0.000245,0.001026,Medium,0.0256,0.028,9.37,2.0,1000,93.75,9.37,1744099200000,"[-0.000257, -0.000495, 0.0001]",4.685,0.013265741728922092
AVAIL,-0.017363,Strong,0.0001,0.0,0.017463,High,0.1218,0.1332,9.36,2.0,1000,93.6,9.36,1736697600000,"[0.0001, 0.0001, 0.0001]",4.68,0.18550213675213678
PYR,-0.001214,Mild,-0.000259,0.000275,0.000955,Medium,1.08,1.181,9.35,2.0,1000,93.52,9.35,1746604800000,"[-0.000569, -0.000309, 0.0001]",4.675,0.012983957219251337
MAGIC,-0.007098,Strong,-0.000107,0.000115,0.006991,High,0.1596,0.1745,9.34,2.0,1000,93.36,9.34,1750075200000,"[-0.000221, 5e-05, -0.00015]",4.67,0.07599571734475376
DEEP,-0.00998,Strong,0.000114,8.4e-05,0.010094,High,0.03566,0.03899,9.34,2.0,1000,93.38,9.34,1729008000000,"[0, 0.000142, 0.0002]",4.67,0.10685224839400428
TAKER,-0.004487,Moderate,-2e-05,1.3e-05,0.004467,High,0.02741,0.02997,9.34,2.0,1000,93.4,9.34,1753070400000,"[-5e-06, -3.7e-05, -1.8e-05]",4.67,0.0480406852248394
BLAST,-0.002758,Moderate,-0.001297,0.000101,0.001461,High,0.01061,0.0116,9.33,2.0,1000,93.31,9.33,1723881600000,"[-0.001205, -0.001248, -0.001438]",4.665,0.029560557341907826
VTHO,-0.001907,Mild,-0.000368,0.000256,0.001539,Medium,0.005874,0.006422,9.33,2.0,1000,93.29,9.33,1738310400000,"[-0.000661, -0.000405, -3.7e-05]",4.665,0.020439442658092177
OBT,-0.001441,Mild,5e-05,0.0,0.001491,High,0.00944,0.01032,9.32,2.0,1000,93.22,9.32,1749052800000,"[5e-05, 5e-05, 5e-05]",4.66,0.015461373390557939
GNO,-0.001542,Mild,-0.000413,0.000157,0.001129,High,124.5,136.1,9.32,2.0,1000,93.17,9.32,1742198400000,"[-0.00032, -0.000635, -0.000285]",4.66,0.0165450643776824
POLYX,-0.001429,Mild,3.6e-05,1.7e-05,0.001465,High,0.23859,0.2608,9.31,2.0,1000,93.09,9.31,1724385600000,"[4.6e-05, 5e-05, 1.2e-05]",4.655,0.01534908700322234
MASA,-0.002696,Moderate,0.0001,0.0,0.002796,High,0.12289,0.13432,9.3,2.0,1000,93.01,9.3,1735574400000,"[0.0001, 0.0001, 0.0001]",4.65,0.028989247311827955
TIA,-0.001498,Mild,-0.000141,2.5e-05,0.001357,High,2.699,2.95,9.3,2.0,1000,93.0,9.3,1746691200000,"[-0.000123, -0.000176, -0.000123]",4.65,0.016107526881720426
COS,-0.002278,Moderate,-0.000295,0.00028,0.001983,Medium,0.00774,0.00846,9.3,2.0,1000,93.02,9.3,1720396800000,"[5.1e-05, -0.000635, -0.000301]",4.65,0.024494623655913976
MBL,-0.001027,Mild,0.0001,0.0,0.001127,High,0.002325,0.002541,9.29,2.0,1000,92.9,9.29,1720598400000,"[0.0001, 0.0001, 0.0001]",4.645,0.011054897739504844
BANK,-0.00101,Mild,-0.00036,0.000292,0.00065,Medium,0.07309,0.07988,9.29,2.0,1000,92.9,9.29,1747022400000,"[-0.000525, -0.000605, 5e-05]",4.645,0.010871905274488699
RPL,-0.002189,Moderate,-9.2e-05,0.000114,0.002097,High,6.084,6.648,9.27,2.0,1000,92.7,9.27,1748923200000,"[-0.00023, -9.7e-05, 5e-05]",4.635,0.023613807982740025
RAD,-0.001213,Mild,-0.000191,0.000144,0.001022,High,0.7047,0.77,9.27,2.0,1000,92.66,9.27,1744473600000,"[4e-06, -0.00034, -0.000237]",4.635,0.013085221143473573
UXLINK,-0.00162,Mild,5e-05,0.0,0.00167,High,0.3434,0.3752,9.26,2.0,1000,92.6,9.26,1751601600000,"[5e-05, 5e-05, 5e-05]",4.63,0.01749460043196544
BOBA,-0.012168,Strong,8.1e-05,2.7e-05,0.012249,High,0.1135,0.124,9.25,2.0,1000,92.51,9.25,1745222400000,"[4.2e-05, 0.0001, 0.0001]",4.625,0.13154594594594596
BR,-0.001986,Mild,-3.9e-05,0.000126,0.001947,High,0.174,0.1901,9.25,2.0,1000,92.53,9.25,1742616000000,"[5e-05, 5e-05, -0.000217]",4.625,0.02147027027027027
ATH,-0.001474,Mild,-0.000384,6e-05,0.00109,High,0.03741,0.04086,9.22,2.0,1000,92.22,9.22,1740182400000,"[-0.000401, -0.000448, -0.000304]",4.61,0.01598698481561822
SYS,-0.00109,Mild,-0.000542,0.00015,0.000548,High,0.04759,0.05198,9.22,2.0,1000,92.25,9.22,1745928000000,"[-0.000347, -0.000567, -0.000713]",4.61,0.011822125813449024
REZ,-0.00113,Mild,-0.000613,0.000201,0.000517,Medium,0.01422,0.01553,9.21,2.0,1000,92.12,9.21,1744185600000,"[-0.000395, -0.000564, -0.000881]",4.605,0.012269272529858846
SONIC,-0.004964,Moderate,5e-05,0.0,0.005014,High,0.2323,0.2537,9.21,2.0,1000,92.12,9.21,1744358400000,"[5e-05, 5e-05, 5e-05]",4.605,0.05389793702497284
SLP,-0.001709,Mild,-0.000588,0.000273,0.001121,Medium,0.002486,0.002715,9.21,2.0,1000,92.12,9.21,1725033600000,"[-0.000331, -0.000966, -0.000466]",4.605,0.018555917480998912
CARV,-0.003542,Moderate,-0.002652,0.000141,0.00089,High,0.2214,0.2418,9.21,2.0,1000,92.14,9.21,1750608000000,"[-0.002484, -0.00283, -0.002643]",4.605,0.038458197611292065
AKT,-0.002042,Moderate,-0.001081,0.000172,0.000961,High,2.308,2.52,9.19,2.0,1000,91.85,9.19,1725264000000,"[-0.001317, -0.00091, -0.001017]",4.595,0.022219804134929272
L3,-0.001246,Mild,-0.000296,0.000243,0.00095,Medium,0.09129,0.09968,9.19,2.0,1000,91.9,9.19,1739318400000,"[-0.000489, 4.7e-05, -0.000447]",4.595,0.013558215451577801
AKT,-0.001112,Mild,-0.0,0.000121,0.001112,High,2.21,2.413,9.19,2.0,1000,91.86,9.19,1725436800000,"[-0.00017, 6.9e-05, 0.0001]",4.595,0.012100108813928182
TOKEN,-0.001684,Mild,-0.000111,0.000141,0.001573,High,0.02864,0.03127,9.18,2.0,1000,91.83,9.18,1738526400000,"[-8.8e-05, 5e-05, -0.000294]",4.59,0.018344226579520697
FLR,-0.001983,Mild,-5.1e-05,0.000169,0.001932,High,0.01822,0.01989,9.17,2.0,1000,91.66,9.17,1748793600000,"[3.5e-05, -0.000287, 0.0001]",4.585,0.02162486368593239
SNT,-0.001438,Mild,-0.0,0.000142,0.001438,High,0.02551,0.02785,9.17,2.0,1000,91.73,9.17,1729152000000,"[0.0001, 0.0001, -0.000201]",4.585,0.01568157033805889
SC,-0.001303,Mild,0.000637,0.000132,0.00194,High,0.011483,0.012532,9.14,2.0,1000,91.35,9.14,1710115200000,"[0.000817, 0.000502, 0.000592]",4.57,0.014256017505470456
DGB,-0.001585,Mild,-5.6e-05,0.000221,0.001529,Medium,0.01378,0.01504,9.14,2.0,1000,91.44,9.14,1735804800000,"[-0.000368, 0.0001, 0.0001]",4.57,0.017341356673960612
10000COQ,-0.001475,Mild,-0.000825,0.000263,0.00065,Medium,0.00591,0.00645,9.14,2.0,1000,91.37,9.14,1744617600000,"[-0.001145, -0.000502, -0.000828]",4.57,0.016137855579868708
AGLD,-0.002718,Moderate,-0.000947,0.000108,0.001771,High,1.3648,1.4896,9.14,2.0,1000,91.44,9.14,1740038400000,"[-0.000817, -0.000942, -0.001081]",4.57,0.029737417943107216
RARE,-0.02,Strong,0.0001,0.0,0.0201,High,0.0855,0.0933,9.12,2.0,1000,91.23,9.12,1723420800000,"[0.0001, 0.0001, 0.0001]",4.56,0.21929824561403513
BLUM,-0.00125,Mild,-6e-05,2e-06,0.00119,High,0.0669,0.073,9.12,2.0,1000,91.18,9.12,1752634800000,"[-5.9e-05, -5.7e-05, -6.3e-05]",4.56,0.013706140350877196
SXP,-0.0013,Mild,-0.000671,0.000295,0.000629,Medium,0.2028,0.2213,9.12,2.0,1000,91.22,9.12,1744790400000,"[-0.000378, -0.000559, -0.001075]",4.56,0.014254385964912282
PRCL,-0.001072,Mild,6.8e-05,0.000258,0.00114,Medium,0.669,0.73,9.12,2.0,1000,91.18,9.12,1713772800000,"[0.00022, -0.000295, 0.000278]",4.56,0.011754385964912283
API3,-0.002019,Moderate,-5.7e-05,0.000151,0.001962,High,0.8944,0.9759,9.11,2.0,1000,91.12,9.11,1744488000000,"[-0.000271, 5e-05, 5e-05]",4.555,0.02216245883644347
HNT,-0.004073,Moderate,0.00027,0.000241,0.004343,Medium,7.586,8.276,9.1,2.0,1000,90.96,9.1,1733788800000,"[0.0001, 0.0001, 0.000611]",4.55,0.044758241758241765
LRC,-0.001423,Mild,-0.000164,2.6e-05,0.001259,High,0.1099,0.1199,9.1,2.0,1000,90.99,9.1,1746460800000,"[-0.000196, -0.000132, -0.000165]",4.55,0.015637362637362637
1000BTT,-0.002065,Moderate,-0.00087,0.000244,0.001195,Medium,0.000815,0.000889,9.01,2.0,1000,90.8,9.08,1720972800000,"[-0.000535, -0.000967, -0.001108]",4.54,0.022918978912319646
BADGER,-0.002089,Moderate,0.000274,0.000295,0.002363,Medium,0.772,0.842,9.07,2.0,1000,90.67,9.07,1744790400000,"[0.000592, 0.000348, -0.000118]",4.535,0.02303197353914002
NXPC,-0.001085,Mild,-0.000532,0.000256,0.000553,Medium,2.174,2.371,9.06,2.0,1000,90.62,9.06,1747598400000,"[-0.00017, -0.000701, -0.000724]",4.53,0.011975717439293598
ORBS,-0.001717,Mild,2.3e-05,3e-06,0.00174,High,0.02307,0.02516,9.06,2.0,1000,90.59,9.06,1750248000000,"[1.8e-05, 2.5e-05, 2.5e-05]",4.53,0.018951434878587196
SIREN,-0.00266,Moderate,-9.5e-05,0.000148,0.002565,High,0.09144,0.0997,9.03,2.0,1000,90.33,9.03,1742572800000,"[-0.0002, 0.000115, -0.0002]",4.515,0.029457364341085274
AERGO,-0.001043,Mild,-0.00017,0.000164,0.000873,High,0.21096,0.23,9.03,2.0,1000,90.25,9.03,1745409600000,"[-0.000377, -0.000157, 2.3e-05]",4.515,0.011550387596899227
AIOZ,-0.001216,Mild,-0.000343,0.000216,0.000873,Medium,0.3526,0.3844,9.02,2.0,1000,90.19,9.02,1740470400000,"[-0.000649, -0.000196, -0.000185]",4.51,0.013481152993348115
GAS,-0.001512,Mild,-0.00011,0.000226,0.001402,Medium,3.662,3.992,9.01,2.0,1000,90.11,9.01,1720958400000,"[-0.000429, 5e-05, 5e-05]",4.505,0.016781354051054385
NKN,-0.001351,Mild,-0.000384,2.9e-05,0.000967,High,0.03548,0.03867,8.99,2.0,1000,89.91,8.99,1748088000000,"[-0.000345, -0.000394, -0.000413]",4.495,0.015027808676307007
SPELL,-0.003075,Moderate,0.0001,0.0,0.003175,High,0.000735,0.000801,9.02,2.0,1000,89.8,8.98,1731168000000,"[0.0001, 0.0001, 0.0001]",4.49,0.03409090909090909
EDGE,-0.001688,Mild,-1.9e-05,1.3e-05,0.001669,High,0.0902,0.0983,8.98,2.0,1000,89.8,8.98,1748736000000,"[-3.3e-05, -2e-06, -2.1e-05]",4.49,0.018797327394209355
BID,-0.001114,Mild,-0.000303,0.000278,0.000811,Medium,0.11872,0.12937,8.97,2.0,1000,89.71,8.97,1750939200000,"[-0.00063, -0.000329, 5e-05]",4.485,0.012419175027870679
API3,-0.001004,Mild,-1e-05,4.7e-05,0.000994,High,0.5415,0.59,8.96,2.0,1000,89.57,8.96,1741651200000,"[5e-05, -1.5e-05, -6.5e-05]",4.48,0.01120535714285714
LUNC,-0.001197,Mild,-5.8e-05,8.6e-05,0.001139,High,0.000112,0.000122,9.37,2.0,1000,89.29,8.93,1734969600000,"[-0.000146, 5.9e-05, -8.8e-05]",4.465,0.012774813233724654
COOKIE,-0.001802,Mild,-0.000407,0.000288,0.001395,Medium,0.2241,0.2441,8.92,2.0,1000,89.25,8.92,1740643200000,"[-0.00049, -0.000712, -2e-05]",4.46,0.020201793721973095
MVL,-0.001767,Mild,0.0001,0.0,0.001867,High,0.004592,0.005001,8.91,2.0,1000,89.07,8.91,1738224000000,"[0.0001, 0.0001, 0.0001]",4.455,0.019831649831649832
FLOKI,-0.001378,Mild,-1.2e-05,3.6e-05,0.001366,High,0.000146,0.000159,8.87,2.0,1000,89.04,8.9,1724803200000,"[-4.7e-05, -2.6e-05, 3.8e-05]",4.45,0.015535512965050737
T,-0.002593,Moderate,0.0001,0.0,0.002693,High,0.03584,0.03903,8.9,2.0,1000,89.01,8.9,1713600000000,"[0.0001, 0.0001, 0.0001]",4.45,0.02913483146067415
ZRC,-0.009137,Strong,-3.1e-05,0.000153,0.009106,High,0.0337,0.0367,8.9,2.0,1000,89.02,8.9,1744329600000,"[-0.000246, 0.0001, 5.3e-05]",4.45,0.10266292134831459
RAD,-0.001372,Mild,1.2e-05,6.2e-05,0.001384,High,1.329,1.447,8.88,2.0,1000,88.79,8.88,1719936000000,"[-3.3e-05, 0.0001, -3e-05]",4.44,0.015450450450450449
MTL,-0.00119,Mild,-0.000519,0.000233,0.000671,Medium,0.6698,0.7293,8.88,2.0,1000,88.83,8.88,1744128000000,"[-0.000847, -0.000383, -0.000327]",4.44,0.013400900900900901
TOSHI,-0.001117,Mild,-0.000253,4.9e-05,0.000864,High,0.000484,0.000527,9.03,2.0,1000,88.84,8.88,1749168000000,"[-0.00024, -0.000201, -0.000318]",4.44,0.012369878183831673
VANRY,-0.001533,Mild,-0.000506,0.000218,0.001027,Medium,0.04265,0.04643,8.86,2.0,1000,88.63,8.86,1740168000000,"[-0.00078, -0.000489, -0.000248]",4.43,0.017302483069977427
POWR,-0.009089,Strong,-2.9e-05,6.3e-05,0.00906,High,0.2416,0.263,8.86,2.0,1000,88.58,8.86,1734883200000,"[5e-05, -3.3e-05, -0.000105]",4.43,0.10258465011286681
RLC,-0.00123,Mild,-0.000122,0.000167,0.001108,High,1.1868,1.2919,8.86,2.0,1000,88.56,8.86,1741104000000,"[-0.000166, -0.000301, 0.0001]",4.43,0.013882618510158014
AVL,-0.00196,Mild,-0.000226,0.0002,0.001734,Medium,0.1912,0.2081,8.84,2.0,1000,88.39,8.84,1749477600000,"[-0.000465, -0.000239, 2.5e-05]",4.42,0.022171945701357467
H,-0.002009,Moderate,-0.001422,3.4e-05,0.000587,High,0.07494,0.08156,8.83,2.0,1000,88.34,8.83,1751810400000,"[-0.001453, -0.001374, -0.001439]",4.415,0.022751981879954697
ARCSOL,-0.005557,Strong,-0.000985,7.8e-05,0.004572,High,0.2708,0.2947,8.83,2.0,1000,88.26,8.83,1739721600000,"[-0.000998, -0.000884, -0.001073]",4.415,0.06293318233295583
SNT,-0.001859,Mild,-6.4e-05,0.000151,0.001795,High,0.02516,0.02738,8.82,2.0,1000,88.24,8.82,1747281600000,"[-0.000278, 5e-05, 3.5e-05]",4.41,0.021077097505668933
ZEUS,-0.001089,Mild,-6.8e-05,0.000217,0.001021,Medium,0.4069,0.4428,8.82,2.0,1000,88.23,8.82,1742803200000,"[-0.000374, 0.0001, 7e-05]",4.41,0.012346938775510203
OBT,-0.012306,Strong,-0.000299,0.000126,0.012007,High,0.00896,0.00975,8.82,2.0,1000,88.17,8.82,1749283200000,"[-0.000158, -0.000276, -0.000463]",4.41,0.13952380952380952
DEEP,-0.001968,Mild,-0.000565,0.000268,0.001403,Medium,0.08185,0.08906,8.81,2.0,1000,88.09,8.81,1744905600000,"[-0.000494, -0.000279, -0.000923]",4.405,0.022338251986379114
TOSHI,-0.001044,Mild,1.1e-05,5.6e-05,0.001055,High,0.000717,0.00078,8.86,2.0,1000,87.87,8.79,1747742400000,"[5e-05, 5e-05, -6.8e-05]",4.395,0.011783295711060949
SEND,-0.00255,Moderate,-0.000925,0.00026,0.001625,Medium,2.3454,2.5516,8.79,2.0,1000,87.92,8.79,1737072000000,"[-0.001006, -0.001196, -0.000574]",4.395,0.029010238907849834
SNT,-0.003714,Moderate,-0.000805,0.0002,0.002909,Medium,0.0203,0.02208,8.77,2.0,1000,87.68,8.77,1723075200000,"[-0.000615, -0.001081, -0.000719]",4.385,0.04234891676168757
SEND,-0.001592,Mild,-0.000128,8.6e-05,0.001464,High,2.0224,2.1996,8.76,2.0,1000,87.62,8.76,1735632000000,"[-9.9e-05, -0.000245, -4e-05]",4.38,0.018173515981735163
HIGH,-0.002448,Moderate,-0.00152,0.000203,0.000928,Medium,3.6475,3.9669,8.76,2.0,1000,87.57,8.76,1714089600000,"[-0.001758, -0.00154, -0.001263]",4.38,0.027945205479452055
SAHARA,-0.002394,Moderate,-0.001166,0.000231,0.001228,Medium,0.08223,0.08942,8.74,2.0,1000,87.44,8.74,1751011200000,"[-0.00139, -0.000848, -0.001259]",4.37,0.027391304347826082
FUN,-0.002738,Moderate,3.4e-05,2.2e-05,0.002772,High,0.006341,0.006895,8.74,2.0,1000,87.37,8.74,1747108800000,"[5e-05, 5e-05, 3e-06]",4.37,0.03132723112128146
FLOCK,-0.004468,Moderate,-0.00128,8e-05,0.003188,High,0.2557,0.278,8.72,2.0,1000,87.21,8.72,1748869200000,"[-0.001329, -0.001345, -0.001167]",4.36,0.05123853211009174
FLOCK,-0.001437,Mild,-0.000283,0.000269,0.001154,Medium,0.0505,0.0549,8.71,2.0,1000,87.13,8.71,1745078400000,"[-0.000289, 5e-05, -0.000609]",4.355,0.01649827784156142
PYR,-0.001052,Mild,-0.000195,0.000213,0.000857,Medium,2.161,2.349,8.7,2.0,1000,87.0,8.7,1730764800000,"[-0.000289, -0.000397, 0.0001]",4.35,0.012091954022988507
AGLD,-0.001853,Mild,2.1e-05,2.9e-05,0.001874,High,0.8375,0.9104,8.7,2.0,1000,87.04,8.7,1744963200000,"[6.2e-05, 0, 1e-06]",4.35,0.021298850574712647
AIOZ,-0.006322,Strong,5.2e-05,6.8e-05,0.006374,High,0.9139,0.9933,8.69,2.0,1000,86.88,8.69,1737907200000,"[0.0001, 0.0001, -4.4e-05]",4.345,0.07275028768699655
XION,-0.002669,Moderate,-0.000638,0.000289,0.002031,Medium,1.417,1.54,8.68,2.0,1000,86.8,8.68,1739073600000,"[-0.000583, -0.000315, -0.001017]",4.34,0.03074884792626728
TOMI,-0.006712,Strong,0.000222,0.000173,0.006934,High,0.6251,0.6793,8.67,2.0,1000,86.71,8.67,1712966400000,"[0.0001, 0.0001, 0.000467]",4.335,0.07741637831603229
SAFE,-0.001165,Mild,-0.000221,6.8e-05,0.000944,High,0.5411,0.588,8.67,2.0,1000,86.68,8.67,1738857600000,"[-0.000174, -0.000317, -0.000173]",4.335,0.013437139561707036
FIDA,-0.001033,Mild,-3.9e-05,7.7e-05,0.000994,High,0.06619,0.07192,8.66,2.0,1000,86.57,8.66,1750003200000,"[-2.9e-05, -0.000138, 5e-05]",4.33,0.011928406466512703
CTSI,-0.002168,Moderate,0.0001,0.0,0.002268,High,0.1398,0.1519,8.66,2.0,1000,86.55,8.66,1729699200000,"[0.0001, 0.0001, 0.0001]",4.33,0.025034642032332563
QI,-0.002027,Moderate,0.0001,0.0,0.002127,High,0.01957,0.02126,8.64,2.0,1000,86.36,8.64,1715356800000,"[0.0001, 0.0001, 0.0001]",4.32,0.023460648148148147
HIVE,-0.001367,Mild,-0.000136,0.000219,0.001231,Medium,0.3207,0.3484,8.64,2.0,1000,86.37,8.64,1740168000000,"[-1.5e-05, 5e-05, -0.000444]",4.32,0.015821759259259258
ZETA,-0.003179,Moderate,5e-05,0.0,0.003229,High,0.2656,0.2885,8.62,2.0,1000,86.22,8.62,1745841600000,"[5e-05, 5e-05, 5e-05]",4.31,0.03687935034802784
SCA,-0.001086,Mild,-0.000139,0.000179,0.000947,High,0.0789,0.0857,8.62,2.0,1000,86.19,8.62,1743148800000,"[-0.000184, 0.0001, -0.000332]",4.31,0.01259860788863109
AKT,-0.003197,Moderate,-0.00064,0.0002,0.002557,Medium,1.381,1.5,8.62,2.0,1000,86.17,8.62,1741752000000,"[-0.000564, -0.000914, -0.000442]",4.31,0.03708816705336427
GTC,-0.006026,Strong,0.0001,0.0,0.006126,High,1.14,1.238,8.6,2.0,1000,85.96,8.6,1707292800000,"[0.0001, 0.0001, 0.0001]",4.3,0.07006976744186047
ARK,-0.003154,Moderate,0.000276,2.4e-05,0.00343,High,0.609,0.6614,8.6,2.0,1000,86.04,8.6,1731340800000,"[0.000242, 0.000292, 0.000294]",4.3,0.03667441860465117
CTK,-0.001132,Mild,-0.00061,0.000118,0.000522,High,0.8042,0.8733,8.59,2.0,1000,85.92,8.59,1732651200000,"[-0.000463, -0.000616, -0.000751]",4.295,0.013178114086146681
AERGO,-0.001725,Mild,-0.001093,8.2e-05,0.000632,High,0.12395,0.13459,8.58,2.0,1000,85.84,8.58,1751140800000,"[-0.001005, -0.001202, -0.001072]",4.29,0.020104895104895104
DYM,-0.001569,Mild,0.000151,9e-05,0.00172,High,3.555,3.86,8.58,2.0,1000,85.79,8.58,1712952000000,"[0.000135, 0.000268, 5e-05]",4.29,0.018286713286713288
A8,-0.004096,Moderate,5e-05,0.0,0.004146,High,0.31572,0.3428,8.58,2.0,1000,85.77,8.58,1737907200000,"[5e-05, 5e-05, 5e-05]",4.29,0.04773892773892774
PHA,-0.001815,Mild,0.0001,0.0,0.001915,High,0.1226,0.1331,8.56,2.0,1000,85.64,8.56,1720224000000,"[0.0001, 0.0001, 0.0001]",4.28,0.02120327102803738
BNT,-0.00384,Moderate,-0.000285,0.000251,0.003555,Medium,0.7059,0.7663,8.56,2.0,1000,85.56,8.56,1713110400000,"[-0.000591, -0.000288, 2.4e-05]",4.28,0.044859813084112146
ARK,-0.002432,Moderate,-0.000297,0.000206,0.002135,Medium,0.5816,0.6313,8.55,2.0,1000,85.45,8.55,1729065600000,"[-8.2e-05, -0.000234, -0.000574]",4.275,0.028444444444444442
RON,-0.002415,Moderate,-0.000347,7.9e-05,0.002068,High,1.591,1.727,8.55,2.0,1000,85.48,8.55,1720166400000,"[-0.000386, -0.000236, -0.000418]",4.275,0.028245614035087716
ZRC,-0.001051,Mild,-0.000415,0.0003,0.000636,Medium,0.02351,0.02552,8.55,2.0,1000,85.5,8.55,1751209200000,"[-0.00046, -2.7e-05, -0.000757]",4.275,0.012292397660818714
KMNO,-0.001694,Mild,5e-05,0.0,0.001744,High,0.09237,0.10026,8.54,2.0,1000,85.42,8.54,1740168000000,"[5e-05, 5e-05, 5e-05]",4.27,0.019836065573770493
AERO,-0.001649,Mild,-0.000448,4.8e-05,0.001201,High,0.422,0.458,8.53,2.0,1000,85.31,8.53,1744588800000,"[-0.000429, -0.0004, -0.000514]",4.265,0.019331770222743263
BAL,-0.002318,Moderate,-0.00036,0.000189,0.001958,High,3.695,4.01,8.53,2.0,1000,85.25,8.53,1713052800000,"[-9.9e-05, -0.000445, -0.000537]",4.265,0.027174677608440802
STORJ,-0.001237,Mild,-0.000331,0.000226,0.000906,Medium,0.2852,0.3095,8.52,2.0,1000,85.2,8.52,1744876800000,"[-0.000325, -0.00061, -5.7e-05]",4.26,0.014518779342723005
AKT,-0.001483,Mild,-5.9e-05,0.000225,0.001424,Medium,2.22,2.409,8.51,2.0,1000,85.14,8.51,1725811200000,"[0.0001, -0.000378, 0.0001]",4.255,0.017426556991774384
10000COQ,-0.001145,Mild,-0.000588,0.000172,0.000557,High,0.00576,0.00625,8.51,2.0,1000,85.07,8.51,1744588800000,"[-0.000502, -0.000828, -0.000435]",4.255,0.01345475910693302
SWEAT,-0.002244,Moderate,-0.0,0.000214,0.002244,Medium,0.007787,0.008449,8.5,2.0,1000,85.01,8.5,1729958400000,"[0.000226, -0.000287, 6e-05]",4.25,0.026399999999999996
XCN,-0.001424,Mild,-0.000822,0.000277,0.000602,Medium,0.033284,0.03611,8.49,2.0,1000,84.91,8.49,1738353600000,"[-0.000634, -0.000618, -0.001213]",4.245,0.016772673733804474
USTC,-0.001705,Mild,-6.4e-05,0.000293,0.001641,Medium,0.0125,0.01356,8.48,2.0,1000,84.8,8.48,1739059200000,"[1.7e-05, -0.000457, 0.000248]",4.24,0.020106132075471697
OXT,-0.001251,Mild,0.0,7.6e-05,0.001251,High,0.05939,0.06442,8.47,2.0,1000,84.69,8.47,1730764800000,"[-8.5e-05, -1.4e-05, 0.0001]",4.235,0.014769775678866585
CTK,-0.001223,Mild,-5e-06,4e-05,0.001218,High,0.7153,0.7758,8.46,2.0,1000,84.58,8.46,1734940800000,"[-4.2e-05, -2.4e-05, 5e-05]",4.23,0.014456264775413709
AEVO,-0.003309,Moderate,-0.000293,0.000142,0.003016,High,1.726,1.872,8.46,2.0,1000,84.59,8.46,1713124800000,"[-0.000196, -0.000188, -0.000494]",4.23,0.03911347517730496
T,-0.001128,Mild,-0.000165,6.4e-05,0.000963,High,0.02919,0.03166,8.46,2.0,1000,84.62,8.46,1736524800000,"[-0.000145, -9.8e-05, -0.000252]",4.23,0.013333333333333332
RIF,-0.001112,Mild,-0.000116,0.000221,0.000996,Medium,0.05647,0.06123,8.43,2.0,1000,84.29,8.43,1746979200000,"[3e-05, -0.000428, 5e-05]",4.215,0.013190984578884934
QTUM,-0.002946,Moderate,-0.000156,3.4e-05,0.00279,High,3.451,3.742,8.43,2.0,1000,84.32,8.43,1739260800000,"[-0.000168, -0.00019, -0.000109]",4.215,0.03494661921708185
VANRY,-0.002525,Moderate,0.000238,0.000138,0.002763,High,0.0367,0.03979,8.42,2.0,1000,84.2,8.42,1740441600000,"[0.000288, 5e-05, 0.000377]",4.21,0.02998812351543943
CTK,-0.001828,Mild,-0.001141,0.000234,0.000687,Medium,0.8299,0.8998,8.42,2.0,1000,84.23,8.42,1717344000000,"[-0.001347, -0.000814, -0.001261]",4.21,0.021710213776722092
CTK,-0.001133,Mild,5e-05,0.0,0.001183,High,0.6197,0.6719,8.42,2.0,1000,84.23,8.42,1730707200000,"[5e-05, 5e-05, 5e-05]",4.21,0.01345605700712589
RSS3,-0.001229,Mild,-0.000193,0.000106,0.001036,High,0.0452,0.049,8.41,2.0,1000,84.07,8.41,1753171200000,"[-0.000338, -0.000156, -8.6e-05]",4.205,0.014613555291319857
SNT,-0.001011,Mild,0.0001,0.0,0.001111,High,0.04892,0.05303,8.4,2.0,1000,84.01,8.4,1732377600000,"[0.0001, 0.0001, 0.0001]",4.2,0.012035714285714285
SOONNETWORK,-0.001721,Mild,5e-05,0.0,0.001771,High,0.2166,0.2348,8.4,2.0,1000,84.03,8.4,1749643200000,"[5e-05, 5e-05, 5e-05]",4.2,0.02048809523809524
CLOUD,-0.006763,Strong,4.2e-05,8.2e-05,0.006805,High,0.1823,0.1976,8.39,2.0,1000,83.93,8.39,1723536000000,"[-7.3e-05, 0.0001, 0.0001]",4.195,0.08060786650774732
MOVE,-0.00216,Moderate,-0.001114,0.000225,0.001046,Medium,0.316,0.3425,8.39,2.0,1000,83.86,8.39,1744315200000,"[-0.001388, -0.001116, -0.000837]",4.195,0.025744934445768773
ALEO,-0.00142,Mild,-0.00075,0.000114,0.00067,High,4.051,4.391,8.39,2.0,1000,83.93,8.39,1727308800000,"[-0.000885, -0.00076, -0.000606]",4.195,0.01692491060786651
VANA,-0.004149,Moderate,-0.000182,8.6e-05,0.003967,High,7.534,8.165,8.38,2.0,1000,83.75,8.38,1742529600000,"[-6.4e-05, -0.000265, -0.000216]",4.19,0.0495107398568019
A8,-0.001942,Mild,5e-05,0.0,0.001992,High,0.10551,0.11433,8.36,2.0,1000,83.59,8.36,1751356800000,"[5e-05, 5e-05, 5e-05]",4.18,0.023229665071770336
SEND,-0.002015,Moderate,-0.000991,0.000253,0.001024,Medium,2.2523,2.4405,8.36,2.0,1000,83.56,8.36,1737331200000,"[-0.000639, -0.00122, -0.001115]",4.18,0.02410287081339713
UMA,-0.001354,Mild,-4.7e-05,0.000116,0.001307,High,1.295,1.403,8.34,2.0,1000,83.4,8.34,1742256000000,"[2e-05, 5e-05, -0.00021]",4.17,0.016235011990407673
VOXEL,-0.001358,Mild,-4.5e-05,8.1e-05,0.001313,High,0.07748,0.08394,8.34,2.0,1000,83.38,8.34,1748142000000,"[-0.000159, 1.2e-05, 1.2e-05]",4.17,0.016282973621103116
LAYER,-0.002168,Moderate,-0.000867,0.000252,0.001301,Medium,0.682,0.7389,8.34,2.0,1000,83.43,8.34,1750554000000,"[-0.00077, -0.001212, -0.000619]",4.17,0.025995203836930453
GUN,-0.001232,Mild,-0.000237,0.000141,0.000995,High,0.0469,0.0508,8.32,2.0,1000,83.16,8.32,1744718400000,"[-0.000139, -0.000436, -0.000135]",4.16,0.014807692307692308
DOT,-0.001141,Mild,5.8e-05,5.9e-05,0.001199,High,6.39,6.921,8.31,2.0,1000,83.1,8.31,1713052800000,"[0.0001, 0.0001, -2.6e-05]",4.155,0.013730445246690735
SWEAT,-0.003789,Moderate,-0.000736,0.000211,0.003053,Medium,0.00983,0.010646,8.3,2.0,1000,83.01,8.3,1738915200000,"[-0.001019, -0.000677, -0.000512]",4.15,0.04565060240963855
SEND,-0.001027,Mild,-0.00013,0.000137,0.000897,High,2.3861,2.5836,8.28,2.0,1000,82.77,8.28,1736352000000,"[-0.000124, -0.000301, 3.4e-05]",4.14,0.012403381642512076
ZENT,-0.001052,Mild,-0.000171,7.8e-05,0.000881,High,0.01111,0.01203,8.28,2.0,1000,82.81,8.28,1741651200000,"[-0.00028, -0.000101, -0.000133]",4.14,0.012705314009661836
MOCA,-0.00186,Mild,-0.001192,0.000165,0.000668,High,0.3373,0.3651,8.24,2.0,1000,82.42,8.24,1735286400000,"[-0.000983, -0.001209, -0.001385]",4.12,0.022572815533980585
RSS3,-0.002096,Moderate,-8.7e-05,0.00021,0.002009,Medium,0.0643,0.0696,8.24,2.0,1000,82.43,8.24,1747324800000,"[8.3e-05, -0.000383, 3.9e-05]",4.12,0.0254368932038835
MOVE,-0.001383,Mild,-0.000356,0.000165,0.001027,High,0.497,0.5379,8.23,2.0,1000,82.29,8.23,1741320000000,"[-0.000574, -0.000319, -0.000175]",4.115,0.01680437424058323
COS,-0.0012,Mild,5e-05,0.0,0.00125,High,0.00639,0.006914,8.2,2.0,1000,82.0,8.2,1736769600000,"[5e-05, 5e-05, 5e-05]",4.1,0.014634146341463415
RARE,-0.001563,Mild,-7.5e-05,0.000144,0.001488,High,0.1173,0.1269,8.18,2.0,1000,81.84,8.18,1713052800000,"[-7.1e-05, 0.0001, -0.000253]",4.09,0.01910757946210269
ORDER,-0.001186,Mild,-0.000339,0.000109,0.000847,High,0.1617,0.1749,8.16,2.0,1000,81.63,8.16,1725350400000,"[-0.000478, -0.000212, -0.000326]",4.08,0.014534313725490194
OL,-0.001655,Mild,-0.000121,0.000127,0.001534,High,0.05871,0.0635,8.16,2.0,1000,81.59,8.16,1745020800000,"[-0.000227, -0.000193, 5.7e-05]",4.08,0.020281862745098037
PLUME,-0.001282,Mild,-0.000757,5.8e-05,0.000525,High,0.0799,0.0864,8.14,2.0,1000,81.35,8.14,1751198400000,"[-0.000795, -0.000801, -0.000675]",4.07,0.01574938574938575
T,-0.00123,Mild,4e-06,0.000136,0.001234,High,0.02399,0.02594,8.13,2.0,1000,81.28,8.13,1731484800000,"[0.0001, 0.0001, -0.000189]",4.065,0.015129151291512913
L3,-0.001925,Mild,-0.000636,0.000141,0.001289,High,0.10588,0.11449,8.13,2.0,1000,81.32,8.13,1737273600000,"[-0.000669, -0.00045, -0.00079]",4.065,0.023677736777367772
PUFFER,-0.001124,Mild,-0.000205,0.000137,0.000919,High,0.6089,0.6584,8.13,2.0,1000,81.29,8.13,1734710400000,"[-0.000232, -0.000358, -2.6e-05]",4.065,0.013825338253382531
IP,-0.001298,Mild,-0.000533,0.00012,0.000765,High,3.09,3.341,8.12,2.0,1000,81.23,8.12,1751817600000,"[-0.000694, -0.000406, -0.0005]",4.06,0.015985221674876846
QI,-0.001264,Mild,-5.5e-05,0.000166,0.001209,High,0.00776,0.00839,8.12,2.0,1000,81.19,8.12,1741104000000,"[2e-05, -0.000285, 0.0001]",4.06,0.015566502463054188
VINE,-0.003074,Moderate,5e-05,0.0,0.003124,High,0.03824,0.04134,8.11,2.0,1000,81.07,8.11,1745841600000,"[5e-05, 5e-05, 5e-05]",4.055,0.03790382244143033
RON,-0.001601,Mild,-0.000203,9.8e-05,0.001398,High,2.726,2.947,8.11,2.0,1000,81.07,8.11,1716134400000,"[-0.00034, -0.000154, -0.000115]",4.055,0.019741060419235512
1000BTT,-0.001066,Mild,2.1e-05,0.000128,0.001087,High,0.000977,0.001056,8.12,2.0,1000,80.86,8.09,1727395200000,"[0.0001, -0.00016, 0.000123]",4.045,0.013128078817733993
SCRT,-0.004128,Moderate,-0.000146,0.000129,0.003982,High,0.5018,0.5424,8.09,2.0,1000,80.91,8.09,1735574400000,"[-1.6e-05, -9.9e-05, -0.000322]",4.045,0.05102595797280593
DUCK,-0.006608,Strong,-3.9e-05,6.5e-05,0.006569,High,0.003083,0.003332,8.08,2.0,1000,80.77,8.08,1750420800000,"[-0.000102, -6.5e-05, 5e-05]",4.04,0.08178217821782179
BR,-0.005228,Strong,0.000125,7.5e-05,0.005353,High,0.0795,0.08592,8.08,2.0,1000,80.75,8.08,1750723200000,"[0.000228, 5e-05, 9.6e-05]",4.04,0.0647029702970297
GAS,-0.00152,Mild,5e-05,0.0,0.00157,High,3.681,3.978,8.07,2.0,1000,80.68,8.07,1746979200000,"[5e-05, 5e-05, 5e-05]",4.035,0.01883519206939281
GNO,-0.003349,Moderate,-0.00036,0.000159,0.002989,High,151.3,163.5,8.06,2.0,1000,80.63,8.06,1740931200000,"[-0.000521, -0.000143, -0.000415]",4.03,0.04155086848635235
FLR,-0.001105,Mild,-3.8e-05,0.000109,0.001067,High,0.01874,0.02025,8.06,2.0,1000,80.58,8.06,1720656000000,"[0.0001, -4.9e-05, -0.000166]",4.03,0.013709677419354839
STEEM,-0.003773,Moderate,5e-05,0.0,0.003823,High,0.2262,0.2444,8.05,2.0,1000,80.46,8.05,1737720000000,"[5e-05, 5e-05, 5e-05]",4.025,0.0468695652173913
ALEO,-0.001674,Mild,0.0001,0.0,0.001774,High,0.348,0.376,8.05,2.0,1000,80.46,8.05,1738108800000,"[0.0001, 0.0001, 0.0001]",4.025,0.02079503105590062
AEVO,-0.001874,Mild,-0.00098,0.000218,0.000894,Medium,1.719,1.857,8.03,2.0,1000,80.28,8.03,1713686400000,"[-0.001261, -0.000951, -0.000729]",4.015,0.023337484433374845
OBT,-0.004175,Moderate,-0.000802,5.2e-05,0.003373,High,0.01382,0.01493,8.03,2.0,1000,80.32,8.03,1747497600000,"[-0.000822, -0.000854, -0.000731]",4.015,0.05199252801992528
CUDIS,-0.002826,Moderate,0.000129,6.8e-05,0.002955,High,0.09828,0.10617,8.03,2.0,1000,80.28,8.03,1749758400000,"[5e-05, 0.000216, 0.00012]",4.015,0.03519302615193026
DUCK,-0.001261,Mild,2e-06,6.8e-05,0.001263,High,0.002893,0.003125,8.02,2.0,1000,80.19,8.02,1741852800000,"[5e-05, -9.4e-05, 5e-05]",4.01,0.015723192019950125
PYTH,-0.002369,Moderate,-0.001669,0.000131,0.0007,High,0.4239,0.4579,8.02,2.0,1000,80.21,8.02,1716120000000,"[-0.001491, -0.001716, -0.001801]",4.01,0.029538653366583543
UMA,-0.001505,Mild,-0.000352,0.000177,0.001153,High,2.859,3.088,8.01,2.0,1000,80.1,8.01,1727841600000,"[-0.000109, -0.000525, -0.000422]",4.005,0.018789013732833957
TOSHI,-0.002298,Moderate,5e-05,0.0,0.002348,High,0.000675,0.000729,7.95,2.0,1000,80.0,8.0,1740153600000,"[5e-05, 5e-05, 5e-05]",4.0,0.02890566037735849
MVL,-0.002295,Moderate,-0.00049,0.000177,0.001805,High,0.002724,0.002942,8.0,2.0,1000,80.03,8.0,1743984000000,"[-0.000734, -0.00032, -0.000415]",4.0,0.0286875
ONG,-0.00155,Mild,-0.000111,0.000228,0.001439,Medium,0.5604,0.6052,7.99,2.0,1000,79.94,7.99,1712923200000,"[-0.000433, 5e-05, 5e-05]",3.995,0.01939924906132666
CVC,-0.012783,Strong,-0.000277,0.000193,0.012506,High,0.17341,0.18726,7.99,2.0,1000,79.87,7.99,1714118400000,"[-0.000466, -1.2e-05, -0.000354]",3.995,0.1599874843554443
FUN,-0.001037,Mild,-0.000263,0.000208,0.000774,Medium,0.012296,0.013276,7.97,2.0,1000,79.7,7.97,1751878800000,"[-0.000492, -0.000309, 1.2e-05]",3.985,0.01301129234629862
ORCA,-0.008113,Strong,-0.000532,7e-05,0.007581,High,2.834,3.06,7.97,2.0,1000,79.75,7.97,1743048000000,"[-0.000437, -0.000553, -0.000605]",3.985,0.10179422835633628
BIGTIME,-0.008903,Strong,5e-05,0.0,0.008953,High,0.05968,0.06443,7.96,2.0,1000,79.59,7.96,1743667200000,"[5e-05, 5e-05, 5e-05]",3.98,0.11184673366834169
XEM,-0.003077,Moderate,-0.000531,0.000239,0.002546,Medium,0.03872,0.0418,7.95,2.0,1000,79.55,7.95,1733558400000,"[-0.000489, -0.000843, -0.000261]",3.975,0.03870440251572327
AIOT,-0.002178,Moderate,0.000409,0.000255,0.002587,Medium,0.2428,0.2621,7.95,2.0,1000,79.49,7.95,1752321600000,"[0.000613, 0.000564, 5e-05]",3.975,0.027396226415094337
L3,-0.001408,Mild,-0.000301,0.000272,0.001107,Medium,0.11438,0.12345,7.93,2.0,1000,79.3,7.93,1733241600000,"[-0.000255, 7e-06, -0.000654]",3.965,0.017755359394703657
MBL,-0.00271,Moderate,7.8e-05,3.1e-05,0.002788,High,0.002346,0.002532,7.93,2.0,1000,79.28,7.93,1740729600000,"[3.4e-05, 0.0001, 0.0001]",3.965,0.03417402269861287
AKT,-0.001287,Mild,-7.4e-05,0.000175,0.001213,High,3.824,4.127,7.92,2.0,1000,79.24,7.92,1732075200000,"[5e-05, -0.000321, 5e-05]",3.96,0.01625
CTC,-0.001245,Mild,5e-05,0.0,0.001295,High,0.6828,0.7369,7.92,2.0,1000,79.23,7.92,1713412800000,"[5e-05, 5e-05, 5e-05]",3.96,0.01571969696969697
DYM,-0.001428,Mild,-3.6e-05,7.6e-05,0.001392,High,2.161,2.332,7.91,2.0,1000,79.13,7.91,1721318400000,"[-2.4e-05, 5e-05, -0.000134]",3.955,0.018053097345132742
1000BTT,-0.001185,Mild,1.8e-05,0.000115,0.001203,High,0.00148,0.001597,7.91,2.0,1000,79.05,7.91,1711238400000,"[0.0001, -0.000145, 0.0001]",3.955,0.014981036662452592
BERA,-0.001282,Mild,-0.000214,3.8e-05,0.001068,High,7.673,8.28,7.91,2.0,1000,79.11,7.91,1742832000000,"[-0.000167, -0.000215, -0.000261]",3.955,0.01620733249051833
BEAMX,-0.002185,Moderate,-0.000199,0.000189,0.001986,High,0.008226,0.008876,7.9,2.0,1000,79.02,7.9,1742659200000,"[4.9e-05, -0.000236, -0.000409]",3.95,0.027658227848101263
SEI,-0.001278,Mild,-0.000524,0.000194,0.000754,High,0.2672,0.2883,7.9,2.0,1000,78.97,7.9,1740441600000,"[-0.000642, -0.000679, -0.000251]",3.95,0.016177215189873417
BULLA,-0.002762,Moderate,-0.001184,0.000283,0.001578,Medium,0.071,0.0766,7.89,2.0,1000,78.87,7.89,1751731200000,"[-0.000784, -0.001403, -0.001366]",3.945,0.035006337135614705
RARE,-0.002332,Moderate,-0.001107,0.000206,0.001225,Medium,0.057,0.0615,7.89,2.0,1000,78.95,7.89,1745308800000,"[-0.001385, -0.000892, -0.001045]",3.945,0.029556400506970847
CYBER,-0.002691,Moderate,-0.000928,0.000279,0.001763,Medium,5.478,5.91,7.89,2.0,1000,78.86,7.89,1718726400000,"[-0.000978, -0.001242, -0.000565]",3.945,0.034106463878327
VOXEL,-0.002107,Moderate,-0.001353,0.000225,0.000754,Medium,0.08027,0.0866,7.89,2.0,1000,78.86,7.89,1745222400000,"[-0.001199, -0.001188, -0.001671]",3.945,0.02670468948035488
CVC,-0.002909,Moderate,6.8e-05,0.000113,0.002977,High,0.12965,0.13986,7.88,2.0,1000,78.75,7.88,1740326400000,"[0.000212, -6.5e-05, 5.8e-05]",3.94,0.03691624365482234
RAD,-0.00103,Mild,0.0001,0.0,0.00113,High,1.297,1.399,7.86,2.0,1000,78.64,7.86,1721520000000,"[0.0001, 0.0001, 0.0001]",3.93,0.013104325699745548
AEVO,-0.001395,Mild,-0.000883,0.000173,0.000512,High,1.412,1.523,7.86,2.0,1000,78.61,7.86,1714723200000,"[-0.00107, -0.000653, -0.000926]",3.93,0.017748091603053434
BNT,-0.001017,Mild,0.000179,0.000132,0.001196,High,0.4163,0.449,7.85,2.0,1000,78.55,7.85,1740729600000,"[0.000336, 1.2e-05, 0.00019]",3.925,0.012955414012738852
10000COQ,-0.001218,Mild,0.0001,0.0,0.001318,High,0.01314,0.01417,7.84,2.0,1000,78.39,7.84,1725667200000,"[0.0001, 0.0001, 0.0001]",3.92,0.015535714285714285
MYX,-0.009899,Strong,-0.000106,0.000292,0.009793,Medium,0.09112,0.09826,7.84,2.0,1000,78.36,7.84,1750766400000,"[-0.000491, -4.5e-05, 0.000217]",3.92,0.12626275510204082
LEVER,-0.001221,Mild,8.9e-05,1.6e-05,0.00131,High,0.001645,0.001774,7.89,2.0,1000,78.42,7.84,1738108800000,"[0.0001, 6.7e-05, 0.0001]",3.92,0.015475285171102663
CARV,-0.003272,Moderate,5e-05,0.0,0.003322,High,0.371,0.4001,7.84,2.0,1000,78.44,7.84,1742702400000,"[5e-05, 5e-05, 5e-05]",3.92,0.04173469387755102
REZ,-0.001492,Mild,-0.000392,0.000121,0.0011,High,0.01304,0.01406,7.82,2.0,1000,78.22,7.82,1745294400000,"[-0.000439, -0.00051, -0.000226]",3.91,0.01907928388746803
BABY,-0.008,Strong,5e-05,0.0,0.00805,High,0.09335,0.10065,7.82,2.0,1000,78.2,7.82,1744286400000,"[5e-05, 5e-05, 5e-05]",3.91,0.10230179028132992
ID,-0.001096,Mild,-0.000341,0.000112,0.000755,High,0.6172,0.6654,7.81,2.0,1000,78.09,7.81,1707494400000,"[-0.000339, -0.000205, -0.000479]",3.905,0.014033290653008961
GNO,-0.001227,Mild,-0.000228,0.000135,0.000999,High,125.5,135.3,7.81,2.0,1000,78.09,7.81,1752566400000,"[-9.5e-05, -0.000413, -0.000177]",3.905,0.015710627400768246
BLAST,-0.002771,Moderate,-0.000865,0.000283,0.001906,Medium,0.003327,0.003587,7.81,2.0,1000,78.15,7.81,1745942400000,"[-0.000615, -0.001261, -0.00072]",3.905,0.035480153649167734
AERO,-0.001324,Mild,-0.00016,0.000279,0.001164,Medium,0.782,0.843,7.8,2.0,1000,78.01,7.8,1739304000000,"[2.5e-05, -0.000554, 5e-05]",3.9,0.016974358974358974
PROM,-0.04,Strong,-4.6e-05,0.000206,0.039954,Medium,7.31,7.88,7.8,2.0,1000,77.98,7.8,1736697600000,"[-0.000337, 0.0001, 0.0001]",3.9,0.5128205128205129
GLM,-0.001222,Mild,-0.000191,0.000285,0.001031,Medium,0.3488,0.376,7.8,2.0,1000,77.98,7.8,1721476800000,"[-0.000593, -7e-06, 2.7e-05]",3.9,0.015666666666666666
ARK,-0.001219,Mild,4.4e-05,8e-06,0.001263,High,0.3639,0.3923,7.8,2.0,1000,78.04,7.8,1742356800000,"[5e-05, 5e-05, 3.2e-05]",3.9,0.01562820512820513
AMP,-0.002137,Moderate,-0.000819,0.000112,0.001318,High,0.007997,0.008621,7.8,2.0,1000,78.03,7.8,1734984000000,"[-0.00084, -0.000944, -0.000672]",3.9,0.027397435897435898
STEEM,-0.001277,Mild,4.4e-05,8e-06,0.001321,High,0.2457,0.2648,7.77,2.0,1000,77.74,7.77,1713038400000,"[3.2e-05, 5e-05, 5e-05]",3.885,0.016435006435006436
RIF,-0.001188,Mild,-0.000268,0.000294,0.00092,Medium,0.04538,0.0489,7.76,2.0,1000,77.57,7.76,1745596800000,"[-0.000659, 5e-05, -0.000195]",3.88,0.015309278350515465
CARV,-0.002629,Moderate,-0.000337,0.000194,0.002292,High,0.3106,0.3347,7.76,2.0,1000,77.59,7.76,1744848000000,"[-0.000192, -0.000611, -0.000207]",3.88,0.03387886597938144
H,-0.002316,Moderate,-0.00141,0.000264,0.000906,Medium,0.0744,0.08017,7.76,2.0,1000,77.55,7.76,1751875200000,"[-0.001719, -0.001075, -0.001435]",3.88,0.029845360824742265
ULTI,-0.001337,Mild,0.00016,9.9e-05,0.001497,High,0.01071,0.01154,7.75,2.0,1000,77.5,7.75,1733788800000,"[3.1e-05, 0.00018, 0.00027]",3.875,0.017251612903225806
ONDO,-0.001222,Mild,-0.000435,2.6e-05,0.000787,High,1.7416,1.8766,7.75,2.0,1000,77.51,7.75,1734652800000,"[-0.000422, -0.000411, -0.000471]",3.875,0.015767741935483873
CLANKER,-0.011201,Strong,0.000122,8e-06,0.011323,High,40.13,43.24,7.75,2.0,1000,77.5,7.75,1745841600000,"[0.000116, 0.000116, 0.000134]",3.875,0.14452903225806452
ENA,-0.001092,Mild,-0.000497,0.000193,0.000595,High,0.5002,0.5389,7.74,2.0,1000,77.37,7.74,1739016000000,"[-0.00073, -0.000257, -0.000504]",3.87,0.014108527131782948
LSK,-0.001013,Mild,5e-05,0.0,0.001063,High,0.814,0.8769,7.73,2.0,1000,77.27,7.73,1723089600000,"[5e-05, 5e-05, 5e-05]",3.865,0.013104786545924967
HAEDAL,-0.002039,Moderate,-2.7e-05,9.3e-05,0.002012,High,0.1178,0.1269,7.72,2.0,1000,77.25,7.72,1750075200000,"[5e-05, 2.6e-05, -0.000158]",3.86,0.0264119170984456
RON,-0.005028,Strong,-0.0004,0.000217,0.004628,Medium,1.515,1.632,7.72,2.0,1000,77.23,7.72,1725235200000,"[-0.000344, -0.00069, -0.000167]",3.86,0.06512953367875648
UXLINK,-0.00103,Mild,-0.000123,0.000218,0.000907,Medium,0.184,0.1982,7.72,2.0,1000,77.17,7.72,1725638400000,"[-0.000189, 0.000171, -0.000351]",3.86,0.013341968911917102
FLR,-0.001035,Mild,7.3e-05,3.8e-05,0.001108,High,0.0167,0.01799,7.72,2.0,1000,77.25,7.72,1722960000000,"[0.0001, 0.0001, 2e-05]",3.86,0.013406735751295336
CRO,-0.003121,Moderate,-2.4e-05,3.7e-05,0.003097,High,0.09352,0.10073,7.71,2.0,1000,77.1,7.71,1751990400000,"[-5.7e-05, -4.3e-05, 2.7e-05]",3.855,0.0404798962386511
API3,-0.001559,Mild,-0.000347,3e-05,0.001212,High,0.7234,0.7792,7.71,2.0,1000,77.14,7.71,1745265600000,"[-0.000305, -0.000367, -0.00037]",3.855,0.020220492866407265
D,-0.001077,Mild,-3.8e-05,0.000124,0.001039,High,0.04538,0.04888,7.71,2.0,1000,77.13,7.71,1745323200000,"[5e-05, 5e-05, -0.000214]",3.855,0.01396887159533074
ONT,-0.003015,Moderate,0.0001,0.0,0.003115,High,0.2364,0.2546,7.7,2.0,1000,76.99,7.7,1738396800000,"[0.0001, 0.0001, 0.0001]",3.85,0.03915584415584415
CSPR,-0.001415,Mild,-9.7e-05,0.000209,0.001318,Medium,0.013294,0.014318,7.7,2.0,1000,77.03,7.7,1749312000000,"[-0.000386, -5e-06, 0.0001]",3.85,0.018376623376623376
SPELL,-0.001352,Mild,-0.000786,0.000245,0.000566,Medium,0.000871,0.000938,7.76,2.0,1000,76.92,7.69,1740211200000,"[-0.001069, -0.000471, -0.000819]",3.845,0.017422680412371133
ONG,-0.001133,Mild,1.8e-05,1.2e-05,0.001151,High,0.316,0.3403,7.69,2.0,1000,76.9,7.69,1734883200000,"[2e-06, 1.9e-05, 3.2e-05]",3.845,0.014733420026007799
BID,-0.001289,Mild,-0.000121,0.000154,0.001168,High,0.15585,0.16783,7.69,2.0,1000,76.87,7.69,1751472000000,"[-0.000323, -8.9e-05, 5e-05]",3.845,0.01676202860858257
UXLINK,-0.001099,Mild,-0.000438,0.000157,0.000661,High,0.3664,0.3945,7.67,2.0,1000,76.69,7.67,1751774400000,"[-0.000407, -0.000264, -0.000644]",3.835,0.014328552803129073
UXLINK,-0.00478,Moderate,-0.001853,0.000224,0.002927,Medium,0.4292,0.4621,7.67,2.0,1000,76.65,7.67,1744934400000,"[-0.001791, -0.002152, -0.001615]",3.835,0.06232073011734029
ARK,-0.001206,Mild,0.000281,1.7e-05,0.001487,High,0.2857,0.3076,7.67,2.0,1000,76.65,7.67,1725235200000,"[0.000264, 0.000304, 0.000275]",3.835,0.01572359843546284
ARK,-0.005768,Strong,-0.000659,0.00028,0.005109,Medium,0.3508,0.3777,7.67,2.0,1000,76.68,7.67,1744084800000,"[-0.000636, -0.000328, -0.001012]",3.835,0.07520208604954366
TOKEN,-0.001352,Mild,-0.000798,0.000269,0.000554,Medium,0.0256,0.02756,7.66,2.0,1000,76.56,7.66,1738857600000,"[-0.001008, -0.000418, -0.000967]",3.83,0.017650130548302872
AEVO,-0.001048,Mild,-0.000341,0.000114,0.000707,High,1.502,1.617,7.66,2.0,1000,76.56,7.66,1713499200000,"[-0.000414, -0.000429, -0.00018]",3.83,0.013681462140992168
BLUM,-0.002807,Moderate,-0.001482,0.000105,0.001325,High,0.1086,0.1169,7.64,2.0,1000,76.43,7.64,1751166000000,"[-0.001334, -0.00154, -0.001571]",3.82,0.03674083769633508
KAS,-0.001222,Mild,-0.000144,0.000274,0.001078,Medium,0.1179,0.12689,7.63,2.0,1000,76.25,7.63,1735776000000,"[-0.000531, 5e-05, 5e-05]",3.815,0.016015727391874183
ARK,-0.001089,Mild,0.000104,6.4e-05,0.001193,High,0.49,0.5274,7.63,2.0,1000,76.33,7.63,1728720000000,"[0.000151, 1.4e-05, 0.000148]",3.815,0.014272608125819135
AUDIO,-0.001333,Mild,0.0001,0.0,0.001433,High,0.1286,0.1384,7.62,2.0,1000,76.21,7.62,1722729600000,"[0.0001, 0.0001, 0.0001]",3.81,0.017493438320209973
ALEO,-0.001448,Mild,-0.000745,0.000229,0.000703,Medium,0.193,0.2077,7.62,2.0,1000,76.17,7.62,1750147200000,"[-0.001049, -0.000688, -0.000497]",3.81,0.01900262467191601
DGB,-0.001266,Mild,-0.00021,0.000268,0.001056,Medium,0.01078,0.0116,7.61,2.0,1000,76.07,7.61,1743004800000,"[-0.000553, -0.000176, 0.0001]",3.805,0.016636005256241787
DEEP,-0.00108,Mild,-0.000564,0.000198,0.000516,High,0.05176,0.0557,7.61,2.0,1000,76.12,7.61,1730304000000,"[-0.000757, -0.000292, -0.000642]",3.805,0.01419185282522996
GNO,-0.001363,Mild,-0.000429,9.6e-05,0.000934,High,179.0,192.6,7.6,2.0,1000,75.98,7.6,1740355200000,"[-0.000564, -0.000351, -0.000372]",3.8,0.017934210526315792
AMP,-0.003465,Moderate,-0.00276,9.4e-05,0.000705,High,0.00713,0.007672,7.6,2.0,1000,76.02,7.6,1733112000000,"[-0.002628, -0.002827, -0.002826]",3.8,0.0455921052631579
MBL,-0.003044,Moderate,0.0001,0.0,0.003144,High,0.00254,0.002733,7.6,2.0,1000,75.98,7.6,1721894400000,"[0.0001, 0.0001, 0.0001]",3.8,0.04005263157894737
FLOCK,-0.0038,Moderate,5e-05,0.0,0.00385,High,0.1304,0.1403,7.59,2.0,1000,75.92,7.59,1739793600000,"[5e-05, 5e-05, 5e-05]",3.795,0.05006587615283268
RON,-0.001638,Mild,-0.000302,0.000249,0.001336,Medium,1.791,1.927,7.59,2.0,1000,75.94,7.59,1720483200000,"[3.7e-05, -0.000552, -0.000391]",3.795,0.02158102766798419
SNT,-0.002121,Moderate,-0.00152,0.000173,0.000601,High,0.02626,0.02825,7.58,2.0,1000,75.78,7.58,1751011200000,"[-0.00145, -0.001352, -0.001759]",3.79,0.027981530343007915
REQ,-0.006232,Strong,0.0001,0.0,0.006332,High,0.13858,0.14908,7.58,2.0,1000,75.77,7.58,1735632000000,"[0.0001, 0.0001, 0.0001]",3.79,0.08221635883905012
TAIKO,-0.0017,Mild,-0.000553,0.000261,0.001147,Medium,1.649,1.774,7.58,2.0,1000,75.8,7.58,1722902400000,"[-0.000378, -0.000359, -0.000922]",3.79,0.02242744063324538
ENA,-0.001488,Mild,-0.000148,0.000159,0.00134,High,0.3679,0.3958,7.58,2.0,1000,75.84,7.58,1730404800000,"[5e-05, -0.000154, -0.000339]",3.79,0.019630606860158308
CARV,-0.002308,Moderate,1.2e-05,0.0,0.00232,High,0.329,0.3539,7.57,2.0,1000,75.68,7.57,1753102800000,"[1.2e-05, 1.2e-05, 1.2e-05]",3.785,0.030488771466314398
SNT,-0.003201,Moderate,-0.00041,0.0003,0.002791,Medium,0.02709,0.02914,7.57,2.0,1000,75.67,7.57,1750608000000,"[-0.000591, 1.2e-05, -0.000652]",3.785,0.04228533685601056
LPT,-0.001843,Mild,-0.001078,0.000144,0.000765,High,9.917,10.668,7.57,2.0,1000,75.73,7.57,1749078000000,"[-0.001224, -0.000882, -0.001129]",3.785,0.024346103038309114
CARV,-0.001557,Mild,5e-05,0.0,0.001607,High,0.3614,0.3887,7.55,2.0,1000,75.54,7.55,1745928000000,"[5e-05, 5e-05, 5e-05]",3.775,0.020622516556291392
POLYX,-0.001345,Mild,-0.000225,3.7e-05,0.00112,High,0.12824,0.13791,7.54,2.0,1000,75.41,7.54,1744329600000,"[-0.000242, -0.000259, -0.000174]",3.77,0.017838196286472152
MBL,-0.001361,Mild,-3.4e-05,0.000108,0.001327,High,0.002455,0.00264,7.54,2.0,1000,75.36,7.54,1745280000000,"[-3.8e-05, -0.000165, 0.0001]",3.77,0.018050397877984087
BB,-0.001536,Mild,-0.000347,0.000194,0.001189,High,0.1486,0.1598,7.54,2.0,1000,75.37,7.54,1742659200000,"[-0.000553, -0.000402, -8.7e-05]",3.77,0.02037135278514589
PLUME,-0.003477,Moderate,5e-05,0.0,0.003527,High,0.165,0.1774,7.52,2.0,1000,75.15,7.52,1738353600000,"[5e-05, 5e-05, 5e-05]",3.76,0.04623670212765958
A8,-0.00114,Mild,5e-05,0.0,0.00119,High,0.1409,0.1515,7.52,2.0,1000,75.23,7.52,1744732800000,"[5e-05, 5e-05, 5e-05]",3.76,0.015159574468085107
CTK,-0.001263,Mild,5e-05,0.0,0.001313,High,0.6031,0.6484,7.51,2.0,1000,75.11,7.51,1720396800000,"[5e-05, 5e-05, 5e-05]",3.755,0.01681757656458056
ENA,-0.001388,Mild,-0.000758,0.000131,0.00063,High,1.026,1.103,7.5,2.0,1000,75.05,7.5,1734854400000,"[-0.000577, -0.000812, -0.000885]",3.75,0.018506666666666668
JOE,-0.001072,Mild,-0.000337,0.000178,0.000735,High,0.1723,0.1852,7.49,2.0,1000,74.87,7.49,1741564800000,"[-0.000132, -0.000312, -0.000566]",3.745,0.014312416555407208
REQ,-0.001738,Mild,-0.000195,0.000227,0.001543,Medium,0.1245,0.13382,7.49,2.0,1000,74.86,7.49,1743177600000,"[-0.000499, 4.5e-05, -0.000132]",3.745,0.023204272363150865
STORJ,-0.002084,Moderate,2.2e-05,0.00011,0.002106,High,0.4829,0.519,7.48,2.0,1000,74.76,7.48,1722124800000,"[-0.000133, 0.0001, 0.0001]",3.74,0.027860962566844918
RESOLV,-0.002262,Moderate,-5.7e-05,0.000152,0.002205,High,0.17173,0.18458,7.48,2.0,1000,74.83,7.48,1750809600000,"[-0.000272, 5e-05, 5e-05]",3.74,0.030240641711229945
SANTOS,-0.006471,Strong,5e-05,0.0,0.006521,High,4.367,4.693,7.47,2.0,1000,74.65,7.47,1730750400000,"[5e-05, 5e-05, 5e-05]",3.735,0.08662650602409638
BLUR,-0.001047,Mild,-0.000263,0.000172,0.000784,High,0.2506,0.2693,7.46,2.0,1000,74.62,7.46,1718726400000,"[-0.000497, -0.0002, -9.1e-05]",3.73,0.014034852546916889
PRIME,-0.003974,Moderate,0.0001,0.0,0.004074,High,10.73,11.53,7.46,2.0,1000,74.56,7.46,1734710400000,"[0.0001, 0.0001, 0.0001]",3.73,0.05327077747989276
SOPH,-0.00545,Strong,-7.8e-05,6.6e-05,0.005372,High,0.03786,0.04068,7.45,2.0,1000,74.48,7.45,1752282000000,"[-0.000142, -0.000104, 1.2e-05]",3.725,0.07315436241610739
FLOCK,-0.001576,Mild,-0.000396,0.000273,0.00118,Medium,0.2738,0.2942,7.45,2.0,1000,74.51,7.45,1748991600000,"[-0.000278, -0.000137, -0.000774]",3.725,0.021154362416107384
VTHO,-0.001902,Mild,-0.000531,0.000256,0.001371,Medium,0.004858,0.00522,7.45,2.0,1000,74.52,7.45,1738065600000,"[-0.000726, -0.000697, -0.00017]",3.725,0.025530201342281882
SXP,-0.010499,Strong,9.1e-05,1.3e-05,0.01059,High,0.2874,0.3088,7.45,2.0,1000,74.46,7.45,1728633600000,"[0.0001, 7.3e-05, 0.0001]",3.725,0.1409261744966443
1000BTT,-0.001907,Mild,-2e-05,0.00017,0.001887,High,0.000552,0.000593,7.37,2.0,1000,74.28,7.43,1744012800000,"[-0.000261, 0.0001, 0.0001]",3.715,0.025875169606512892
MOBILE,-0.001652,Mild,-0.000316,0.000232,0.001336,Medium,0.000391,0.00042,7.36,2.0,1000,74.17,7.42,1741795200000,"[-2.1e-05, -0.000587, -0.00034]",3.71,0.022445652173913044
POWR,-0.002745,Moderate,-4.1e-05,9e-05,0.002704,High,0.2789,0.2996,7.42,2.0,1000,74.22,7.42,1736308800000,"[-0.000163, -9e-06, 5e-05]",3.71,0.03699460916442048
RSS3,-0.002681,Moderate,-0.00192,0.000261,0.000761,Medium,0.0553,0.0594,7.41,2.0,1000,74.14,7.41,1748505600000,"[-0.002003, -0.00219, -0.001566]",3.705,0.0361808367071525
ATA,-0.001297,Mild,8.6e-05,2e-05,0.001383,High,0.0541,0.0581,7.39,2.0,1000,73.94,7.39,1741132800000,"[0.0001, 5.7e-05, 0.0001]",3.695,0.017550744248985117
B3,-0.002537,Moderate,-0.001615,0.000104,0.000922,High,0.00852,0.00915,7.39,2.0,1000,73.94,7.39,1739851200000,"[-0.001587, -0.001504, -0.001753]",3.695,0.03433017591339649
BSV,-0.001485,Mild,-0.000187,0.000165,0.001298,High,43.99,47.23,7.37,2.0,1000,73.65,7.37,1745654400000,"[-0.000161, -0.000401, 1e-06]",3.685,0.020149253731343283
BABY,-0.001069,Mild,-9.8e-05,0.000209,0.000971,Medium,0.08129,0.08728,7.37,2.0,1000,73.69,7.37,1745280000000,"[-0.000394, 5e-05, 5e-05]",3.685,0.014504748982360923
AERO,-0.001506,Mild,4.8e-05,3e-06,0.001554,High,0.502,0.539,7.37,2.0,1000,73.71,7.37,1741896000000,"[5e-05, 5e-05, 4.3e-05]",3.685,0.020434192672998643
MYX,-0.00463,Moderate,-0.000245,0.000223,0.004385,Medium,0.15049,0.16158,7.37,2.0,1000,73.69,7.37,1751256000000,"[-0.000295, 5e-05, -0.00049]",3.685,0.06282225237449117
ORBS,-0.005672,Strong,0.000162,1.2e-05,0.005834,High,0.04004,0.04299,7.37,2.0,1000,73.68,7.37,1713499200000,"[0.000146, 0.000174, 0.000165]",3.685,0.0769606512890095
MASA,-0.002371,Moderate,-4.2e-05,2e-05,0.002329,High,0.02705,0.02904,7.36,2.0,1000,73.57,7.36,1747612800000,"[-6.2e-05, -5e-05, -1.4e-05]",3.68,0.03221467391304347
CTC,-0.001337,Mild,-4.9e-05,8.3e-05,0.001288,High,0.6887,0.7393,7.35,2.0,1000,73.47,7.35,1713081600000,"[-0.000154, 5e-05, -4.3e-05]",3.675,0.01819047619047619
SYN,-0.001925,Mild,5e-05,0.0,0.001975,High,0.3686,0.3957,7.35,2.0,1000,73.52,7.35,1739131200000,"[5e-05, 5e-05, 5e-05]",3.675,0.02619047619047619
ID,-0.001187,Mild,0.0001,0.0,0.001287,High,0.4176,0.4483,7.35,2.0,1000,73.52,7.35,1727251200000,"[0.0001, 0.0001, 0.0001]",3.675,0.01614965986394558
DEEP,-0.00214,Moderate,4.9e-05,4.4e-05,0.002189,High,0.16097,0.17272,7.3,2.0,1000,72.99,7.3,1736323200000,"[-7e-06, 5.4e-05, 0.0001]",3.65,0.029315068493150687
PUFFER,-0.001404,Mild,-0.000121,0.000242,0.001283,Medium,0.1931,0.2072,7.3,2.0,1000,73.02,7.3,1749470400000,"[5e-05, 5e-05, -0.000463]",3.65,0.01923287671232877
BERA,-0.001454,Mild,-0.000616,0.000215,0.000838,Medium,5.775,6.196,7.29,2.0,1000,72.9,7.29,1741564800000,"[-0.000519, -0.000415, -0.000915]",3.645,0.019945130315500683
HNT,-0.001117,Mild,0.0001,0.0,0.001217,High,5.288,5.673,7.28,2.0,1000,72.81,7.28,1722038400000,"[0.0001, 0.0001, 0.0001]",3.64,0.015343406593406592
SYN,-0.004544,Moderate,5e-05,0.0,0.004594,High,0.2914,0.3126,7.28,2.0,1000,72.75,7.28,1745467200000,"[5e-05, 5e-05, 5e-05]",3.64,0.06241758241758242
AUCTION,-0.017642,Strong,5e-05,0.0,0.017692,High,26.41,28.33,7.27,2.0,1000,72.7,7.27,1716984000000,"[5e-05, 5e-05, 5e-05]",3.635,0.24266850068775792
VANA,-0.001018,Mild,-0.000511,0.000223,0.000507,Medium,7.166,7.687,7.27,2.0,1000,72.7,7.27,1743076800000,"[-0.000515, -0.000236, -0.000781]",3.635,0.014002751031636864
XEM,-0.001977,Mild,-0.000151,7.9e-05,0.001826,High,0.02369,0.02541,7.26,2.0,1000,72.6,7.26,1737331200000,"[-0.000243, -0.000159, -5.1e-05]",3.63,0.027231404958677687
OGN,-0.001121,Mild,-5.3e-05,0.000199,0.001068,High,0.0881,0.0945,7.26,2.0,1000,72.64,7.26,1724716800000,"[-0.000335, 0.0001, 7.5e-05]",3.63,0.01544077134986226
CLOUD,-0.002687,Moderate,0.0001,0.0,0.002787,High,0.0965,0.1035,7.25,2.0,1000,72.54,7.25,1748188800000,"[0.0001, 0.0001, 0.0001]",3.625,0.037062068965517246
SLP,-0.002563,Moderate,-0.000188,0.000144,0.002375,High,0.002612,0.002801,7.24,2.0,1000,72.36,7.24,1724198400000,"[-6e-05, -0.000389, -0.000116]",3.62,0.03540055248618784
UXLINK,-0.001764,Mild,-0.000389,6.2e-05,0.001375,High,0.4872,0.5224,7.22,2.0,1000,72.25,7.22,1743739200000,"[-0.000464, -0.00039, -0.000312]",3.61,0.02443213296398892
RSS3,-0.013576,Strong,-0.002291,0.000286,0.011285,Medium,0.0554,0.0594,7.22,2.0,1000,72.2,7.22,1748534400000,"[-0.002681, -0.002003, -0.00219]",3.61,0.1880332409972299
SNT,-0.002094,Moderate,-0.001332,0.000284,0.000762,Medium,0.02718,0.02914,7.21,2.0,1000,72.11,7.21,1750633200000,"[-0.001033, -0.00125, -0.001713]",3.605,0.029042995839112344
PUNDIX,-0.00139,Mild,-0.000638,0.000102,0.000752,High,0.4163,0.4463,7.21,2.0,1000,72.06,7.21,1747540800000,"[-0.000684, -0.000497, -0.000733]",3.605,0.01927877947295423
SNT,-0.00105,Mild,-0.000432,0.000235,0.000618,Medium,0.02857,0.03063,7.21,2.0,1000,72.1,7.21,1749340800000,"[-0.000701, -0.000129, -0.000467]",3.605,0.014563106796116505
SNT,-0.001713,Mild,-0.000208,0.000253,0.001505,Medium,0.02718,0.02914,7.21,2.0,1000,72.11,7.21,1750622400000,"[-6.1e-05, -0.000563, 1e-06]",3.605,0.023758668515950068
STEEM,-0.001092,Mild,-0.000509,0.000126,0.000583,High,0.1763,0.189,7.2,2.0,1000,72.04,7.2,1739073600000,"[-0.000394, -0.000448, -0.000685]",3.6,0.015166666666666667
MELANIA,-0.002653,Moderate,5e-05,0.0,0.002703,High,1.435,1.538,7.18,2.0,1000,71.78,7.18,1738555200000,"[5e-05, 5e-05, 5e-05]",3.59,0.03694986072423398
DIA,-0.002481,Moderate,4.9e-05,1e-06,0.00253,High,0.9601,1.029,7.18,2.0,1000,71.76,7.18,1753401600000,"[5e-05, 4.8e-05, 5e-05]",3.59,0.03455431754874652
SYS,-0.001747,Mild,-0.000521,0.000128,0.001226,High,0.03302,0.03539,7.18,2.0,1000,71.77,7.18,1744920000000,"[-0.000673, -0.000361, -0.00053]",3.59,0.02433147632311978
XCN,-0.001362,Mild,6.2e-05,5.4e-05,0.001424,High,0.002455,0.002631,7.17,2.0,1000,71.69,7.17,1712102400000,"[-1.5e-05, 0.0001, 0.0001]",3.585,0.01899581589958159
USELESS,-0.005026,Strong,-8.9e-05,0.000157,0.004937,High,0.294,0.315,7.14,2.0,1000,71.43,7.14,1751716800000,"[-0.0002, -0.0002, 0.000133]",3.57,0.07039215686274511
CKB,-0.001302,Mild,3.4e-05,5.6e-05,0.001336,High,0.006689,0.007166,7.13,2.0,1000,71.31,7.13,1740729600000,"[3.9e-05, 0.0001, -3.7e-05]",3.565,0.01826086956521739
GLM,-0.001472,Mild,-0.000304,0.000247,0.001168,Medium,0.2875,0.308,7.13,2.0,1000,71.3,7.13,1741824000000,"[-0.000635, -0.000237, -4.1e-05]",3.565,0.02064516129032258
BANANA,-0.00152,Mild,-0.000171,0.000102,0.001349,High,23.02,24.66,7.12,2.0,1000,71.24,7.12,1752566400000,"[-4.6e-05, -0.00017, -0.000296]",3.56,0.021348314606741574
XCN,-0.001443,Mild,-0.000832,0.000299,0.000611,Medium,0.002569,0.002752,7.12,2.0,1000,71.23,7.12,1736467200000,"[-0.000454, -0.001184, -0.000859]",3.56,0.02026685393258427
OL,-0.00238,Moderate,-0.000448,0.000134,0.001932,High,0.02824,0.03025,7.12,2.0,1000,71.18,7.12,1750579200000,"[-0.00034, -0.000636, -0.000367]",3.56,0.03342696629213483
AIOZ,-0.001194,Mild,2e-05,0.000114,0.001214,High,0.5177,0.5545,7.11,2.0,1000,71.08,7.11,1730995200000,"[-0.000141, 0.0001, 0.0001]",3.555,0.01679324894514768
MLN,-0.008857,Strong,-2.1e-05,0.000105,0.008836,High,14.34,15.36,7.11,2.0,1000,71.13,7.11,1743422400000,"[-0.000142, -3.4e-05, 0.000114]",3.555,0.12457102672292547
DUCK,-0.001175,Mild,5e-05,0.0,0.001225,High,0.00317,0.003395,7.1,2.0,1000,70.98,7.1,1741291200000,"[5e-05, 5e-05, 5e-05]",3.55,0.01654929577464789
SC,-0.001027,Mild,5e-05,0.0,0.001077,High,0.004537,0.004859,7.1,2.0,1000,70.97,7.1,1730145600000,"[5e-05, 5e-05, 5e-05]",3.55,0.014464788732394367
MAJOR,-0.004025,Moderate,0.0001,0.0,0.004125,High,0.2625,0.2811,7.09,2.0,1000,70.86,7.09,1748361600000,"[0.0001, 0.0001, 0.0001]",3.545,0.05677009873060648
UXLINK,-0.001873,Mild,-8.8e-05,0.000163,0.001785,High,1.2005,1.2856,7.09,2.0,1000,70.89,7.09,1734580800000,"[-0.000317, 3e-06, 5e-05]",3.545,0.026417489421720734
ULTI,-0.001092,Mild,0.000116,0.00013,0.001208,High,0.01837,0.01967,7.08,2.0,1000,70.77,7.08,1720886400000,"[-2.5e-05, 8.4e-05, 0.000289]",3.54,0.015423728813559323
ALICE,-0.00231,Moderate,-4.6e-05,0.000206,0.002264,Medium,1.61,1.724,7.08,2.0,1000,70.81,7.08,1717200000000,"[-0.000337, 0.0001, 0.0001]",3.54,0.032627118644067796
SYRUP,-0.001488,Mild,-4.4e-05,0.000139,0.001444,High,0.2279,0.244,7.06,2.0,1000,70.65,7.06,1746619200000,"[-0.0002, 0.000137, -6.9e-05]",3.53,0.021076487252124645
MBL,-0.009451,Strong,0.0001,0.0,0.009551,High,0.002974,0.003184,7.06,2.0,1000,70.61,7.06,1731427200000,"[0.0001, 0.0001, 0.0001]",3.53,0.13386685552407931
RAD,-0.001033,Mild,0.0001,0.0,0.001133,High,1.063,1.138,7.06,2.0,1000,70.56,7.06,1723161600000,"[0.0001, 0.0001, 0.0001]",3.53,0.014631728045325781
FUN,-0.002304,Moderate,-0.001751,0.000124,0.000553,High,0.00997,0.010673,7.05,2.0,1000,70.51,7.05,1750899600000,"[-0.001618, -0.001717, -0.001917]",3.525,0.03268085106382979
MELANIA,-0.005823,Strong,-0.000357,0.000177,0.005466,High,0.724,0.775,7.04,2.0,1000,70.44,7.04,1741636800000,"[-0.000112, -0.000523, -0.000436]",3.52,0.08271306818181817
PARTI,-0.001,Mild,-0.000139,6.8e-05,0.000861,High,0.2074,0.222,7.04,2.0,1000,70.4,7.04,1752220800000,"[-6.3e-05, -0.000229, -0.000126]",3.52,0.014204545454545454
AMP,-0.001854,Mild,-0.001021,0.000266,0.000833,Medium,0.007826,0.008375,7.02,2.0,1000,70.15,7.02,1735905600000,"[-0.00115, -0.000651, -0.001262]",3.51,0.02641025641025641
MAVIA,-0.003654,Moderate,-0.000273,8.4e-05,0.003381,High,0.429,0.4591,7.02,2.0,1000,70.16,7.02,1743350400000,"[-0.000386, -0.000186, -0.000246]",3.51,0.05205128205128205
BID,-0.001466,Mild,5e-05,0.0,0.001516,High,0.13692,0.1465,7.0,2.0,1000,69.97,7.0,1752696000000,"[5e-05, 5e-05, 5e-05]",3.5,0.02094285714285714
BAL,-0.001913,Mild,0.0001,0.0,0.002013,High,3.017,3.228,6.99,2.0,1000,69.94,6.99,1737129600000,"[0.0001, 0.0001, 0.0001]",3.495,0.02736766809728183
RESOLV,-0.001951,Mild,5e-05,0.0,0.002001,High,0.16662,0.17827,6.99,2.0,1000,69.92,6.99,1752336000000,"[5e-05, 5e-05, 5e-05]",3.495,0.027911301859799714
L3,-0.001966,Mild,0.0001,0.0,0.002066,High,0.10283,0.11001,6.98,2.0,1000,69.82,6.98,1737561600000,"[0.0001, 0.0001, 0.0001]",3.49,0.02816618911174785
RPL,-0.001244,Mild,-0.00038,0.000107,0.000864,High,9.066,9.699,6.98,2.0,1000,69.82,6.98,1739304000000,"[-0.000458, -0.000228, -0.000453]",3.49,0.017822349570200575
TOSHI,-0.002054,Moderate,5e-05,0.0,0.002104,High,0.000416,0.000445,6.92,2.0,1000,69.71,6.97,1741924800000,"[5e-05, 5e-05, 5e-05]",3.485,0.02968208092485549
AKT,-0.002872,Moderate,-0.000229,0.000199,0.002643,High,1.349,1.443,6.97,2.0,1000,69.68,6.97,1741838400000,"[-0.00025, 2.4e-05, -0.000462]",3.485,0.0412051649928264
BLAST,-0.001353,Mild,6.4e-05,5.1e-05,0.001417,High,0.01063,0.01137,6.96,2.0,1000,69.61,6.96,1723420800000,"[0.0001, -9e-06, 0.0001]",3.48,0.019439655172413795
SEND,-0.004527,Moderate,5e-05,0.0,0.004577,High,0.8217,0.8787,6.94,2.0,1000,69.37,6.94,1748318400000,"[5e-05, 5e-05, 5e-05]",3.47,0.06523054755043227
10000WHY,-0.001172,Mild,6.5e-05,3.1e-05,0.001237,High,0.002434,0.002603,6.94,2.0,1000,69.43,6.94,1729209600000,"[7.2e-05, 2.4e-05, 0.0001]",3.47,0.016887608069164266
BAN,-0.001942,Mild,5e-05,0.0,0.001992,High,0.0722,0.0772,6.93,2.0,1000,69.25,6.93,1739260800000,"[5e-05, 5e-05, 5e-05]",3.465,0.028023088023088023
PEAQ,-0.001083,Mild,7e-05,4.2e-05,0.001153,High,0.2988,0.3195,6.93,2.0,1000,69.28,6.93,1738598400000,"[1e-05, 0.0001, 0.0001]",3.465,0.015627705627705626
RPL,-0.001325,Mild,0.0001,0.0,0.001425,High,18.79,20.09,6.92,2.0,1000,69.19,6.92,1716134400000,"[0.0001, 0.0001, 0.0001]",3.46,0.019147398843930637
SXP,-0.00158,Mild,0.0001,0.0,0.00168,High,0.3557,0.3802,6.89,2.0,1000,68.88,6.89,1736092800000,"[0.0001, 0.0001, 0.0001]",3.445,0.02293178519593614
SNT,-0.001994,Mild,-0.001383,0.000271,0.000611,Medium,0.02643,0.02825,6.89,2.0,1000,68.86,6.89,1751032800000,"[-0.00152, -0.001624, -0.001004]",3.445,0.028940493468795354
SNT,-0.001624,Mild,-0.001106,0.000153,0.000518,High,0.02643,0.02825,6.89,2.0,1000,68.86,6.89,1751025600000,"[-0.001004, -0.001322, -0.000993]",3.445,0.023570391872278666
ONG,-0.003698,Moderate,-1.6e-05,1.4e-05,0.003682,High,0.305,0.326,6.89,2.0,1000,68.85,6.89,1720324800000,"[-3.6e-05, -6e-06, -5e-06]",3.445,0.05367198838896952
MVL,-0.001186,Mild,0.0001,0.0,0.001286,High,0.003458,0.003696,6.88,2.0,1000,68.83,6.88,1746691200000,"[0.0001, 0.0001, 0.0001]",3.44,0.017238372093023254
STORJ,-0.001022,Mild,3.3e-05,6.6e-05,0.001055,High,0.3764,0.4023,6.88,2.0,1000,68.81,6.88,1726444800000,"[8.1e-05, 7.9e-05, -6e-05]",3.44,0.014854651162790696
RDNT,-0.002164,Moderate,0.0001,0.0,0.002264,High,0.02412,0.02578,6.88,2.0,1000,68.82,6.88,1752364800000,"[0.0001, 0.0001, 0.0001]",3.44,0.031453488372093025
XVG,-0.003506,Moderate,-0.001827,0.000281,0.001679,Medium,0.014132,0.015104,6.88,2.0,1000,68.78,6.88,1735084800000,"[-0.001482, -0.001829, -0.002171]",3.44,0.05095930232558139
STEEM,-0.002173,Moderate,-7e-06,4.1e-05,0.002166,High,0.2796,0.2988,6.87,2.0,1000,68.67,6.87,1714464000000,"[-3.4e-05, 5e-05, -3.8e-05]",3.435,0.031630276564774386
CVC,-0.002178,Moderate,-0.000269,0.000234,0.001909,Medium,0.13122,0.14022,6.86,2.0,1000,68.59,6.86,1739779200000,"[-2.7e-05, -0.000585, -0.000196]",3.43,0.03174927113702623
GNO,-0.001698,Mild,-0.000435,0.000122,0.001263,High,107.9,115.3,6.86,2.0,1000,68.58,6.86,1751212800000,"[-0.000602, -0.000389, -0.000315]",3.43,0.024752186588921282
CTSI,-0.002626,Moderate,-1.9e-05,0.000138,0.002607,High,0.1289,0.1377,6.83,2.0,1000,68.27,6.83,1724083200000,"[-0.000213, 5.5e-05, 0.0001]",3.415,0.03844802342606149
QI,-0.001181,Mild,0.0001,0.0,0.001281,High,0.00763,0.00815,6.82,2.0,1000,68.15,6.82,1744819200000,"[0.0001, 0.0001, 0.0001]",3.41,0.017316715542521996
CTK,-0.03,Strong,0.0001,0.0,0.0301,High,1.1288,1.2058,6.82,2.0,1000,68.21,6.82,1716969600000,"[0.0001, 0.0001, 0.0001]",3.41,0.4398826979472141
VANRY,-0.00162,Mild,-0.00097,3e-05,0.00065,High,0.03894,0.04159,6.81,2.0,1000,68.05,6.81,1740571200000,"[-0.000938, -0.000963, -0.00101]",3.405,0.02378854625550661
A8,-0.015,Strong,0.0001,0.0,0.0151,High,0.3667,0.39165,6.8,2.0,1000,68.04,6.8,1736841600000,"[0.0001, 0.0001, 0.0001]",3.4,0.2205882352941176
ALICE,-0.002588,Moderate,3e-06,9.2e-05,0.002591,High,1.03,1.1,6.8,2.0,1000,67.96,6.8,1723996800000,"[0.0001, -0.000121, 3.1e-05]",3.4,0.03805882352941176
ARK,-0.002005,Moderate,0.000165,0.000144,0.00217,High,0.5048,0.5391,6.79,2.0,1000,67.95,6.79,1730822400000,"[-3.6e-05, 0.000291, 0.000241]",3.395,0.02952871870397643
MOVE,-0.004846,Moderate,-0.000537,7.7e-05,0.004309,High,0.1487,0.1588,6.79,2.0,1000,67.92,6.79,1752163200000,"[-0.000644, -0.000498, -0.000468]",3.395,0.07136966126656848
RAD,-0.001365,Mild,0.0001,0.0,0.001465,High,1.475,1.575,6.78,2.0,1000,67.8,6.78,1735171200000,"[0.0001, 0.0001, 0.0001]",3.39,0.020132743362831856
SNT,-0.001209,Mild,-0.000234,0.000151,0.000975,High,0.02852,0.03045,6.77,2.0,1000,67.67,6.77,1752195600000,"[-0.00012, -0.000134, -0.000448]",3.385,0.017858197932053177
SAFE,-0.0012,Mild,5e-05,0.0,0.00125,High,0.4393,0.469,6.76,2.0,1000,67.61,6.76,1742198400000,"[5e-05, 5e-05, 5e-05]",3.38,0.01775147928994083
ENA,-0.00129,Mild,2.3e-05,3.8e-05,0.001313,High,0.8497,0.9071,6.76,2.0,1000,67.55,6.76,1716393600000,"[5e-05, 5e-05, -3e-05]",3.38,0.01908284023668639
WAVES,-0.008426,Strong,4e-05,4.3e-05,0.008466,High,2.4329,2.5971,6.75,2.0,1000,67.49,6.75,1713369600000,"[0.0001, 0, 2.1e-05]",3.375,0.12482962962962961
XCN,-0.00124,Mild,-0.000596,8.3e-05,0.000644,High,0.014894,0.015898,6.74,2.0,1000,67.41,6.74,1748880000000,"[-0.000632, -0.000481, -0.000674]",3.37,0.018397626112759642
BLUM,-0.002046,Moderate,-5.3e-05,1.3e-05,0.001993,High,0.0684,0.073,6.73,2.0,1000,67.25,6.73,1752570000000,"[-7.1e-05, -4.9e-05, -3.9e-05]",3.365,0.030401188707280834
MOCA,-0.003619,Moderate,9.4e-05,8e-06,0.003713,High,0.1236,0.1319,6.72,2.0,1000,67.15,6.72,1722585600000,"[8.2e-05, 0.0001, 0.0001]",3.36,0.05385416666666667
GNO,-0.001908,Mild,-6e-06,0.000149,0.001902,High,131.2,140.0,6.71,2.0,1000,67.07,6.71,1747756800000,"[-0.000217, 0.0001, 0.0001]",3.355,0.02843517138599106
KAS,-0.001027,Mild,5e-05,0.0,0.001077,High,0.11275,0.12031,6.71,2.0,1000,67.05,6.71,1729900800000,"[5e-05, 5e-05, 5e-05]",3.355,0.015305514157973175
SKYAI,-0.00105,Mild,5e-05,0.0,0.0011,High,0.05125,0.05468,6.69,2.0,1000,66.93,6.69,1751731200000,"[5e-05, 5e-05, 5e-05]",3.345,0.01569506726457399
MAV,-0.002514,Moderate,-2.4e-05,5.9e-05,0.00249,High,0.05681,0.06061,6.69,2.0,1000,66.89,6.69,1751356800000,"[2e-05, 1.4e-05, -0.000107]",3.345,0.03757847533632287
H,-0.001096,Mild,-0.000495,0.000175,0.000601,High,0.07828,0.08351,6.68,2.0,1000,66.81,6.68,1751767200000,"[-0.00074, -0.000406, -0.000339]",3.34,0.016407185628742514
PUNDIX,-0.002197,Moderate,5e-05,0.0,0.002247,High,0.404,0.431,6.68,2.0,1000,66.83,6.68,1748318400000,"[5e-05, 5e-05, 5e-05]",3.34,0.03288922155688623
ACH,-0.004077,Moderate,1.7e-05,1.9e-05,0.004094,High,0.027327,0.029149,6.67,2.0,1000,66.67,6.67,1744675200000,"[2.3e-05, -9e-06, 3.7e-05]",3.335,0.061124437781109445
MBL,-0.002842,Moderate,-0.000805,0.000127,0.002037,High,0.002008,0.002142,6.67,2.0,1000,66.73,6.67,1743696000000,"[-0.000692, -0.00074, -0.000982]",3.335,0.042608695652173914
SYRUP,-0.00225,Moderate,5e-05,0.0,0.0023,High,0.5803,0.619,6.67,2.0,1000,66.69,6.67,1753416000000,"[5e-05, 5e-05, 5e-05]",3.335,0.03373313343328336
GPS,-0.019078,Strong,-8.4e-05,0.000165,0.018994,High,0.1232,0.1314,6.66,2.0,1000,66.56,6.66,1739836800000,"[-0.0002, -0.0002, 0.000149]",3.33,0.28645645645645645
POLYX,-0.002455,Moderate,-0.00018,0.000226,0.002275,Medium,0.32199,0.34341,6.65,2.0,1000,66.52,6.65,1732190400000,"[-0.000488, -0.000103, 5e-05]",3.325,0.03691729323308271
ARK,-0.002172,Moderate,3.8e-05,1.7e-05,0.00221,High,0.2842,0.3031,6.65,2.0,1000,66.5,6.65,1743768000000,"[5e-05, 1.4e-05, 5e-05]",3.325,0.03266165413533834
SOONNETWORK,-0.002837,Moderate,-0.00011,0.000227,0.002727,Medium,0.1401,0.1494,6.64,2.0,1000,66.38,6.64,1751774400000,"[-0.000431, 5e-05, 5e-05]",3.32,0.042725903614457834
REZ,-0.001852,Mild,-0.000383,0.000187,0.001469,High,0.01238,0.0132,6.62,2.0,1000,66.24,6.62,1745006400000,"[-0.000257, -0.000245, -0.000647]",3.31,0.027975830815709972
HIPPO,-0.002862,Moderate,3.5e-05,2.2e-05,0.002897,High,0.002841,0.003029,6.62,2.0,1000,66.17,6.62,1748577600000,"[5e-05, 4e-06, 5e-05]",3.31,0.043232628398791544
SAFE,-0.005742,Strong,2.9e-05,3e-05,0.005771,High,0.6509,0.6939,6.61,2.0,1000,66.06,6.61,1739376000000,"[5e-05, -1.4e-05, 5e-05]",3.305,0.08686838124054462
LAYER,-0.001115,Mild,-0.000283,9.9e-05,0.000832,High,1.4023,1.495,6.61,2.0,1000,66.11,6.61,1742918400000,"[-0.00042, -0.000241, -0.000188]",3.305,0.01686838124054463
GAS,-0.00114,Mild,5e-05,0.0,0.00119,High,4.131,4.404,6.61,2.0,1000,66.09,6.61,1728388800000,"[5e-05, 5e-05, 5e-05]",3.305,0.017246596066565808
TRU,-0.002278,Moderate,9e-06,9.9e-05,0.002287,High,0.12499,0.13325,6.61,2.0,1000,66.09,6.61,1720684800000,"[-0.000128, 5.6e-05, 0.0001]",3.305,0.034462934947049925
POWR,-0.001184,Mild,-0.000322,0.000263,0.000862,Medium,0.1787,0.1905,6.6,2.0,1000,66.03,6.6,1744963200000,"[-0.000496, 5e-05, -0.000521]",3.3,0.01793939393939394
XEM,-0.004498,Moderate,-0.002456,0.000176,0.002042,High,0.004397,0.004687,6.6,2.0,1000,65.95,6.6,1751180400000,"[-0.002449, -0.002675, -0.002244]",3.3,0.06815151515151516
XEM,-0.002075,Moderate,-0.000787,0.000277,0.001288,Medium,0.02433,0.02593,6.58,2.0,1000,65.76,6.58,1735257600000,"[-0.000941, -0.001023, -0.000398]",3.29,0.031534954407294834
SCRT,-0.03,Strong,0.0001,0.0,0.0301,High,0.4107,0.4377,6.57,2.0,1000,65.74,6.57,1731859200000,"[0.0001, 0.0001, 0.0001]",3.285,0.45662100456620996
MVL,-0.002098,Moderate,0.0001,0.0,0.002198,High,0.004321,0.004605,6.57,2.0,1000,65.73,6.57,1738454400000,"[0.0001, 0.0001, 0.0001]",3.285,0.03193302891933029
AGLD,-0.003985,Moderate,5e-06,4.4e-05,0.00399,High,1.1875,1.2654,6.56,2.0,1000,65.6,6.56,1730649600000,"[1e-06, -4.7e-05, 6e-05]",3.28,0.0607469512195122
IOTA,-0.00142,Mild,0.0001,0.0,0.00152,High,0.328,0.3495,6.55,2.0,1000,65.55,6.55,1736582400000,"[0.0001, 0.0001, 0.0001]",3.275,0.0216793893129771
POLYX,-0.001422,Mild,-0.000208,0.000119,0.001214,High,0.13442,0.14323,6.55,2.0,1000,65.54,6.55,1743422400000,"[-0.000216, -0.00035, -5.9e-05]",3.275,0.021709923664122138
AERO,-0.001563,Mild,-0.00046,4.7e-05,0.001103,High,0.58,0.618,6.55,2.0,1000,65.52,6.55,1748174400000,"[-0.000527, -0.000425, -0.000429]",3.275,0.023862595419847327
SYS,-0.001319,Mild,-0.000685,0.000232,0.000634,Medium,0.04864,0.05182,6.54,2.0,1000,65.38,6.54,1742774400000,"[-0.000996, -0.000438, -0.000622]",3.27,0.020168195718654434
CARV,-0.003603,Moderate,-0.000188,0.00018,0.003415,High,0.3762,0.4008,6.54,2.0,1000,65.39,6.54,1745985600000,"[-0.000386, 5e-05, -0.000228]",3.27,0.055091743119266054
SYN,-0.001874,Mild,-1.2e-05,4.4e-05,0.001862,High,0.3441,0.3666,6.54,2.0,1000,65.39,6.54,1745683200000,"[-4.2e-05, 5e-05, -4.5e-05]",3.27,0.028654434250764527
STEEM,-0.001316,Mild,-0.000531,0.000228,0.000785,Medium,0.1208,0.1287,6.54,2.0,1000,65.4,6.54,1741651200000,"[-0.000605, -0.000223, -0.000766]",3.27,0.020122324159021404
QTUM,-0.001991,Mild,-0.000922,0.000286,0.001069,Medium,3.216,3.426,6.53,2.0,1000,65.3,6.53,1739376000000,"[-0.000615, -0.001303, -0.000849]",3.265,0.03049004594180705
MORPHO,-0.003394,Moderate,2.8e-05,0.000162,0.003422,High,0.92,0.98,6.52,2.0,1000,65.22,6.52,1732291200000,"[0.000137, 0.000148, -0.0002]",3.26,0.05205521472392639
ZBCN,-0.008926,Strong,9.6e-05,6e-06,0.009022,High,0.002719,0.002896,6.51,2.0,1000,65.1,6.51,1714060800000,"[8.8e-05, 0.0001, 0.0001]",3.255,0.13711213517665133
FIDA,-0.001564,Mild,-0.000113,8e-05,0.001451,High,0.06388,0.06803,6.5,2.0,1000,64.97,6.5,1751112000000,"[-0.000171, -0.000168, 0]",3.25,0.02406153846153846
AIOZ,-0.002621,Moderate,-0.00103,0.000274,0.001591,Medium,0.3229,0.3439,6.5,2.0,1000,65.04,6.5,1741104000000,"[-0.001316, -0.001113, -0.00066]",3.25,0.04032307692307692
SXP,-0.003948,Moderate,6.8e-05,4.5e-05,0.004016,High,0.259,0.2758,6.49,2.0,1000,64.86,6.49,1730044800000,"[0.0001, 0.0001, 4e-06]",3.245,0.06083204930662558
DEEP,-0.001288,Mild,-0.000349,0.000141,0.000939,High,0.17394,0.18523,6.49,2.0,1000,64.91,6.49,1748304000000,"[-0.000539, -0.000308, -0.000201]",3.245,0.01984591679506934
SOPH,-0.002576,Moderate,-0.000187,0.000107,0.002389,High,0.03426,0.03648,6.48,2.0,1000,64.8,6.48,1752062400000,"[-0.000324, -6.4e-05, -0.000173]",3.24,0.03975308641975308
AEVO,-0.001959,Mild,-0.000941,0.000214,0.001018,Medium,1.096,1.167,6.48,2.0,1000,64.78,6.48,1715572800000,"[-0.001239, -0.000836, -0.000747]",3.24,0.030231481481481474
LSK,-0.001273,Mild,5e-05,0.0,0.001323,High,1.9075,2.0312,6.48,2.0,1000,64.85,6.48,1712318400000,"[5e-05, 5e-05, 5e-05]",3.24,0.019645061728395058
BLAST,-0.001376,Mild,4.9e-05,7.2e-05,0.001425,High,0.003585,0.003817,6.47,2.0,1000,64.71,6.47,1747152000000,"[-5.2e-05, 0.0001, 0.0001]",3.235,0.02126738794435858
AERGO,-0.001776,Mild,-0.000788,0.000123,0.000988,High,0.12947,0.13783,6.46,2.0,1000,64.57,6.46,1750824000000,"[-0.000921, -0.000819, -0.000625]",3.23,0.027492260061919502
UMA,-0.004789,Moderate,5e-05,0.0,0.004839,High,1.177,1.253,6.46,2.0,1000,64.57,6.46,1741651200000,"[5e-05, 5e-05, 5e-05]",3.23,0.07413312693498451
10000LADYS,-0.005965,Strong,0.0001,0.0,0.006065,High,0.00048,0.000511,6.5,2.0,1000,64.58,6.46,1749916800000,"[0.0001, 0.0001, 0.0001]",3.23,0.09176923076923077
CTK,-0.001261,Mild,-0.000594,9.3e-05,0.000667,High,0.8453,0.8998,6.45,2.0,1000,64.47,6.45,1717300800000,"[-0.000683, -0.000466, -0.000634]",3.225,0.019550387596899223
CTK,-0.001424,Mild,-2.9e-05,0.000112,0.001395,High,0.73,0.7771,6.45,2.0,1000,64.52,6.45,1734796800000,"[-0.000187, 5e-05, 5e-05]",3.225,0.022077519379844958
ARK,-0.006694,Strong,-0.000314,2.3e-05,0.00638,High,0.4989,0.5311,6.45,2.0,1000,64.54,6.45,1744862400000,"[-0.000282, -0.00033, -0.00033]",3.225,0.10378294573643411
RED,-0.001281,Mild,-0.000221,0.000215,0.00106,Medium,0.582,0.6195,6.44,2.0,1000,64.43,6.44,1743033600000,"[-0.000372, -0.000375, 8.3e-05]",3.22,0.019891304347826086
G,-0.002083,Moderate,-0.000118,8.9e-05,0.001965,High,0.01444,0.01537,6.44,2.0,1000,64.4,6.44,1746590400000,"[-8.3e-05, -3e-05, -0.00024]",3.22,0.032344720496894415
RDNT,-0.00119,Mild,-0.000548,0.000244,0.000642,Medium,0.1976,0.2103,6.43,2.0,1000,64.27,6.43,1713369600000,"[-0.000225, -0.000605, -0.000815]",3.215,0.01850699844479005
MELANIA,-0.001433,Mild,-3.8e-05,6.8e-05,0.001395,High,0.795,0.846,6.42,2.0,1000,64.15,6.42,1741060800000,"[-4.7e-05, -0.000116, 5e-05]",3.21,0.022320872274143304
ENA,-0.0012,Mild,1.3e-05,1.8e-05,0.001213,High,0.8632,0.9186,6.42,2.0,1000,64.18,6.42,1716480000000,"[-4e-06, 6e-06, 3.8e-05]",3.21,0.01869158878504673
FLOCK,-0.001068,Mild,5e-05,0.0,0.001118,High,0.0794,0.0845,6.42,2.0,1000,64.23,6.42,1738872000000,"[5e-05, 5e-05, 5e-05]",3.21,0.01663551401869159
BLUM,-0.001019,Mild,-0.000331,0.000107,0.000688,High,0.0686,0.073,6.41,2.0,1000,64.14,6.41,1751695200000,"[-0.000462, -0.000333, -0.000199]",3.205,0.015897035881435255
RAD,-0.001864,Mild,0.0001,0.0,0.001964,High,1.172,1.247,6.4,2.0,1000,63.99,6.4,1724803200000,"[0.0001, 0.0001, 0.0001]",3.2,0.029124999999999998
CYBER,-0.002172,Moderate,-9.8e-05,0.000112,0.002074,High,1.376,1.464,6.4,2.0,1000,63.95,6.4,1742313600000,"[-0.00022, 5e-05, -0.000123]",3.2,0.033937499999999995
AIOZ,-0.001349,Mild,-0.000553,0.000163,0.000796,High,0.2141,0.2278,6.4,2.0,1000,63.99,6.4,1744329600000,"[-0.000772, -0.000379, -0.000509]",3.2,0.021078125
MASK,-0.001127,Mild,-8.7e-05,4.5e-05,0.00104,High,1.144,1.217,6.38,2.0,1000,63.81,6.38,1744444800000,"[-8.1e-05, -0.000144, -3.5e-05]",3.19,0.01766457680250784
SOPH,-0.001787,Mild,-0.000127,0.000111,0.00166,High,0.05534,0.05887,6.38,2.0,1000,63.79,6.38,1749092400000,"[-0.000259, 1.2e-05, -0.000135]",3.19,0.028009404388714736
RSS3,-0.001725,Mild,-0.000546,0.000176,0.001179,High,0.0597,0.0635,6.37,2.0,1000,63.65,6.37,1745827200000,"[-0.000367, -0.000485, -0.000785]",3.185,0.027080062794348506
1000RATS,-0.001831,Mild,-0.000104,0.00013,0.001727,High,0.13528,0.14389,6.36,2.0,1000,63.65,6.36,1727740800000,"[-0.000267, -9.6e-05, 5e-05]",3.18,0.028789308176100627
ATA,-0.001346,Mild,1.3e-05,0.000123,0.001359,High,0.0661,0.0703,6.35,2.0,1000,63.54,6.35,1740182400000,"[-0.000161, 0.0001, 0.0001]",3.175,0.021196850393700787
CUDIS,-0.004355,Moderate,5e-05,0.0,0.004405,High,0.06697,0.07121,6.33,2.0,1000,63.31,6.33,1750348800000,"[5e-05, 5e-05, 5e-05]",3.165,0.06879936808846762
RPL,-0.00121,Mild,0.0001,0.0,0.00131,High,11.54,12.27,6.33,2.0,1000,63.26,6.33,1725897600000,"[0.0001, 0.0001, 0.0001]",3.165,0.01911532385466035
MOVE,-0.001033,Mild,-0.00048,0.000277,0.000553,Medium,0.1361,0.1447,6.32,2.0,1000,63.19,6.32,1748779200000,"[-0.000835, -0.000158, -0.000447]",3.16,0.01634493670886076
AUCTION,-0.001103,Mild,-0.000461,0.000121,0.000642,High,12.34,13.12,6.32,2.0,1000,63.21,6.32,1744444800000,"[-0.000452, -0.000318, -0.000614]",3.16,0.01745253164556962
DGB,-0.001365,Mild,0.0001,0.0,0.001465,High,0.01298,0.0138,6.32,2.0,1000,63.17,6.32,1715011200000,"[0.0001, 0.0001, 0.0001]",3.16,0.021598101265822782
ARK,-0.004687,Moderate,-0.000202,0.000153,0.004485,High,0.5099,0.542,6.3,2.0,1000,62.95,6.3,1744776000000,"[8e-06, -0.000265, -0.00035]",3.15,0.0743968253968254
XTZ,-0.003669,Moderate,-0.001194,5.8e-05,0.002475,High,0.493,0.524,6.29,2.0,1000,62.88,6.29,1744675200000,"[-0.001267, -0.00119, -0.001125]",3.145,0.058330683624801274
1000BTT,-0.001678,Mild,-0.000143,0.000209,0.001535,Medium,0.001272,0.001352,6.23,2.0,1000,62.89,6.29,1713052800000,"[-0.000118, 0.0001, -0.00041]",3.145,0.02693418940609952
F,-0.001575,Mild,0.0001,0.0,0.001675,High,0.01353,0.01438,6.28,2.0,1000,62.82,6.28,1747497600000,"[0.0001, 0.0001, 0.0001]",3.14,0.025079617834394902
STEEM,-0.001813,Mild,-0.000401,0.000234,0.001412,Medium,0.1641,0.1744,6.28,2.0,1000,62.77,6.28,1738857600000,"[-0.000732, -0.00024, -0.000232]",3.14,0.02886942675159235
AERO,-0.001234,Mild,-0.000419,0.000202,0.000815,Medium,1.164,1.237,6.27,2.0,1000,62.71,6.27,1728172800000,"[-0.000195, -0.000376, -0.000685]",3.135,0.019681020733652316
HYPER,-0.001261,Mild,-0.00035,0.000148,0.000911,High,0.4736,0.5033,6.27,2.0,1000,62.71,6.27,1752318000000,"[-0.000377, -0.000517, -0.000157]",3.135,0.02011164274322169
XCN,-0.001659,Mild,-0.000504,0.000253,0.001155,Medium,0.013044,0.013862,6.27,2.0,1000,62.71,6.27,1741953600000,"[-0.000857, -0.00038, -0.000275]",3.135,0.026459330143540676
GODS,-0.001105,Mild,-0.00026,3.7e-05,0.000845,High,0.2027,0.2154,6.27,2.0,1000,62.65,6.27,1713052800000,"[-0.000232, -0.000235, -0.000312]",3.135,0.017623604465709732
SOPH,-0.005252,Strong,-0.002816,4.5e-05,0.002436,High,0.04015,0.04266,6.25,2.0,1000,62.52,6.25,1753430400000,"[-0.002784, -0.00288, -0.002784]",3.125,0.084032
TOSHI,-0.003195,Moderate,-4e-05,0.000128,0.003155,High,0.000704,0.000748,6.31,2.0,1000,62.5,6.25,1746907200000,"[-0.000221, 5e-05, 5e-05]",3.125,0.0506339144215531
CSPR,-0.003309,Moderate,0.0001,0.0,0.003409,High,0.016497,0.017526,6.24,2.0,1000,62.37,6.24,1745827200000,"[0.0001, 0.0001, 0.0001]",3.12,0.05302884615384615
ALEO,-0.001111,Mild,0.0001,0.0,0.001211,High,0.1526,0.1621,6.23,2.0,1000,62.25,6.23,1744214400000,"[0.0001, 0.0001, 0.0001]",3.115,0.0178330658105939
KERNEL,-0.001401,Mild,5e-05,0.0,0.001451,High,0.1995,0.2119,6.22,2.0,1000,62.16,6.22,1745236800000,"[5e-05, 5e-05, 5e-05]",3.11,0.02252411575562701
DEEP,-0.001117,Mild,-0.000109,2.7e-05,0.001008,High,0.19436,0.20643,6.21,2.0,1000,62.1,6.21,1747080000000,"[-0.0001, -8.1e-05, -0.000145]",3.105,0.017987117552334942
BLUR,-0.002966,Moderate,-0.000374,0.000104,0.002592,High,0.4087,0.4341,6.21,2.0,1000,62.15,6.21,1714233600000,"[-0.0005, -0.000377, -0.000245]",3.105,0.04776167471819645
VANA,-0.001217,Mild,-0.000305,0.000254,0.000912,Medium,13.84,14.7,6.21,2.0,1000,62.14,6.21,1736452800000,"[-0.000606, 1.5e-05, -0.000324]",3.105,0.019597423510466987
SNT,-0.001433,Mild,-0.000716,0.000143,0.000717,High,0.02991,0.03176,6.19,2.0,1000,61.85,6.19,1749542400000,"[-0.000889, -0.000721, -0.000538]",3.095,0.023150242326332796
WAVES,-0.002686,Moderate,4.4e-05,4e-05,0.00273,High,1.0598,1.1253,6.18,2.0,1000,61.8,6.18,1744272000000,"[2.8e-05, 0.0001, 5e-06]",3.09,0.04346278317152104
1000BTT,-0.002298,Moderate,-0.000323,0.000252,0.001975,Medium,0.000907,0.000963,6.21,2.0,1000,61.74,6.17,1728864000000,"[-0.000456, 3e-05, -0.000543]",3.085,0.0370048309178744
RED,-0.003591,Moderate,-0.000289,0.000117,0.003302,High,0.5999,0.6369,6.17,2.0,1000,61.68,6.17,1741795200000,"[-0.000186, -0.000229, -0.000452]",3.085,0.05820097244732577
SYS,-0.001479,Mild,-0.000394,0.000184,0.001085,High,0.04829,0.05127,6.17,2.0,1000,61.71,6.17,1742140800000,"[-0.000644, -0.000208, -0.00033]",3.085,0.023970826580226905
MBL,-0.001371,Mild,3.2e-05,7.5e-05,0.001403,High,0.002224,0.002361,6.16,2.0,1000,61.6,6.16,1751443200000,"[-7.2e-05, 0.0001, 6.9e-05]",3.08,0.022256493506493506
IDEX,-0.001971,Mild,-0.000768,0.000185,0.001203,High,0.06051,0.06424,6.16,2.0,1000,61.64,6.16,1735228800000,"[-0.000721, -0.001014, -0.000568]",3.08,0.031996753246753246
CTK,-0.004325,Moderate,-3.7e-05,0.0001,0.004288,High,0.8186,0.869,6.16,2.0,1000,61.57,6.16,1721692800000,"[-0.000178, 5e-05, 1.6e-05]",3.08,0.07021103896103896
AGLD,-0.001107,Mild,-0.000186,0.00023,0.000921,Medium,1.4175,1.5047,6.15,2.0,1000,61.52,6.15,1738108800000,"[-0.0005, 4.7e-05, -0.000106]",3.075,0.017999999999999995
SNT,-0.001252,Mild,-0.000356,0.000288,0.000896,Medium,0.02263,0.02402,6.14,2.0,1000,61.42,6.14,1745294400000,"[-0.000532, -0.000585, 5e-05]",3.07,0.020390879478827364
SQD,-0.001822,Mild,-0.000199,0.000181,0.001623,High,0.1596,0.1694,6.14,2.0,1000,61.4,6.14,1751889600000,"[-0.000375, -0.000271, 5e-05]",3.07,0.029674267100977203
SLP,-0.001538,Mild,8.4e-05,2.3e-05,0.001622,High,0.002316,0.002458,6.13,2.0,1000,61.31,6.13,1753257600000,"[5.1e-05, 0.0001, 0.0001]",3.065,0.02508972267536705
CTK,-0.001762,Mild,-6.1e-05,0.000157,0.001701,High,0.7023,0.7453,6.12,2.0,1000,61.23,6.12,1736755200000,"[5e-05, -0.000282, 5e-05]",3.06,0.028790849673202612
ICX,-0.001737,Mild,-0.000596,0.00014,0.001141,High,0.1686,0.1789,6.11,2.0,1000,61.09,6.11,1749456000000,"[-0.000643, -0.000739, -0.000405]",3.055,0.028428805237315877
CVC,-0.001063,Mild,3.1e-05,0.000115,0.001094,High,0.20409,0.21654,6.1,2.0,1000,61.0,6.1,1733990400000,"[-9e-06, 0.000188, -8.6e-05]",3.05,0.01742622950819672
RARE,-0.001462,Mild,-5.3e-05,0.000216,0.001409,Medium,0.1216,0.129,6.09,2.0,1000,60.86,6.09,1713456000000,"[-0.000359, 0.0001, 0.0001]",3.045,0.02400656814449918
ARK,-0.002664,Moderate,0.00026,2.3e-05,0.002924,High,0.5072,0.5381,6.09,2.0,1000,60.92,6.09,1727596800000,"[0.000272, 0.000228, 0.000281]",3.045,0.04374384236453203
AUCTION,-0.002349,Moderate,-0.000223,0.000256,0.002126,Medium,23.69,25.13,6.08,2.0,1000,60.79,6.08,1717128000000,"[-0.000152, 5e-05, -0.000566]",3.04,0.03863486842105263
FLR,-0.001556,Mild,-6.1e-05,0.000158,0.001495,High,0.01743,0.01849,6.08,2.0,1000,60.81,6.08,1752652800000,"[0.0001, -6e-06, -0.000276]",3.04,0.025592105263157895
DRIFT,-0.001457,Mild,-7.7e-05,0.00018,0.00138,High,0.6932,0.7353,6.07,2.0,1000,60.73,6.07,1753099200000,"[-0.000331, 5e-05, 5e-05]",3.035,0.02400329489291598
ZERO,-0.001429,Mild,-0.000284,0.00018,0.001145,High,0.000214,0.000227,6.27,2.0,1000,60.75,6.07,1723392000000,"[-0.000536, -0.000128, -0.000189]",3.035,0.022791068580542268
TOSHI,-0.003141,Moderate,1e-06,0.00014,0.003142,High,0.000363,0.000385,6.12,2.0,1000,60.61,6.06,1737475200000,"[0.0001, 0.0001, -0.000197]",3.03,0.051323529411764705
ES,-0.001963,Mild,2.2e-05,4e-05,0.001985,High,0.2492,0.2643,6.06,2.0,1000,60.59,6.06,1752940800000,"[-3.4e-05, 5e-05, 5e-05]",3.03,0.03239273927392739
SIGN,-0.001272,Mild,-0.000287,0.000219,0.000985,Medium,0.1033,0.10956,6.06,2.0,1000,60.6,6.06,1745960400000,"[-0.000368, -0.000506, 1.2e-05]",3.03,0.02099009900990099
ALEO,-0.001224,Mild,0.0001,0.0,0.001324,High,1.999,2.12,6.05,2.0,1000,60.53,6.05,1729411200000,"[0.0001, 0.0001, 0.0001]",3.025,0.020231404958677687
MBL,-0.001164,Mild,-4.5e-05,0.000106,0.001119,High,0.002501,0.002652,6.04,2.0,1000,60.38,6.04,1740902400000,"[-0.000148, -8.8e-05, 0.0001]",3.02,0.019271523178807946
RSS3,-0.002176,Moderate,-0.000551,0.000236,0.001625,Medium,0.0546,0.0579,6.04,2.0,1000,60.44,6.04,1748188800000,"[-0.00088, -0.000438, -0.000335]",3.02,0.036026490066225166
AKT,-0.004173,Moderate,-4.8e-05,0.000135,0.004125,High,1.111,1.178,6.03,2.0,1000,60.31,6.03,1744430400000,"[4.5e-05, -0.000238, 5e-05]",3.015,0.06920398009950249
STEEM,-0.001293,Mild,-0.000198,0.000114,0.001095,High,0.133,0.141,6.02,2.0,1000,60.15,6.02,1742270400000,"[-4.6e-05, -0.00023, -0.000319]",3.01,0.02147840531561462
XCN,-0.001289,Mild,-0.000227,0.000152,0.001062,High,0.002464,0.002612,6.01,2.0,1000,60.06,6.01,1735430400000,"[-2.6e-05, -0.000262, -0.000394]",3.005,0.02144758735440932
PIXEL,-0.001278,Mild,5e-05,0.0,0.001328,High,0.03044,0.03227,6.01,2.0,1000,60.12,6.01,1745092800000,"[5e-05, 5e-05, 5e-05]",3.005,0.021264559068219634
CARV,-0.002945,Moderate,-0.000704,0.000103,0.002241,High,0.2348,0.2489,6.01,2.0,1000,60.05,6.01,1751126400000,"[-0.00084, -0.000591, -0.00068]",3.005,0.049001663893510815
SIREN,-0.001237,Mild,-0.000303,0.00026,0.000934,Medium,0.04581,0.04856,6.0,2.0,1000,60.03,6.0,1750708800000,"[-0.000566, 5e-05, -0.000394]",3.0,0.02061666666666667
SNT,-0.001738,Mild,0.0001,0.0,0.001838,High,0.02033,0.02155,6.0,2.0,1000,60.01,6.0,1720224000000,"[0.0001, 0.0001, 0.0001]",3.0,0.02896666666666667
XEM,-0.001742,Mild,-0.000343,6.2e-05,0.001399,High,0.02,0.0212,6.0,2.0,1000,60.0,6.0,1723968000000,"[-0.000355, -0.000261, -0.000412]",3.0,0.029033333333333335
TGT,-0.001268,Mild,-0.000108,0.000224,0.00116,Medium,0.01637,0.01735,5.99,2.0,1000,59.87,5.99,1751932800000,"[-0.000425, 5e-05, 5e-05]",2.995,0.021168614357262104
1000BTT,-0.001026,Mild,-0.000349,0.000182,0.000677,High,0.001153,0.001222,5.94,2.0,1000,59.84,5.98,1714636800000,"[-0.000184, -0.000603, -0.000259]",2.99,0.017272727272727273
CYBER,-0.001242,Mild,-0.000155,0.00029,0.001087,Medium,5.732,6.075,5.98,2.0,1000,59.84,5.98,1718697600000,"[-0.000565, 5e-05, 5e-05]",2.99,0.02076923076923077
POLYX,-0.002334,Moderate,-3.1e-05,0.000115,0.002303,High,0.1801,0.19085,5.97,2.0,1000,59.69,5.97,1747108800000,"[5e-05, 5e-05, -0.000193]",2.985,0.039095477386934675
PARTI,-0.001207,Mild,-0.000115,3.2e-05,0.001092,High,0.2304,0.2441,5.95,2.0,1000,59.46,5.95,1753473600000,"[-7e-05, -0.000132, -0.000144]",2.975,0.020285714285714282
ONG,-0.006086,Strong,-0.001443,0.000109,0.004643,High,0.6617,0.7011,5.95,2.0,1000,59.54,5.95,1713960000000,"[-0.00129, -0.001528, -0.001512]",2.975,0.10228571428571429
RAD,-0.001625,Mild,7e-06,0.0001,0.001632,High,0.666,0.7055,5.93,2.0,1000,59.31,5.93,1749168000000,"[-0.000132, 5.4e-05, 0.0001]",2.965,0.027403035413153455
DOG,-0.001176,Mild,-0.000273,0.000187,0.000903,High,0.001504,0.001593,5.92,2.0,1000,59.18,5.92,1744416000000,"[-0.000113, -0.000536, -0.000171]",2.96,0.019864864864864863
ATH,-0.003641,Moderate,5e-05,0.0,0.003691,High,0.02946,0.0312,5.91,2.0,1000,59.06,5.91,1745841600000,"[5e-05, 5e-05, 5e-05]",2.955,0.061607445008460236
ENA,-0.001028,Mild,-9e-05,0.000104,0.000938,High,0.5583,0.5913,5.91,2.0,1000,59.11,5.91,1719446400000,"[-0.000198, -0.000123, 5e-05]",2.955,0.01739424703891709
QI,-0.001015,Mild,0.0001,0.0,0.001115,High,0.00798,0.00845,5.89,2.0,1000,58.9,5.89,1745020800000,"[0.0001, 0.0001, 0.0001]",2.945,0.017232597623089985
CTC,-0.004317,Moderate,-0.000145,0.000276,0.004172,Medium,0.5535,0.5861,5.89,2.0,1000,58.9,5.89,1707624000000,"[5e-05, 5e-05, -0.000535]",2.945,0.0732937181663837
F,-0.001575,Mild,-0.000138,0.000168,0.001437,High,0.0289,0.0306,5.88,2.0,1000,58.82,5.88,1738857600000,"[0.0001, -0.000266, -0.000247]",2.94,0.026785714285714288
MAJOR,-0.001043,Mild,8.7e-05,1.4e-05,0.00113,High,0.187,0.198,5.88,2.0,1000,58.82,5.88,1739203200000,"[0.0001, 6.8e-05, 9.2e-05]",2.94,0.01773809523809524
STEEM,-0.001438,Mild,3.9e-05,1.6e-05,0.001477,High,0.1534,0.1624,5.87,2.0,1000,58.67,5.87,1740888000000,"[1.7e-05, 5e-05, 5e-05]",2.935,0.024497444633730835
G,-0.00115,Mild,-6.5e-05,8.2e-05,0.001085,High,0.02725,0.02885,5.87,2.0,1000,58.72,5.87,1737691200000,"[-0.00013, -0.000115, 5e-05]",2.935,0.01959114139693356
XCN,-0.00124,Mild,-0.000465,0.000261,0.000775,Medium,0.002596,0.002748,5.86,2.0,1000,58.55,5.86,1736582400000,"[-9.8e-05, -0.000621, -0.000677]",2.93,0.02116040955631399
RED,-0.001483,Mild,0.000203,1.8e-05,0.001686,High,0.655,0.6933,5.85,2.0,1000,58.47,5.85,1742875200000,"[0.0002, 0.000182, 0.000227]",2.925,0.025350427350427352
ZBCN,-0.001189,Mild,0.0001,0.0,0.001289,High,0.001045,0.001106,5.88,2.0,1000,58.37,5.84,1738051200000,"[0.0001, 0.0001, 0.0001]",2.92,0.020221088435374148
DOLO,-0.001138,Mild,-0.000441,0.000171,0.000697,High,0.03391,0.03589,5.84,2.0,1000,58.39,5.84,1749744000000,"[-0.000269, -0.000674, -0.00038]",2.92,0.019486301369863013
LSK,-0.001148,Mild,-0.000238,0.000217,0.00091,Medium,0.9295,0.9838,5.84,2.0,1000,58.42,5.84,1723276800000,"[-0.000474, 5e-05, -0.00029]",2.92,0.01965753424657534
XNO,-0.001016,Mild,-0.000114,0.000108,0.000902,High,0.976,1.033,5.84,2.0,1000,58.4,5.84,1748995200000,"[-6.6e-05, -1.2e-05, -0.000264]",2.92,0.017397260273972603
ALEO,-0.001046,Mild,-2.4e-05,9.4e-05,0.001022,High,1.802,1.907,5.83,2.0,1000,58.27,5.83,1729843200000,"[-4.5e-05, 0.0001, -0.000127]",2.915,0.017941680960548885
PARTI,-0.001098,Mild,-0.000145,0.00016,0.000953,High,0.1873,0.1982,5.82,2.0,1000,58.2,5.82,1745769600000,"[-0.000342, 5e-05, -0.000144]",2.91,0.0188659793814433
TOSHI,-0.001182,Mild,-0.000607,0.000242,0.000575,Medium,0.000673,0.000712,5.78,2.0,1000,57.95,5.79,1748044800000,"[-0.000561, -0.000923, -0.000336]",2.895,0.020449826989619377
GODS,-0.004456,Moderate,-0.00032,0.000192,0.004136,High,0.1399,0.148,5.79,2.0,1000,57.9,5.79,1720108800000,"[-0.000469, -0.000441, -4.9e-05]",2.895,0.07696027633851468
RPL,-0.003855,Moderate,-0.000671,0.000197,0.003184,High,6.305,6.67,5.79,2.0,1000,57.89,5.79,1746993600000,"[-0.000699, -0.000416, -0.000897]",2.895,0.06658031088082901
ZBCN,-0.001268,Mild,-0.000674,0.000131,0.000594,High,0.001002,0.00106,5.75,2.0,1000,57.88,5.79,1745020800000,"[-0.000518, -0.000666, -0.000839]",2.895,0.02205217391304348
STEEM,-0.005476,Strong,-0.000394,0.000257,0.005082,Medium,0.1456,0.154,5.77,2.0,1000,57.69,5.77,1744819200000,"[-5e-05, -0.000669, -0.000464]",2.885,0.0949046793760832
CARV,-0.002378,Moderate,-0.001509,0.000184,0.000869,High,0.3777,0.3995,5.77,2.0,1000,57.72,5.77,1743638400000,"[-0.001656, -0.001249, -0.001621]",2.885,0.04121317157712305
SNT,-0.001575,Mild,-7.1e-05,5.9e-05,0.001504,High,0.02742,0.029,5.76,2.0,1000,57.62,5.76,1752109200000,"[-0.000124, 1.2e-05, -0.000101]",2.88,0.02734375
SNT,-0.003448,Moderate,-8e-06,0.000152,0.00344,High,0.01944,0.02056,5.76,2.0,1000,57.61,5.76,1743984000000,"[-0.000223, 0.0001, 0.0001]",2.88,0.059861111111111115
PRCL,-0.001546,Mild,6.6e-05,0.000174,0.001612,High,0.434,0.459,5.76,2.0,1000,57.6,5.76,1716768000000,"[-0.00018, 0.000178, 0.0002]",2.88,0.02684027777777778
ONG,-0.001083,Mild,3.6e-05,1.9e-05,0.001119,High,0.3088,0.3266,5.76,2.0,1000,57.64,5.76,1728187200000,"[5e-05, 9e-06, 5e-05]",2.88,0.018802083333333334
NS,-0.002394,Moderate,-0.000465,0.000273,0.001929,Medium,0.2498,0.2642,5.76,2.0,1000,57.65,5.76,1736438400000,"[-0.000495, -0.000784, -0.000117]",2.88,0.041562499999999995
CARV,-0.001646,Mild,-0.00057,0.000201,0.001076,Medium,0.3394,0.3589,5.75,2.0,1000,57.45,5.75,1746403200000,"[-0.000804, -0.000593, -0.000314]",2.875,0.028626086956521735
BAL,-0.001966,Mild,-0.000726,0.000196,0.00124,High,1.062,1.123,5.74,2.0,1000,57.44,5.74,1749427200000,"[-0.000705, -0.000976, -0.000498]",2.87,0.03425087108013937
BID,-0.00151,Mild,-0.001008,0.000251,0.000502,Medium,0.1397,0.14772,5.74,2.0,1000,57.41,5.74,1752768000000,"[-0.001359, -0.000874, -0.00079]",2.87,0.026306620209059235
MOVE,-0.002648,Moderate,-0.000841,0.00012,0.001807,High,0.3315,0.3505,5.73,2.0,1000,57.32,5.73,1744430400000,"[-0.000857, -0.000687, -0.000979]",2.865,0.0462129144851658
CTK,-0.001607,Mild,4.7e-05,4e-06,0.001654,High,0.8886,0.9395,5.73,2.0,1000,57.28,5.73,1732766400000,"[4.2e-05, 5e-05, 5e-05]",2.865,0.028045375218150086
OM,-0.00133,Mild,-0.000497,0.000136,0.000833,High,1.03137,1.09044,5.73,2.0,1000,57.27,5.73,1720785600000,"[-0.000306, -0.000609, -0.000577]",2.865,0.023211169284467714
SQD,-0.001122,Mild,5e-05,0.0,0.001172,High,0.1644,0.1738,5.72,2.0,1000,57.18,5.72,1751212800000,"[5e-05, 5e-05, 5e-05]",2.86,0.019615384615384614
FLUX,-0.001313,Mild,-7.1e-05,8.6e-05,0.001242,High,0.387,0.4091,5.71,2.0,1000,57.11,5.71,1738886400000,"[-0.000141, -0.000121, 5e-05]",2.855,0.022994746059544657
ALPINE,-0.00369,Moderate,4.6e-05,0.000137,0.003736,High,1.103,1.166,5.71,2.0,1000,57.12,5.71,1746532800000,"[0.000135, -0.000148, 0.00015]",2.855,0.06462346760070053
GLM,-0.001415,Mild,-3.2e-05,0.000102,0.001383,High,0.373,0.3943,5.71,2.0,1000,57.1,5.71,1735401600000,"[-9.2e-05, 0.000112, -0.000116]",2.855,0.02478108581436077
GODS,-0.001352,Mild,-0.000244,0.000179,0.001108,High,0.147,0.1554,5.71,2.0,1000,57.14,5.71,1748707200000,"[-0.000458, -0.000253, -2e-05]",2.855,0.023677758318739053
AKT,-0.001056,Mild,4.6e-05,7.6e-05,0.001102,High,2.643,2.794,5.71,2.0,1000,57.13,5.71,1724832000000,"[-6.1e-05, 0.0001, 0.0001]",2.855,0.018493870402802103
MOCA,-0.00114,Mild,-0.000207,0.00022,0.000933,Medium,0.1455,0.1538,5.7,2.0,1000,57.04,5.7,1738656000000,"[-0.000487, 5e-05, -0.000183]",2.85,0.019999999999999997
SWEAT,-0.001089,Mild,-0.000327,1.8e-05,0.000762,High,0.006634,0.007012,5.7,2.0,1000,56.98,5.7,1740312000000,"[-0.000306, -0.00035, -0.000325]",2.85,0.019105263157894733
XCN,-0.001612,Mild,0.0001,0.0,0.001712,High,0.001563,0.001652,5.69,2.0,1000,56.94,5.69,1719043200000,"[0.0001, 0.0001, 0.0001]",2.845,0.02833040421792618
SYS,-0.001034,Mild,-5.4e-05,0.000117,0.00098,High,0.04453,0.04706,5.68,2.0,1000,56.82,5.68,1741795200000,"[-0.000217, 4e-06, 5e-05]",2.84,0.018204225352112677
G,-0.001099,Mild,-6.6e-05,9.3e-05,0.001033,High,0.03402,0.03595,5.67,2.0,1000,56.73,5.67,1726516800000,"[-0.000178, 5e-05, -7e-05]",2.835,0.019382716049382714
FB,-0.001941,Mild,-0.000716,0.000287,0.001225,Medium,0.671,0.709,5.66,2.0,1000,56.63,5.66,1744588800000,"[-0.000645, -0.000406, -0.001098]",2.83,0.034293286219081266
G,-0.00209,Moderate,-0.000122,8.2e-05,0.001968,High,0.02172,0.02295,5.66,2.0,1000,56.63,5.66,1740628800000,"[-0.000102, -3.2e-05, -0.000231]",2.83,0.03692579505300353
FLOCK,-0.001203,Mild,4.4e-05,8e-06,0.001247,High,0.0477,0.0504,5.66,2.0,1000,56.6,5.66,1744588800000,"[3.2e-05, 5e-05, 5e-05]",2.83,0.021254416961130743
SNT,-0.003014,Moderate,-0.001819,0.000105,0.001195,High,0.02639,0.02788,5.65,2.0,1000,56.46,5.65,1750986000000,"[-0.001762, -0.001729, -0.001966]",2.825,0.05334513274336283
MASA,-0.003201,Moderate,-4.4e-05,0.000104,0.003157,High,0.0814,0.086,5.65,2.0,1000,56.51,5.65,1718668800000,"[-9.2e-05, -0.00014, 0.0001]",2.825,0.05665486725663716
AIOZ,-0.001214,Mild,0.000249,0.000211,0.001463,Medium,1.0528,1.1123,5.65,2.0,1000,56.52,5.65,1733788800000,"[0.0001, 0.0001, 0.000548]",2.825,0.021486725663716812
B3,-0.005032,Strong,2.5e-05,0.0,0.005057,High,0.005007,0.00529,5.65,2.0,1000,56.52,5.65,1748404800000,"[2.5e-05, 2.5e-05, 2.5e-05]",2.825,0.08906194690265487
AUDIO,-0.001592,Mild,-0.000591,0.000243,0.001001,Medium,0.1115,0.1178,5.65,2.0,1000,56.5,5.65,1723046400000,"[-0.000679, -0.000259, -0.000835]",2.825,0.02817699115044248
CRO,-0.00112,Mild,-0.00015,0.000203,0.00097,Medium,0.09245,0.09767,5.65,2.0,1000,56.46,5.65,1723219200000,"[-0.00043, -6.4e-05, 4.4e-05]",2.825,0.01982300884955752
CSPR,-0.002163,Moderate,-4.1e-05,5.8e-05,0.002122,High,0.01577,0.01666,5.64,2.0,1000,56.44,5.64,1722700800000,"[4.1e-05, -7.4e-05, -9e-05]",2.82,0.03835106382978724
DRIFT,-0.001722,Mild,-1e-06,0.000142,0.001721,High,0.4695,0.496,5.64,2.0,1000,56.44,5.64,1718640000000,"[-0.000202, 0.0001, 0.0001]",2.82,0.03053191489361702
CVC,-0.003035,Moderate,-3.2e-05,0.000125,0.003003,High,0.18412,0.19448,5.63,2.0,1000,56.27,5.63,1735747200000,"[-0.000199, 0.000102, 1e-06]",2.815,0.05390763765541741
RARE,-0.002295,Moderate,-0.001375,0.000142,0.00092,High,0.06089,0.06432,5.63,2.0,1000,56.33,5.63,1744430400000,"[-0.001204, -0.001369, -0.001552]",2.815,0.04076376554174068
SYS,-0.001198,Mild,-0.000404,0.000135,0.000794,High,0.04805,0.05075,5.62,2.0,1000,56.19,5.62,1746475200000,"[-0.000544, -0.000221, -0.000447]",2.81,0.02131672597864769
TAIKO,-0.004018,Moderate,-5e-06,0.000148,0.004013,High,2.348,2.48,5.62,2.0,1000,56.22,5.62,1720627200000,"[-0.000215, 0.0001, 0.0001]",2.81,0.07149466192170818
AERO,-0.003172,Moderate,-0.00043,0.000189,0.002742,High,0.552,0.583,5.62,2.0,1000,56.16,5.62,1725264000000,"[-0.000696, -0.000321, -0.000273]",2.81,0.05644128113879003
CVC,-0.002919,Moderate,5e-06,1.3e-05,0.002924,High,0.10628,0.11224,5.61,2.0,1000,56.08,5.61,1744531200000,"[-1.1e-05, 2.2e-05, 4e-06]",2.805,0.05203208556149733
POWR,-0.00185,Mild,-0.000125,0.000104,0.001725,High,0.1782,0.1882,5.61,2.0,1000,56.12,5.61,1720411200000,"[-0.000117, -0.000256, -2e-06]",2.805,0.03297682709447415
SUN,-0.001427,Mild,-0.000734,0.000237,0.000693,Medium,0.036594,0.038646,5.61,2.0,1000,56.07,5.61,1725062400000,"[-0.000828, -0.000409, -0.000965]",2.805,0.025436720142602495
FUN,-0.003232,Moderate,-0.000235,1.9e-05,0.002997,High,0.01364,0.014404,5.6,2.0,1000,56.01,5.6,1752163200000,"[-0.000259, -0.000234, -0.000213]",2.8,0.05771428571428572
MERL,-0.004002,Moderate,1.4e-05,5.1e-05,0.004016,High,0.0988,0.10433,5.6,2.0,1000,55.97,5.6,1751472000000,"[-5.8e-05, 5e-05, 5e-05]",2.8,0.07146428571428573
AXS,-0.0045,Moderate,-0.000227,0.000161,0.004273,High,7.013,7.406,5.6,2.0,1000,56.04,5.6,1713052800000,"[-0.000387, -0.000286, -7e-06]",2.8,0.08035714285714286
OSMO,-0.001076,Mild,6.6e-05,4.8e-05,0.001142,High,0.4141,0.4373,5.6,2.0,1000,56.03,5.6,1726300800000,"[0.0001, 0.0001, -1e-06]",2.8,0.019214285714285715
AEVO,-0.001096,Mild,-0.000438,9.4e-05,0.000658,High,1.447,1.528,5.6,2.0,1000,55.98,5.6,1714147200000,"[-0.000555, -0.000326, -0.000434]",2.8,0.019571428571428573
SC,-0.007341,Strong,3.9e-05,1.6e-05,0.00738,High,0.004819,0.005089,5.6,2.0,1000,56.03,5.6,1720627200000,"[1.6e-05, 5e-05, 5e-05]",2.8,0.13108928571428574
GMT,-0.001478,Mild,-0.00011,0.000191,0.001368,High,0.0447,0.0472,5.59,2.0,1000,55.93,5.59,1743638400000,"[-0.000363, -6.7e-05, 0.0001]",2.795,0.026440071556350624
HAEDAL,-0.00108,Mild,-0.000153,0.000143,0.000927,High,0.143,0.151,5.59,2.0,1000,55.94,5.59,1746633600000,"[-0.000249, -0.000259, 5e-05]",2.795,0.01932021466905188
AIOT,-0.001241,Mild,5e-05,0.0,0.001291,High,0.14552,0.15364,5.58,2.0,1000,55.8,5.58,1749283200000,"[5e-05, 5e-05, 5e-05]",2.79,0.022240143369175625
GLMR,-0.001566,Mild,0.0001,0.0,0.001666,High,0.0861,0.0909,5.57,2.0,1000,55.75,5.57,1749398400000,"[0.0001, 0.0001, 0.0001]",2.785,0.028114901256732494
BERA,-0.00146,Mild,-0.000449,0.000232,0.001011,Medium,6.792,7.17,5.57,2.0,1000,55.65,5.57,1741176000000,"[-0.000618, -0.000608, -0.00012]",2.785,0.02621184919210054
XEC,-0.001496,Mild,-3.8e-05,0.000155,0.001458,High,3.6e-05,3.8e-05,7.28,2.0,1000,55.56,5.56,1721059200000,"[-0.000254, 4e-05, 0.0001]",2.78,0.020549450549450548
COS,-0.004431,Moderate,0.0001,0.0,0.004531,High,0.01297,0.01369,5.55,2.0,1000,55.51,5.55,1716940800000,"[0.0001, 0.0001, 0.0001]",2.775,0.07983783783783784
XCN,-0.001212,Mild,-0.000115,0.000169,0.001097,High,0.018468,0.019491,5.54,2.0,1000,55.39,5.54,1744833600000,"[-0.000348, 5e-05, -4.8e-05]",2.77,0.021877256317689532
AERO,-0.001335,Mild,-0.000694,0.000288,0.000641,Medium,0.561,0.592,5.53,2.0,1000,55.26,5.53,1741550400000,"[-0.000445, -0.001098, -0.000538]",2.765,0.024141048824593128
ONT,-0.002199,Moderate,-0.000827,0.000123,0.001372,High,0.1862,0.1965,5.53,2.0,1000,55.32,5.53,1738915200000,"[-0.000977, -0.000827, -0.000676]",2.765,0.03976491862567812
CVC,-0.002349,Moderate,-0.000317,0.000266,0.002032,Medium,0.09071,0.09572,5.52,2.0,1000,55.23,5.52,1751875200000,"[5e-05, -0.000427, -0.000574]",2.76,0.042554347826086955
SKL,-0.001789,Mild,0.0001,0.0,0.001889,High,0.02444,0.02579,5.52,2.0,1000,55.24,5.52,1752537600000,"[0.0001, 0.0001, 0.0001]",2.76,0.03240942028985507
LAYER,-0.00122,Mild,-0.000607,0.000138,0.000613,High,0.7003,0.7389,5.51,2.0,1000,55.12,5.51,1750532400000,"[-0.000753, -0.000647, -0.000421]",2.755,0.022141560798548093
BADGER,-0.001296,Mild,-0.000397,0.000272,0.000899,Medium,1.107,1.168,5.51,2.0,1000,55.1,5.51,1743998400000,"[-0.000696, -0.000457, -3.7e-05]",2.755,0.02352087114337568
TAIKO,-0.003919,Moderate,8.5e-05,2.1e-05,0.004004,High,2.286,2.412,5.51,2.0,1000,55.12,5.51,1720512000000,"[0.0001, 0.0001, 5.5e-05]",2.755,0.07112522686025409
GUN,-0.001297,Mild,-0.000345,0.000245,0.000952,Medium,0.0618,0.0652,5.5,2.0,1000,55.02,5.5,1745294400000,"[-0.000545, 0, -0.000491]",2.75,0.023581818181818183
CLOUD,-0.006837,Strong,-0.00035,0.00025,0.006487,Medium,0.3026,0.3192,5.49,2.0,1000,54.86,5.49,1721606400000,"[-0.000168, -0.000179, -0.000704]",2.745,0.12453551912568306
IOST,-0.002702,Moderate,-0.000821,0.00014,0.001881,High,0.00384,0.004051,5.49,2.0,1000,54.95,5.49,1749369600000,"[-0.000715, -0.001019, -0.000728]",2.745,0.0492167577413479
GLM,-0.001299,Mild,-0.00074,0.000249,0.000559,Medium,0.2804,0.2958,5.49,2.0,1000,54.92,5.49,1742155200000,"[-0.00072, -0.001054, -0.000445]",2.745,0.02366120218579235
WAXP,-0.001403,Mild,-3e-05,0.000113,0.001373,High,0.05231,0.05518,5.49,2.0,1000,54.87,5.49,1732636800000,"[-0.000189, 5e-05, 5e-05]",2.745,0.025555555555555554
BLAST,-0.001685,Mild,-0.00114,0.00023,0.000545,Medium,0.003076,0.003245,5.49,2.0,1000,54.94,5.49,1741766400000,"[-0.00115, -0.001416, -0.000854]",2.745,0.030692167577413478
AKT,-0.001271,Mild,-0.000374,0.00022,0.000897,Medium,2.461,2.596,5.49,2.0,1000,54.86,5.49,1726243200000,"[-0.00043, -8e-05, -0.000611]",2.745,0.0231511839708561
ACH,-0.00143,Mild,2.7e-05,3.8e-05,0.001457,High,0.021864,0.023061,5.47,2.0,1000,54.75,5.47,1744416000000,"[2.5e-05, 7.5e-05, -1.9e-05]",2.735,0.02614259597806216
CLOUD,-0.008225,Strong,-0.006031,0.00023,0.002194,Medium,0.274,0.289,5.47,2.0,1000,54.74,5.47,1721952000000,"[-0.006069, -0.005732, -0.006292]",2.735,0.1503656307129799
API3,-0.001201,Mild,-0.000697,0.000149,0.000504,High,0.7035,0.7419,5.46,2.0,1000,54.58,5.46,1744862400000,"[-0.000852, -0.000743, -0.000496]",2.73,0.021996336996336997
RSS3,-0.001316,Mild,-2e-05,0.000131,0.001296,High,0.0532,0.0561,5.45,2.0,1000,54.51,5.45,1744732800000,"[0.0001, 4.2e-05, -0.000203]",2.725,0.024146788990825688
ANIME,-0.001147,Mild,5e-05,0.0,0.001197,High,0.01931,0.02036,5.44,2.0,1000,54.38,5.44,1745841600000,"[5e-05, 5e-05, 5e-05]",2.72,0.02108455882352941
RIF,-0.001291,Mild,-5e-06,7.8e-05,0.001286,High,0.04688,0.04943,5.44,2.0,1000,54.39,5.44,1740715200000,"[-0.000116, 5e-05, 5e-05]",2.72,0.023731617647058823
SYN,-0.002015,Moderate,-1e-06,7.2e-05,0.002014,High,0.3753,0.3957,5.44,2.0,1000,54.36,5.44,1739188800000,"[5e-05, 5e-05, -0.000102]",2.72,0.03704044117647058
A8,-0.022636,Strong,0.000487,0.000259,0.023123,Medium,0.39641,0.41797,5.44,2.0,1000,54.39,5.44,1733788800000,"[0.0002, 0.000434, 0.000828]",2.72,0.41610294117647056
AMP,-0.001196,Mild,0.000103,2.9e-05,0.001299,High,0.004043,0.004263,5.44,2.0,1000,54.42,5.44,1752782400000,"[6.3e-05, 0.000129, 0.000118]",2.72,0.021985294117647058
SYS,-0.00118,Mild,-0.000616,0.000163,0.000564,High,0.03885,0.04096,5.43,2.0,1000,54.31,5.43,1745136000000,"[-0.000625, -0.000413, -0.000811]",2.715,0.021731123388581956
SIREN,-0.00105,Mild,2.3e-05,2.8e-05,0.001073,High,0.03799,0.04005,5.42,2.0,1000,54.22,5.42,1743681600000,"[-1.6e-05, 3.4e-05, 5e-05]",2.71,0.019372693726937267
AUDIO,-0.001819,Mild,0.000102,3e-06,0.001921,High,0.2234,0.2355,5.42,2.0,1000,54.16,5.42,1716883200000,"[0.0001, 0.000106, 0.0001]",2.71,0.03356088560885609
ANIME,-0.001119,Mild,5e-05,0.0,0.001169,High,0.0148,0.0156,5.41,2.0,1000,54.05,5.41,1744358400000,"[5e-05, 5e-05, 5e-05]",2.705,0.02068391866913124
HOME,-0.001085,Mild,-0.0004,0.000163,0.000685,High,0.01997,0.02105,5.41,2.0,1000,54.08,5.41,1752019200000,"[-0.000573, -0.000447, -0.000181]",2.705,0.020055452865064695
REI,-0.001189,Mild,-3.8e-05,0.000125,0.001151,High,0.01756,0.01851,5.41,2.0,1000,54.1,5.41,1748664000000,"[-0.000215, 5e-05, 5e-05]",2.705,0.02197781885397412
A8,-0.003241,Moderate,-0.000141,0.0002,0.0031,Medium,0.09562,0.10078,5.4,2.0,1000,53.96,5.4,1750608000000,"[1e-05, -0.000424, -9e-06]",2.7,0.06001851851851851
RAD,-0.002683,Moderate,-0.000531,0.00019,0.002152,High,0.7127,0.7511,5.39,2.0,1000,53.88,5.39,1744675200000,"[-0.000766, -0.0003, -0.000527]",2.695,0.04977736549165121
QTUM,-0.002062,Moderate,-0.001121,0.000274,0.000941,Medium,3.172,3.343,5.39,2.0,1000,53.91,5.39,1738915200000,"[-0.001229, -0.001389, -0.000745]",2.695,0.038256029684601116
CTC,-0.006217,Strong,-0.00012,0.000169,0.006097,High,0.6298,0.6637,5.38,2.0,1000,53.83,5.38,1741766400000,"[-0.000169, -0.000299, 0.000107]",2.69,0.11555762081784388
10000COQ,-0.002101,Moderate,7.3e-05,3.8e-05,0.002174,High,0.00929,0.00979,5.38,2.0,1000,53.82,5.38,1747728000000,"[2e-05, 0.0001, 0.0001]",2.69,0.03905204460966543
FXS,-0.006848,Strong,0.0001,0.0,0.006948,High,3.218,3.391,5.38,2.0,1000,53.76,5.38,1734940800000,"[0.0001, 0.0001, 0.0001]",2.69,0.12728624535315985
PEAQ,-0.001629,Mild,-0.000235,0.000258,0.001394,Medium,0.0762,0.0803,5.38,2.0,1000,53.81,5.38,1751212800000,"[-0.000529, -0.000277, 0.0001]",2.69,0.030278810408921934
ZENT,-0.001321,Mild,-0.000232,0.000294,0.001089,Medium,0.00929,0.00979,5.38,2.0,1000,53.82,5.38,1744243200000,"[-0.000376, -0.000497, 0.000178]",2.69,0.024553903345724905
CYBER,-0.001178,Mild,-6.1e-05,9.9e-05,0.001117,High,9.259,9.756,5.37,2.0,1000,53.68,5.37,1716379200000,"[-4.3e-05, -0.00019, 5e-05]",2.685,0.0219366852886406
ARPA,-0.002658,Moderate,-0.000183,0.000219,0.002475,Medium,0.03899,0.04108,5.36,2.0,1000,53.6,5.36,1739145600000,"[-0.000217, -0.000432, 0.0001]",2.68,0.04958955223880597
FIO,-0.001425,Mild,-0.00067,9.4e-05,0.000755,High,0.03607,0.038,5.35,2.0,1000,53.51,5.35,1736467200000,"[-0.000563, -0.000655, -0.000791]",2.675,0.02663551401869159
DIA,-0.002526,Moderate,4.5e-05,7e-06,0.002571,High,0.6162,0.6491,5.34,2.0,1000,53.39,5.34,1745870400000,"[3.6e-05, 5e-05, 5e-05]",2.67,0.047303370786516856
MOODENG,-0.001135,Mild,-2e-06,5.8e-05,0.001133,High,0.18184,0.19155,5.34,2.0,1000,53.4,5.34,1751673600000,"[-8.4e-05, 4e-05, 3.8e-05]",2.67,0.021254681647940074
COW,-0.001918,Mild,5e-05,0.0,0.001968,High,0.2968,0.3126,5.32,2.0,1000,53.23,5.32,1741147200000,"[5e-05, 5e-05, 5e-05]",2.66,0.036052631578947364
SUN,-0.00103,Mild,-0.000462,0.00023,0.000568,Medium,0.015005,0.015804,5.32,2.0,1000,53.25,5.32,1744012800000,"[-0.000495, -0.000726, -0.000166]",2.66,0.0193609022556391
DEEP,-0.001935,Mild,-0.001084,0.000265,0.000851,Medium,0.08473,0.08924,5.32,2.0,1000,53.23,5.32,1745107200000,"[-0.00135, -0.001179, -0.000722]",2.66,0.03637218045112782
MOVE,-0.001209,Mild,-0.000454,0.000111,0.000755,High,0.5256,0.5535,5.31,2.0,1000,53.08,5.31,1741521600000,"[-0.000609, -0.000359, -0.000394]",2.655,0.022768361581920908
SNT,-0.001773,Mild,-0.000159,6.4e-05,0.001614,High,0.03274,0.03448,5.31,2.0,1000,53.15,5.31,1752454800000,"[-0.000134, -9.6e-05, -0.000247]",2.655,0.033389830508474584
ID,-0.00678,Strong,-6.9e-05,6.2e-05,0.006711,High,0.2298,0.242,5.31,2.0,1000,53.09,5.31,1741766400000,"[-0.000155, -1.1e-05, -4e-05]",2.655,0.12768361581920903
XEM,-0.001228,Mild,4.9e-05,7.2e-05,0.001277,High,0.01695,0.01785,5.31,2.0,1000,53.1,5.31,1744876800000,"[0.0001, 0.0001, -5.3e-05]",2.655,0.02312617702448211
POWR,-0.006935,Strong,-0.000127,0.00025,0.006808,Medium,0.2691,0.2834,5.31,2.0,1000,53.14,5.31,1735617600000,"[5e-05, 5e-05, -0.00048]",2.655,0.13060263653483994
GNO,-0.001825,Mild,-0.000296,0.000283,0.001529,Medium,109.2,115.0,5.31,2.0,1000,53.11,5.31,1745337600000,"[-0.000543, 0.0001, -0.000445]",2.655,0.03436911487758946
UXLINK,-0.003274,Moderate,-4e-06,7.6e-05,0.00327,High,0.5152,0.5425,5.3,2.0,1000,52.99,5.3,1741060800000,"[-0.000112, 5e-05, 5e-05]",2.65,0.06177358490566038
PEAQ,-0.002393,Moderate,-5e-06,0.000148,0.002388,High,0.0773,0.0814,5.3,2.0,1000,53.04,5.3,1749772800000,"[-0.000214, 0.0001, 0.0001]",2.65,0.04515094339622642
RIF,-0.001313,Mild,-0.000636,0.000111,0.000677,High,0.04068,0.04283,5.29,2.0,1000,52.85,5.29,1743465600000,"[-0.000714, -0.000479, -0.000716]",2.645,0.02482041587901701
AUCTION,-0.002083,Moderate,-0.001082,0.000193,0.001001,High,12.85,13.53,5.29,2.0,1000,52.92,5.29,1739995200000,"[-0.001082, -0.001318, -0.000846]",2.645,0.03937618147448015
L3,-0.001114,Mild,-3.5e-05,0.00019,0.001079,High,0.041,0.04317,5.29,2.0,1000,52.93,5.29,1724860800000,"[0.0001, -0.000304, 0.0001]",2.645,0.0210586011342155
ONG,-0.001012,Mild,4.6e-05,6e-06,0.001058,High,0.5838,0.6146,5.28,2.0,1000,52.76,5.28,1714838400000,"[5e-05, 3.7e-05, 5e-05]",2.64,0.01916666666666667
1000BTT,-0.00108,Mild,6.9e-05,4.4e-05,0.001149,High,0.001022,0.001076,5.29,2.0,1000,52.84,5.28,1738310400000,"[0.0001, 0.0001, 6e-06]",2.64,0.020415879017013232
ZENT,-0.00139,Mild,-0.00012,0.000116,0.00127,High,0.01671,0.01759,5.27,2.0,1000,52.66,5.27,1730102400000,"[-9.2e-05, -0.000274, 5e-06]",2.635,0.02637571157495256
XCN,-0.001223,Mild,-0.000329,0.000259,0.000894,Medium,0.023814,0.025069,5.27,2.0,1000,52.7,5.27,1739203200000,"[-2.9e-05, -0.00066, -0.000298]",2.635,0.02320683111954459
RAY,-0.001871,Mild,4e-05,1.5e-05,0.001911,High,1.612,1.697,5.27,2.0,1000,52.73,5.27,1712966400000,"[6.1e-05, 2.6e-05, 3.2e-05]",2.635,0.03550284629981025
GNO,-0.002015,Moderate,-0.000498,0.000237,0.001517,Medium,138.9,146.2,5.26,2.0,1000,52.56,5.26,1741478400000,"[-0.000828, -0.00038, -0.000285]",2.63,0.03830798479087452
H,-0.001361,Mild,-0.000763,0.000191,0.000598,High,0.05655,0.05952,5.25,2.0,1000,52.52,5.25,1751994000000,"[-0.001032, -0.000649, -0.000609]",2.625,0.025923809523809526
H,-0.001032,Mild,-0.000428,0.000285,0.000604,Medium,0.05655,0.05952,5.25,2.0,1000,52.52,5.25,1751990400000,"[-0.000649, -0.000609, -2.6e-05]",2.625,0.019657142857142856
ALEO,-0.001782,Mild,-0.001216,8.8e-05,0.000566,High,0.2101,0.2211,5.24,2.0,1000,52.36,5.24,1748448000000,"[-0.001264, -0.001291, -0.001092]",2.62,0.03400763358778626
SOLO,-0.001689,Mild,2.8e-05,9.6e-05,0.001717,High,0.393,0.4136,5.24,2.0,1000,52.42,5.24,1735603200000,"[-0.000108, 0.0001, 9.2e-05]",2.62,0.03223282442748091
STEEM,-0.001105,Mild,-9.8e-05,0.000165,0.001007,High,0.1373,0.1445,5.24,2.0,1000,52.44,5.24,1741118400000,"[-0.000329, 5e-05, -1.5e-05]",2.62,0.021087786259541986
GORILLABSC,-0.005036,Strong,0.000124,6e-06,0.00516,High,0.003611,0.0038,5.23,2.0,1000,52.34,5.23,1748275200000,"[0.000131, 0.000116, 0.000126]",2.615,0.09629063097514338
CETUS,-0.001269,Mild,3.3e-05,2.4e-05,0.001302,High,0.17106,0.18,5.23,2.0,1000,52.26,5.23,1747915200000,"[-1e-06, 5e-05, 5e-05]",2.615,0.024263862332695982
UMA,-0.001051,Mild,-0.00041,0.000164,0.000641,High,2.025,2.131,5.23,2.0,1000,52.35,5.23,1723766400000,"[-0.000639, -0.000263, -0.000329]",2.615,0.020095602294455065
D,-0.001134,Mild,3e-05,1.6e-05,0.001164,High,0.04907,0.05163,5.22,2.0,1000,52.17,5.22,1743408000000,"[2.9e-05, 1.1e-05, 5e-05]",2.61,0.021724137931034483
VANA,-0.001157,Mild,2.7e-05,3.2e-05,0.001184,High,5.634,5.928,5.22,2.0,1000,52.18,5.22,1741924800000,"[-1.8e-05, 5e-05, 5e-05]",2.61,0.022164750957854407
SPEC,-0.002092,Moderate,-2.8e-05,0.000181,0.002064,High,7.68,8.08,5.21,2.0,1000,52.08,5.21,1718870400000,"[-0.000284, 0.0001, 0.0001]",2.605,0.04015355086372361
BERA,-0.001223,Mild,-0.000522,0.00012,0.000701,High,5.927,6.235,5.2,2.0,1000,51.97,5.2,1741881600000,"[-0.000678, -0.000501, -0.000387]",2.6,0.023519230769230764
AERGO,-0.00135,Mild,5e-05,0.0,0.0014,High,0.12836,0.13503,5.2,2.0,1000,51.96,5.2,1749096000000,"[5e-05, 5e-05, 5e-05]",2.6,0.02596153846153846
MOBILE,-0.005155,Strong,0.0001,0.0,0.005255,High,0.001947,0.002048,5.19,2.0,1000,51.87,5.19,1714003200000,"[0.0001, 0.0001, 0.0001]",2.595,0.09932562620423892
KAITO,-0.018927,Strong,-0.000232,0.000108,0.018695,High,1.8334,1.9285,5.19,2.0,1000,51.87,5.19,1741147200000,"[-0.000333, -8.3e-05, -0.000281]",2.595,0.3646820809248555
HIVE,-0.001274,Mild,-0.000117,0.000187,0.001157,High,0.3246,0.3414,5.18,2.0,1000,51.76,5.18,1735185600000,"[-0.000379, -2.3e-05, 5e-05]",2.59,0.024594594594594593
HOME,-0.001201,Mild,-0.00049,0.000235,0.000711,Medium,0.02469,0.02597,5.18,2.0,1000,51.84,5.18,1752393600000,"[-0.000296, -0.000821, -0.000352]",2.59,0.023185328185328185
SAFE,-0.008015,Strong,5e-05,0.0,0.008065,High,0.507,0.5332,5.17,2.0,1000,51.68,5.17,1746504000000,"[5e-05, 5e-05, 5e-05]",2.585,0.15502901353965184
SONIC,-0.001698,Mild,-0.000353,0.000194,0.001345,High,0.298,0.3134,5.17,2.0,1000,51.68,5.17,1747540800000,"[-0.000494, -0.000486, -7.8e-05]",2.585,0.032843326885880084
SNT,-0.015,Strong,-0.000195,0.000267,0.014805,Medium,0.02265,0.02382,5.17,2.0,1000,51.66,5.17,1725609600000,"[-0.00014, 0.0001, -0.000546]",2.585,0.2901353965183753
SD,-0.001731,Mild,-0.000257,0.000279,0.001474,Medium,0.6844,0.7197,5.16,2.0,1000,51.58,5.16,1739347200000,"[-0.00029, -0.000582, 0.0001]",2.58,0.03354651162790698
CTK,-0.00138,Mild,-6.2e-05,0.000158,0.001318,High,0.5367,0.5644,5.16,2.0,1000,51.61,5.16,1723147200000,"[-0.000286, 5e-05, 5e-05]",2.58,0.026744186046511628
VELODROME,-0.00165,Mild,-0.00026,0.000167,0.00139,High,0.0583,0.0613,5.15,2.0,1000,51.46,5.15,1742097600000,"[-0.000496, -0.00015, -0.000133]",2.575,0.032038834951456305
LUMIA,-0.001697,Mild,-0.00075,0.000244,0.000947,Medium,2.024,2.128,5.14,2.0,1000,51.38,5.14,1734364800000,"[-0.000467, -0.00072, -0.001063]",2.57,0.03301556420233463
CHZ,-0.001636,Mild,-0.0007,0.00026,0.000936,Medium,0.07433,0.07815,5.14,2.0,1000,51.39,5.14,1728806400000,"[-0.000343, -0.000802, -0.000954]",2.57,0.03182879377431907
AIOT,-0.00111,Mild,5e-05,0.0,0.00116,High,0.16456,0.17301,5.13,2.0,1000,51.35,5.13,1751400000000,"[5e-05, 5e-05, 5e-05]",2.565,0.0216374269005848
BADGER,-0.001848,Mild,-0.000151,8.8e-05,0.001697,High,0.878,0.923,5.13,2.0,1000,51.25,5.13,1744257600000,"[-0.000137, -5.1e-05, -0.000266]",2.565,0.0360233918128655
CRO,-0.00151,Mild,-7e-06,7.9e-05,0.001503,High,0.13055,0.13725,5.13,2.0,1000,51.32,5.13,1714492800000,"[8.9e-05, -0.000104, -7e-06]",2.565,0.02943469785575049
SNT,-0.001058,Mild,-0.000152,0.000183,0.000906,High,0.02385,0.02507,5.12,2.0,1000,51.15,5.12,1746849600000,"[-0.000406, -7.1e-05, 2e-05]",2.56,0.020664062499999997
AMP,-0.005654,Strong,-0.00493,0.000136,0.000724,High,0.011851,0.012458,5.12,2.0,1000,51.22,5.12,1733673600000,"[-0.004862, -0.00512, -0.004807]",2.56,0.1104296875
FLR,-0.001464,Mild,-0.000118,0.000201,0.001346,Medium,0.04043,0.0425,5.12,2.0,1000,51.2,5.12,1708732800000,"[-0.000385, -6.8e-05, 0.0001]",2.56,0.028593749999999998
AIOZ,-0.001139,Mild,-0.000213,0.000233,0.000926,Medium,0.4321,0.4542,5.11,2.0,1000,51.15,5.11,1748304000000,"[-0.000459, 0.0001, -0.000281]",2.555,0.022289628180039135
VANA,-0.00396,Moderate,-9.6e-05,0.000107,0.003864,High,9.4,9.88,5.11,2.0,1000,51.06,5.11,1737993600000,"[-0.000132, -0.000205, 5e-05]",2.555,0.07749510763209393
MASK,-0.001721,Mild,6.6e-05,0.000199,0.001787,High,1.099,1.155,5.1,2.0,1000,50.96,5.1,1744214400000,"[-0.000106, 0.000345, -4.2e-05]",2.55,0.03374509803921569
AERO,-0.00122,Mild,-0.000326,0.000278,0.000894,Medium,0.51,0.536,5.1,2.0,1000,50.98,5.1,1742284800000,"[-0.000614, -0.000415, 5e-05]",2.55,0.02392156862745098
SOPH,-0.002256,Moderate,-0.000197,6.5e-05,0.002059,High,0.03743,0.03934,5.1,2.0,1000,51.03,5.1,1753070400000,"[-0.000289, -0.00015, -0.000153]",2.55,0.04423529411764707
JST,-0.001144,Mild,-2.5e-05,6.2e-05,0.001119,High,0.03881,0.04079,5.1,2.0,1000,51.02,5.1,1735632000000,"[0, -0.00011, 3.6e-05]",2.55,0.02243137254901961
CLANKER,-0.011586,Strong,-2.7e-05,0.000109,0.011559,High,35.14,36.93,5.09,2.0,1000,50.94,5.09,1747627200000,"[-0.000182, 5e-05, 5e-05]",2.545,0.22762278978389
ZBCN,-0.00338,Moderate,-0.001803,0.000278,0.001577,Medium,0.000965,0.001014,5.03,2.0,1000,50.78,5.08,1744531200000,"[-0.002178, -0.001511, -0.001721]",2.54,0.06719681908548708
TOSHI,-0.00105,Mild,-6e-05,0.000155,0.00099,High,0.000513,0.000539,4.93,3.0,1000,50.68,5.07,1751616000000,"[-0.000279, 5e-05, 5e-05]",1.6900000000000002,0.02129817444219067
MBL,-0.002001,Moderate,-0.000836,0.00023,0.001165,Medium,0.002543,0.002672,5.07,2.0,1000,50.73,5.07,1738886400000,"[-0.000511, -0.000988, -0.001009]",2.535,0.03946745562130178
COS,-0.00295,Moderate,-0.00179,0.00021,0.00116,Medium,0.00986,0.01036,5.07,2.0,1000,50.71,5.07,1718553600000,"[-0.001769, -0.002057, -0.001544]",2.535,0.05818540433925049
XEM,-0.001023,Mild,-6.6e-05,0.000235,0.000957,Medium,0.02452,0.02576,5.06,2.0,1000,50.57,5.06,1735200000000,"[-0.000398, 0.0001, 0.0001]",2.53,0.020217391304347826
ALEO,-0.001405,Mild,8.5e-05,2.1e-05,0.00149,High,1.898,1.994,5.06,2.0,1000,50.58,5.06,1729728000000,"[5.6e-05, 0.0001, 0.0001]",2.53,0.02776679841897233
FUN,-0.01791,Strong,-0.00985,0.0,0.00806,High,0.00628,0.006598,5.06,2.0,1000,50.64,5.06,1743307200000,"[-0.00985, -0.00985, -0.00985]",2.53,0.3539525691699605
XEM,-0.002489,Moderate,-0.001243,0.000245,0.001246,Medium,0.00464,0.004875,5.06,2.0,1000,50.65,5.06,1751086800000,"[-0.00099, -0.001164, -0.001574]",2.53,0.0491897233201581
RAD,-0.002061,Moderate,0.0001,0.0,0.002161,High,1.244,1.307,5.06,2.0,1000,50.64,5.06,1736697600000,"[0.0001, 0.0001, 0.0001]",2.53,0.040731225296442686
BLAST,-0.00293,Moderate,-0.000231,3.8e-05,0.002699,High,0.00273,0.002868,5.05,2.0,1000,50.55,5.05,1744272000000,"[-0.000183, -0.000275, -0.000235]",2.525,0.05801980198019802
LAYER,-0.001316,Mild,-0.000128,5e-05,0.001188,High,0.7034,0.7389,5.05,2.0,1000,50.47,5.05,1750507200000,"[-0.00017, -0.000157, -5.8e-05]",2.525,0.026059405940594058
CARV,-0.001215,Mild,-0.000461,0.000193,0.000754,High,0.3272,0.3437,5.04,2.0,1000,50.43,5.04,1748836800000,"[-0.000638, -0.000553, -0.000192]",2.52,0.024107142857142855
ORCA,-0.005648,Strong,0.0001,0.0,0.005748,High,2.48,2.605,5.04,2.0,1000,50.4,5.04,1722960000000,"[0.0001, 0.0001, 0.0001]",2.52,0.11206349206349207
PARTI,-0.001192,Mild,-0.000465,6e-05,0.000727,High,0.2405,0.2526,5.03,2.0,1000,50.31,5.03,1748764800000,"[-0.000491, -0.000382, -0.000521]",2.515,0.023697813121272362
REZ,-0.002627,Moderate,-0.000135,0.000136,0.002492,High,0.02133,0.0224,5.02,2.0,1000,50.16,5.02,1741924800000,"[-0.000274, -0.00018, 5e-05]",2.51,0.05233067729083666
AUDIO,-0.002066,Moderate,0.0001,0.0,0.002166,High,0.1574,0.1653,5.02,2.0,1000,50.19,5.02,1724544000000,"[0.0001, 0.0001, 0.0001]",2.51,0.041155378486055785
AKT,-0.003015,Moderate,-0.001211,0.000103,0.001804,High,2.396,2.516,5.01,2.0,1000,50.08,5.01,1726531200000,"[-0.001112, -0.001167, -0.001353]",2.505,0.060179640718562875
ZEC,-0.001066,Mild,-5.2e-05,0.000198,0.001014,High,28.59,30.02,5.0,3.0,1000,50.02,5.0,1720972800000,"[0.0001, -0.000331, 7.5e-05]",1.6666666666666667,0.021320000000000002
MBL,-0.002256,Moderate,-8e-06,0.000152,0.002248,High,0.002062,0.002165,5.0,3.0,1000,49.95,5.0,1720166400000,"[0.0001, 0.0001, -0.000223]",1.6666666666666667,0.04512
FB,-0.001408,Mild,-0.000529,9.9e-05,0.000879,High,1.748,1.835,4.98,3.0,1000,49.77,4.98,1738396800000,"[-0.000411, -0.000522, -0.000654]",1.6600000000000001,0.02827309236947791
MBL,-0.003066,Moderate,-0.000297,0.000248,0.002769,Medium,0.004319,0.004534,4.98,3.0,1000,49.78,4.98,1715673600000,"[-0.000634, -0.00021, -4.6e-05]",1.6600000000000001,0.06156626506024096
POWR,-0.002163,Moderate,5e-05,0.0,0.002213,High,0.3363,0.353,4.97,3.0,1000,49.66,4.97,1715054400000,"[5e-05, 5e-05, 5e-05]",1.6566666666666665,0.04352112676056338
XCN,-0.001136,Mild,-0.000371,9.5e-05,0.000765,High,0.002563,0.00269,4.96,3.0,1000,49.55,4.96,1733990400000,"[-0.000487, -0.00037, -0.000255]",1.6533333333333333,0.022903225806451617
CRO,-0.003719,Moderate,-1.5e-05,7.5e-05,0.003704,High,0.10782,0.11317,4.96,3.0,1000,49.62,4.96,1742889600000,"[-0.00011, -9e-06, 7.3e-05]",1.6533333333333333,0.07497983870967742
ATH,-0.001889,Mild,-0.000528,0.000209,0.001361,Medium,0.07157,0.07511,4.95,3.0,1000,49.46,4.95,1722470400000,"[-0.000372, -0.000389, -0.000824]",1.6500000000000001,0.03816161616161616
WAL,-0.001171,Mild,-0.00035,0.000133,0.000821,High,0.4825,0.5064,4.95,3.0,1000,49.53,4.95,1748779200000,"[-0.000174, -0.000378, -0.000497]",1.6500000000000001,0.023656565656565653
H,-0.001005,Mild,-0.000307,0.000281,0.000698,Medium,0.09708,0.10189,4.95,3.0,1000,49.55,4.95,1751684400000,"[-0.000694, -0.00019, -3.6e-05]",1.6500000000000001,0.020303030303030302
VANA,-0.001288,Mild,-0.000241,0.000105,0.001047,High,6.185,6.491,4.95,3.0,1000,49.47,4.95,1743393600000,"[-0.000315, -0.000316, -9.3e-05]",1.6500000000000001,0.02602020202020202
HIGH,-0.001089,Mild,-2.3e-05,3.4e-05,0.001066,High,0.6543,0.6866,4.94,3.0,1000,49.37,4.94,1747497600000,"[-2.7e-05, 2e-05, -6.3e-05]",1.6466666666666667,0.022044534412955463
WAL,-0.001506,Mild,4.9e-05,2e-06,0.001555,High,0.6473,0.6792,4.93,3.0,1000,49.28,4.93,1746115200000,"[4.6e-05, 5e-05, 5e-05]",1.6433333333333333,0.03054766734279919
BAL,-0.001811,Mild,-0.000289,0.000293,0.001522,Medium,0.832,0.873,4.93,3.0,1000,49.28,4.93,1744358400000,"[0.0001, -0.000358, -0.000608]",1.6433333333333333,0.0367342799188641
CYBER,-0.00233,Moderate,1.2e-05,5.4e-05,0.002342,High,1.341,1.407,4.92,3.0,1000,49.22,4.92,1746604800000,"[-6.5e-05, 5e-05, 5e-05]",1.64,0.04735772357723577
XCN,-0.003353,Moderate,-0.00172,2.6e-05,0.001633,High,0.019435,0.020389,4.91,3.0,1000,49.09,4.91,1740283200000,"[-0.001688, -0.00172, -0.001751]",1.6366666666666667,0.06828920570264765
ZBCN,-0.00147,Mild,5e-06,0.000134,0.001475,High,0.00204,0.00214,4.9,3.0,1000,49.02,4.9,1717056000000,"[0.0001, -0.000185, 0.0001]",1.6333333333333335,0.03
XVS,-0.001014,Mild,0.0001,0.0,0.001114,High,11.038,11.579,4.9,3.0,1000,49.01,4.9,1734220800000,"[0.0001, 0.0001, 0.0001]",1.6333333333333335,0.020693877551020406
WAVES,-0.003386,Moderate,0.0001,0.0,0.003486,High,1.1483,1.2045,4.89,3.0,1000,48.94,4.89,1745078400000,"[0.0001, 0.0001, 0.0001]",1.63,0.06924335378323108
PROM,-0.007738,Strong,0.0001,0.0,0.007838,High,8.395,8.805,4.88,3.0,1000,48.84,4.88,1729900800000,"[0.0001, 0.0001, 0.0001]",1.6266666666666667,0.15856557377049182
UXLINK,-0.015,Strong,0.00031,6.7e-05,0.01531,High,0.2115,0.2218,4.87,3.0,1000,48.7,4.87,1725379200000,"[0.000361, 0.000216, 0.000353]",1.6233333333333333,0.3080082135523614
VRA,-0.001118,Mild,0.000273,0.000128,0.001391,High,0.006257,0.006562,4.87,3.0,1000,48.75,4.87,1712966400000,"[0.000301, 0.000414, 0.000104]",1.6233333333333333,0.022956878850102672
RDNT,-0.001236,Mild,-0.000433,0.000256,0.000803,Medium,0.04044,0.04241,4.87,3.0,1000,48.71,4.87,1730649600000,"[-0.000654, -7.5e-05, -0.000571]",1.6233333333333333,0.025379876796714575
RSS3,-0.00574,Strong,-0.002982,0.000219,0.002758,Medium,0.0472,0.0495,4.87,3.0,1000,48.73,4.87,1748908800000,"[-0.002722, -0.002968, -0.003257]",1.6233333333333333,0.11786447638603696
ZKJ,-0.004494,Moderate,-0.000259,0.000219,0.004235,Medium,0.3829,0.4015,4.86,3.0,1000,48.58,4.86,1750219200000,"[5e-05, -0.000407, -0.000421]",1.62,0.09246913580246913
SEND,-0.003115,Moderate,-0.000728,0.000227,0.002387,Medium,2.3346,2.4481,4.86,3.0,1000,48.62,4.86,1736784000000,"[-0.000828, -0.000941, -0.000414]",1.62,0.06409465020576131
STORJ,-0.002031,Moderate,9.1e-05,1.3e-05,0.002122,High,0.5413,0.5676,4.86,3.0,1000,48.59,4.86,1735372800000,"[0.0001, 7.2e-05, 0.0001]",1.62,0.04179012345679012
STG,-0.004403,Moderate,-6.6e-05,0.000118,0.004337,High,0.4996,0.5239,4.86,3.0,1000,48.64,4.86,1713052800000,"[-0.000163, 0.0001, -0.000136]",1.62,0.09059670781893003
CELO,-0.001901,Mild,-0.000694,0.000156,0.001207,High,0.825,0.865,4.85,3.0,1000,48.48,4.85,1715270400000,"[-0.000677, -0.000892, -0.000512]",1.6166666666666665,0.039195876288659795
COS,-0.00279,Moderate,-0.000259,0.000299,0.002531,Medium,0.007948,0.008333,4.84,3.0,1000,48.44,4.84,1727740800000,"[-0.000245, -0.000632, 0.0001]",1.6133333333333333,0.057644628099173555
GLM,-0.001984,Mild,2.3e-05,5.7e-05,0.002007,High,0.3741,0.3922,4.84,3.0,1000,48.38,4.84,1740672000000,"[0.000101, -3.5e-05, 2e-06]",1.6133333333333333,0.040991735537190085
AERO,-0.00115,Mild,-0.000149,0.000196,0.001001,High,0.517,0.542,4.84,3.0,1000,48.36,4.84,1741636800000,"[-0.000416, 5e-05, -8.1e-05]",1.6133333333333333,0.023760330578512397
RAD,-0.002023,Moderate,0.0001,0.0,0.002123,High,1.178,1.235,4.84,3.0,1000,48.39,4.84,1720540800000,"[0.0001, 0.0001, 0.0001]",1.6133333333333333,0.04179752066115703
SYS,-0.001234,Mild,-0.00071,0.000174,0.000524,High,0.04804,0.05036,4.83,3.0,1000,48.29,4.83,1746561600000,"[-0.000466, -0.000857, -0.000807]",1.61,0.02554865424430642
LUNANEW,-0.002559,Moderate,-5e-05,0.00014,0.002509,High,0.2504,0.2625,4.83,3.0,1000,48.32,4.83,1738800000000,"[-0.000243, 1.1e-05, 8.2e-05]",1.61,0.05298136645962733
HIVE,-0.001093,Mild,-0.000223,0.000198,0.00087,High,0.4067,0.4263,4.82,3.0,1000,48.19,4.82,1738166400000,"[-0.000305, 5e-05, -0.000415]",1.6066666666666667,0.022676348547717842
MELANIA,-0.003542,Moderate,-0.000236,0.000112,0.003306,High,1.224,1.283,4.82,3.0,1000,48.2,4.82,1740009600000,"[-0.000189, -0.000128, -0.00039]",1.6066666666666667,0.07348547717842324
SNT,-0.001966,Mild,-0.001448,0.000101,0.000518,High,0.02615,0.02741,4.82,3.0,1000,48.18,4.82,1750975200000,"[-0.001309, -0.001485, -0.001549]",1.6066666666666667,0.040788381742738584
COS,-0.001128,Mild,2.8e-05,0.000101,0.001156,High,0.00747,0.00783,4.82,3.0,1000,48.19,4.82,1721894400000,"[0.0001, 0.0001, -0.000115]",1.6066666666666667,0.023402489626556017
JST,-0.003711,Moderate,8.2e-05,2.5e-05,0.003793,High,0.04193,0.04395,4.82,3.0,1000,48.18,4.82,1745740800000,"[0.0001, 4.6e-05, 0.0001]",1.6066666666666667,0.07699170124481328
AGLD,-0.001987,Mild,-0.00048,0.000147,0.001507,High,1.0636,1.1148,4.81,3.0,1000,48.14,4.81,1746086400000,"[-0.000688, -0.000377, -0.000374]",1.6033333333333333,0.041309771309771315
TAIKO,-0.00126,Mild,-0.000333,0.000257,0.000927,Medium,0.625,0.655,4.8,3.0,1000,48.0,4.8,1742140800000,"[-0.000652, -0.000325, -2.2e-05]",1.5999999999999999,0.02625
GODS,-0.00179,Mild,5e-05,0.0,0.00184,High,0.1124,0.1178,4.8,3.0,1000,48.04,4.8,1746417600000,"[5e-05, 5e-05, 5e-05]",1.5999999999999999,0.03729166666666667
WAL,-0.001266,Mild,-0.000644,3.3e-05,0.000622,High,0.4197,0.4398,4.79,3.0,1000,47.89,4.79,1745064000000,"[-0.000648, -0.000602, -0.000682]",1.5966666666666667,0.02643006263048017
A8,-0.001523,Mild,5e-05,0.0,0.001573,High,0.29503,0.30917,4.79,3.0,1000,47.93,4.79,1737964800000,"[5e-05, 5e-05, 5e-05]",1.5966666666666667,0.031795407098121085
REZ,-0.001279,Mild,-0.000189,9e-05,0.00109,High,0.01523,0.01596,4.79,3.0,1000,47.93,4.79,1744358400000,"[-0.000178, -0.000304, -8.4e-05]",1.5966666666666667,0.026701461377870564
SXP,-0.00951,Strong,0.0001,0.0,0.00961,High,0.2024,0.2121,4.79,3.0,1000,47.92,4.79,1744473600000,"[0.0001, 0.0001, 0.0001]",1.5966666666666667,0.19853862212943632
ZBCN,-0.001076,Mild,-0.000161,0.000127,0.000915,High,0.001549,0.001623,4.8,3.0,1000,47.77,4.78,1740844800000,"[-0.000263, -0.000237, 1.8e-05]",1.5933333333333335,0.022416666666666665
OG,-0.001862,Mild,-8.5e-05,0.000261,0.001777,Medium,3.748,3.927,4.78,3.0,1000,47.76,4.78,1739289600000,"[0.0001, 0.0001, -0.000454]",1.5933333333333335,0.03895397489539749
MBL,-0.001255,Mild,-0.000425,0.000254,0.00083,Medium,0.002113,0.002214,4.78,3.0,1000,47.8,4.78,1741651200000,"[-0.000169, -0.000771, -0.000335]",1.5933333333333335,0.026255230125523013
RON,-0.0024,Moderate,3.2e-05,0.000201,0.002432,Medium,1.214,1.272,4.78,3.0,1000,47.78,4.78,1739462400000,"[2.9e-05, -0.000213, 0.00028]",1.5933333333333335,0.050209205020920494
1000BTT,-0.001,Mild,-0.000209,0.000179,0.000791,High,0.000692,0.000725,4.83,3.0,1000,47.69,4.77,1742284800000,"[-0.000132, -0.000457, -3.9e-05]",1.5899999999999999,0.020703933747412008
JST,-0.002059,Moderate,-0.000815,0.000205,0.001244,Medium,0.02538,0.02659,4.77,3.0,1000,47.68,4.77,1723046400000,"[-0.00094, -0.000526, -0.000979]",1.5899999999999999,0.043165618448637325
BROCCOLI,-0.001719,Mild,-5e-05,0.000141,0.001669,High,0.03288,0.03445,4.77,3.0,1000,47.75,4.77,1742284800000,"[5e-05, -0.000249, 5e-05]",1.5899999999999999,0.03603773584905661
XTZ,-0.002311,Moderate,0.000126,3.7e-05,0.002437,High,1.177,1.233,4.76,3.0,1000,47.58,4.76,1731974400000,"[0.0001, 0.000178, 0.0001]",1.5866666666666667,0.04855042016806723
SCA,-0.004011,Moderate,-0.001606,0.000256,0.002405,Medium,0.2524,0.2644,4.75,3.0,1000,47.54,4.75,1722643200000,"[-0.001873, -0.001685, -0.00126]",1.5833333333333333,0.08444210526315789
IDEX,-0.00182,Mild,3.3e-05,9.5e-05,0.001853,High,0.02356,0.02468,4.75,3.0,1000,47.54,4.75,1752336000000,"[-0.000101, 0.0001, 0.0001]",1.5833333333333333,0.03831578947368421
FLR,-0.00518,Strong,-5.7e-05,0.000159,0.005123,High,0.01964,0.02057,4.74,3.0,1000,47.35,4.74,1740182400000,"[-0.00028, 7.7e-05, 3.1e-05]",1.58,0.10928270042194091
JST,-0.001375,Mild,1.7e-05,0.000251,0.001392,Medium,0.02765,0.02896,4.74,3.0,1000,47.38,4.74,1722470400000,"[-0.00021, 0.000367, -0.000106]",1.58,0.029008438818565397
AUCTION,-0.002699,Moderate,-0.000708,0.000142,0.001991,High,22.83,23.91,4.73,3.0,1000,47.31,4.73,1724299200000,"[-0.000593, -0.000909, -0.000623]",1.5766666666666669,0.05706131078224101
F,-0.002285,Moderate,-0.001295,3.8e-05,0.00099,High,0.008918,0.009339,4.72,3.0,1000,47.21,4.72,1750507200000,"[-0.001323, -0.001321, -0.001241]",1.5733333333333333,0.04841101694915255
10000COQ,-0.004758,Moderate,-0.001195,0.000211,0.003563,Medium,0.00616,0.00645,4.71,3.0,1000,47.08,4.71,1744675200000,"[-0.000966, -0.001475, -0.001145]",1.57,0.10101910828025477
SIGN,-0.00139,Mild,-0.000694,0.00021,0.000696,Medium,0.0875,0.09162,4.71,3.0,1000,47.09,4.71,1746151200000,"[-0.000954, -0.000441, -0.000686]",1.57,0.029511677282377916
LAYER,-0.001073,Mild,-0.00027,8.4e-05,0.000803,High,1.5839,1.6585,4.71,3.0,1000,47.1,4.71,1743883200000,"[-0.000184, -0.000242, -0.000384]",1.57,0.022781316348195326
FORTH,-0.001052,Mild,-0.000248,0.00024,0.000804,Medium,2.783,2.914,4.71,3.0,1000,47.07,4.71,1742284800000,"[7.3e-05, -0.000313, -0.000503]",1.57,0.022335456475583864
1000BTT,-0.001146,Mild,-0.000233,9.5e-05,0.000913,High,0.000702,0.000735,4.6,3.0,1000,47.01,4.7,1742918400000,"[-0.000124, -0.000218, -0.000356]",1.5666666666666667,0.02491304347826087
OGN,-0.001119,Mild,9.7e-05,5e-06,0.001216,High,0.0915,0.0958,4.7,3.0,1000,46.99,4.7,1726358400000,"[0.0001, 9e-05, 0.0001]",1.5666666666666667,0.02380851063829787
XEM,-0.001281,Mild,-0.000727,0.000147,0.000554,High,0.01448,0.01516,4.7,3.0,1000,46.96,4.7,1744128000000,"[-0.000814, -0.00052, -0.000848]",1.5666666666666667,0.02725531914893617
ETHW,-0.001443,Mild,-4.3e-05,7.7e-05,0.0014,High,3.137,3.284,4.69,3.0,1000,46.86,4.69,1730073600000,"[6.2e-05, -0.00012, -7.1e-05]",1.5633333333333335,0.030767590618336886
JST,-0.001208,Mild,-0.000274,9.8e-05,0.000934,High,0.03351,0.03508,4.69,3.0,1000,46.85,4.69,1749484800000,"[-0.000411, -0.000223, -0.000188]",1.5633333333333335,0.02575692963752665
AGLD,-0.004806,Moderate,4.9e-05,7.3e-05,0.004855,High,1.2677,1.3272,4.69,3.0,1000,46.94,4.69,1739808000000,"[-5.4e-05, 0.0001, 0.0001]",1.5633333333333335,0.10247334754797441
NXPC,-0.001213,Mild,-6.4e-05,0.000106,0.001149,High,2.625,2.748,4.69,3.0,1000,46.86,4.69,1747382400000,"[-0.000206, 5e-05, -3.5e-05]",1.5633333333333335,0.025863539445628997
MOBILE,-0.00121,Mild,3.6e-05,9.1e-05,0.001246,High,0.000555,0.000581,4.81,3.0,1000,46.85,4.68,1739894400000,"[-9.3e-05, 0.0001, 0.0001]",1.5599999999999998,0.025155925155925157
CARV,-0.001288,Mild,-0.000471,0.00013,0.000817,High,0.2649,0.2773,4.68,3.0,1000,46.81,4.68,1751842800000,"[-0.000365, -0.000393, -0.000654]",1.5599999999999998,0.027521367521367527
COOKIE,-0.001857,Mild,-0.00115,0.000189,0.000707,High,0.1776,0.1859,4.67,3.0,1000,46.73,4.67,1745956800000,"[-0.001417, -0.001025, -0.001008]",1.5566666666666666,0.0397644539614561
NS,-0.00113,Mild,0.0001,0.0,0.00123,High,0.2144,0.2244,4.66,3.0,1000,46.64,4.66,1734912000000,"[0.0001, 0.0001, 0.0001]",1.5533333333333335,0.024248927038626605
BADGER,-0.00161,Mild,-0.000195,0.000277,0.001415,Medium,0.859,0.899,4.66,3.0,1000,46.57,4.66,1744444800000,"[-0.000582, -5.3e-05, 5e-05]",1.5533333333333335,0.03454935622317597
HOME,-0.00287,Moderate,-0.002171,0.000172,0.000699,High,0.02661,0.02785,4.66,3.0,1000,46.6,4.66,1750017600000,"[-0.002052, -0.002415, -0.002047]",1.5533333333333335,0.06158798283261802
MAVIA,-0.001946,Mild,-1.8e-05,8.2e-05,0.001928,High,0.4533,0.4744,4.65,3.0,1000,46.55,4.65,1743076800000,"[-0.000134, 3e-05, 5e-05]",1.55,0.041849462365591394
XEM,-0.001761,Mild,-0.00033,4.3e-05,0.001431,High,0.00666,0.00697,4.65,3.0,1000,46.55,4.65,1750467600000,"[-0.000355, -0.000365, -0.00027]",1.55,0.03787096774193548
BLUM,-0.002725,Moderate,-8.5e-05,2.6e-05,0.00264,High,0.086,0.09,4.65,3.0,1000,46.51,4.65,1751547600000,"[-0.000121, -7.1e-05, -6.3e-05]",1.55,0.0586021505376344
UXLINK,-0.001036,Mild,-0.00028,0.000116,0.000756,High,1.1831,1.2381,4.65,3.0,1000,46.49,4.65,1736928000000,"[-0.000351, -0.000373, -0.000117]",1.55,0.022279569892473115
OBT,-0.001563,Mild,2.9e-05,2.9e-05,0.001592,High,0.01289,0.01349,4.65,3.0,1000,46.55,4.65,1745856000000,"[5e-05, -1.2e-05, 5e-05]",1.55,0.03361290322580644
ENA,-0.001333,Mild,-0.000401,6.2e-05,0.000932,High,0.6557,0.6861,4.64,3.0,1000,46.36,4.64,1738612800000,"[-0.000375, -0.000486, -0.000342]",1.5466666666666666,0.02872844827586207
ZBCN,-0.00937,Strong,-0.001347,0.000185,0.008023,High,0.00084,0.000879,4.64,3.0,1000,46.43,4.64,1744704000000,"[-0.001563, -0.00111, -0.001367]",1.5466666666666666,0.2019396551724138
RON,-0.001299,Mild,-0.000226,0.000267,0.001073,Medium,0.895,0.9365,4.64,3.0,1000,46.37,4.64,1741075200000,"[-0.000603, -5.1e-05, -2.4e-05]",1.5466666666666666,0.027995689655172417
ERA,-0.00327,Moderate,-0.00083,7.3e-05,0.00244,High,1.2223,1.2789,4.63,3.0,1000,46.31,4.63,1752930000000,"[-0.000814, -0.000749, -0.000926]",1.5433333333333332,0.07062634989200864
BLAST,-0.001963,Mild,-0.000217,0.000193,0.001746,High,0.002204,0.002306,4.63,3.0,1000,46.28,4.63,1750665600000,"[-2.3e-05, -0.000149, -0.00048]",1.5433333333333332,0.04239740820734341
CARV,-0.002948,Moderate,-0.000521,0.000268,0.002427,Medium,0.3776,0.3951,4.63,3.0,1000,46.35,4.63,1746129600000,"[-0.000699, -0.000143, -0.000722]",1.5433333333333332,0.06367170626349893
XCN,-0.003685,Moderate,-9.1e-05,0.000271,0.003594,Medium,0.00134,0.001402,4.63,3.0,1000,46.27,4.63,1723564800000,"[0.0001, -0.000474, 0.0001]",1.5433333333333332,0.07958963282937365
WHITE,-0.010062,Strong,-9.6e-05,0.000147,0.009966,High,0.002058,0.002153,4.63,3.0,1000,46.16,4.62,1748808000000,"[-0.0002, 0.000112, -0.0002]",1.54,0.2173218142548596
BLAST,-0.001572,Mild,-0.000486,0.0002,0.001086,Medium,0.003119,0.003263,4.62,3.0,1000,46.17,4.62,1742140800000,"[-0.000747, -0.00045, -0.000261]",1.54,0.03402597402597403
1000BTT,-0.001464,Mild,-0.000908,0.000273,0.000556,Medium,0.000716,0.000749,4.69,3.0,1000,46.09,4.61,1740470400000,"[-0.000698, -0.000733, -0.001293]",1.5366666666666668,0.031215351812366735
ONG,-0.002897,Moderate,5e-05,0.0,0.002947,High,0.3989,0.4173,4.61,3.0,1000,46.13,4.61,1718251200000,"[5e-05, 5e-05, 5e-05]",1.5366666666666668,0.06284164859002168
BANANA,-0.001291,Mild,5e-05,0.0,0.001341,High,22.85,23.9,4.6,3.0,1000,45.95,4.6,1752508800000,"[5e-05, 5e-05, 5e-05]",1.5333333333333332,0.02806521739130435
BROCCOLI,-0.001794,Mild,-0.000855,0.000146,0.000939,High,0.03547,0.0371,4.6,3.0,1000,45.95,4.6,1741248000000,"[-0.000897, -0.001009, -0.000659]",1.5333333333333332,0.039
SNT,-0.002815,Moderate,-0.000105,0.00029,0.00271,Medium,0.04444,0.04648,4.59,3.0,1000,45.9,4.59,1735372800000,"[0.0001, 0.0001, -0.000515]",1.53,0.06132897603485839
SC,-0.001236,Mild,-0.000212,0.000272,0.001024,Medium,0.005163,0.0054,4.59,3.0,1000,45.9,4.59,1721692800000,"[5e-05, -0.000587, -0.0001]",1.53,0.026928104575163397
1000BTT,-0.001709,Mild,-4.3e-05,0.000101,0.001666,High,0.000828,0.000866,4.63,3.0,1000,45.89,4.59,1721923200000,"[-0.000122, -0.000107, 0.0001]",1.53,0.03691144708423326
VANA,-0.002418,Moderate,-0.000235,0.000208,0.002183,Medium,6.77,7.08,4.58,3.0,1000,45.79,4.58,1738540800000,"[-0.000522, -3.4e-05, -0.00015]",1.5266666666666666,0.05279475982532751
ARPA,-0.001397,Mild,2.2e-05,6.5e-05,0.001419,High,0.03633,0.03799,4.57,3.0,1000,45.69,4.57,1738944000000,"[2.7e-05, -6e-05, 0.0001]",1.5233333333333334,0.030568927789934353
RARE,-0.001045,Mild,-0.000295,0.00017,0.00075,High,0.05737,0.05999,4.57,3.0,1000,45.67,4.57,1745265600000,"[-6.2e-05, -0.000364, -0.00046]",1.5233333333333334,0.022866520787746168
MTL,-0.002867,Moderate,2e-06,0.000139,0.002869,High,1.5371,1.6072,4.56,3.0,1000,45.61,4.56,1713052800000,"[0.0001, -0.000195, 0.0001]",1.5199999999999998,0.06287280701754387
SXP,-0.001291,Mild,0.0001,0.0,0.001391,High,0.226,0.2363,4.56,3.0,1000,45.58,4.56,1727942400000,"[0.0001, 0.0001, 0.0001]",1.5199999999999998,0.028311403508771933
XEM,-0.00121,Mild,-0.000218,0.000226,0.000992,Medium,0.01974,0.02064,4.56,3.0,1000,45.59,4.56,1741305600000,"[8.3e-05, -0.000277, -0.00046]",1.5199999999999998,0.02653508771929825
FLOCK,-0.001784,Mild,-2e-05,4.5e-05,0.001764,High,0.2459,0.2571,4.55,3.0,1000,45.55,4.55,1749078000000,"[-8.4e-05, 1.2e-05, 1.2e-05]",1.5166666666666666,0.039208791208791206
BROCCOLI,-0.00211,Moderate,-0.000283,0.000192,0.001827,High,0.03605,0.03769,4.55,3.0,1000,45.49,4.55,1742198400000,"[-8.6e-05, -0.000219, -0.000544]",1.5166666666666666,0.046373626373626374
LPT,-0.001054,Mild,-0.000164,0.000174,0.00089,High,3.959,4.139,4.55,3.0,1000,45.47,4.55,1744128000000,"[-3e-06, -0.000405, -8.4e-05]",1.5166666666666666,0.023164835164835165
D,-0.003152,Moderate,5e-05,0.0,0.003202,High,0.04269,0.04463,4.54,3.0,1000,45.44,4.54,1745049600000,"[5e-05, 5e-05, 5e-05]",1.5133333333333334,0.06942731277533039
DYM,-0.001837,Mild,-1.5e-05,7.4e-05,0.001822,High,4.038,4.221,4.53,3.0,1000,45.32,4.53,1713542400000,"[2.5e-05, 5e-05, -0.000119]",1.51,0.04055187637969095
TOSHI,-0.002556,Moderate,5e-05,0.0,0.002606,High,0.000265,0.000277,4.68,3.0,1000,45.28,4.53,1743868800000,"[5e-05, 5e-05, 5e-05]",1.51,0.05461538461538462
PUNDIX,-0.001621,Mild,9e-05,0.000155,0.001711,High,0.5235,0.5472,4.53,3.0,1000,45.27,4.53,1746014400000,"[-0.000129, 0.0002, 0.0002]",1.51,0.035783664459161146
QI,-0.001393,Mild,-0.000293,0.000298,0.0011,Medium,0.0073,0.00763,4.52,3.0,1000,45.21,4.52,1743897600000,"[-0.000621, 0.0001, -0.000358]",1.5066666666666666,0.030818584070796462
SNT,-0.001484,Mild,-0.000448,0.000242,0.001036,Medium,0.02613,0.02731,4.52,3.0,1000,45.16,4.52,1751414400000,"[-0.000406, -0.000175, -0.000764]",1.5066666666666666,0.03283185840707965
RAD,-0.005462,Strong,-0.00018,0.000274,0.005282,Medium,1.351,1.412,4.52,3.0,1000,45.15,4.52,1719763200000,"[0.0001, -8.8e-05, -0.000553]",1.5066666666666666,0.12084070796460178
SYS,-0.002156,Moderate,-0.001559,0.000223,0.000597,Medium,0.03475,0.03632,4.52,3.0,1000,45.18,4.52,1744041600000,"[-0.001252, -0.001648, -0.001776]",1.5066666666666666,0.047699115044247786
OXT,-0.003281,Moderate,0.0001,0.0,0.003381,High,0.07673,0.08019,4.51,3.0,1000,45.09,4.51,1721059200000,"[0.0001, 0.0001, 0.0001]",1.5033333333333332,0.07274944567627495
JST,-0.001284,Mild,-0.000406,4.2e-05,0.000878,High,0.03346,0.03497,4.51,3.0,1000,45.13,4.51,1739174400000,"[-0.000383, -0.000464, -0.00037]",1.5033333333333332,0.028470066518847006
SOONNETWORK,-0.001212,Mild,-0.000706,0.000275,0.000506,Medium,0.2151,0.2248,4.51,3.0,1000,45.1,4.51,1749744000000,"[-0.000417, -0.000625, -0.001075]",1.5033333333333332,0.02687361419068736
1000BTT,-0.002119,Moderate,-0.000104,0.000186,0.002015,High,0.000843,0.000881,4.52,3.0,1000,45.08,4.51,1724803200000,"[-0.000365, 5.6e-05, -4e-06]",1.5033333333333332,0.04688053097345132
AERGO,-0.001168,Mild,-0.000574,0.000148,0.000594,High,0.10796,0.11282,4.5,3.0,1000,45.02,4.5,1749801600000,"[-0.000758, -0.000396, -0.000569]",1.5,0.025955555555555555
ONG,-0.001007,Mild,6e-06,6.3e-05,0.001013,High,0.2533,0.2647,4.5,3.0,1000,45.01,4.5,1739865600000,"[-8.3e-05, 5e-05, 5e-05]",1.5,0.02237777777777778
OM,-0.00192,Mild,-0.000205,0.000111,0.001715,High,0.71447,0.74662,4.5,3.0,1000,45.0,4.5,1713513600000,"[-6.2e-05, -0.000333, -0.000219]",1.5,0.04266666666666667
NEWT,-0.002008,Moderate,-0.000965,0.00023,0.001043,Medium,0.381,0.3981,4.49,3.0,1000,44.88,4.49,1750986000000,"[-0.001277, -0.000729, -0.000888]",1.4966666666666668,0.044721603563474384
XTZ,-0.001182,Mild,-0.000601,0.000239,0.000581,Medium,0.535,0.559,4.49,3.0,1000,44.86,4.49,1744444800000,"[-0.000649, -0.000287, -0.000867]",1.4966666666666668,0.026325167037861915
XEM,-0.001784,Mild,-0.000555,0.000167,0.001229,High,0.02759,0.02883,4.49,3.0,1000,44.94,4.49,1736150400000,"[-0.00037, -0.000774, -0.000522]",1.4966666666666668,0.03973273942093541
VANA,-0.001205,Mild,5e-05,0.0,0.001255,High,6.46,6.75,4.49,3.0,1000,44.89,4.49,1740168000000,"[5e-05, 5e-05, 5e-05]",1.4966666666666668,0.026837416481069038
PUNDIX,-0.001104,Mild,-6.3e-05,0.00016,0.001041,High,0.4642,0.485,4.48,3.0,1000,44.81,4.48,1747396800000,"[5e-05, 5e-05, -0.000289]",1.4933333333333334,0.024642857142857136
CARV,-0.00514,Strong,-0.001985,6e-05,0.003155,High,0.8398,0.8774,4.48,3.0,1000,44.77,4.48,1731484800000,"[-0.002034, -0.00202, -0.0019]",1.4933333333333334,0.11473214285714284
SOONNETWORK,-0.001257,Mild,7e-06,6e-05,0.001264,High,0.2054,0.2146,4.48,3.0,1000,44.79,4.48,1749974400000,"[5e-05, -7.8e-05, 5e-05]",1.4933333333333334,0.028058035714285712
MOCA,-0.002109,Moderate,-9.8e-05,0.000149,0.002011,High,0.123,0.1285,4.47,3.0,1000,44.72,4.47,1722297600000,"[-0.000133, 0.0001, -0.000261]",1.49,0.04718120805369128
GNO,-0.0041,Moderate,-6.8e-05,0.000238,0.004032,Medium,107.4,112.2,4.47,3.0,1000,44.69,4.47,1745020800000,"[-0.000404, 0.0001, 0.0001]",1.49,0.09172259507829979
MLN,-0.001013,Mild,-4.8e-05,7.3e-05,0.000965,High,8.51,8.89,4.47,3.0,1000,44.65,4.47,1744588800000,"[5e-05, -0.000124, -7e-05]",1.49,0.02266219239373602
F,-0.001235,Mild,-0.000722,0.000279,0.000513,Medium,0.008828,0.009222,4.46,3.0,1000,44.63,4.46,1751616000000,"[-0.001075, -0.000394, -0.000696]",1.4866666666666666,0.027690582959641254
CELO,-0.001306,Mild,2.1e-05,0.000111,0.001327,High,0.652,0.681,4.45,3.0,1000,44.48,4.45,1727280000000,"[-0.000136, 0.0001, 0.0001]",1.4833333333333334,0.02934831460674157
IOST,-0.02,Strong,-0.000211,3.6e-05,0.019789,High,0.005239,0.005472,4.45,3.0,1000,44.47,4.45,1741622400000,"[-0.000163, -0.000248, -0.000222]",1.4833333333333334,0.449438202247191
AUDIO,-0.001555,Mild,1.9e-05,0.000115,0.001574,High,0.1507,0.1574,4.45,3.0,1000,44.46,4.45,1718697600000,"[-0.000143, 0.0001, 0.0001]",1.4833333333333334,0.0349438202247191
COMP,-0.001241,Mild,-9.8e-05,0.000103,0.001143,High,75.95,79.32,4.44,3.0,1000,44.37,4.44,1736496000000,"[-5.6e-05, 3e-06, -0.00024]",1.4800000000000002,0.027950450450450446
MDT,-0.002229,Moderate,0.0001,0.0,0.002329,High,0.02948,0.03079,4.44,3.0,1000,44.44,4.44,1742486400000,"[0.0001, 0.0001, 0.0001]",1.4800000000000002,0.0502027027027027
FLOCK,-0.001438,Mild,5e-05,0.0,0.001488,High,0.0496,0.0518,4.44,3.0,1000,44.35,4.44,1744819200000,"[5e-05, 5e-05, 5e-05]",1.4800000000000002,0.03238738738738739
OSMO,-0.00121,Mild,0.0001,0.0,0.00131,High,0.474,0.495,4.43,3.0,1000,44.3,4.43,1720339200000,"[0.0001, 0.0001, 0.0001]",1.4766666666666666,0.027313769751693
GMT,-0.001075,Mild,-9.7e-05,7.8e-05,0.000978,High,0.1627,0.1699,4.43,3.0,1000,44.25,4.43,1736150400000,"[-2.4e-05, -0.000205, -6.3e-05]",1.4766666666666666,0.024266365688487584
L3,-0.002064,Moderate,-0.000329,0.000198,0.001735,High,0.08487,0.08863,4.43,3.0,1000,44.3,4.43,1735200000000,"[-0.000565, -0.000343, -8e-05]",1.4766666666666666,0.04659142212189616
POWR,-0.001089,Mild,5e-05,0.0,0.001139,High,0.3032,0.3166,4.42,3.0,1000,44.2,4.42,1736064000000,"[5e-05, 5e-05, 5e-05]",1.4733333333333334,0.024638009049773757
AERO,-0.001162,Mild,-0.000389,0.000155,0.000773,High,0.498,0.52,4.42,3.0,1000,44.18,4.42,1749153600000,"[-0.00017, -0.000498, -0.0005]",1.4733333333333334,0.026289592760181
STG,-0.005769,Strong,0.0001,0.0,0.005869,High,0.369,0.3853,4.42,3.0,1000,44.17,4.42,1731139200000,"[0.0001, 0.0001, 0.0001]",1.4733333333333334,0.13052036199095024
MVL,-0.001055,Mild,3.3e-05,5.6e-05,0.001088,High,0.003947,0.004121,4.41,3.0,1000,44.08,4.41,1739116800000,"[3.7e-05, 0.0001, -3.7e-05]",1.47,0.023922902494331065
LPT,-0.001055,Mild,-0.000206,8e-05,0.000849,High,12.464,13.014,4.41,3.0,1000,44.13,4.41,1726171200000,"[-0.000136, -0.000164, -0.000319]",1.47,0.023922902494331065
L3,-0.002693,Moderate,-0.000198,0.000284,0.002495,Medium,0.12518,0.1307,4.41,3.0,1000,44.1,4.41,1734048000000,"[-0.00058, -0.000115, 0.0001]",1.47,0.06106575963718821
RSS3,-0.001559,Mild,-0.000239,0.000241,0.00132,Medium,0.1022,0.1067,4.4,3.0,1000,44.03,4.4,1725609600000,"[0.0001, -0.000371, -0.000445]",1.4666666666666668,0.03543181818181818
XTZ,-0.00246,Moderate,-0.000155,0.000118,0.002305,High,0.636,0.664,4.4,3.0,1000,44.03,4.4,1743638400000,"[-0.000145, -0.000304, -1.6e-05]",1.4666666666666668,0.0559090909090909
A8,-0.001219,Mild,-0.000158,0.000294,0.001061,Medium,0.10111,0.10556,4.4,3.0,1000,44.01,4.4,1751731200000,"[-0.000574, 5e-05, 5e-05]",1.4666666666666668,0.027704545454545454
FB,-0.001192,Mild,-0.000618,0.00021,0.000574,Medium,0.637,0.665,4.4,3.0,1000,43.96,4.4,1744732800000,"[-0.0007, -0.000329, -0.000824]",1.4666666666666668,0.027090909090909086
BLAST,-0.001222,Mild,-2.6e-05,0.000171,0.001196,High,0.002452,0.00256,4.4,3.0,1000,44.05,4.4,1752336000000,"[8.9e-05, -0.000268, 0.0001]",1.4666666666666668,0.02777272727272727
AMP,-0.00119,Mild,-0.000288,0.000286,0.000902,Medium,0.003304,0.003449,4.39,3.0,1000,43.89,4.39,1744099200000,"[-0.000565, -0.000405, 0.000105]",1.4633333333333332,0.027107061503416862
1000BTT,-0.001766,Mild,-0.000335,0.000229,0.001431,Medium,0.000751,0.000784,4.38,3.0,1000,43.94,4.39,1720396800000,"[-0.000139, -0.000657, -0.00021]",1.4633333333333332,0.04031963470319635
ALEO,-0.001917,Mild,0.0001,0.0,0.002017,High,1.142,1.192,4.38,3.0,1000,43.78,4.38,1734796800000,"[0.0001, 0.0001, 0.0001]",1.46,0.04376712328767124
REQ,-0.002749,Moderate,0.0001,0.0,0.002849,High,0.11793,0.1231,4.38,3.0,1000,43.84,4.38,1741075200000,"[0.0001, 0.0001, 0.0001]",1.46,0.06276255707762557
SCA,-0.001887,Mild,-0.000211,0.000262,0.001676,Medium,0.571,0.596,4.38,3.0,1000,43.78,4.38,1718179200000,"[-0.000578, 1.2e-05, -6.6e-05]",1.46,0.04308219178082192
LPT,-0.001033,Mild,-0.000283,0.000108,0.00075,High,8.043,8.395,4.38,3.0,1000,43.76,4.38,1749366000000,"[-0.000231, -0.000185, -0.000434]",1.46,0.02358447488584475
XCN,-0.001816,Mild,-0.000569,4.5e-05,0.001247,High,0.018337,0.01914,4.38,3.0,1000,43.79,4.38,1745049600000,"[-0.000506, -0.00061, -0.000591]",1.46,0.04146118721461187
ROAM,-0.001409,Mild,-0.0003,0.000243,0.001109,Medium,0.1329,0.1387,4.36,3.0,1000,43.64,4.36,1750924800000,"[-0.000617, -0.000258, -2.6e-05]",1.4533333333333334,0.032316513761467894
XCN,-0.001167,Mild,1e-06,6.9e-05,0.001168,High,0.018449,0.019254,4.36,3.0,1000,43.63,4.36,1744992000000,"[-9.6e-05, 5e-05, 5e-05]",1.4533333333333334,0.02676605504587156
DYM,-0.001114,Mild,-0.000211,0.000145,0.000903,High,2.139,2.232,4.35,3.0,1000,43.48,4.35,1721376000000,"[-0.000284, -9e-06, -0.000341]",1.45,0.025609195402298852
ARPA,-0.001668,Mild,6.3e-05,3.6e-05,0.001731,High,0.04048,0.04224,4.35,3.0,1000,43.48,4.35,1726099200000,"[1.4e-05, 7.4e-05, 0.0001]",1.45,0.0383448275862069
RAD,-0.00121,Mild,-0.000152,0.000149,0.001058,High,0.7863,0.8205,4.35,3.0,1000,43.49,4.35,1745798400000,"[3.3e-05, -0.000331, -0.000157]",1.45,0.02781609195402299
XEM,-0.001801,Mild,-0.000336,0.00024,0.001465,Medium,0.023,0.024,4.35,3.0,1000,43.48,4.35,1723276800000,"[-0.000325, -4.7e-05, -0.000635]",1.45,0.04140229885057472
T,-0.00136,Mild,-0.000108,0.000173,0.001252,High,0.01656,0.01728,4.35,3.0,1000,43.48,4.35,1741593600000,"[-0.000332, -8e-05, 8.9e-05]",1.45,0.03126436781609196
L3,-0.001424,Mild,2.2e-05,5.5e-05,0.001446,High,0.08368,0.08731,4.34,3.0,1000,43.38,4.34,1743840000000,"[-1.8e-05, -1.7e-05, 0.0001]",1.4466666666666665,0.032811059907834096
ONDO,-0.001425,Mild,-0.000744,0.000147,0.000681,High,0.7163,0.7474,4.34,3.0,1000,43.42,4.34,1722916800000,"[-0.000613, -0.00067, -0.00095]",1.4466666666666665,0.03283410138248848
COW,-0.02,Strong,8e-06,5.9e-05,0.020008,High,0.4462,0.4655,4.33,3.0,1000,43.25,4.33,1740484800000,"[5e-05, 5e-05, -7.5e-05]",1.4433333333333334,0.4618937644341802
1000BTT,-0.001193,Mild,-0.000671,0.000123,0.000522,High,0.000716,0.000747,4.43,3.0,1000,43.3,4.33,1723046400000,"[-0.000521, -0.000822, -0.000669]",1.4433333333333334,0.026930022573363434
AVAIL,-0.001022,Mild,-0.000253,0.00025,0.000769,Medium,0.0254,0.0265,4.33,3.0,1000,43.31,4.33,1743638400000,"[0.0001, -0.000419, -0.00044]",1.4433333333333334,0.023602771362586605
ICX,-0.001492,Mild,-0.00056,0.000248,0.000932,Medium,0.1248,0.1302,4.33,3.0,1000,43.27,4.33,1748649600000,"[-0.000243, -0.000588, -0.000849]",1.4433333333333334,0.03445727482678984
AIOZ,-0.003303,Moderate,-0.001287,0.000149,0.002016,High,0.4125,0.4303,4.32,3.0,1000,43.15,4.32,1745942400000,"[-0.001091, -0.00132, -0.001451]",1.4400000000000002,0.07645833333333332
XEM,-0.002772,Moderate,-0.000218,0.000206,0.002554,Medium,0.01878,0.01959,4.31,3.0,1000,43.13,4.31,1747123200000,"[6.5e-05, -0.000303, -0.000417]",1.4366666666666665,0.06431554524361949
ALPINE,-0.001088,Mild,5e-05,0.0,0.001138,High,0.929,0.969,4.31,3.0,1000,43.06,4.31,1747598400000,"[5e-05, 5e-05, 5e-05]",1.4366666666666665,0.025243619489559166
SNT,-0.001526,Mild,-0.000711,0.00018,0.000815,High,0.02601,0.02713,4.31,3.0,1000,43.06,4.31,1719705600000,"[-0.000561, -0.000608, -0.000964]",1.4366666666666665,0.03540603248259861
RON,-0.001277,Mild,-0.000332,0.000177,0.000945,High,2.002,2.088,4.3,3.0,1000,42.96,4.3,1721952000000,"[-0.000361, -0.000532, -0.000102]",1.4333333333333333,0.02969767441860465
STEEM,-0.002227,Moderate,-0.001431,4.5e-05,0.000796,High,0.2255,0.2352,4.3,3.0,1000,43.02,4.3,1737849600000,"[-0.001385, -0.001415, -0.001492]",1.4333333333333333,0.05179069767441861
JST,-0.001054,Mild,-0.000285,0.000139,0.000769,High,0.0272,0.02837,4.3,3.0,1000,43.01,4.3,1726675200000,"[-0.000229, -0.000149, -0.000476]",1.4333333333333333,0.02451162790697675
XEM,-0.001048,Mild,-0.000406,0.000263,0.000642,Medium,0.01909,0.01991,4.3,3.0,1000,42.95,4.3,1746950400000,"[-5.2e-05, -0.000485, -0.000682]",1.4333333333333333,0.02437209302325582
MASK,-0.0075,Strong,-0.000235,0.000198,0.007265,High,1.818,1.896,4.29,3.0,1000,42.9,4.29,1749254400000,"[-0.000512, -0.000133, -5.9e-05]",1.43,0.17482517482517482
1000BTT,-0.001782,Mild,-0.000235,0.000269,0.001547,Medium,0.001328,0.001385,4.25,3.0,1000,42.92,4.29,1714118400000,"[0.0001, -0.000246, -0.000558]",1.43,0.041929411764705875
PEAQ,-0.001555,Mild,0.0001,0.0,0.001655,High,0.0746,0.0778,4.29,3.0,1000,42.9,4.29,1752076800000,"[0.0001, 0.0001, 0.0001]",1.43,0.036247086247086245
GNO,-0.001473,Mild,4.3e-05,4.1e-05,0.001516,High,140.0,146.0,4.29,3.0,1000,42.86,4.29,1741161600000,"[0.0001, 2.7e-05, 3e-06]",1.43,0.03433566433566433
BEAMX,-0.001144,Mild,3.7e-05,1.8e-05,0.001181,High,0.018164,0.018944,4.29,3.0,1000,42.94,4.29,1719892800000,"[1.1e-05, 5e-05, 5e-05]",1.43,0.02666666666666667
FLOCK,-0.001476,Mild,-0.000153,0.000287,0.001323,Medium,0.0932,0.0972,4.29,3.0,1000,42.92,4.29,1738512000000,"[-0.000559, 5e-05, 5e-05]",1.43,0.03440559440559441
MOBILE,-0.002399,Moderate,4e-05,8.5e-05,0.002439,High,0.001122,0.00117,4.21,3.0,1000,42.78,4.28,1734739200000,"[0.0001, -8e-05, 0.0001]",1.4266666666666667,0.056983372921615205
AMP,-0.00168,Mild,-0.00019,0.000201,0.00149,Medium,0.003825,0.003988,4.26,3.0,1000,42.61,4.26,1752638400000,"[-0.000471, -1.7e-05, -8.1e-05]",1.42,0.03943661971830986
GNO,-0.001452,Mild,-0.000216,8.6e-05,0.001236,High,110.2,114.9,4.26,3.0,1000,42.65,4.26,1745856000000,"[-0.000209, -0.000325, -0.000114]",1.42,0.03408450704225352
ONG,-0.003776,Moderate,-0.000796,0.00025,0.00298,Medium,0.2,0.2085,4.25,3.0,1000,42.5,4.25,1744948800000,"[-0.001149, -0.000636, -0.000602]",1.4166666666666667,0.0888470588235294
SD,-0.002324,Moderate,-0.000268,0.000245,0.002056,Medium,0.6659,0.6942,4.25,3.0,1000,42.5,4.25,1739001600000,"[-0.000586, 9e-06, -0.000227]",1.4166666666666667,0.05468235294117647
AKT,-0.001148,Mild,-0.00037,0.000187,0.000778,High,1.555,1.621,4.24,3.0,1000,42.44,4.24,1740470400000,"[-0.000236, -0.000635, -0.000239]",1.4133333333333333,0.027075471698113206
PLUME,-0.001699,Mild,-1.6e-05,9.3e-05,0.001683,High,0.1487,0.155,4.24,3.0,1000,42.37,4.24,1741161600000,"[-0.000147, 5e-05, 5e-05]",1.4133333333333333,0.040070754716981134
RSS3,-0.001352,Mild,-0.000757,0.000179,0.000595,High,0.1579,0.1646,4.24,3.0,1000,42.43,4.24,1720828800000,"[-0.000996, -0.000567, -0.000707]",1.4133333333333333,0.03188679245283019
API3,-0.00196,Mild,-0.001139,0.000214,0.000821,Medium,0.7118,0.7419,4.23,3.0,1000,42.29,4.23,1744891200000,"[-0.001364, -0.001201, -0.000852]",1.4100000000000001,0.04633569739952718
SYS,-0.001365,Mild,-0.000222,0.000293,0.001143,Medium,0.04881,0.05087,4.22,3.0,1000,42.2,4.22,1741968000000,"[-8.6e-05, -0.000629, 5e-05]",1.4066666666666665,0.032345971563981044
RON,-0.001442,Mild,-9.8e-05,0.000202,0.001344,Medium,1.657,1.727,4.22,3.0,1000,42.25,4.22,1729612800000,"[0.000122, -0.000366, -5.1e-05]",1.4066666666666665,0.03417061611374408
PENDLE,-0.002034,Moderate,4.6e-05,5.9e-05,0.00208,High,2.7212,2.836,4.22,3.0,1000,42.19,4.22,1722931200000,"[8.2e-05, -3.7e-05, 9.3e-05]",1.4066666666666665,0.048199052132701425
PLUME,-0.001863,Mild,-2e-06,7.4e-05,0.001861,High,0.1447,0.1508,4.22,3.0,1000,42.16,4.22,1739894400000,"[-0.000107, 5e-05, 5e-05]",1.4066666666666665,0.04414691943127963
RARE,-0.001697,Mild,-0.000982,0.000171,0.000715,High,0.05609,0.05845,4.21,3.0,1000,42.08,4.21,1744588800000,"[-0.000749, -0.001046, -0.001152]",1.4033333333333333,0.04030878859857482
SNT,-0.001129,Mild,-0.000134,0.000152,0.000995,High,0.02942,0.03066,4.21,3.0,1000,42.15,4.21,1747800000000,"[9e-06, -6.7e-05, -0.000344]",1.4033333333333333,0.026817102137767224
BADGER,-0.014702,Strong,5e-05,0.0,0.014752,High,0.926,0.965,4.21,3.0,1000,42.12,4.21,1744099200000,"[5e-05, 5e-05, 5e-05]",1.4033333333333333,0.34921615201900236
COS,-0.001303,Mild,0.0001,0.0,0.001403,High,0.00665,0.00693,4.21,3.0,1000,42.11,4.21,1723680000000,"[0.0001, 0.0001, 0.0001]",1.4033333333333333,0.030950118764845606
XION,-0.001988,Mild,-0.000767,4.6e-05,0.001221,High,1.07,1.115,4.21,3.0,1000,42.06,4.21,1739865600000,"[-0.000743, -0.000831, -0.000727]",1.4033333333333333,0.04722090261282661
OGN,-0.001286,Mild,0.0001,0.0,0.001386,High,0.069,0.0719,4.2,3.0,1000,42.03,4.2,1748620800000,"[0.0001, 0.0001, 0.0001]",1.4000000000000001,0.03061904761904762
HIFI,-0.0013,Mild,-0.000623,0.000189,0.000677,High,0.0882,0.0919,4.2,3.0,1000,41.95,4.2,1751817600000,"[-0.000831, -0.000663, -0.000374]",1.4000000000000001,0.03095238095238095
CARV,-0.001565,Mild,0.0001,0.0,0.001665,High,0.7644,0.7965,4.2,3.0,1000,41.99,4.2,1737187200000,"[0.0001, 0.0001, 0.0001]",1.4000000000000001,0.03726190476190476
CUDIS,-0.006179,Strong,-0.005031,0.00011,0.001148,High,0.0546,0.05689,4.19,3.0,1000,41.94,4.19,1752480000000,"[-0.005104, -0.004875, -0.005113]",1.3966666666666667,0.1474701670644391
SIGN,-0.001161,Mild,-0.00048,0.000194,0.000681,High,0.08238,0.08583,4.19,3.0,1000,41.88,4.19,1746385200000,"[-0.00065, -0.000581, -0.000208]",1.3966666666666667,0.02770883054892601
STEEM,-0.002165,Moderate,-0.000403,0.0002,0.001762,Medium,0.165,0.1719,4.18,3.0,1000,41.82,4.18,1739865600000,"[-0.000497, -0.000125, -0.000588]",1.3933333333333333,0.05179425837320574
SPELL,-0.003496,Moderate,-0.000208,0.000256,0.003288,Medium,0.001196,0.001246,4.21,3.0,1000,41.81,4.18,1738742400000,"[-0.000526, -0.000197, 0.0001]",1.3933333333333333,0.08304038004750594
SOONNETWORK,-0.001213,Mild,-5.8e-05,7.7e-05,0.001155,High,0.3944,0.4109,4.18,3.0,1000,41.84,4.18,1748260800000,"[-0.000125, -9.8e-05, 5e-05]",1.3933333333333333,0.029019138755980865
CARV,-0.004389,Moderate,5e-06,0.000134,0.004394,High,0.607,0.6323,4.17,3.0,1000,41.68,4.17,1738224000000,"[0.0001, -0.000184, 0.0001]",1.39,0.10525179856115106
MYRIA,-0.001107,Mild,0.000319,0.000171,0.001426,High,0.003186,0.003319,4.17,3.0,1000,41.75,4.17,1733788800000,"[0.000518, 0.0001, 0.000338]",1.39,0.026546762589928056
LEVER,-0.001171,Mild,-0.000268,0.000277,0.000903,Medium,0.003404,0.003546,4.18,3.0,1000,41.72,4.17,1714348800000,"[-0.000643, -0.000178, 1.8e-05]",1.39,0.028014354066985648
ONG,-0.001469,Mild,-0.000569,0.000271,0.0009,Medium,0.1847,0.1924,4.17,3.0,1000,41.69,4.17,1744819200000,"[-0.000235, -0.000573, -0.000899]",1.39,0.03522781774580336
RARE,-0.002086,Moderate,7.7e-05,3.2e-05,0.002163,High,0.1155,0.1203,4.16,3.0,1000,41.56,4.16,1714752000000,"[3.2e-05, 0.0001, 0.0001]",1.3866666666666667,0.050144230769230774
OG,-0.001621,Mild,-0.000299,3.2e-05,0.001322,High,4.054,4.222,4.14,3.0,1000,41.44,4.14,1738310400000,"[-0.000254, -0.000325, -0.000317]",1.38,0.03915458937198068
HYPER,-0.003096,Moderate,-0.000475,6.8e-05,0.002621,High,0.5406,0.563,4.14,3.0,1000,41.44,4.14,1752274800000,"[-0.000417, -0.00057, -0.000438]",1.38,0.07478260869565218
FIS,-0.010031,Strong,-1.6e-05,1.3e-05,0.010015,High,0.2295,0.239,4.14,3.0,1000,41.39,4.14,1745337600000,"[-1e-05, -3.5e-05, -4e-06]",1.38,0.24229468599033815
SONIC,-0.001163,Mild,-0.000143,0.000225,0.00102,Medium,0.261,0.2718,4.14,3.0,1000,41.38,4.14,1753113600000,"[5e-05, -0.000459, -1.9e-05]",1.38,0.028091787439613526
MBL,-0.001794,Mild,-0.000716,0.000273,0.001078,Medium,0.00213,0.002218,4.13,3.0,1000,41.31,4.13,1743408000000,"[-0.001077, -0.000416, -0.000656]",1.3766666666666667,0.043438256658595645
OSMO,-0.001412,Mild,-0.000418,0.000171,0.000994,High,0.4048,0.4215,4.13,3.0,1000,41.25,4.13,1724860800000,"[-0.000508, -0.000567, -0.000179]",1.3766666666666667,0.034188861985472156
1000BTT,-0.001709,Mild,3.2e-05,9.6e-05,0.001741,High,0.000872,0.000908,4.08,3.0,1000,41.28,4.13,1721376000000,"[0.0001, 0.0001, -0.000104]",1.3766666666666667,0.04188725490196078
ANIME,-0.003314,Moderate,-0.000504,0.000292,0.00281,Medium,0.0242,0.0252,4.13,3.0,1000,41.32,4.13,1740456000000,"[-0.000162, -0.000474, -0.000876]",1.3766666666666667,0.08024213075060534
KAITO,-0.00133,Mild,-0.000718,7.8e-05,0.000612,High,1.9134,1.9925,4.13,3.0,1000,41.34,4.13,1747195200000,"[-0.000685, -0.000643, -0.000825]",1.3766666666666667,0.03220338983050848
F,-0.003112,Moderate,0.0001,0.0,0.003212,High,0.0387,0.0403,4.13,3.0,1000,41.34,4.13,1740182400000,"[0.0001, 0.0001, 0.0001]",1.3766666666666667,0.07535108958837773
HIVE,-0.005101,Strong,-0.000728,0.000163,0.004373,High,0.301,0.3134,4.12,3.0,1000,41.2,4.12,1740888000000,"[-0.000543, -0.000939, -0.000703]",1.3733333333333333,0.12381067961165047
SCA,-0.003087,Moderate,0.0001,0.0,0.003187,High,0.778,0.81,4.11,3.0,1000,41.13,4.11,1712966400000,"[0.0001, 0.0001, 0.0001]",1.37,0.07510948905109488
MBL,-0.001228,Mild,6.1e-05,5.5e-05,0.001289,High,0.002897,0.003016,4.11,3.0,1000,41.08,4.11,1722240000000,"[-1.6e-05, 0.0001, 0.0001]",1.37,0.02987834549878345
CARV,-0.002096,Moderate,-3.3e-05,3.5e-05,0.002063,High,0.3212,0.3344,4.11,3.0,1000,41.1,4.11,1753178400000,"[-3.8e-05, -7.4e-05, 1.2e-05]",1.37,0.050997566909975665
XCN,-0.001035,Mild,-0.000299,0.000258,0.000736,Medium,0.00129,0.001343,4.11,3.0,1000,41.09,4.11,1730361600000,"[-0.0005, -0.000462, 6.6e-05]",1.37,0.025182481751824814
QI,-0.001179,Mild,0.0001,0.0,0.001279,High,0.0258,0.02686,4.11,3.0,1000,41.09,4.11,1709078400000,"[0.0001, 0.0001, 0.0001]",1.37,0.02868613138686131
LPT,-0.001411,Mild,-0.000736,0.000226,0.000675,Medium,9.008,9.377,4.1,3.0,1000,40.96,4.1,1748768400000,"[-0.000505, -0.000661, -0.001042]",1.3666666666666665,0.034414634146341466
CTK,-0.001782,Mild,5e-05,0.0,0.001832,High,0.7493,0.78,4.1,3.0,1000,40.97,4.1,1731326400000,"[5e-05, 5e-05, 5e-05]",1.3666666666666665,0.043463414634146345
ONDO,-0.001154,Mild,-0.000255,4.8e-05,0.000899,High,1.1954,1.2444,4.1,3.0,1000,40.99,4.1,1736784000000,"[-0.000187, -0.000282, -0.000295]",1.3666666666666665,0.02814634146341464
MBL,-0.001227,Mild,-3.7e-05,9.7e-05,0.00119,High,0.002441,0.002541,4.1,3.0,1000,40.97,4.1,1721116800000,"[0.0001, -0.000113, -9.9e-05]",1.3666666666666665,0.02992682926829269
AERO,-0.001019,Mild,-0.000506,0.000227,0.000513,Medium,0.904,0.941,4.09,3.0,1000,40.93,4.09,1738900800000,"[-0.000326, -0.000366, -0.000826]",1.3633333333333333,0.02491442542787286
CTK,-0.001267,Mild,-0.000644,0.000198,0.000623,High,0.8192,0.8526,4.08,3.0,1000,40.77,4.08,1734508800000,"[-0.000924, -0.000508, -0.000499]",1.36,0.031053921568627445
TOKEN,-0.001291,Mild,-0.000662,0.000108,0.000629,High,0.04923,0.05124,4.08,3.0,1000,40.83,4.08,1736625600000,"[-0.000667, -0.000792, -0.000527]",1.36,0.031642156862745095
RSS3,-0.001557,Mild,-8e-06,9.2e-05,0.001549,High,0.2533,0.2636,4.07,3.0,1000,40.66,4.07,1719475200000,"[0.0001, 1e-06, -0.000125]",1.3566666666666667,0.038255528255528255
DYM,-0.003117,Moderate,-0.000324,0.000226,0.002793,Medium,0.27,0.281,4.07,3.0,1000,40.74,4.07,1744718400000,"[-0.000587, -3.6e-05, -0.000348]",1.3566666666666667,0.07658476658476658
GAS,-0.001479,Mild,2.6e-05,2.9e-05,0.001505,High,4.507,4.69,4.06,3.0,1000,40.6,4.06,1728561600000,"[-1.4e-05, 4.3e-05, 5e-05]",1.3533333333333333,0.036428571428571435
HARRY,-0.001124,Mild,-0.000134,0.000201,0.00099,Medium,0.0667,0.0694,4.05,3.0,1000,40.48,4.05,1750896000000,"[-0.00039, -0.000112, 0.0001]",1.3499999999999999,0.027753086419753086
MOBILE,-0.001379,Mild,-1.3e-05,0.000159,0.001366,High,0.000395,0.000411,4.1,3.0,1000,40.51,4.05,1748649600000,"[0.0001, 0.0001, -0.000238]",1.3499999999999999,0.03363414634146342
HIFI,-0.001997,Mild,5e-05,0.0,0.002047,High,0.1362,0.1417,4.04,3.0,1000,40.38,4.04,1750996800000,"[5e-05, 5e-05, 5e-05]",1.3466666666666667,0.04943069306930693
AERO,-0.001014,Mild,-0.00021,7e-05,0.000804,High,0.695,0.723,4.03,3.0,1000,40.29,4.03,1723305600000,"[-0.000305, -0.00014, -0.000186]",1.3433333333333335,0.025161290322580642
BLAST,-0.001255,Mild,3.2e-05,9.6e-05,0.001287,High,0.003223,0.003353,4.03,3.0,1000,40.34,4.03,1753084800000,"[0.0001, 0.0001, -0.000104]",1.3433333333333335,0.031141439205955333
SCA,-0.001771,Mild,0.0001,0.0,0.001871,High,0.1116,0.1161,4.03,3.0,1000,40.32,4.03,1739692800000,"[0.0001, 0.0001, 0.0001]",1.3433333333333335,0.043945409429280394
GMT,-0.001435,Mild,-0.000859,0.000216,0.000576,Medium,0.1417,0.1474,4.02,3.0,1000,40.23,4.02,1734652800000,"[-0.000721, -0.001164, -0.000691]",1.3399999999999999,0.03569651741293533
XEM,-0.002125,Moderate,-0.000485,0.00011,0.00164,High,0.02389,0.02485,4.02,3.0,1000,40.18,4.02,1737763200000,"[-0.000596, -0.000335, -0.000523]",1.3399999999999999,0.05286069651741295
1000BTT,-0.001318,Mild,-6.4e-05,0.000195,0.001254,High,0.00122,0.001269,3.98,3.0,1000,40.16,4.02,1713369600000,"[5.7e-05, 8.9e-05, -0.000339]",1.3399999999999999,0.03311557788944723
ERA,-0.001601,Mild,-0.000171,0.00017,0.00143,High,1.2523,1.3025,4.01,3.0,1000,40.09,4.01,1752908400000,"[-0.000398, -0.000126, 1.2e-05]",1.3366666666666667,0.03992518703241896
STEEM,-0.001609,Mild,-0.000199,2.9e-05,0.00141,High,0.1346,0.14,4.01,3.0,1000,40.12,4.01,1744689600000,"[-0.000233, -0.000163, -0.000201]",1.3366666666666667,0.04012468827930175
CARV,-0.002248,Moderate,-0.000227,0.000273,0.002021,Medium,0.6321,0.6574,4.0,3.0,1000,40.03,4.0,1737964800000,"[-0.000569, 0.0001, -0.000213]",1.3333333333333333,0.0562
MELANIA,-0.001245,Mild,-0.000307,7.1e-05,0.000938,High,1.5,1.56,4.0,3.0,1000,40.0,4.0,1738900800000,"[-0.000396, -0.000304, -0.000221]",1.3333333333333333,0.031125
H,-0.002116,Moderate,1.7e-05,4.7e-05,0.002133,High,0.02181,0.02268,3.99,3.0,1000,39.89,3.99,1750968000000,"[5e-05, -4.9e-05, 5e-05]",1.33,0.05303258145363408
SEND,-0.001986,Mild,-0.000915,0.000278,0.001071,Medium,1.4424,1.5,3.99,3.0,1000,39.93,3.99,1739721600000,"[-0.001092, -0.001131, -0.000523]",1.33,0.049774436090225554
GPS,-0.001062,Mild,-0.00021,0.000274,0.000852,Medium,0.1305,0.1357,3.98,3.0,1000,39.85,3.98,1740153600000,"[-0.000588, 5e-05, -9.1e-05]",1.3266666666666667,0.026683417085427135
FORTH,-0.001492,Mild,0.0001,0.0,0.001592,High,5.84,6.072,3.97,3.0,1000,39.73,3.97,1734940800000,"[0.0001, 0.0001, 0.0001]",1.3233333333333335,0.03758186397984887
BID,-0.003355,Moderate,-0.001845,0.000231,0.00151,Medium,0.10151,0.10554,3.97,3.0,1000,39.7,3.97,1750536000000,"[-0.001883, -0.001545, -0.002108]",1.3233333333333335,0.0845088161209068
NMR,-0.001778,Mild,0.000166,2.9e-05,0.001944,High,8.714,9.06,3.97,3.0,1000,39.71,3.97,1749067200000,"[0.000207, 0.000145, 0.000146]",1.3233333333333335,0.04478589420654912
MVL,-0.001319,Mild,-0.000598,0.000262,0.000721,Medium,0.003453,0.00359,3.97,3.0,1000,39.68,3.97,1745308800000,"[-0.000232, -0.000832, -0.000731]",1.3233333333333335,0.03322418136020151
OBT,-0.001517,Mild,3.2e-05,2.6e-05,0.001549,High,0.00956,0.00994,3.97,3.0,1000,39.75,3.97,1749182400000,"[5e-05, 5e-05, -5e-06]",1.3233333333333335,0.038211586901763225
CTK,-0.001195,Mild,-0.000134,0.00026,0.001061,Medium,0.9289,0.9658,3.97,3.0,1000,39.72,3.97,1733083200000,"[5e-05, -0.000501, 5e-05]",1.3233333333333335,0.0301007556675063
SLP,-0.00184,Mild,0.000142,0.000144,0.001982,High,0.004543,0.004723,3.96,3.0,1000,39.62,3.96,1717430400000,"[0.000152, -3.9e-05, 0.000313]",1.32,0.04646464646464647
CVC,-0.001512,Mild,-0.000459,0.00018,0.001053,High,0.09325,0.09692,3.94,3.0,1000,39.36,3.94,1751947200000,"[-0.000232, -0.000473, -0.000672]",1.3133333333333332,0.0383756345177665
BERA,-0.001007,Mild,-0.000345,3.7e-05,0.000662,High,6.039,6.277,3.94,3.0,1000,39.41,3.94,1739822400000,"[-0.000299, -0.00039, -0.000345]",1.3133333333333332,0.02555837563451777
CPOOL,-0.001929,Mild,-0.00022,0.000256,0.001709,Medium,0.1499,0.1558,3.94,3.0,1000,39.36,3.94,1741291200000,"[-0.000563, 5e-05, -0.000147]",1.3133333333333332,0.048959390862944166
GLM,-0.001764,Mild,-0.000622,0.000251,0.001142,Medium,0.2816,0.2927,3.94,3.0,1000,39.42,3.94,1742284800000,"[-0.000976, -0.000444, -0.000445]",1.3133333333333332,0.044771573604060914
POWR,-0.010685,Strong,-2.5e-05,9.2e-05,0.01066,High,0.2342,0.2434,3.93,3.0,1000,39.28,3.93,1739779200000,"[-0.000155, 4.7e-05, 3.4e-05]",1.31,0.271882951653944
OXT,-0.002615,Moderate,0.0001,0.0,0.002715,High,0.06939,0.07212,3.93,3.0,1000,39.34,3.93,1720627200000,"[0.0001, 0.0001, 0.0001]",1.31,0.06653944020356234
BEAMX,-0.001545,Mild,-0.000179,0.000173,0.001366,High,0.009149,0.009508,3.92,3.0,1000,39.24,3.92,1742889600000,"[-0.000368, -0.000219, 5e-05]",1.3066666666666666,0.03941326530612245
GLM,-0.001778,Mild,0.000311,8.8e-05,0.002089,High,0.4148,0.431,3.91,3.0,1000,39.05,3.91,1736064000000,"[0.000219, 0.000286, 0.000429]",1.3033333333333335,0.04547314578005115
PYR,-0.008372,Strong,0.0001,0.0,0.008472,High,1.181,1.227,3.9,3.0,1000,38.95,3.9,1745510400000,"[0.0001, 0.0001, 0.0001]",1.3,0.21466666666666664
AERGO,-0.001029,Mild,-0.000208,0.000229,0.000821,Medium,0.20072,0.20852,3.89,3.0,1000,38.86,3.89,1745712000000,"[-0.000507, -0.000168, 5e-05]",1.2966666666666666,0.02645244215938303
CYBER,-0.001129,Mild,-0.00036,0.000172,0.000769,High,7.706,8.006,3.89,3.0,1000,38.93,3.89,1715500800000,"[-0.000597, -0.00029, -0.000193]",1.2966666666666666,0.02902313624678663
BLUM,-0.001568,Mild,-0.000293,0.000199,0.001275,High,0.0721,0.0749,3.88,3.0,1000,38.83,3.88,1752537600000,"[-0.0003, -4.6e-05, -0.000533]",1.2933333333333332,0.04041237113402062
SLP,-0.001459,Mild,-0.000343,0.000293,0.001116,Medium,0.004225,0.004389,3.88,3.0,1000,38.82,3.88,1735084800000,"[-0.000715, -0.000314, 1e-06]",1.2933333333333332,0.037603092783505154
STEEM,-0.00172,Mild,-0.000759,0.000271,0.000961,Medium,0.1313,0.1364,3.88,3.0,1000,38.84,3.88,1744416000000,"[-0.000816, -0.000403, -0.001059]",1.2933333333333332,0.04432989690721649
FLR,-0.002318,Moderate,0.0001,0.0,0.002418,High,0.0147,0.01527,3.88,3.0,1000,38.78,3.88,1744243200000,"[0.0001, 0.0001, 0.0001]",1.2933333333333332,0.05974226804123712
GRASS,-0.002474,Moderate,-0.001104,0.000236,0.00137,Medium,1.5563,1.6165,3.87,3.0,1000,38.68,3.87,1739318400000,"[-0.001413, -0.001057, -0.000841]",1.29,0.06392764857881138
AMP,-0.001687,Mild,-0.00053,7.1e-05,0.001157,High,0.007644,0.00794,3.87,3.0,1000,38.72,3.87,1735790400000,"[-0.00061, -0.000438, -0.000543]",1.29,0.04359173126614987
ONG,-0.002686,Moderate,-6.4e-05,7.2e-05,0.002622,High,0.1833,0.1904,3.87,3.0,1000,38.73,3.87,1744761600000,"[-0.000153, -6.3e-05, 2.4e-05]",1.29,0.06940568475452197
SWEAT,-0.001314,Mild,-0.000793,0.000271,0.000521,Medium,0.002484,0.00258,3.86,3.0,1000,38.65,3.86,1750593600000,"[-0.001096, -0.000438, -0.000846]",1.2866666666666666,0.03404145077720208
LPT,-0.001021,Mild,-0.000491,0.000252,0.00053,Medium,3.778,3.924,3.86,3.0,1000,38.64,3.86,1744862400000,"[-0.000818, -0.000204, -0.000451]",1.2866666666666666,0.02645077720207254
MTL,-0.001347,Mild,-0.000422,0.000294,0.000925,Medium,1.1101,1.153,3.86,3.0,1000,38.65,3.86,1719763200000,"[-0.000824, -0.000309, -0.000132]",1.2866666666666666,0.03489637305699483
MVL,-0.00204,Moderate,-0.000417,0.000246,0.001623,Medium,0.003735,0.003879,3.86,3.0,1000,38.55,3.86,1738857600000,"[-0.000434, -0.00071, -0.000108]",1.2866666666666666,0.0528497409326425
GLM,-0.001528,Mild,-7.2e-05,3.8e-05,0.001456,High,0.3507,0.3642,3.85,3.0,1000,38.49,3.85,1734883200000,"[-5.6e-05, -3.5e-05, -0.000125]",1.2833333333333334,0.03968831168831169
MBL,-0.001299,Mild,-0.000199,0.00025,0.0011,Medium,0.003426,0.003558,3.85,3.0,1000,38.53,3.85,1737187200000,"[0.0001, -0.000511, -0.000185]",1.2833333333333334,0.033740259740259744
CYBER,-0.001564,Mild,-0.000333,0.000131,0.001231,High,1.507,1.565,3.85,3.0,1000,38.49,3.85,1742716800000,"[-0.000225, -0.000258, -0.000517]",1.2833333333333334,0.040623376623376624
OBT,-0.005674,Strong,-5.2e-05,0.000145,0.005622,High,0.00963,0.01,3.84,3.0,1000,38.42,3.84,1749110400000,"[5e-05, -0.000257, 5e-05]",1.28,0.14776041666666667
BOBA,-0.003688,Moderate,-6.9e-05,0.000239,0.003619,Medium,0.3935,0.4086,3.84,3.0,1000,38.37,3.84,1713052800000,"[0.0001, 0.0001, -0.000408]",1.28,0.09604166666666668
SNT,-0.001168,Mild,-2.3e-05,4.9e-05,0.001145,High,0.03069,0.03187,3.84,3.0,1000,38.45,3.84,1753318800000,"[-9.2e-05, 1.2e-05, 1.2e-05]",1.28,0.030416666666666668
JST,-0.003806,Moderate,-0.00034,0.000213,0.003466,Medium,0.0264,0.02741,3.83,3.0,1000,38.26,3.83,1722700800000,"[-0.000221, -0.000639, -0.000159]",1.2766666666666666,0.0993733681462141
REZ,-0.002864,Moderate,-0.000466,7.7e-05,0.002398,High,0.01594,0.01655,3.83,3.0,1000,38.27,3.83,1745956800000,"[-0.00036, -0.000541, -0.000498]",1.2766666666666666,0.07477806788511748
SWELL,-0.001035,Mild,2.9e-05,2.9e-05,0.001064,High,0.00914,0.00949,3.83,3.0,1000,38.29,3.83,1750420800000,"[5e-05, -1.2e-05, 5e-05]",1.2766666666666666,0.027023498694516968
GRASS,-0.001213,Mild,-0.000661,0.000122,0.000552,High,0.9273,0.9627,3.82,3.0,1000,38.18,3.82,1753430400000,"[-0.0008, -0.000503, -0.00068]",1.2733333333333332,0.031753926701570685
BLAST,-0.00167,Mild,-0.000378,7e-06,0.001292,High,0.003117,0.003236,3.82,3.0,1000,38.18,3.82,1741996800000,"[-0.000384, -0.000369, -0.000382]",1.2733333333333332,0.043717277486910996
ENA,-0.001324,Mild,-0.000378,0.000151,0.000946,High,0.4759,0.4941,3.82,3.0,1000,38.24,3.82,1721592000000,"[-0.00028, -0.000592, -0.000263]",1.2733333333333332,0.03465968586387435
OM,-0.001976,Mild,-4.1e-05,0.000128,0.001935,High,0.54626,0.56711,3.82,3.0,1000,38.17,3.82,1745236800000,"[-0.000222, 5e-05, 5e-05]",1.2733333333333332,0.05172774869109947
AEVO,-0.0011,Mild,-0.000313,0.00012,0.000787,High,1.388,1.441,3.82,3.0,1000,38.18,3.82,1715011200000,"[-0.00048, -0.000205, -0.000255]",1.2733333333333332,0.02879581151832461
SLF,-0.002841,Moderate,-0.001471,0.000173,0.00137,High,0.0707,0.0734,3.82,3.0,1000,38.19,3.82,1751817600000,"[-0.001696, -0.001276, -0.001441]",1.2733333333333332,0.07437172774869111
HIVE,-0.001922,Mild,-0.000712,0.000168,0.00121,High,0.4064,0.4219,3.81,3.0,1000,38.14,3.81,1738094400000,"[-0.000842, -0.000474, -0.000819]",1.27,0.05044619422572179
MASA,-0.00154,Mild,0.0001,0.0,0.00164,High,0.01416,0.0147,3.81,3.0,1000,38.14,3.81,1744761600000,"[0.0001, 0.0001, 0.0001]",1.27,0.04041994750656167
FUN,-0.001917,Mild,-0.001373,3.1e-05,0.000544,High,0.009984,0.010364,3.81,3.0,1000,38.06,3.81,1750888800000,"[-0.001363, -0.001415, -0.001341]",1.27,0.05031496062992126
TOKEN,-0.00113,Mild,5e-05,0.0,0.00118,High,0.01341,0.01392,3.8,3.0,1000,38.03,3.8,1743638400000,"[5e-05, 5e-05, 5e-05]",1.2666666666666666,0.029736842105263155
PRIME,-0.004776,Moderate,3.5e-05,9.1e-05,0.004811,High,12.88,13.37,3.8,3.0,1000,38.04,3.8,1736553600000,"[0.0001, 0.0001, -9.4e-05]",1.2666666666666666,0.1256842105263158
REZ,-0.002037,Moderate,-0.000565,0.000295,0.001472,Medium,0.01399,0.01452,3.79,3.0,1000,37.88,3.79,1744603200000,"[-0.000255, -0.000478, -0.000961]",1.2633333333333334,0.0537467018469657
BADGER,-0.002117,Moderate,-0.000222,0.000173,0.001895,High,0.9713,1.0081,3.79,3.0,1000,37.89,3.79,1750910400000,"[7e-06, -0.000262, -0.000411]",1.2633333333333334,0.0558575197889182
CTSI,-0.007669,Strong,0.0001,0.0,0.007769,High,0.211,0.219,3.79,3.0,1000,37.91,3.79,1714233600000,"[0.0001, 0.0001, 0.0001]",1.2633333333333334,0.20234828496042215
SWEAT,-0.007509,Strong,-2e-06,0.000215,0.007507,Medium,0.005752,0.00597,3.79,3.0,1000,37.9,3.79,1743163200000,"[0.000113, -0.000303, 0.000183]",1.2633333333333334,0.19812664907651714
SUPER,-0.002184,Moderate,-0.000643,0.000253,0.001541,Medium,0.4788,0.4969,3.78,3.0,1000,37.8,3.78,1744286400000,"[-0.00089, -0.000743, -0.000295]",1.26,0.05777777777777778
BAL,-0.001629,Mild,-3.8e-05,0.000107,0.001591,High,1.057,1.097,3.78,3.0,1000,37.84,3.78,1750176000000,"[-0.00016, -5.5e-05, 0.0001]",1.26,0.043095238095238096
T,-0.002304,Moderate,4.6e-05,7.6e-05,0.00235,High,0.0249,0.02584,3.78,3.0,1000,37.75,3.78,1722096000000,"[0.0001, 0.0001, -6.2e-05]",1.26,0.06095238095238095
SAFE,-0.001717,Mild,-6.1e-05,2.6e-05,0.001656,High,0.5906,0.6129,3.78,3.0,1000,37.76,3.78,1743393600000,"[-2.8e-05, -6.3e-05, -9.1e-05]",1.26,0.04542328042328042
ROAM,-0.002362,Moderate,-5e-05,4.1e-05,0.002312,High,0.1565,0.1624,3.77,3.0,1000,37.7,3.77,1750593600000,"[-0.000108, -1.7e-05, -2.6e-05]",1.2566666666666666,0.06265251989389921
SAFE,-0.005162,Strong,2.4e-05,3.7e-05,0.005186,High,0.5758,0.5975,3.77,3.0,1000,37.69,3.77,1746676800000,"[5e-05, 5e-05, -2.8e-05]",1.2566666666666666,0.13692307692307693
PRIME,-0.0048,Moderate,-0.0023,8.7e-05,0.0025,High,11.4,11.83,3.77,3.0,1000,37.72,3.77,1735200000000,"[-0.002185, -0.002321, -0.002395]",1.2566666666666666,0.1273209549071618
GNO,-0.001408,Mild,-0.000362,8.4e-05,0.001046,High,124.7,129.4,3.77,3.0,1000,37.69,3.77,1742601600000,"[-0.000451, -0.000386, -0.000249]",1.2566666666666666,0.0373474801061008
GRASS,-0.001013,Mild,-0.000411,0.000198,0.000602,High,1.1518,1.1951,3.76,3.0,1000,37.59,3.76,1751083200000,"[-0.000662, -0.000392, -0.000178]",1.2533333333333332,0.026941489361702133
ARK,-0.001015,Mild,3.1e-05,2.7e-05,0.001046,High,0.3534,0.3667,3.76,3.0,1000,37.63,3.76,1742875200000,"[5e-05, 5e-05, -8e-06]",1.2533333333333332,0.026994680851063834
ONDO,-0.001512,Mild,-0.000784,0.000286,0.000728,Medium,1.2003,1.2454,3.76,3.0,1000,37.57,3.76,1736856000000,"[-0.000691, -0.000489, -0.001171]",1.2533333333333332,0.040212765957446814
XEM,-0.003617,Moderate,-0.001501,0.000151,0.002116,High,0.004454,0.004621,3.75,3.0,1000,37.49,3.75,1750942800000,"[-0.001543, -0.001662, -0.001299]",1.25,0.09645333333333334
RFC,-0.002332,Moderate,-4.4e-05,6.7e-05,0.002288,High,0.03176,0.03295,3.75,3.0,1000,37.47,3.75,1745467200000,"[-8.3e-05, -0.0001, 5e-05]",1.25,0.06218666666666667
MOVE,-0.001039,Mild,-0.000349,0.000174,0.00069,High,0.1761,0.1827,3.75,3.0,1000,37.48,3.75,1751371200000,"[-0.000396, -0.000116, -0.000534]",1.25,0.027706666666666668
AERGO,-0.001032,Mild,5e-05,0.0,0.001082,High,0.12381,0.12845,3.75,3.0,1000,37.48,3.75,1752552000000,"[5e-05, 5e-05, 5e-05]",1.25,0.02752
BLAST,-0.001804,Mild,-0.000439,0.000297,0.001365,Medium,0.004331,0.004493,3.74,3.0,1000,37.4,3.74,1739750400000,"[-4.6e-05, -0.000508, -0.000764]",1.2466666666666668,0.04823529411764706
AERO,-0.001322,Mild,-0.000228,0.000262,0.001094,Medium,0.588,0.61,3.74,3.0,1000,37.41,3.74,1748433600000,"[-0.000583, 4.1e-05, -0.000141]",1.2466666666666668,0.0353475935828877
AGLD,-0.001216,Mild,-0.000143,5.4e-05,0.001073,High,1.907,1.9781,3.73,3.0,1000,37.28,3.73,1736841600000,"[-0.000211, -8e-05, -0.000138]",1.2433333333333334,0.032600536193029495
FIDA,-0.001578,Mild,-0.000166,0.000226,0.001412,Medium,0.09811,0.10177,3.73,3.0,1000,37.31,3.73,1747569600000,"[-0.000478, -7e-05, 5e-05]",1.2433333333333334,0.04230563002680965
MVL,-0.00116,Mild,0.0001,0.0,0.00126,High,0.004315,0.004476,3.73,3.0,1000,37.31,3.73,1734566400000,"[0.0001, 0.0001, 0.0001]",1.2433333333333334,0.031099195710455763
AERO,-0.002543,Moderate,-0.00146,0.000118,0.001083,High,0.509,0.528,3.73,3.0,1000,37.33,3.73,1725667200000,"[-0.001399, -0.001356, -0.001626]",1.2433333333333334,0.0681769436997319
REI,-0.001404,Mild,-0.000476,0.000192,0.000928,High,0.01857,0.01926,3.72,3.0,1000,37.16,3.72,1749182400000,"[-0.000372, -0.000745, -0.000312]",1.24,0.03774193548387097
STEEM,-0.004903,Moderate,-0.000182,1.2e-05,0.004721,High,0.16571,0.17188,3.72,3.0,1000,37.23,3.72,1745726400000,"[-0.000172, -0.000199, -0.000175]",1.24,0.1318010752688172
MOVE,-0.001125,Mild,-0.000471,0.000208,0.000654,Medium,0.4802,0.498,3.71,3.0,1000,37.07,3.71,1741752000000,"[-0.000747, -0.000245, -0.000422]",1.2366666666666666,0.030323450134770887
TOKEN,-0.001112,Mild,-0.000481,3.8e-05,0.000631,High,0.02585,0.02681,3.71,3.0,1000,37.14,3.71,1739822400000,"[-0.000534, -0.000461, -0.000447]",1.2366666666666666,0.029973045822102425
XVS,-0.001306,Mild,-7.3e-05,0.000124,0.001233,High,4.932,5.114,3.69,3.0,1000,36.9,3.69,1744905600000,"[0.0001, -0.00018, -0.00014]",1.23,0.0353929539295393
JELLYJELLY,-0.002212,Moderate,-0.000133,0.000267,0.002079,Medium,0.0705,0.0731,3.69,3.0,1000,36.88,3.69,1738339200000,"[-0.000511, 6.1e-05, 5e-05]",1.23,0.059945799457994574
XVS,-0.001528,Mild,-0.000113,0.000156,0.001415,High,7.205,7.471,3.69,3.0,1000,36.92,3.69,1730160000000,"[-0.000166, -0.000272, 0.0001]",1.23,0.04140921409214092
W,-0.002042,Moderate,-0.000885,0.000209,0.001157,Medium,0.06788,0.07038,3.68,3.0,1000,36.83,3.68,1750953600000,"[-0.001124, -0.000615, -0.000915]",1.2266666666666668,0.05548913043478261
PYTH,-0.001674,Mild,-9.7e-05,0.000173,0.001577,High,1.0883,1.1284,3.68,3.0,1000,36.85,3.68,1710561600000,"[-0.000339, -1e-06, 5e-05]",1.2266666666666668,0.04548913043478261
AERO,-0.001012,Mild,5.3e-05,6.7e-05,0.001065,High,1.059,1.098,3.68,3.0,1000,36.83,3.68,1730649600000,"[-4.2e-05, 0.0001, 0.0001]",1.2266666666666668,0.027500000000000004
RDNT,-0.001029,Mild,0.0001,0.0,0.001129,High,0.05303,0.05498,3.68,3.0,1000,36.77,3.68,1731600000000,"[0.0001, 0.0001, 0.0001]",1.2266666666666668,0.02796195652173913
FLOCK,-0.002141,Moderate,-5.5e-05,0.000148,0.002086,High,0.0845,0.0876,3.67,3.0,1000,36.69,3.67,1747512000000,"[-0.000265, 5e-05, 5e-05]",1.2233333333333334,0.05833787465940055
A8,-0.002763,Moderate,-3.2e-05,7.3e-05,0.002731,High,0.12661,0.13126,3.67,3.0,1000,36.73,3.67,1741104000000,"[5e-05, -1.8e-05, -0.000128]",1.2233333333333334,0.07528610354223433
AXL,-0.001182,Mild,3.3e-05,2.5e-05,0.001215,High,0.4336,0.4495,3.67,3.0,1000,36.67,3.67,1753416000000,"[5e-05, -2e-06, 5e-05]",1.2233333333333334,0.032207084468664854
AERO,-0.001055,Mild,-5.4e-05,0.000147,0.001001,High,0.601,0.623,3.66,3.0,1000,36.61,3.66,1748044800000,"[-0.000261, 5e-05, 5e-05]",1.22,0.028825136612021855
TOKEN,-0.001206,Mild,-0.000217,0.000199,0.000989,High,0.0673,0.06976,3.66,3.0,1000,36.55,3.66,1734192000000,"[-0.000428, -0.000272, 5e-05]",1.22,0.03295081967213115
SPX,-0.001232,Mild,-0.000642,0.000136,0.00059,High,1.2296,1.2745,3.65,3.0,1000,36.52,3.65,1751688000000,"[-0.00079, -0.000673, -0.000462]",1.2166666666666666,0.033753424657534246
AEVO,-0.002309,Moderate,3.9e-05,2.1e-05,0.002348,High,1.838,1.905,3.65,3.0,1000,36.45,3.65,1712952000000,"[5e-05, 5.7e-05, 1e-05]",1.2166666666666666,0.06326027397260274
AEVO,-0.001638,Mild,-0.000243,0.00018,0.001395,High,1.507,1.562,3.65,3.0,1000,36.5,3.65,1714003200000,"[-0.000497, -0.000137, -9.5e-05]",1.2166666666666666,0.044876712328767124
TLM,-0.001629,Mild,-0.00022,0.000179,0.001409,High,0.012443,0.012896,3.64,3.0,1000,36.41,3.64,1724169600000,"[-0.000179, -2.4e-05, -0.000456]",1.2133333333333334,0.04475274725274725
RARE,-0.015,Strong,-7e-05,0.00024,0.01493,Medium,0.1482,0.1536,3.64,3.0,1000,36.44,3.64,1715500800000,"[-0.00041, 0.0001, 0.0001]",1.2133333333333334,0.41208791208791207
BROCCOLIF3B,-0.001068,Mild,1.2e-05,0.0,0.00108,High,0.01017,0.01054,3.64,3.0,1000,36.38,3.64,1749916800000,"[1.2e-05, 1.2e-05, 1.2e-05]",1.2133333333333334,0.02934065934065934
GLM,-0.001095,Mild,-0.000569,0.000227,0.000526,Medium,0.2227,0.2308,3.64,3.0,1000,36.37,3.64,1743969600000,"[-0.000437, -0.000888, -0.000381]",1.2133333333333334,0.030082417582417583
DODO,-0.003614,Moderate,5e-05,0.0,0.003664,High,0.03957,0.04101,3.64,3.0,1000,36.39,3.64,1744905600000,"[5e-05, 5e-05, 5e-05]",1.2133333333333334,0.09928571428571428
VANA,-0.001416,Mild,-2.4e-05,6.3e-05,0.001392,High,5.51,5.71,3.63,3.0,1000,36.3,3.63,1739894400000,"[5e-05, -0.000103, -1.8e-05]",1.21,0.039008264462809916
ORCA,-0.002129,Moderate,-0.000589,0.000185,0.00154,High,2.641,2.737,3.63,3.0,1000,36.35,3.63,1742702400000,"[-0.000825, -0.00057, -0.000372]",1.21,0.058650137741046826
STEEM,-0.00118,Mild,-0.000286,0.000172,0.000894,High,0.1267,0.1313,3.63,3.0,1000,36.31,3.63,1743249600000,"[-0.000478, -6.1e-05, -0.00032]",1.21,0.0325068870523416
AIOZ,-0.001227,Mild,-0.00024,3.4e-05,0.000987,High,0.4343,0.45,3.62,3.0,1000,36.15,3.62,1740326400000,"[-0.000289, -0.000218, -0.000214]",1.2066666666666668,0.03389502762430939
ALEO,-0.001846,Mild,-0.000585,9.3e-05,0.001261,High,0.2956,0.3063,3.62,3.0,1000,36.2,3.62,1745164800000,"[-0.000587, -0.000699, -0.00047]",1.2066666666666668,0.05099447513812154
PYTH,-0.00151,Mild,5e-05,0.0,0.00156,High,0.6222,0.6447,3.62,3.0,1000,36.16,3.62,1712952000000,"[5e-05, 5e-05, 5e-05]",1.2066666666666668,0.04171270718232044
MOBILE,-0.002517,Moderate,-0.000103,0.000288,0.002414,Medium,0.001159,0.001201,3.62,3.0,1000,36.24,3.62,1725696000000,"[-0.00051, 0.0001, 0.0001]",1.2066666666666668,0.06953038674033149
CTK,-0.001591,Mild,-0.000455,0.000291,0.001136,Medium,0.243,0.2518,3.62,3.0,1000,36.21,3.62,1750276800000,"[-0.000665, -4.4e-05, -0.000657]",1.2066666666666668,0.043950276243093916
CTK,-0.001451,Mild,5e-05,0.0,0.001501,High,0.8446,0.8751,3.61,3.0,1000,36.11,3.61,1735977600000,"[5e-05, 5e-05, 5e-05]",1.2033333333333334,0.04019390581717452
LA,-0.001219,Mild,-0.000309,0.000132,0.00091,High,0.8057,0.8348,3.61,3.0,1000,36.12,3.61,1750122000000,"[-0.000489, -0.000264, -0.000175]",1.2033333333333334,0.03376731301939058
SWEAT,-0.001079,Mild,2.9e-05,7.6e-05,0.001108,High,0.008096,0.008388,3.61,3.0,1000,36.07,3.61,1736697600000,"[8.8e-05, 7.7e-05, -7.8e-05]",1.2033333333333334,0.02988919667590028
PEAQ,-0.00105,Mild,-0.000312,0.000137,0.000738,High,0.0749,0.0776,3.6,3.0,1000,36.05,3.6,1750896000000,"[-0.000126, -0.000361, -0.00045]",1.2,0.02916666666666666
MELANIA,-0.001411,Mild,-0.000627,6.2e-05,0.000784,High,0.502,0.52,3.59,3.0,1000,35.86,3.59,1744459200000,"[-0.000626, -0.000704, -0.000552]",1.1966666666666665,0.03930362116991643
CLOUD,-0.003624,Moderate,0.0001,0.0,0.003724,High,0.1753,0.1816,3.59,3.0,1000,35.94,3.59,1724112000000,"[0.0001, 0.0001, 0.0001]",1.1966666666666665,0.10094707520891365
POLYX,-0.005378,Strong,0.0,7e-05,0.005378,High,0.25043,0.25942,3.59,3.0,1000,35.9,3.59,1720670400000,"[-9.9e-05, 5e-05, 5e-05]",1.1966666666666665,0.14980501392757659
ANIME,-0.007497,Strong,-3e-06,7.5e-05,0.007494,High,0.0279,0.0289,3.58,3.0,1000,35.84,3.58,1740283200000,"[5e-05, 5e-05, -0.000109]",1.1933333333333334,0.20941340782122905
DOG,-0.001635,Mild,-0.001092,0.000274,0.000543,Medium,0.001535,0.00159,3.58,3.0,1000,35.83,3.58,1744516800000,"[-0.001234, -0.000709, -0.001334]",1.1933333333333334,0.045670391061452514
SEI,-0.002088,Moderate,-0.000274,5.5e-05,0.001814,High,0.6472,0.6703,3.57,3.0,1000,35.69,3.57,1713859200000,"[-0.000197, -0.000322, -0.000302]",1.19,0.0584873949579832
AIOT,-0.001106,Mild,0.000947,0.000129,0.002053,High,0.44055,0.45629,3.57,3.0,1000,35.73,3.57,1746748800000,"[0.000941, 0.001108, 0.000791]",1.19,0.030980392156862747
SAHARA,-0.001326,Mild,-0.000183,0.000144,0.001143,High,0.0846,0.08762,3.57,3.0,1000,35.7,3.57,1751331600000,"[-0.00038, -3.8e-05, -0.000132]",1.19,0.037142857142857144
MBL,-0.003811,Moderate,-0.001595,0.000185,0.002216,High,0.002495,0.002584,3.57,3.0,1000,35.67,3.57,1745481600000,"[-0.001781, -0.001663, -0.001342]",1.19,0.10675070028011206
OSMO,-0.002725,Moderate,8.7e-05,1.8e-05,0.002812,High,0.244,0.2527,3.57,3.0,1000,35.66,3.57,1745337600000,"[0.0001, 0.0001, 6.2e-05]",1.19,0.07633053221288516
BOBA,-0.010509,Strong,0.0001,0.0,0.010609,High,0.2525,0.2615,3.56,3.0,1000,35.64,3.56,1707379200000,"[0.0001, 0.0001, 0.0001]",1.1866666666666668,0.2951966292134831
XNO,-0.001763,Mild,-0.001077,0.000286,0.000686,Medium,0.927,0.96,3.56,3.0,1000,35.6,3.56,1748822400000,"[-0.001477, -0.00093, -0.000823]",1.1866666666666668,0.04952247191011236
SPEC,-0.004295,Moderate,-0.000843,0.000119,0.003452,High,5.9,6.11,3.56,3.0,1000,35.59,3.56,1720828800000,"[-0.000736, -0.001008, -0.000784]",1.1866666666666668,0.12064606741573035
AMP,-0.005018,Strong,2.8e-05,4e-05,0.005046,High,0.004721,0.004889,3.56,3.0,1000,35.59,3.56,1731931200000,"[6.5e-05, -2.7e-05, 4.5e-05]",1.1866666666666668,0.14095505617977527
SNT,-0.001098,Mild,-1.5e-05,9.2e-05,0.001083,High,0.02502,0.02591,3.56,3.0,1000,35.57,3.56,1747166400000,"[5e-05, 5e-05, -0.000146]",1.1866666666666668,0.030842696629213483
MOBILE,-0.001144,Mild,4.8e-05,7.3e-05,0.001192,High,0.000339,0.000351,3.42,3.0,1000,35.4,3.54,1744099200000,"[-5.5e-05, 0.0001, 0.0001]",1.18,0.03345029239766082
MVL,-0.005583,Strong,-0.000213,0.000221,0.00537,Medium,0.004262,0.004413,3.54,3.0,1000,35.43,3.54,1735200000000,"[0.0001, -0.000376, -0.000363]",1.18,0.15771186440677967
ARPA,-0.007694,Strong,5.6e-05,6.3e-05,0.00775,High,0.04198,0.04346,3.53,3.0,1000,35.25,3.53,1724083200000,"[0.0001, -3.3e-05, 0.0001]",1.1766666666666665,0.2179603399433428
MOCA,-0.00293,Moderate,5e-05,0.0,0.00298,High,0.1444,0.1495,3.53,3.0,1000,35.32,3.53,1740283200000,"[5e-05, 5e-05, 5e-05]",1.1766666666666665,0.0830028328611898
FB,-0.001342,Mild,-0.000112,0.0003,0.00123,Medium,0.5274,0.546,3.53,3.0,1000,35.27,3.53,1750435200000,"[0.0001, 0.0001, -0.000536]",1.1766666666666665,0.038016997167138813
BID,-0.001126,Mild,-0.000538,0.000106,0.000588,High,0.1379,0.14275,3.52,3.0,1000,35.17,3.52,1751342400000,"[-0.000442, -0.000685, -0.000486]",1.1733333333333333,0.031988636363636365
GLM,-0.003882,Moderate,-0.000141,0.000106,0.003741,High,0.3822,0.3956,3.51,3.0,1000,35.06,3.51,1718683200000,"[-0.000258, -0.000163, -1e-06]",1.17,0.1105982905982906
AERO,-0.002098,Moderate,-3.1e-05,0.000185,0.002067,High,0.968,1.002,3.51,3.0,1000,35.12,3.51,1721462400000,"[0.0001, -0.000293, 0.0001]",1.17,0.059772079772079774
AUDIO,-0.002342,Moderate,-0.000304,0.000245,0.002038,Medium,0.137,0.1418,3.5,3.0,1000,35.04,3.5,1724860800000,"[-0.000312, 0, -0.0006]",1.1666666666666667,0.0669142857142857
PEAQ,-0.001231,Mild,-0.000411,0.0001,0.00082,High,0.0775,0.0802,3.48,3.0,1000,34.84,3.48,1751731200000,"[-0.000299, -0.000392, -0.000541]",1.16,0.03537356321839081
XCN,-0.001341,Mild,2.8e-05,3.1e-05,0.001369,High,0.02062,0.021337,3.48,3.0,1000,34.77,3.48,1739908800000,"[5e-05, 5e-05, -1.5e-05]",1.16,0.03853448275862069
GLM,-0.001251,Mild,-0.000436,7.4e-05,0.000815,High,0.3166,0.3276,3.47,3.0,1000,34.74,3.47,1720915200000,"[-0.000536, -0.00036, -0.000412]",1.1566666666666667,0.036051873198847256
API3,-0.001404,Mild,-0.000897,0.000218,0.000507,Medium,1.3145,1.3601,3.47,3.0,1000,34.69,3.47,1742860800000,"[-0.00074, -0.001205, -0.000746]",1.1566666666666667,0.040461095100864555
BLAST,-0.001932,Mild,-8.4e-05,0.00026,0.001848,Medium,0.003169,0.003279,3.47,3.0,1000,34.71,3.47,1747641600000,"[-0.000452, 0.0001, 0.0001]",1.1566666666666667,0.055677233429394804
SWEAT,-0.001033,Mild,-4.1e-05,0.000129,0.000992,High,0.002189,0.002265,3.47,3.0,1000,34.72,3.47,1752004800000,"[5e-05, -0.000224, 5e-05]",1.1566666666666667,0.029769452449567725
TOSHI,-0.001344,Mild,5e-05,0.0,0.001394,High,0.000547,0.000566,3.42,3.0,1000,34.73,3.47,1740528000000,"[5e-05, 5e-05, 5e-05]",1.1566666666666667,0.03929824561403508
MBL,-0.001995,Mild,-0.001105,0.000266,0.00089,Medium,0.002134,0.002208,3.47,3.0,1000,34.68,3.47,1744617600000,"[-0.001472, -0.000851, -0.000993]",1.1566666666666667,0.05749279538904898
DYM,-0.001139,Mild,-0.000616,0.000126,0.000523,High,0.405,0.419,3.46,3.0,1000,34.57,3.46,1742443200000,"[-0.000475, -0.000592, -0.000781]",1.1533333333333333,0.032919075144508675
AERO,-0.002864,Moderate,-0.000327,0.000135,0.002537,High,0.665,0.688,3.46,3.0,1000,34.59,3.46,1723420800000,"[-0.000452, -0.00014, -0.000388]",1.1533333333333333,0.08277456647398844
SONIC,-0.001838,Mild,-0.000296,0.000188,0.001542,High,0.2436,0.252,3.45,3.0,1000,34.48,3.45,1748649600000,"[-0.000562, -0.000161, -0.000166]",1.1500000000000001,0.05327536231884058
CARV,-0.001304,Mild,5e-05,0.0,0.001354,High,0.3625,0.375,3.45,3.0,1000,34.48,3.45,1747627200000,"[5e-05, 5e-05, 5e-05]",1.1500000000000001,0.03779710144927536
1000BTT,-0.001481,Mild,-0.000119,0.000242,0.001362,Medium,0.000843,0.000872,3.51,3.0,1000,34.4,3.44,1719216000000,"[0, -0.000456, 0.0001]",1.1466666666666667,0.042193732193732195
RDNT,-0.001222,Mild,-0.000365,0.000134,0.000857,High,0.04678,0.04839,3.44,3.0,1000,34.42,3.44,1730448000000,"[-0.00019, -0.000515, -0.000391]",1.1466666666666667,0.03552325581395349
TUT,-0.005142,Strong,6.9e-05,3.5e-05,0.005211,High,0.04621,0.0478,3.44,3.0,1000,34.41,3.44,1742457600000,"[5e-05, 0.000119, 3.9e-05]",1.1466666666666667,0.1494767441860465
AUDIO,-0.001481,Mild,0.0001,0.0,0.001581,High,0.1544,0.1597,3.43,3.0,1000,34.33,3.43,1719100800000,"[0.0001, 0.0001, 0.0001]",1.1433333333333333,0.04317784256559766
TLM,-0.003586,Moderate,6.4e-05,5.1e-05,0.00365,High,0.013376,0.013835,3.43,3.0,1000,34.32,3.43,1723996800000,"[0.0001, 0.0001, -9e-06]",1.1433333333333333,0.10454810495626822
DEEP,-0.001122,Mild,-0.000614,7.9e-05,0.000508,High,0.18701,0.19342,3.43,3.0,1000,34.28,3.43,1747324800000,"[-0.000725, -0.000545, -0.000573]",1.1433333333333333,0.03271137026239067
SPELL,-0.001632,Mild,-0.000172,0.000104,0.00146,High,0.000671,0.000694,3.44,3.0,1000,34.28,3.43,1742601600000,"[-0.000313, -6.6e-05, -0.000136]",1.1433333333333333,0.04744186046511628
POKT,-0.005025,Strong,0.00014,1e-05,0.005165,High,0.05796,0.05994,3.42,3.0,1000,34.16,3.42,1749052800000,"[0.000149, 0.000125, 0.000145]",1.14,0.1469298245614035
FLOCK,-0.001373,Mild,5e-05,0.0,0.001423,High,0.0585,0.0605,3.42,3.0,1000,34.19,3.42,1745294400000,"[5e-05, 5e-05, 5e-05]",1.14,0.04014619883040936
POWR,-0.001204,Mild,-0.000183,0.000174,0.001021,High,0.1726,0.1785,3.42,3.0,1000,34.18,3.42,1744819200000,"[-0.000101, -0.000425, -2.4e-05]",1.14,0.0352046783625731
POLYX,-0.004088,Moderate,-0.001307,6.6e-05,0.002781,High,0.24525,0.25364,3.42,3.0,1000,34.21,3.42,1720756800000,"[-0.001281, -0.001242, -0.001397]",1.14,0.11953216374269005
ONDO,-0.001121,Mild,-0.000437,0.000144,0.000684,High,1.2349,1.2771,3.42,3.0,1000,34.17,3.42,1737028800000,"[-0.000326, -0.000344, -0.000641]",1.14,0.03277777777777778
TOSHI,-0.001601,Mild,5e-05,0.0,0.001651,High,0.00041,0.000424,3.39,3.0,1000,34.15,3.41,1741132800000,"[5e-05, 5e-05, 5e-05]",1.1366666666666667,0.047227138643067844
STEEM,-0.001249,Mild,-0.000516,0.000171,0.000733,High,0.2053,0.2123,3.41,3.0,1000,34.1,3.41,1738108800000,"[-0.000686, -0.000579, -0.000282]",1.1366666666666667,0.03662756598240469
AERGO,-0.004452,Moderate,-0.00011,0.000171,0.004342,High,0.11958,0.12366,3.41,3.0,1000,34.12,3.41,1749700800000,"[-0.000348, -3.3e-05, 5e-05]",1.1366666666666667,0.13055718475073316
AMP,-0.004314,Moderate,-0.002914,0.000203,0.0014,Medium,0.009232,0.009546,3.4,3.0,1000,34.01,3.4,1734494400000,"[-0.003176, -0.002883, -0.002682]",1.1333333333333333,0.12688235294117647
MBL,-0.001202,Mild,-0.000647,0.000243,0.000555,Medium,0.002625,0.002714,3.39,3.0,1000,33.9,3.39,1740009600000,"[-0.000354, -0.000948, -0.00064]",1.1300000000000001,0.03545722713864306
KAIA,-0.001515,Mild,-0.000372,0.000285,0.001143,Medium,0.2652,0.2742,3.39,3.0,1000,33.94,3.39,1734393600000,"[-0.000764, -9.3e-05, -0.00026]",1.1300000000000001,0.04469026548672567
AUCTION,-0.001931,Mild,-0.000551,3e-05,0.00138,High,16.79,17.36,3.39,3.0,1000,33.95,3.39,1741478400000,"[-0.00051, -0.00058, -0.000563]",1.1300000000000001,0.05696165191740413
OBT,-0.00438,Moderate,5e-05,0.0,0.00443,High,0.00888,0.00918,3.38,3.0,1000,33.78,3.38,1752249600000,"[5e-05, 5e-05, 5e-05]",1.1266666666666667,0.12958579881656807
VVV,-0.001034,Mild,2.6e-05,3.4e-05,0.00106,High,2.782,2.876,3.38,3.0,1000,33.79,3.38,1752019200000,"[-2.2e-05, 5e-05, 5e-05]",1.1266666666666667,0.030591715976331365
DOG,-0.001109,Mild,3.3e-05,0.000277,0.001142,Medium,0.001485,0.001535,3.37,3.0,1000,33.67,3.37,1744617600000,"[1.7e-05, -0.000298, 0.000379]",1.1233333333333333,0.0329080118694362
BROCCOLI,-0.001348,Mild,-6.5e-05,0.000163,0.001283,High,0.0329,0.03401,3.37,3.0,1000,33.74,3.37,1743854400000,"[-0.000295, 5e-05, 5e-05]",1.1233333333333333,0.04
AMP,-0.002415,Moderate,-0.001154,0.00013,0.001261,High,0.007442,0.007692,3.36,3.0,1000,33.59,3.36,1735689600000,"[-0.00117, -0.001304, -0.000987]",1.1199999999999999,0.07187500000000001
VVV,-0.001047,Mild,-0.000156,0.000146,0.000891,High,3.989,4.123,3.36,3.0,1000,33.59,3.36,1746547200000,"[-0.000242, -0.000275, 5e-05]",1.1199999999999999,0.031160714285714288
PROMPT,-0.002417,Moderate,2.7e-05,3.2e-05,0.002444,High,0.2796,0.289,3.36,3.0,1000,33.62,3.36,1747728000000,"[-1.8e-05, 5e-05, 5e-05]",1.1199999999999999,0.07193452380952381
AWE,-0.001213,Mild,5e-05,0.0,0.001263,High,0.05946,0.06146,3.36,3.0,1000,33.64,3.36,1752451200000,"[5e-05, 5e-05, 5e-05]",1.1199999999999999,0.03610119047619048
ORBS,-0.002898,Moderate,0.000169,0.000168,0.003067,High,0.03071,0.03174,3.35,3.0,1000,33.54,3.35,1727798400000,"[5e-05, 5e-05, 0.000406]",1.1166666666666667,0.08650746268656716
A8,-0.00364,Moderate,5e-05,0.0,0.00369,High,0.23653,0.24446,3.35,3.0,1000,33.53,3.35,1739462400000,"[5e-05, 5e-05, 5e-05]",1.1166666666666667,0.10865671641791044
XCN,-0.001312,Mild,-8.1e-05,0.000213,0.001231,Medium,0.002481,0.002564,3.35,3.0,1000,33.45,3.35,1734220800000,"[3.7e-05, -0.00038, 0.0001]",1.1166666666666667,0.03916417910447761
RIF,-0.001206,Mild,-0.000377,6.5e-05,0.000829,High,0.04645,0.048,3.34,3.0,1000,33.37,3.34,1745884800000,"[-0.0003, -0.000458, -0.000372]",1.1133333333333333,0.03610778443113773
AERGO,-0.016179,Strong,-0.004702,0.000298,0.011477,Medium,0.28874,0.29838,3.34,3.0,1000,33.39,3.34,1745150400000,"[-0.005117, -0.004553, -0.004435]",1.1133333333333333,0.4844011976047904
DUCK,-0.001467,Mild,5e-05,0.0,0.001517,High,0.002942,0.00304,3.33,3.0,1000,33.31,3.33,1741723200000,"[5e-05, 5e-05, 5e-05]",1.11,0.04405405405405405
AERO,-0.001388,Mild,-0.00045,0.000107,0.000938,High,0.51,0.527,3.33,3.0,1000,33.33,3.33,1742169600000,"[-0.000589, -0.000433, -0.000328]",1.11,0.041681681681681675
LPT,-0.001386,Mild,-0.000764,6.2e-05,0.000622,High,6.1,6.303,3.33,3.0,1000,33.28,3.33,1751785200000,"[-0.000709, -0.000731, -0.000851]",1.11,0.04162162162162162
XCN,-0.001279,Mild,-6.6e-05,0.000235,0.001213,Medium,0.001597,0.00165,3.32,3.0,1000,33.19,3.32,1721750400000,"[-0.000398, 0.0001, 0.0001]",1.1066666666666667,0.03852409638554217
AERO,-0.001592,Mild,-0.001001,0.00018,0.000591,High,0.662,0.684,3.32,3.0,1000,33.23,3.32,1722787200000,"[-0.000831, -0.00125, -0.000922]",1.1066666666666667,0.04795180722891566
AMP,-0.001363,Mild,0.000117,1.2e-05,0.00148,High,0.004391,0.004537,3.32,3.0,1000,33.25,3.32,1746792000000,"[0.000123, 0.000128, 0.000101]",1.1066666666666667,0.04105421686746988
XCN,-0.011314,Strong,0.0001,0.0,0.011414,High,0.002244,0.002318,3.3,3.0,1000,32.98,3.3,1713830400000,"[0.0001, 0.0001, 0.0001]",1.0999999999999999,0.3428484848484848
AEVO,-0.002012,Moderate,-0.001149,0.000143,0.000863,High,1.241,1.282,3.3,3.0,1000,33.04,3.3,1715227200000,"[-0.00105, -0.001047, -0.001351]",1.0999999999999999,0.060969696969696965
SYS,-0.001273,Mild,-0.000611,0.000215,0.000662,Medium,0.05329,0.05505,3.3,3.0,1000,33.03,3.3,1746129600000,"[-0.000878, -0.000604, -0.000352]",1.0999999999999999,0.038575757575757576
MDT,-0.001113,Mild,-0.000434,0.000206,0.000679,Medium,0.03067,0.03168,3.29,3.0,1000,32.93,3.29,1746057600000,"[-0.000221, -0.000712, -0.000369]",1.0966666666666667,0.033829787234042556
ALPHA,-0.001821,Mild,-0.000238,0.000244,0.001583,Medium,0.01737,0.01794,3.28,3.0,1000,32.82,3.28,1750924800000,"[-0.000569, -0.00016, 1.4e-05]",1.0933333333333333,0.05551829268292684
XCN,-0.001399,Mild,5e-05,0.0,0.001449,High,0.014755,0.015238,3.27,3.0,1000,32.73,3.27,1749168000000,"[5e-05, 5e-05, 5e-05]",1.09,0.042782874617737006
OG,-0.001121,Mild,0.0001,0.0,0.001221,High,4.375,4.518,3.27,3.0,1000,32.69,3.27,1743206400000,"[0.0001, 0.0001, 0.0001]",1.09,0.03428134556574924
RSS3,-0.001901,Mild,-0.001356,0.000293,0.000545,Medium,0.0428,0.0442,3.27,3.0,1000,32.71,3.27,1752451200000,"[-0.000943, -0.001595, -0.001529]",1.09,0.05813455657492354
MELANIA,-0.003986,Moderate,-0.000459,0.00013,0.003527,High,1.224,1.264,3.27,3.0,1000,32.68,3.27,1739894400000,"[-0.000598, -0.000494, -0.000285]",1.09,0.1218960244648318
MTL,-0.001584,Mild,-0.000223,0.000144,0.001361,High,0.715,0.7383,3.26,3.0,1000,32.59,3.26,1749196800000,"[-0.000373, -2.9e-05, -0.000268]",1.0866666666666667,0.048588957055214724
AIOZ,-0.001263,Mild,-0.000264,0.000282,0.000999,Medium,0.4535,0.4683,3.26,3.0,1000,32.64,3.26,1738857600000,"[-0.000304, 0.0001, -0.000587]",1.0866666666666667,0.03874233128834356
RDNT,-0.003226,Moderate,-4.8e-05,0.000204,0.003178,Medium,0.02826,0.02918,3.26,3.0,1000,32.55,3.26,1745568000000,"[-0.000337, 0.0001, 9.2e-05]",1.0866666666666667,0.09895705521472394
BADGER,-0.001406,Mild,-0.000245,0.000253,0.001161,Medium,0.983,1.015,3.26,3.0,1000,32.55,3.26,1749211200000,"[5e-05, -0.000218, -0.000568]",1.0866666666666667,0.04312883435582822
ZERO,-0.001581,Mild,-0.000785,0.000141,0.000796,High,0.000185,0.000191,3.47,3.0,1000,32.43,3.24,1726099200000,"[-0.000625, -0.000762, -0.000969]",1.08,0.04556195965417867
DRIFT,-0.001668,Mild,0.0001,0.0,0.001768,High,0.4323,0.4463,3.24,3.0,1000,32.38,3.24,1719129600000,"[0.0001, 0.0001, 0.0001]",1.08,0.051481481481481475
OXT,-0.001051,Mild,0.0001,0.0,0.001151,High,0.0636,0.06566,3.24,3.0,1000,32.39,3.24,1730563200000,"[0.0001, 0.0001, 0.0001]",1.08,0.03243827160493827
FUN,-0.001394,Mild,-0.00046,3.6e-05,0.000934,High,0.01347,0.013905,3.23,3.0,1000,32.29,3.23,1751756400000,"[-0.00051, -0.000445, -0.000426]",1.0766666666666667,0.0431578947368421
BLAST,-0.001635,Mild,-0.00062,0.000263,0.001015,Medium,0.00303,0.003128,3.23,3.0,1000,32.34,3.23,1745020800000,"[-0.000933, -0.000639, -0.000289]",1.0766666666666667,0.05061919504643962
OM,-0.001081,Mild,-0.00013,0.000254,0.000951,Medium,0.35729,0.36883,3.23,3.0,1000,32.3,3.23,1753056000000,"[-0.000489, 5e-05, 5e-05]",1.0766666666666667,0.03346749226006192
ARK,-0.003226,Moderate,5e-05,0.0,0.003276,High,0.3605,0.3721,3.22,3.0,1000,32.18,3.22,1742270400000,"[5e-05, 5e-05, 5e-05]",1.0733333333333335,0.10018633540372672
HOME,-0.002415,Moderate,-0.001894,0.000279,0.000521,Medium,0.02698,0.02785,3.22,3.0,1000,32.25,3.22,1749988800000,"[-0.002047, -0.001503, -0.002132]",1.0733333333333335,0.075
JST,-0.001741,Mild,0.000518,0.000145,0.002259,High,0.0641,0.06616,3.21,3.0,1000,32.14,3.21,1733270400000,"[0.000359, 0.00071, 0.000486]",1.07,0.054236760124610595
COS,-0.001487,Mild,0.0001,0.0,0.001587,High,0.00685,0.00707,3.21,3.0,1000,32.12,3.21,1725753600000,"[0.0001, 0.0001, 0.0001]",1.07,0.04632398753894082
CTC,-0.00177,Mild,5e-05,0.0,0.00182,High,0.6799,0.7017,3.21,3.0,1000,32.06,3.21,1712952000000,"[5e-05, 5e-05, 5e-05]",1.07,0.05514018691588786
CLOUD,-0.001846,Mild,-0.000624,0.000147,0.001222,High,0.1091,0.1126,3.21,3.0,1000,32.08,3.21,1750608000000,"[-0.000465, -0.000819, -0.000587]",1.07,0.05750778816199378
BANANAS31,-0.001525,Mild,5e-05,0.0,0.001575,High,0.005687,0.005869,3.2,3.0,1000,32.0,3.2,1743163200000,"[5e-05, 5e-05, 5e-05]",1.0666666666666667,0.047656250000000004
COW,-0.001417,Mild,5e-05,0.0,0.001467,High,0.4632,0.478,3.2,3.0,1000,31.95,3.2,1752652800000,"[5e-05, 5e-05, 5e-05]",1.0666666666666667,0.04428125
L3,-0.00343,Moderate,-0.000166,0.000279,0.003264,Medium,0.07157,0.07386,3.2,3.0,1000,32.0,3.2,1742284800000,"[0.0001, -0.000552, -4.6e-05]",1.0666666666666667,0.10718749999999999
PENGU,-0.001328,Mild,5e-05,0.0,0.001378,High,0.01502,0.0155,3.2,3.0,1000,31.96,3.2,1746777600000,"[5e-05, 5e-05, 5e-05]",1.0666666666666667,0.041499999999999995
ES,-0.001247,Mild,-1.5e-05,9.1e-05,0.001232,High,0.2278,0.2351,3.2,3.0,1000,32.05,3.2,1753473600000,"[-0.000144, 5e-05, 5e-05]",1.0666666666666667,0.03896875
GNO,-0.001095,Mild,-0.000203,0.000214,0.000892,Medium,132.0,136.2,3.18,3.0,1000,31.82,3.18,1748044800000,"[-0.000337, -0.000371, 0.0001]",1.06,0.03443396226415094
SCR,-0.001151,Mild,-0.000156,0.000291,0.000995,Medium,1.2503,1.2901,3.18,3.0,1000,31.83,3.18,1734076800000,"[-0.000568, 5e-05, 5e-05]",1.06,0.03619496855345911
MOVE,-0.003488,Moderate,-0.00123,0.000262,0.002258,Medium,0.2455,0.2533,3.18,3.0,1000,31.77,3.18,1744848000000,"[-0.001597, -0.001091, -0.001002]",1.06,0.10968553459119497
SAFE,-0.002839,Moderate,5e-05,0.0,0.002889,High,0.4644,0.4791,3.17,3.0,1000,31.65,3.17,1744430400000,"[5e-05, 5e-05, 5e-05]",1.0566666666666666,0.0895583596214511
BLZ,-0.00671,Strong,1e-06,7e-05,0.006711,High,0.07633,0.07875,3.17,3.0,1000,31.7,3.17,1734537600000,"[5e-05, -9.8e-05, 5e-05]",1.0566666666666666,0.21167192429022083
CLANKER,-0.002857,Moderate,5e-05,0.0,0.002907,High,27.12,27.98,3.17,3.0,1000,31.71,3.17,1750104000000,"[5e-05, 5e-05, 5e-05]",1.0566666666666666,0.09012618296529969
ULTI,-0.001072,Mild,-0.000199,0.000143,0.000873,High,0.00316,0.00326,3.16,3.0,1000,31.65,3.16,1744128000000,"[-0.000342, -0.00025, -4e-06]",1.0533333333333335,0.03392405063291139
LPT,-0.001398,Mild,-0.000582,0.000219,0.000816,Medium,3.865,3.987,3.16,3.0,1000,31.57,3.16,1744329600000,"[-0.000322, -0.000857, -0.000566]",1.0533333333333335,0.044240506329113916
SYS,-0.001251,Mild,-0.000722,0.000256,0.000529,Medium,0.04031,0.04158,3.15,3.0,1000,31.51,3.15,1745208000000,"[-0.000361, -0.000885, -0.00092]",1.05,0.03971428571428571
BNB,-0.001291,Mild,-0.000238,0.00016,0.001053,High,568.5,586.38,3.15,3.0,1000,31.45,3.15,1715702400000,"[-0.000361, -1.2e-05, -0.000341]",1.05,0.040984126984126984
BLUM,-0.001232,Mild,-6.5e-05,8e-06,0.001167,High,0.0605,0.0624,3.14,3.0,1000,31.4,3.14,1753192800000,"[-5.6e-05, -6.3e-05, -7.5e-05]",1.0466666666666666,0.039235668789808914
PAXG,-0.001687,Mild,0.0001,0.0,0.001787,High,2453.0,2530.0,3.14,3.0,1000,31.39,3.14,1713052800000,"[0.0001, 0.0001, 0.0001]",1.0466666666666666,0.053726114649681515
ONG,-0.002484,Moderate,-0.000314,0.000191,0.00217,High,0.3163,0.3262,3.13,3.0,1000,31.3,3.13,1728403200000,"[-0.000574, -0.000119, -0.00025]",1.0433333333333332,0.07936102236421726
RARE,-0.003071,Moderate,-0.000829,0.000229,0.002242,Medium,0.05864,0.06047,3.12,3.0,1000,31.21,3.12,1744862400000,"[-0.000531, -0.000867, -0.001088]",1.04,0.09842948717948717
AKT,-0.002911,Moderate,-0.001037,0.000171,0.001874,High,1.412,1.456,3.12,3.0,1000,31.16,3.12,1742875200000,"[-0.000845, -0.001006, -0.001261]",1.04,0.09330128205128205
MEMEFI,-0.001063,Mild,-0.000233,0.000146,0.00083,High,0.000675,0.000696,3.11,3.0,1000,31.11,3.11,1744272000000,"[-0.000439, -0.000147, -0.000114]",1.0366666666666666,0.034180064308681674
SWEAT,-0.001056,Mild,5.5e-05,6.4e-05,0.001111,High,0.005634,0.005809,3.11,3.0,1000,31.06,3.11,1720396800000,"[-3.5e-05, 0.0001, 0.0001]",1.0366666666666666,0.033954983922829585
RPL,-0.001465,Mild,5.9e-05,5.8e-05,0.001524,High,21.66,22.33,3.09,3.0,1000,30.93,3.09,1717056000000,"[0.0001, -2.3e-05, 0.0001]",1.03,0.04741100323624596
JELLYJELLY,-0.001172,Mild,5e-05,0.0,0.001222,High,0.01746,0.018,3.09,3.0,1000,30.93,3.09,1742068800000,"[5e-05, 5e-05, 5e-05]",1.03,0.03792880258899677
CSPR,-0.001211,Mild,0.000145,0.000154,0.001356,High,0.03268,0.03369,3.09,3.0,1000,30.91,3.09,1712966400000,"[-1.4e-05, 0.000354, 9.4e-05]",1.03,0.039190938511326864
TOSHI,-0.001457,Mild,5e-05,0.0,0.001507,High,0.000421,0.000434,3.07,3.0,1000,30.88,3.09,1741406400000,"[5e-05, 5e-05, 5e-05]",1.03,0.047459283387622155
CTK,-0.001503,Mild,5e-05,0.0,0.001553,High,0.663,0.6835,3.09,3.0,1000,30.92,3.09,1721390400000,"[5e-05, 5e-05, 5e-05]",1.03,0.04864077669902913
AIOT,-0.001226,Mild,-0.000154,0.000289,0.001072,Medium,0.14309,0.14749,3.07,3.0,1000,30.75,3.07,1749110400000,"[5e-05, 5e-05, -0.000563]",1.0233333333333332,0.03993485342019545
COOKIE,-0.00126,Mild,-1.1e-05,8.7e-05,0.001249,High,0.1402,0.1445,3.07,3.0,1000,30.67,3.07,1742414400000,"[-0.000134, 5e-05, 5e-05]",1.0233333333333332,0.04104234527687297
AUCTION,-0.001455,Mild,-0.000763,0.000267,0.000692,Medium,12.73,13.12,3.06,3.0,1000,30.64,3.06,1744473600000,"[-0.000735, -0.001103, -0.000452]",1.02,0.04754901960784313
TOSHI,-0.001501,Mild,-0.000902,0.000292,0.000599,Medium,0.000523,0.000539,3.21,3.0,1000,30.59,3.06,1749844800000,"[-0.001307, -0.000771, -0.000628]",1.02,0.046760124610591904
BB,-0.001423,Mild,5e-05,0.0,0.001473,High,0.405,0.4174,3.06,3.0,1000,30.62,3.06,1732708800000,"[5e-05, 5e-05, 5e-05]",1.02,0.046503267973856205
AMP,-0.001035,Mild,9.1e-05,5.7e-05,0.001126,High,0.003426,0.003531,3.06,3.0,1000,30.65,3.06,1752048000000,"[1.1e-05, 0.000129, 0.000134]",1.02,0.0338235294117647
SIGN,-0.003414,Moderate,-5e-06,2.4e-05,0.003409,High,0.09313,0.09596,3.04,3.0,1000,30.39,3.04,1746291600000,"[-3.9e-05, 1.2e-05, 1.2e-05]",1.0133333333333334,0.11230263157894736
BLAST,-0.005493,Strong,-0.000432,0.000106,0.005061,High,0.006537,0.006736,3.04,3.0,1000,30.44,3.04,1737705600000,"[-0.000545, -0.00046, -0.00029]",1.0133333333333334,0.1806907894736842
SNT,-0.001483,Mild,0.0001,0.0,0.001583,High,0.0217,0.02236,3.04,3.0,1000,30.41,3.04,1743811200000,"[0.0001, 0.0001, 0.0001]",1.0133333333333334,0.0487828947368421
BLAST,-0.002037,Moderate,-0.001422,0.000164,0.000615,High,0.0112,0.01154,3.04,3.0,1000,30.36,3.04,1723564800000,"[-0.00163, -0.001406, -0.00123]",1.0133333333333334,0.06700657894736843
GNO,-0.003278,Moderate,-2.2e-05,0.000173,0.003256,High,108.9,112.2,3.03,3.0,1000,30.3,3.03,1744502400000,"[-0.000267, 0.0001, 0.0001]",1.01,0.1081848184818482
PARTI,-0.00229,Moderate,-0.001536,0.00024,0.000754,Medium,0.1717,0.1769,3.03,3.0,1000,30.29,3.03,1751644800000,"[-0.001854, -0.001478, -0.001276]",1.01,0.07557755775577558
EPIC,-0.001319,Mild,3e-06,6.6e-05,0.001322,High,1.4077,1.4502,3.02,3.0,1000,30.19,3.02,1742716800000,"[5e-05, 5e-05, -9e-05]",1.0066666666666666,0.043675496688741725
RSS3,-0.002075,Moderate,-0.001094,0.00017,0.000981,High,0.0463,0.0477,3.02,3.0,1000,30.24,3.02,1748707200000,"[-0.001279, -0.000869, -0.001133]",1.0066666666666666,0.06870860927152318
RON,-0.001587,Mild,-0.000277,9.9e-05,0.00131,High,2.155,2.22,3.02,3.0,1000,30.16,3.02,1719216000000,"[-0.000394, -0.000284, -0.000153]",1.0066666666666666,0.05254966887417219
T,-0.001038,Mild,-0.000303,7.7e-05,0.000735,High,0.01757,0.0181,3.02,3.0,1000,30.17,3.02,1750564800000,"[-0.000197, -0.000335, -0.000378]",1.0066666666666666,0.034370860927152316
FLR,-0.003433,Moderate,-3.9e-05,0.000118,0.003394,High,0.01592,0.0164,3.02,3.0,1000,30.15,3.02,1723651200000,"[-3e-05, 0.0001, -0.000188]",1.0066666666666666,0.11367549668874172
HIVE,-0.001574,Mild,-0.000575,0.000265,0.000999,Medium,0.2449,0.2523,3.02,3.0,1000,30.22,3.02,1743148800000,"[-0.000241, -0.000595, -0.000889]",1.0066666666666666,0.05211920529801325
CVC,-0.003396,Moderate,3.4e-05,0.000174,0.00343,High,0.10418,0.10733,3.02,3.0,1000,30.24,3.02,1725840000000,"[0, 0.000263, -0.00016]",1.0066666666666666,0.11245033112582782
AIXBT,-0.001248,Mild,-0.000407,6.5e-05,0.000841,High,0.17049,0.17562,3.01,3.0,1000,30.09,3.01,1749816000000,"[-0.000443, -0.000462, -0.000315]",1.0033333333333332,0.04146179401993356
PI,-0.001267,Mild,-0.000203,8.7e-05,0.001064,High,1.5907,1.6386,3.01,3.0,1000,30.11,3.01,1740398400000,"[-9.1e-05, -0.000215, -0.000302]",1.0033333333333332,0.042093023255813954
RSS3,-0.001077,Mild,-0.000131,0.000184,0.000946,High,0.0432,0.0445,3.01,3.0,1000,30.09,3.01,1752739200000,"[-0.00035, -0.000142, 0.0001]",1.0033333333333332,0.03578073089700997
LPT,-0.001061,Mild,-0.000236,4.3e-05,0.000825,High,4.181,4.307,3.01,3.0,1000,30.14,3.01,1745208000000,"[-0.000258, -0.000273, -0.000176]",1.0033333333333332,0.03524916943521595
SNT,-0.001307,Mild,-0.000291,7.3e-05,0.001016,High,0.02455,0.02529,3.01,3.0,1000,30.14,3.01,1727596800000,"[-0.000205, -0.000284, -0.000383]",1.0033333333333332,0.043421926910299
SONIC,-0.001019,Mild,-0.000243,0.000278,0.000776,Medium,0.2333,0.2403,3.0,3.0,1000,30.0,3.0,1744430400000,"[5e-05, -0.000164, -0.000616]",1.0,0.033966666666666666
RARE,-0.001831,Mild,-0.000573,9.6e-05,0.001258,High,0.06962,0.07171,3.0,3.0,1000,30.02,3.0,1744027200000,"[-0.000661, -0.00044, -0.000619]",1.0,0.061033333333333335
AVL,-0.001233,Mild,2.5e-05,0.0,0.001258,High,0.4065,0.4187,3.0,3.0,1000,30.01,3.0,1742551200000,"[2.5e-05, 2.5e-05, 2.5e-05]",1.0,0.0411
AUDIO,-0.001062,Mild,0.0001,0.0,0.001162,High,0.0829,0.08539,3.0,3.0,1000,30.04,3.0,1741968000000,"[0.0001, 0.0001, 0.0001]",1.0,0.0354
TOSHI,-0.001188,Mild,2.5e-05,3.5e-05,0.001213,High,0.000769,0.000792,2.96,3.0,1000,29.91,2.99,1738929600000,"[5e-05, 5e-05, -2.5e-05]",0.9966666666666667,0.040135135135135135
PUFFER,-0.001251,Mild,5e-05,0.0,0.001301,High,0.2373,0.2444,2.99,3.0,1000,29.92,2.99,1748952000000,"[5e-05, 5e-05, 5e-05]",0.9966666666666667,0.041839464882943135
SEND,-0.001558,Mild,-8e-06,8.2e-05,0.00155,High,1.0626,1.0943,2.98,3.0,1000,29.83,2.98,1740945600000,"[5e-05, 5e-05, -0.000124]",0.9933333333333333,0.05228187919463087
ARK,-0.001029,Mild,-0.000178,5.6e-05,0.000851,High,0.4705,0.4845,2.98,3.0,1000,29.76,2.98,1745352000000,"[-0.000124, -0.000256, -0.000155]",0.9933333333333333,0.03453020134228188
STEEM,-0.004431,Moderate,8e-05,2.7e-05,0.004511,High,0.2084,0.2146,2.98,3.0,1000,29.75,2.98,1731470400000,"[5e-05, 0.000115, 7.4e-05]",0.9933333333333333,0.14869127516778524
TRX,-0.001704,Mild,-0.000652,7.6e-05,0.001052,High,0.21538,0.2218,2.98,3.0,1000,29.81,2.98,1742140800000,"[-0.000653, -0.000559, -0.000745]",0.9933333333333333,0.05718120805369128
C98,-0.00143,Mild,-0.000165,0.000289,0.001265,Medium,0.1245,0.1282,2.97,3.0,1000,29.72,2.97,1724716800000,"[-0.000567, 0.0001, -2.8e-05]",0.9900000000000001,0.04814814814814815
CLOUD,-0.001486,Mild,-0.000404,0.000269,0.001082,Medium,0.1382,0.1423,2.97,3.0,1000,29.67,2.97,1749139200000,"[-0.000375, -0.000747, -8.9e-05]",0.9900000000000001,0.05003367003367003
SCA,-0.00121,Mild,7e-06,0.000132,0.001217,High,0.2724,0.2805,2.97,3.0,1000,29.74,2.97,1722499200000,"[-0.00018, 0.0001, 0.0001]",0.9900000000000001,0.04074074074074074
SWELL,-0.002011,Moderate,0.000125,0.000106,0.002136,High,0.01212,0.01248,2.97,3.0,1000,29.7,2.97,1753300800000,"[5e-05, 5e-05, 0.000275]",0.9900000000000001,0.06771043771043772
SUPRA,-0.010012,Strong,-0.00018,2.9e-05,0.009832,High,0.004697,0.004836,2.96,3.0,1000,29.59,2.96,1745193600000,"[-0.000139, -0.0002, -0.0002]",0.9866666666666667,0.33824324324324323
B3,-0.005279,Strong,-0.004356,0.00028,0.000923,Medium,0.011105,0.011434,2.96,3.0,1000,29.63,2.96,1739491200000,"[-0.004521, -0.003962, -0.004585]",0.9866666666666667,0.1783445945945946
AERO,-0.001573,Mild,-0.000103,0.000288,0.00147,Medium,1.185,1.22,2.95,3.0,1000,29.54,2.95,1728518400000,"[0.0001, 0.0001, -0.00051]",0.9833333333333334,0.05332203389830508
SEI,-0.001017,Mild,-0.000355,1.3e-05,0.000662,High,0.275,0.2831,2.95,3.0,1000,29.45,2.95,1720137600000,"[-0.000369, -0.000337, -0.00036]",0.9833333333333334,0.034474576271186434
HIVE,-0.002213,Moderate,-0.000246,4.1e-05,0.001967,High,0.2477,0.255,2.95,3.0,1000,29.47,2.95,1743220800000,"[-0.000216, -0.000218, -0.000304]",0.9833333333333334,0.07501694915254237
STEEM,-0.001243,Mild,-0.000321,0.00021,0.000922,Medium,0.1527,0.1572,2.95,3.0,1000,29.47,2.95,1744977600000,"[-0.000332, -5.8e-05, -0.000572]",0.9833333333333334,0.04213559322033898
SD,-0.00531,Strong,-0.000651,0.000297,0.004659,Medium,0.8128,0.8367,2.94,3.0,1000,29.4,2.94,1731542400000,"[-0.000357, -0.001057, -0.000538]",0.98,0.18061224489795918
XEC,-0.00304,Moderate,-0.000968,0.000236,0.002072,Medium,3.4e-05,3.5e-05,1.5,4.0,1000,29.41,2.94,1707465600000,"[-0.000962, -0.001261, -0.000682]",0.735,0.2026666666666667
IQ,-0.002505,Moderate,7.4e-05,5e-05,0.002579,High,0.009066,0.009332,2.93,3.0,1000,29.34,2.93,1733313600000,"[0.000103, 0.000116, 3e-06]",0.9766666666666667,0.08549488054607507
GLM,-0.001188,Mild,-0.000442,4.7e-05,0.000746,High,0.3146,0.3238,2.92,3.0,1000,29.24,2.92,1720584000000,"[-0.000508, -0.00042, -0.000399]",0.9733333333333333,0.04068493150684931
EDGE,-0.003152,Moderate,-1.9e-05,8e-06,0.003133,High,0.0857,0.0882,2.92,3.0,1000,29.17,2.92,1750046400000,"[-3.1e-05, -1.6e-05, -1.1e-05]",0.9733333333333333,0.10794520547945205
MELANIA,-0.001545,Mild,4e-06,6.6e-05,0.001549,High,0.582,0.599,2.92,3.0,1000,29.21,2.92,1743566400000,"[5e-05, -8.9e-05, 5e-05]",0.9733333333333333,0.05291095890410959
DEEP,-0.001437,Mild,-0.00048,0.000125,0.000957,High,0.17755,0.18273,2.92,3.0,1000,29.17,2.92,1747468800000,"[-0.000646, -0.000449, -0.000345]",0.9733333333333333,0.04921232876712328
XCN,-0.001238,Mild,-3.5e-05,0.000136,0.001203,High,0.001583,0.001629,2.91,3.0,1000,29.06,2.91,1722153600000,"[1.7e-05, -0.000221, 0.0001]",0.9700000000000001,0.04254295532646048
CVC,-0.001504,Mild,0.001043,0.000268,0.002547,Medium,0.16459,0.16936,2.9,3.0,1000,28.98,2.9,1710403200000,"[0.0007, 0.001075, 0.001355]",0.9666666666666667,0.05186206896551724
BLUR,-0.001052,Mild,-0.000389,0.00021,0.000663,Medium,0.3729,0.3837,2.9,3.0,1000,28.96,2.9,1715155200000,"[-0.000681, -0.000193, -0.000293]",0.9666666666666667,0.03627586206896552
COOK,-0.001719,Mild,0.0001,0.0,0.001819,High,0.00898,0.00924,2.9,3.0,1000,28.95,2.9,1748044800000,"[0.0001, 0.0001, 0.0001]",0.9666666666666667,0.05927586206896552
RIF,-0.001472,Mild,-0.000319,0.000112,0.001153,High,0.03621,0.03726,2.9,3.0,1000,29.0,2.9,1744286400000,"[-0.000475, -0.000262, -0.00022]",0.9666666666666667,0.05075862068965518
POWR,-0.001945,Mild,5e-05,0.0,0.001995,High,0.305,0.3138,2.89,3.0,1000,28.85,2.89,1736568000000,"[5e-05, 5e-05, 5e-05]",0.9633333333333334,0.06730103806228373
IOST,-0.002132,Moderate,-7.3e-05,5.2e-05,0.002059,High,0.0038,0.00391,2.89,3.0,1000,28.95,2.89,1744905600000,"[-0.000136, -8e-06, -7.5e-05]",0.9633333333333334,0.07377162629757786
GMT,-0.001272,Mild,-0.000152,0.000149,0.00112,High,0.1626,0.1673,2.89,3.0,1000,28.91,2.89,1727654400000,"[-0.000327, -0.000167, 3.8e-05]",0.9633333333333334,0.04401384083044982
AERO,-0.001979,Mild,-8.1e-05,0.000256,0.001898,Medium,0.796,0.819,2.89,3.0,1000,28.89,2.89,1722585600000,"[0.0001, -0.000442, 0.0001]",0.9633333333333334,0.06847750865051902
FUN,-0.001096,Mild,5e-05,0.0,0.001146,High,0.006197,0.006376,2.89,3.0,1000,28.88,2.89,1745251200000,"[5e-05, 5e-05, 5e-05]",0.9633333333333334,0.03792387543252595
ENA,-0.001236,Mild,-0.000488,8.8e-05,0.000748,High,0.2813,0.2894,2.88,3.0,1000,28.79,2.88,1722931200000,"[-0.000511, -0.000583, -0.00037]",0.96,0.042916666666666665
T,-0.001229,Mild,-0.0002,0.000141,0.001029,High,0.01735,0.01785,2.88,3.0,1000,28.82,2.88,1752379200000,"[-3.2e-05, -0.000377, -0.00019]",0.96,0.042673611111111114
CLOUD,-0.0018,Mild,0.0001,0.0,0.0019,High,0.0867,0.0892,2.88,3.0,1000,28.84,2.88,1743580800000,"[0.0001, 0.0001, 0.0001]",0.96,0.0625
BADGER,-0.002694,Moderate,-0.00026,0.00016,0.002434,High,1.0,1.0288,2.88,3.0,1000,28.8,2.88,1749427200000,"[-0.000146, -0.000148, -0.000486]",0.96,0.09354166666666668
CARV,-0.001795,Mild,-0.001075,0.00011,0.00072,High,0.2292,0.2358,2.88,3.0,1000,28.8,2.88,1751025600000,"[-0.00107, -0.000943, -0.001212]",0.96,0.06232638888888889
CTK,-0.011119,Strong,5e-05,0.0,0.011169,High,0.8735,0.8987,2.88,3.0,1000,28.85,2.88,1718294400000,"[5e-05, 5e-05, 5e-05]",0.96,0.3860763888888889
XEM,-0.00578,Strong,-0.00131,0.000296,0.00447,Medium,0.004489,0.004618,2.87,3.0,1000,28.74,2.87,1751234400000,"[-0.000943, -0.001668, -0.00132]",0.9566666666666667,0.20139372822299653
XCN,-0.001075,Mild,-0.000292,0.000181,0.000783,High,0.001289,0.001326,2.87,3.0,1000,28.7,2.87,1725235200000,"[-0.000218, -0.000118, -0.000541]",0.9566666666666667,0.037456445993031356
FLR,-0.001391,Mild,-2.6e-05,0.000163,0.001365,High,0.01741,0.01791,2.87,3.0,1000,28.72,2.87,1750924800000,"[-0.000256, 0.0001, 7.9e-05]",0.9566666666666667,0.04846689895470384
COMP,-0.001075,Mild,-0.000218,0.000119,0.000857,High,50.95,52.41,2.87,3.0,1000,28.66,2.87,1738972800000,"[-0.000385, -0.000115, -0.000153]",0.9566666666666667,0.037456445993031356
XEM,-0.001325,Mild,1.8e-05,0.000239,0.001343,Medium,0.03115,0.03204,2.86,3.0,1000,28.57,2.86,1734192000000,"[-0.000307, 0.0001, 0.00026]",0.9533333333333333,0.04632867132867133
XEC,-0.001047,Mild,-0.000136,0.000299,0.000911,Medium,3.5e-05,3.6e-05,0.93,4.0,1000,28.57,2.86,1727942400000,"[4.9e-05, -0.000558, 0.0001]",0.715,0.11258064516129031
F,-0.001017,Mild,-1.3e-05,0.000159,0.001004,High,0.01013,0.01042,2.86,3.0,1000,28.63,2.86,1749801600000,"[-0.000238, 0.0001, 0.0001]",0.9533333333333333,0.035559440559440554
LPT,-0.00777,Strong,-0.000236,0.000136,0.007534,High,6.174,6.35,2.85,3.0,1000,28.51,2.85,1751720400000,"[-0.000287, -0.000372, -5e-05]",0.9500000000000001,0.2726315789473684
CTK,-0.001046,Mild,-0.000348,0.000231,0.000698,Medium,0.3516,0.3616,2.84,3.0,1000,28.44,2.84,1745467200000,"[-0.000634, -0.000341, -6.8e-05]",0.9466666666666667,0.03683098591549296
SANTOS,-0.005583,Strong,-0.00086,0.000203,0.004723,Medium,4.466,4.593,2.84,3.0,1000,28.44,2.84,1730808000000,"[-0.000759, -0.000677, -0.001143]",0.9466666666666667,0.19658450704225355
AMP,-0.001579,Mild,-1.7e-05,0.000104,0.001562,High,0.003348,0.003443,2.84,3.0,1000,28.38,2.84,1743969600000,"[-9.2e-05, 0.00013, -9e-05]",0.9466666666666667,0.055598591549295785
NS,-0.001086,Mild,-1.6e-05,0.000164,0.00107,High,0.1338,0.1376,2.84,3.0,1000,28.4,2.84,1751788800000,"[0.0001, -0.000248, 0.0001]",0.9466666666666667,0.03823943661971831
DOLO,-0.003618,Moderate,-0.001423,0.000263,0.002195,Medium,0.0342,0.03517,2.84,3.0,1000,28.36,2.84,1749844800000,"[-0.001051, -0.001615, -0.001603]",0.9466666666666667,0.1273943661971831
XEM,-0.001858,Mild,-0.000182,0.000106,0.001676,High,0.01938,0.01993,2.84,3.0,1000,28.38,2.84,1747238400000,"[-4.7e-05, -0.000193, -0.000306]",0.9466666666666667,0.06542253521126762
1000BTT,-0.00117,Mild,-0.000401,0.000299,0.000769,Medium,0.00081,0.000833,2.84,3.0,1000,28.4,2.84,1725235200000,"[-0.000445, -1.5e-05, -0.000743]",0.9466666666666667,0.04119718309859155
PORT3,-0.005556,Strong,4.9e-05,0.000103,0.005605,High,0.05269,0.05418,2.83,3.0,1000,28.28,2.83,1749038400000,"[0.000117, 0.000127, -9.6e-05]",0.9433333333333334,0.1963250883392226
MELANIA,-0.00238,Moderate,-0.00041,0.000284,0.00197,Medium,1.483,1.525,2.83,3.0,1000,28.32,2.83,1738972800000,"[-0.00081, -0.000175, -0.000245]",0.9433333333333334,0.08409893992932863
CTK,-0.001678,Mild,-0.000124,0.000247,0.001554,Medium,0.7273,0.7479,2.83,3.0,1000,28.32,2.83,1737604800000,"[-0.000473, 5e-05, 5e-05]",0.9433333333333334,0.05929328621908127
CVC,-0.001056,Mild,-0.000306,6.8e-05,0.00075,High,0.09931,0.10211,2.82,3.0,1000,28.19,2.82,1742284800000,"[-0.000395, -0.000231, -0.000293]",0.94,0.0374468085106383
CVC,-0.01934,Strong,0.000225,0.000101,0.019565,High,0.2898,0.29798,2.82,3.0,1000,28.23,2.82,1711440000000,"[0.0001, 0.000227, 0.000347]",0.94,0.6858156028368795
ONG,-0.001468,Mild,-0.000552,6.8e-05,0.000916,High,0.274,0.2817,2.81,3.0,1000,28.1,2.81,1738468800000,"[-0.000643, -0.000535, -0.000478]",0.9366666666666666,0.052241992882562274
COS,-0.002187,Moderate,0.000184,0.000119,0.002371,High,0.01245,0.0128,2.81,3.0,1000,28.11,2.81,1717718400000,"[0.0001, 0.000353, 0.0001]",0.9366666666666666,0.07782918149466193
AGLD,-0.001792,Mild,-0.000108,0.000118,0.001684,High,0.7828,0.8048,2.81,3.0,1000,28.1,2.81,1723392000000,"[-0.00022, -0.000159, 5.6e-05]",0.9366666666666666,0.06377224199288256
MOBILE,-0.001021,Mild,-0.000179,0.000123,0.000842,High,0.00132,0.001357,2.8,3.0,1000,28.03,2.8,1722499200000,"[-0.000348, -6.2e-05, -0.000126]",0.9333333333333332,0.03646428571428572
VANA,-0.003541,Moderate,-0.002711,0.000134,0.00083,High,8.029,8.254,2.8,3.0,1000,28.02,2.8,1742673600000,"[-0.002794, -0.002522, -0.002817]",0.9333333333333332,0.12646428571428572
T,-0.001075,Mild,0.0001,0.0,0.001175,High,0.02391,0.02458,2.8,3.0,1000,28.02,2.8,1738454400000,"[0.0001, 0.0001, 0.0001]",0.9333333333333332,0.038392857142857145
BLUM,-0.001909,Mild,-7.1e-05,4e-06,0.001838,High,0.0646,0.0664,2.79,3.0,1000,27.86,2.79,1752818400000,"[-6.7e-05, -7.6e-05, -7e-05]",0.93,0.06842293906810036
PEAQ,-0.003905,Moderate,-0.001811,0.00011,0.002094,High,0.2113,0.2172,2.79,3.0,1000,27.92,2.79,1740067200000,"[-0.001802, -0.001949, -0.001681]",0.93,0.1399641577060932
A8,-0.001172,Mild,-0.000124,0.000246,0.001048,Medium,0.11192,0.11504,2.79,3.0,1000,27.88,2.79,1749844800000,"[-0.000472, 5e-05, 5e-05]",0.93,0.042007168458781365
WAXP,-0.001747,Mild,2e-05,3.9e-05,0.001767,High,0.02905,0.02986,2.79,3.0,1000,27.88,2.79,1725609600000,"[-3.5e-05, 5e-05, 4.6e-05]",0.93,0.06261648745519713
ULTI,-0.005037,Strong,9.2e-05,0.000152,0.005129,High,0.002084,0.002142,2.78,3.0,1000,27.83,2.78,1750075200000,"[-0.000123, 0.0002, 0.0002]",0.9266666666666666,0.18118705035971222
MOVE,-0.001442,Mild,-0.0006,0.000125,0.000842,High,0.489,0.5026,2.78,3.0,1000,27.81,2.78,1743206400000,"[-0.000514, -0.000777, -0.000508]",0.9266666666666666,0.0518705035971223
DOLO,-0.002129,Moderate,0.000242,0.000157,0.002371,High,0.03415,0.0351,2.78,3.0,1000,27.82,2.78,1749254400000,"[0.000435, 5e-05, 0.00024]",0.9266666666666666,0.07658273381294964
CARV,-0.001265,Mild,-0.000195,0.000113,0.00107,High,0.2238,0.23,2.77,3.0,1000,27.7,2.77,1750968000000,"[-0.00034, -0.00018, -6.4e-05]",0.9233333333333333,0.04566787003610109
STEEM,-0.014958,Strong,-0.002148,0.000126,0.01281,High,0.2853,0.2932,2.77,3.0,1000,27.69,2.77,1735617600000,"[-0.002325, -0.002081, -0.002039]",0.9233333333333333,0.54
T,-0.001525,Mild,-0.000224,4.8e-05,0.001301,High,0.01301,0.01337,2.77,3.0,1000,27.67,2.77,1744099200000,"[-0.000272, -0.000158, -0.000243]",0.9233333333333333,0.05505415162454874
SCA,-0.003267,Moderate,-0.00027,9.6e-05,0.002997,High,0.399,0.41,2.76,3.0,1000,27.57,2.76,1719734400000,"[-0.000239, -0.00017, -0.0004]",0.9199999999999999,0.11836956521739131
SNT,-0.001081,Mild,-0.000573,8.1e-05,0.000508,High,0.03016,0.03099,2.75,3.0,1000,27.52,2.75,1749412800000,"[-0.000592, -0.000465, -0.000661]",0.9166666666666666,0.039309090909090905
RON,-0.001183,Mild,-0.000247,0.000178,0.000936,High,2.544,2.614,2.75,3.0,1000,27.52,2.75,1718409600000,"[-0.000411, -0.00033, 1e-06]",0.9166666666666666,0.043018181818181817
SD,-0.001037,Mild,-0.000205,0.00019,0.000832,High,0.6512,0.6691,2.75,3.0,1000,27.49,2.75,1739145600000,"[-5.4e-05, -8.8e-05, -0.000473]",0.9166666666666666,0.03770909090909091
XNO,-0.004471,Moderate,-0.002661,0.000297,0.00181,Medium,0.948,0.974,2.74,3.0,1000,27.43,2.74,1745107200000,"[-0.002809, -0.002247, -0.002928]",0.9133333333333334,0.16317518248175183
AERO,-0.001036,Mild,-0.000406,0.000254,0.00063,Medium,0.401,0.412,2.74,3.0,1000,27.43,2.74,1743638400000,"[-5e-05, -0.000544, -0.000624]",0.9133333333333334,0.03781021897810219
XCN,-0.001051,Mild,-0.000141,0.000236,0.00091,Medium,0.019584,0.020121,2.74,3.0,1000,27.42,2.74,1740067200000,"[5e-05, 0, -0.000473]",0.9133333333333334,0.038357664233576644
A8,-0.001228,Mild,5e-05,0.0,0.001278,High,0.10108,0.10385,2.74,3.0,1000,27.4,2.74,1751803200000,"[5e-05, 5e-05, 5e-05]",0.9133333333333334,0.044817518248175175
SEI,-0.001374,Mild,-0.000351,0.000129,0.001023,High,0.2016,0.2071,2.73,3.0,1000,27.28,2.73,1742025600000,"[-0.000299, -0.000225, -0.000529]",0.91,0.050329670329670326
1000BTT,-0.002659,Moderate,-0.000808,0.000272,0.001851,Medium,0.000772,0.000793,2.72,3.0,1000,27.2,2.72,1725667200000,"[-0.000601, -0.001192, -0.000632]",0.9066666666666667,0.09775735294117646
ALEO,-0.001244,Mild,-0.000349,0.000202,0.000895,Medium,0.1914,0.1966,2.72,3.0,1000,27.17,2.72,1749571200000,"[-0.000609, -0.000117, -0.00032]",0.9066666666666667,0.04573529411764706
CARV,-0.002461,Moderate,-0.000768,0.00027,0.001693,Medium,0.3018,0.31,2.72,3.0,1000,27.17,2.72,1742011200000,"[-0.001133, -0.000684, -0.000488]",0.9066666666666667,0.09047794117647058
MBL,-0.001388,Mild,-0.000307,0.000177,0.001081,High,0.003318,0.003408,2.71,3.0,1000,27.12,2.71,1737676800000,"[-8.3e-05, -0.000517, -0.000321]",0.9033333333333333,0.05121771217712177
MELANIA,-0.003322,Moderate,-0.001082,0.000159,0.00224,High,0.737,0.757,2.71,3.0,1000,27.14,2.71,1741536000000,"[-0.001307, -0.000965, -0.000975]",0.9033333333333333,0.1225830258302583
GMX,-0.001409,Mild,-0.000346,8.3e-05,0.001063,High,15.48,15.9,2.71,3.0,1000,27.13,2.71,1744704000000,"[-0.00036, -0.00044, -0.000238]",0.9033333333333333,0.05199261992619927
GAS,-0.003043,Moderate,5e-05,0.0,0.003093,High,5.462,5.61,2.71,3.0,1000,27.1,2.71,1713499200000,"[5e-05, 5e-05, 5e-05]",0.9033333333333333,0.11228782287822879
FLR,-0.001992,Mild,-0.00033,0.000253,0.001662,Medium,0.01842,0.01892,2.71,3.0,1000,27.14,2.71,1748044800000,"[-0.000179, -0.000125, -0.000686]",0.9033333333333333,0.07350553505535055
BAL,-0.001685,Mild,-0.000466,0.000252,0.001219,Medium,1.035,1.063,2.71,3.0,1000,27.05,2.71,1749254400000,"[-0.000822, -0.000307, -0.000269]",0.9033333333333333,0.06217712177121772
MELANIA,-0.001274,Mild,-8.2e-05,0.000186,0.001192,High,0.553,0.568,2.71,3.0,1000,27.12,2.71,1743969600000,"[-0.000345, 5e-05, 5e-05]",0.9033333333333333,0.04701107011070111
FLOCK,-0.001406,Mild,-5.4e-05,9.3e-05,0.001352,High,0.2443,0.2509,2.7,3.0,1000,27.02,2.7,1749402000000,"[-0.000185, 1.2e-05, 1.2e-05]",0.9,0.052074074074074064
TONCOIN,-0.001441,Mild,-0.000878,0.000209,0.000563,Medium,6.954,7.142,2.7,3.0,1000,27.03,2.7,1715788800000,"[-0.000633, -0.000857, -0.001143]",0.9,0.05337037037037037
CARV,-0.003896,Moderate,-0.000943,0.000185,0.002953,High,0.2854,0.2931,2.7,3.0,1000,26.98,2.7,1751767200000,"[-0.001152, -0.000702, -0.000974]",0.9,0.14429629629629628
BANANAS31,-0.001688,Mild,-0.000454,6.1e-05,0.001234,High,0.007953,0.008168,2.7,3.0,1000,27.03,2.7,1752696000000,"[-0.000456, -0.000527, -0.000378]",0.9,0.06251851851851851
SWEAT,-0.001267,Mild,1.3e-05,5.2e-05,0.00128,High,0.002814,0.00289,2.7,3.0,1000,27.01,2.7,1750017600000,"[-6e-05, 5e-05, 5e-05]",0.9,0.04692592592592592
AUCTION,-0.001077,Mild,-8.2e-05,4.5e-05,0.000995,High,17.86,18.34,2.69,3.0,1000,26.88,2.69,1743206400000,"[-0.000146, -4.6e-05, -5.4e-05]",0.8966666666666666,0.040037174721189596
SLF,-0.001048,Mild,0.0001,0.0,0.001148,High,0.2014,0.2068,2.68,3.0,1000,26.81,2.68,1745740800000,"[0.0001, 0.0001, 0.0001]",0.8933333333333334,0.0391044776119403
ALEO,-0.00129,Mild,-0.000559,0.000204,0.000731,Medium,0.2208,0.2267,2.67,3.0,1000,26.72,2.67,1750492800000,"[-0.00084, -0.000476, -0.000362]",0.89,0.048314606741573035
WAL,-0.001367,Mild,-0.000153,0.000211,0.001214,Medium,0.5737,0.589,2.67,3.0,1000,26.67,2.67,1743652800000,"[5e-05, -6.5e-05, -0.000443]",0.89,0.051198501872659175
T,-0.010217,Strong,-0.000109,0.000225,0.010108,Medium,0.01693,0.01738,2.66,3.0,1000,26.58,2.66,1749974400000,"[-0.000428, 5e-05, 5e-05]",0.8866666666666667,0.3840977443609022
VVV,-0.002164,Moderate,-0.00012,0.000124,0.002044,High,6.732,6.911,2.66,3.0,1000,26.59,2.66,1738944000000,"[5e-05, -0.000167, -0.000244]",0.8866666666666667,0.08135338345864661
TOSHI,-0.002949,Moderate,-0.000289,0.000256,0.00266,Medium,0.000713,0.000732,2.67,3.0,1000,26.65,2.66,1739145600000,"[-0.00035, 5e-05, -0.000567]",0.8866666666666667,0.11044943820224719
PEAQ,-0.001747,Mild,-0.000187,0.000283,0.00156,Medium,0.4717,0.4842,2.65,3.0,1000,26.5,2.65,1737072000000,"[-0.000579, -6.1e-05, 7.8e-05]",0.8833333333333333,0.0659245283018868
AEVO,-0.001293,Mild,-0.000482,0.000263,0.000811,Medium,1.397,1.434,2.65,3.0,1000,26.49,2.65,1714521600000,"[-0.000646, -0.000688, -0.000111]",0.8833333333333333,0.04879245283018868
OM,-0.002611,Moderate,-0.000846,0.000194,0.001765,High,8.45184,8.67589,2.65,3.0,1000,26.51,2.65,1740283200000,"[-0.001096, -0.000818, -0.000623]",0.8833333333333333,0.09852830188679246
GMT,-0.001905,Mild,-0.000238,0.000174,0.001667,High,0.1206,0.1238,2.65,3.0,1000,26.53,2.65,1737302400000,"[-9.7e-05, -0.000483, -0.000135]",0.8833333333333333,0.0718867924528302
OG,-0.001676,Mild,0.0001,0.0,0.001776,High,3.848,3.95,2.65,3.0,1000,26.51,2.65,1744156800000,"[0.0001, 0.0001, 0.0001]",0.8833333333333333,0.06324528301886792
SHELL,-0.001355,Mild,5e-05,0.0,0.001405,High,0.2277,0.2337,2.64,3.0,1000,26.35,2.64,1745913600000,"[5e-05, 5e-05, 5e-05]",0.88,0.05132575757575758
TOSHI,-0.003513,Moderate,-0.001938,0.000216,0.001575,Medium,0.000911,0.000935,2.61,3.0,1000,26.34,2.63,1738756800000,"[-0.001646, -0.002007, -0.002161]",0.8766666666666666,0.1345977011494253
SWEAT,-0.001108,Mild,9e-06,0.000189,0.001117,High,0.010373,0.010646,2.63,3.0,1000,26.32,2.63,1738987200000,"[-0.000172, -7e-05, 0.000269]",0.8766666666666666,0.042129277566539926
FLOCK,-0.001137,Mild,5e-05,0.0,0.001187,High,0.0418,0.0429,2.63,3.0,1000,26.32,2.63,1744056000000,"[5e-05, 5e-05, 5e-05]",0.8766666666666666,0.0432319391634981
SYS,-0.001179,Mild,-0.000139,0.00017,0.00104,High,0.04881,0.05009,2.62,3.0,1000,26.22,2.62,1742659200000,"[5e-05, -0.000106, -0.000362]",0.8733333333333334,0.045
ARK,-0.001441,Mild,-4.3e-05,6.9e-05,0.001398,High,0.3861,0.3962,2.62,3.0,1000,26.16,2.62,1751472000000,"[-6.5e-05, 5e-05, -0.000114]",0.8733333333333334,0.055
XCN,-0.001045,Mild,-0.000122,0.000135,0.000923,High,0.030218,0.03101,2.62,3.0,1000,26.21,2.62,1738771200000,"[-0.000281, -0.000135, 5e-05]",0.8733333333333334,0.0398854961832061
XCN,-0.014487,Strong,0.0001,0.0,0.014587,High,0.002149,0.002205,2.61,3.0,1000,26.06,2.61,1714435200000,"[0.0001, 0.0001, 0.0001]",0.87,0.5550574712643679
NKN,-0.002416,Moderate,-0.001027,0.000142,0.001389,High,0.04135,0.04243,2.61,3.0,1000,26.12,2.61,1746432000000,"[-0.001119, -0.000827, -0.001135]",0.87,0.09256704980842913
SANTOS,-0.003918,Moderate,5e-05,0.0,0.003968,High,3.255,3.34,2.61,3.0,1000,26.11,2.61,1738094400000,"[5e-05, 5e-05, 4.9e-05]",0.87,0.15011494252873564
SCA,-0.001786,Mild,-0.001211,0.000212,0.000575,Medium,0.262,0.2688,2.6,3.0,1000,25.95,2.6,1722758400000,"[-0.001466, -0.00122, -0.000947]",0.8666666666666667,0.06869230769230769
RSS3,-0.001746,Mild,-7.8e-05,0.000252,0.001668,Medium,0.1767,0.1813,2.6,3.0,1000,26.03,2.6,1720368000000,"[-0.000435, 0.0001, 0.0001]",0.8666666666666667,0.06715384615384615
TOSHI,-0.001537,Mild,-0.000889,0.000255,0.000648,Medium,0.000694,0.000712,2.61,3.0,1000,25.94,2.59,1748059200000,"[-0.001182, -0.000561, -0.000923]",0.8633333333333333,0.05888888888888889
FIO,-0.001608,Mild,0.000204,0.00016,0.001812,High,0.0383,0.03929,2.58,3.0,1000,25.85,2.58,1734811200000,"[0.000424, 0.000139, 5e-05]",0.86,0.06232558139534884
CESS,-0.009921,Strong,-0.005044,2e-05,0.004877,High,0.002756,0.002827,2.58,3.0,1000,25.76,2.58,1751025600000,"[-0.00504, -0.00507, -0.005021]",0.86,0.3845348837209302
SLERF,-0.001757,Mild,5e-05,0.0,0.001807,High,0.0503,0.0516,2.58,3.0,1000,25.84,2.58,1744099200000,"[5e-05, 5e-05, 5e-05]",0.86,0.06810077519379845
BADGER,-0.001846,Mild,-0.000487,0.000216,0.001359,Medium,0.9412,0.9655,2.58,3.0,1000,25.82,2.58,1750723200000,"[-0.000194, -0.000708, -0.000559]",0.86,0.07155038759689922
ONG,-0.001171,Mild,-0.000212,0.000123,0.000959,High,0.2565,0.2631,2.57,3.0,1000,25.73,2.57,1739145600000,"[-0.000131, -0.000385, -0.000119]",0.8566666666666666,0.045564202334630356
NKN,-0.003722,Moderate,-0.000362,0.000115,0.00336,High,0.037,0.03795,2.57,3.0,1000,25.68,2.57,1745395200000,"[-0.000402, -0.000206, -0.000478]",0.8566666666666666,0.14482490272373544
HNT,-0.007906,Strong,0.0001,0.0,0.008006,High,4.522,4.638,2.57,3.0,1000,25.65,2.57,1713052800000,"[0.0001, 0.0001, 0.0001]",0.8566666666666666,0.3076264591439689
GLM,-0.002055,Moderate,-0.000448,4.5e-05,0.001607,High,0.3156,0.3237,2.57,3.0,1000,25.67,2.57,1741075200000,"[-0.000453, -0.0005, -0.000391]",0.8566666666666666,0.07996108949416343
XEC,-0.001019,Mild,9.7e-05,4e-06,0.001116,High,3.9e-05,4e-05,2.83,3.0,1000,25.64,2.56,1736524800000,"[9.2e-05, 0.0001, 0.0001]",0.8533333333333334,0.036007067137809184
ONG,-0.001193,Mild,-0.00059,0.000223,0.000603,Medium,0.2619,0.2686,2.56,3.0,1000,25.58,2.56,1738526400000,"[-0.000437, -0.000429, -0.000905]",0.8533333333333334,0.0466015625
ZENT,-0.001005,Mild,0.000109,0.000114,0.001114,High,0.01211,0.01242,2.56,3.0,1000,25.6,2.56,1741996800000,"[3.8e-05, 1.8e-05, 0.00027]",0.8533333333333334,0.0392578125
XNO,-0.001747,Mild,-0.001139,0.000251,0.000608,Medium,0.902,0.925,2.55,3.0,1000,25.5,2.55,1744560000000,"[-0.001185, -0.001421, -0.000811]",0.85,0.06850980392156863
SCA,-0.004049,Moderate,5.2e-05,6.8e-05,0.004101,High,0.941,0.965,2.55,3.0,1000,25.5,2.55,1713916800000,"[-4.4e-05, 0.0001, 0.0001]",0.85,0.1587843137254902
SC,-0.001594,Mild,-7.3e-05,3.2e-05,0.001521,High,0.00764,0.007834,2.54,3.0,1000,25.39,2.54,1714017600000,"[-3.3e-05, -0.00011, -7.7e-05]",0.8466666666666667,0.06275590551181102
AKT,-0.001144,Mild,-0.000506,0.000193,0.000638,High,2.398,2.459,2.54,3.0,1000,25.44,2.54,1725984000000,"[-0.000778, -0.000394, -0.000346]",0.8466666666666667,0.04503937007874016
BLAST,-0.002482,Moderate,-0.001635,7.2e-05,0.000847,High,0.01063,0.0109,2.54,3.0,1000,25.4,2.54,1723708800000,"[-0.001664, -0.001705, -0.001537]",0.8466666666666667,0.09771653543307086
F,-0.004537,Moderate,-0.003208,0.000267,0.001329,Medium,0.009208,0.009442,2.54,3.0,1000,25.41,2.54,1750363200000,"[-0.002897, -0.003548, -0.003178]",0.8466666666666667,0.1786220472440945
1000BTT,-0.002035,Moderate,1.7e-05,0.000201,0.002052,Medium,0.000791,0.000811,2.49,3.0,1000,25.28,2.53,1720771200000,"[0.000212, -0.00026, 0.0001]",0.8433333333333333,0.08172690763052208
MANTA,-0.001002,Mild,-0.000104,0.000157,0.000898,High,1.8412,1.8877,2.53,3.0,1000,25.26,2.53,1713470400000,"[-0.000319, 5e-05, -4.3e-05]",0.8433333333333333,0.039604743083003956
HIVE,-0.001596,Mild,-0.000617,0.000231,0.000979,Medium,0.3276,0.3359,2.53,3.0,1000,25.34,2.53,1739836800000,"[-0.000312, -0.000667, -0.000872]",0.8433333333333333,0.06308300395256917
BADGER,-0.001976,Mild,-0.000262,0.000295,0.001714,Medium,0.992,1.017,2.52,3.0,1000,25.2,2.52,1749312000000,"[-0.000658, -0.000177, 5e-05]",0.84,0.0784126984126984
ZBCN,-0.002515,Moderate,-0.000515,0.000181,0.002,High,0.001468,0.001505,2.5,3.0,1000,25.2,2.52,1741593600000,"[-0.000602, -0.00068, -0.000263]",0.84,0.1006
XMR,-0.002882,Moderate,0.000127,3.8e-05,0.003009,High,194.06,198.96,2.52,3.0,1000,25.25,2.52,1736006400000,"[0.0001, 0.0001, 0.00018]",0.84,0.11436507936507936
QI,-0.002357,Moderate,7.7e-05,3.3e-05,0.002434,High,0.00873,0.00895,2.52,3.0,1000,25.2,2.52,1743033600000,"[0.0001, 3e-05, 0.0001]",0.84,0.09353174603174604
IP,-0.00184,Mild,-0.000921,0.000204,0.000919,Medium,2.912,2.985,2.51,3.0,1000,25.07,2.51,1751299200000,"[-0.000893, -0.000686, -0.001184]",0.8366666666666666,0.07330677290836654
HIVE,-0.001372,Mild,-0.000487,0.000283,0.000885,Medium,0.2346,0.2405,2.51,3.0,1000,25.15,2.51,1744848000000,"[-0.000502, -0.000826, -0.000133]",0.8366666666666666,0.05466135458167331
MOVE,-0.001381,Mild,-0.000834,0.000162,0.000547,High,0.2321,0.2379,2.5,3.0,1000,24.99,2.5,1745092800000,"[-0.000693, -0.00106, -0.000748]",0.8333333333333334,0.05524
LA,-0.001013,Mild,-0.000324,0.000282,0.000689,Medium,0.3882,0.3979,2.5,3.0,1000,24.99,2.5,1752246000000,"[-0.000679, -0.000306, 1.2e-05]",0.8333333333333334,0.04052
CORE,-0.011375,Strong,-0.000224,0.000243,0.011151,Medium,0.4991,0.5116,2.5,3.0,1000,25.05,2.5,1743321600000,"[-0.000537, -0.000191, 5.5e-05]",0.8333333333333334,0.45499999999999996
1000BTT,-0.001444,Mild,-7.2e-05,0.00014,0.001372,High,0.001162,0.001191,2.52,3.0,1000,24.96,2.5,1737014400000,"[-7.4e-05, 0.0001, -0.000243]",0.8333333333333334,0.0573015873015873
BROCCOLIF3B,-0.001043,Mild,-0.000166,0.000129,0.000877,High,0.01404,0.01439,2.49,3.0,1000,24.93,2.49,1748134800000,"[-0.00022, -0.00029, 1.2e-05]",0.8300000000000001,0.04188755020080321
SNT,-0.015,Strong,2.5e-05,0.000106,0.015025,High,0.02767,0.02836,2.49,3.0,1000,24.94,2.49,1718726400000,"[-0.000125, 0.0001, 0.0001]",0.8300000000000001,0.6024096385542168
TURBO,-0.001155,Mild,-4.5e-05,0.000132,0.00111,High,0.005699,0.005841,2.49,3.0,1000,24.92,2.49,1746547200000,"[-0.000232, 5e-05, 4.7e-05]",0.8300000000000001,0.046385542168674694
ONDO,-0.001272,Mild,-0.000329,8.2e-05,0.000943,High,1.6741,1.7158,2.49,3.0,1000,24.91,2.49,1734825600000,"[-0.00037, -0.000403, -0.000215]",0.8300000000000001,0.05108433734939758
SLP,-0.002013,Moderate,-0.000831,0.000116,0.001182,High,0.002422,0.002482,2.48,3.0,1000,24.77,2.48,1723305600000,"[-0.000993, -0.00077, -0.00073]",0.8266666666666667,0.08116935483870968
MTL,-0.00302,Moderate,-5e-05,0.000158,0.00297,High,0.8218,0.8422,2.48,3.0,1000,24.82,2.48,1744819200000,"[2e-05, 0.0001, -0.000269]",0.8266666666666667,0.1217741935483871
ONG,-0.001592,Mild,-0.000183,0.000294,0.001409,Medium,0.2583,0.2647,2.48,3.0,1000,24.78,2.48,1739937600000,"[5e-05, -1e-06, -0.000598]",0.8266666666666667,0.06419354838709677
AKT,-0.001027,Mild,1.8e-05,8.5e-05,0.001045,High,2.223,2.278,2.47,3.0,1000,24.74,2.47,1730620800000,"[5.4e-05, -9.9e-05, 0.0001]",0.8233333333333334,0.04157894736842104
SUN,-0.002632,Moderate,-0.000175,0.000239,0.002457,Medium,0.013581,0.013917,2.47,3.0,1000,24.74,2.47,1713628800000,"[0.0001, -0.000482, -0.000143]",0.8233333333333334,0.10655870445344127
NS,-0.002888,Moderate,-0.002088,5.4e-05,0.0008,High,0.2265,0.2321,2.47,3.0,1000,24.72,2.47,1737936000000,"[-0.002018, -0.002148, -0.002099]",0.8233333333333334,0.11692307692307691
MBL,-0.001056,Mild,-4.6e-05,6.9e-05,0.00101,High,0.002723,0.00279,2.46,3.0,1000,24.61,2.46,1724313600000,"[-0.000112, -7.4e-05, 4.9e-05]",0.82,0.042926829268292686
GLM,-0.00252,Moderate,-0.000356,8.4e-05,0.002164,High,0.2602,0.2666,2.46,3.0,1000,24.6,2.46,1744516800000,"[-0.000411, -0.000421, -0.000237]",0.82,0.10243902439024391
L3,-0.0018,Mild,3.2e-05,9.3e-05,0.001832,High,0.05087,0.05212,2.46,3.0,1000,24.57,2.46,1723017600000,"[-0.0001, 9.5e-05, 0.0001]",0.82,0.07317073170731707
REZ,-0.001703,Mild,-0.000779,0.00015,0.000924,High,0.01431,0.01466,2.45,3.0,1000,24.46,2.45,1745726400000,"[-0.000983, -0.000728, -0.000625]",0.8166666666666668,0.06951020408163265
BANK,-0.003089,Moderate,5e-05,0.0,0.003139,High,0.07307,0.07485,2.44,3.0,1000,24.36,2.44,1748966400000,"[5e-05, 5e-05, 5e-05]",0.8133333333333334,0.12659836065573774
HNT,-0.001999,Mild,1.2e-05,8.4e-05,0.002011,High,5.936,6.081,2.44,3.0,1000,24.43,2.44,1714406400000,"[-0.000101, 3.7e-05, 0.0001]",0.8133333333333334,0.08192622950819672
LAYER,-0.002466,Moderate,-0.001226,0.000146,0.00124,High,1.3334,1.3659,2.44,3.0,1000,24.37,2.44,1746680400000,"[-0.00125, -0.001392, -0.001036]",0.8133333333333334,0.1010655737704918
ZBCN,-0.001168,Mild,0.0001,0.0,0.001268,High,0.001105,0.001132,2.44,3.0,1000,24.43,2.44,1720080000000,"[0.0001, 0.0001, 0.0001]",0.8133333333333334,0.0478688524590164
FLUX,-0.001072,Mild,-5.5e-05,0.000123,0.001017,High,0.5361,0.5492,2.44,3.0,1000,24.44,2.44,1725638400000,"[1.4e-05, 5e-05, -0.000228]",0.8133333333333334,0.0439344262295082
XEM,-0.001172,Mild,-0.000473,0.00019,0.000699,High,0.0206,0.0211,2.43,3.0,1000,24.27,2.43,1738540800000,"[-0.000242, -0.00047, -0.000708]",0.81,0.04823045267489712
RAD,-0.001124,Mild,-3.4e-05,0.00019,0.00109,High,0.6913,0.7081,2.43,3.0,1000,24.3,2.43,1749340800000,"[0.0001, 0.0001, -0.000302]",0.81,0.04625514403292181
ARPA,-0.003221,Moderate,8.4e-05,2.2e-05,0.003305,High,0.07363,0.07542,2.43,3.0,1000,24.31,2.43,1715472000000,"[5.3e-05, 0.0001, 0.0001]",0.81,0.1325514403292181
BLAST,-0.001816,Mild,-0.001241,0.000293,0.000575,Medium,0.003054,0.003128,2.42,3.0,1000,24.23,2.42,1745078400000,"[-0.001156, -0.001635, -0.000933]",0.8066666666666666,0.07504132231404959
MOCA,-0.001064,Mild,5e-05,0.0,0.001114,High,0.2105,0.2156,2.42,3.0,1000,24.23,2.42,1737187200000,"[5e-05, 5e-05, 5e-05]",0.8066666666666666,0.04396694214876033
SYS,-0.001432,Mild,5e-05,0.0,0.001482,High,0.05083,0.05206,2.42,3.0,1000,24.2,2.42,1742400000000,"[5e-05, 5e-05, 5e-05]",0.8066666666666666,0.05917355371900826
MOBILE,-0.002522,Moderate,-0.000135,0.000213,0.002387,Medium,0.000413,0.000423,2.4,3.0,1000,24.21,2.42,1741996800000,"[-0.000415, -8.9e-05, 0.0001]",0.8066666666666666,0.10508333333333333
BIO,-0.001927,Mild,-0.000951,7.7e-05,0.000976,High,0.05272,0.05399,2.41,3.0,1000,24.09,2.41,1744876800000,"[-0.001049, -0.000945, -0.00086]",0.8033333333333333,0.07995850622406639
ALEO,-0.004174,Moderate,-0.001553,0.00021,0.002621,Medium,0.1786,0.1829,2.41,3.0,1000,24.08,2.41,1749168000000,"[-0.001274, -0.001606, -0.00178]",0.8033333333333333,0.17319502074688795
XNO,-0.001477,Mild,-0.000698,0.000256,0.000779,Medium,0.916,0.938,2.4,3.0,1000,24.02,2.4,1748793600000,"[-0.00093, -0.000823, -0.000341]",0.7999999999999999,0.06154166666666667
PLUME,-0.001048,Mild,-0.000424,0.000221,0.000624,Medium,0.0791,0.081,2.4,3.0,1000,24.02,2.4,1751112000000,"[-0.00069, -0.000433, -0.00015]",0.7999999999999999,0.04366666666666667
CLOUD,-0.001858,Mild,-0.00012,9.3e-05,0.001738,High,0.1883,0.1928,2.39,3.0,1000,23.9,2.39,1723708800000,"[-0.000211, 8e-06, -0.000157]",0.7966666666666667,0.07774058577405858
CTK,-0.001132,Mild,-5.9e-05,7.7e-05,0.001073,High,0.535,0.5478,2.39,3.0,1000,23.93,2.39,1727827200000,"[-0.000116, -0.000111, 5e-05]",0.7966666666666667,0.04736401673640167
SNT,-0.001378,Mild,-0.000602,0.000293,0.000776,Medium,0.02633,0.02696,2.39,3.0,1000,23.93,2.39,1750960800000,"[-0.000682, -0.00021, -0.000914]",0.7966666666666667,0.05765690376569038
MDT,-0.003755,Moderate,-3e-06,0.000146,0.003752,High,0.02512,0.02572,2.39,3.0,1000,23.89,2.39,1744704000000,"[0.0001, -0.000209, 0.0001]",0.7966666666666667,0.15711297071129707
XCN,-0.001851,Mild,0.0001,0.0,0.001951,High,0.001384,0.001417,2.38,3.0,1000,23.84,2.38,1720310400000,"[0.0001, 0.0001, 0.0001]",0.7933333333333333,0.07777310924369749
100000AIDOGE,-0.001015,Mild,0.000102,1.5e-05,0.001117,High,4.2e-05,4.3e-05,1.77,4.0,1000,23.81,2.38,1712966400000,"[8.1e-05, 0.000112, 0.000114]",0.595,0.05734463276836158
SCA,-0.002762,Moderate,-0.00212,6e-06,0.000642,High,0.0884,0.0905,2.38,3.0,1000,23.76,2.38,1751212800000,"[-0.002126, -0.002112, -0.002122]",0.7933333333333333,0.11605042016806724
CTK,-0.001188,Mild,-0.000609,0.000107,0.000579,High,0.2446,0.2504,2.37,3.0,1000,23.71,2.37,1750392000000,"[-0.000458, -0.000691, -0.000679]",0.79,0.05012658227848101
DEEP,-0.001372,Mild,-0.000771,0.000114,0.000601,High,0.17714,0.18133,2.37,3.0,1000,23.65,2.37,1745596800000,"[-0.000928, -0.000724, -0.00066]",0.79,0.057890295358649785
SYS,-0.001315,Mild,-0.0007,0.000261,0.000615,Medium,0.03286,0.03364,2.37,3.0,1000,23.74,2.37,1744848000000,"[-0.000427, -0.001052, -0.000621]",0.79,0.05548523206751054
COS,-0.001469,Mild,8.2e-05,2.5e-05,0.001551,High,0.00847,0.00867,2.36,3.0,1000,23.61,2.36,1718956800000,"[0.0001, 0.0001, 4.6e-05]",0.7866666666666666,0.06224576271186441
SC,-0.00146,Mild,5e-05,0.0,0.00151,High,0.004821,0.004935,2.36,3.0,1000,23.65,2.36,1726891200000,"[5e-05, 5e-05, 5e-05]",0.7866666666666666,0.06186440677966101
MBL,-0.002041,Moderate,6.2e-05,5.3e-05,0.002103,High,0.002429,0.002486,2.35,3.0,1000,23.47,2.35,1720972800000,"[-1.3e-05, 0.0001, 0.0001]",0.7833333333333333,0.08685106382978723
CTK,-0.002241,Moderate,-0.000126,0.000249,0.002115,Medium,0.6416,0.6566,2.34,3.0,1000,23.38,2.34,1720296000000,"[-0.000479, 5e-05, 5e-05]",0.7799999999999999,0.09576923076923077
RESOLV,-0.001056,Mild,-0.000416,0.000197,0.00064,High,0.2565,0.2625,2.34,3.0,1000,23.39,2.34,1749945600000,"[-0.00023, -0.00033, -0.000689]",0.7799999999999999,0.04512820512820514
RSS3,-0.001713,Mild,-0.001206,9.4e-05,0.000507,High,0.2815,0.2881,2.34,3.0,1000,23.45,2.34,1718956800000,"[-0.001321, -0.00109, -0.001206]",0.7799999999999999,0.07320512820512821
KAITO,-0.00141,Mild,-7.1e-05,0.000171,0.001339,High,1.4128,1.4459,2.34,3.0,1000,23.43,2.34,1742068800000,"[5e-05, 5e-05, -0.000313]",0.7799999999999999,0.060256410256410264
GNO,-0.001451,Mild,-0.000498,0.000204,0.000953,Medium,111.5,114.1,2.33,3.0,1000,23.32,2.33,1746086400000,"[-0.000551, -0.000718, -0.000226]",0.7766666666666667,0.06227467811158798
10000WHY,-0.002127,Moderate,-0.000629,3.8e-05,0.001498,High,0.002188,0.002239,2.33,3.0,1000,23.31,2.33,1729526400000,"[-0.000668, -0.000577, -0.000642]",0.7766666666666667,0.09128755364806866
BLAST,-0.001001,Mild,-0.000462,0.000238,0.000539,Medium,0.00283,0.002896,2.33,3.0,1000,23.32,2.33,1748822400000,"[-0.000655, -0.000126, -0.000605]",0.7766666666666667,0.04296137339055794
EDGE,-0.001077,Mild,-6e-06,4e-06,0.001071,High,0.073,0.0747,2.33,3.0,1000,23.29,2.33,1750449600000,"[-2e-06, -5e-06, -1.2e-05]",0.7766666666666667,0.046223175965665234
BLAST,-0.001219,Mild,-0.000265,0.000177,0.000954,High,0.004089,0.004184,2.32,3.0,1000,23.23,2.32,1739606400000,"[-0.000513, -0.000163, -0.000118]",0.7733333333333333,0.05254310344827587
BIGTIME,-0.001671,Mild,4e-05,1.4e-05,0.001711,High,0.07599,0.07775,2.32,3.0,1000,23.16,2.32,1744372800000,"[5e-05, 5e-05, 2.1e-05]",0.7733333333333333,0.07202586206896552
SNT,-0.009891,Strong,1.5e-05,5e-05,0.009906,High,0.02282,0.02335,2.32,3.0,1000,23.23,2.32,1746504000000,"[5e-05, -5.6e-05, 5e-05]",0.7733333333333333,0.4263362068965518
TRU,-0.001049,Mild,0.000289,0.00014,0.001338,High,0.03202,0.03276,2.31,3.0,1000,23.11,2.31,1743782400000,"[0.000332, 0.000436, 0.0001]",0.77,0.045411255411255416
SIGN,-0.002552,Moderate,-0.000979,0.000197,0.001573,High,0.08955,0.09162,2.31,3.0,1000,23.12,2.31,1746126000000,"[-0.001249, -0.000901, -0.000787]",0.77,0.11047619047619048
1000BTT,-0.001262,Mild,-0.000222,0.000261,0.00104,Medium,0.000866,0.000886,2.29,3.0,1000,23.09,2.31,1738800000000,"[0.0001, -0.000539, -0.000227]",0.77,0.05510917030567686
MELANIA,-0.001888,Mild,-0.000226,0.000195,0.001662,High,0.61,0.624,2.3,3.0,1000,22.95,2.3,1743278400000,"[5e-05, -0.000347, -0.00038]",0.7666666666666666,0.08208695652173913
SLF,-0.001769,Mild,-0.000272,0.000289,0.001497,Medium,0.0825,0.0844,2.3,3.0,1000,23.03,2.3,1751126400000,"[0.0001, -0.000605, -0.000311]",0.7666666666666666,0.07691304347826088
AERO,-0.001142,Mild,-0.000634,0.000101,0.000508,High,0.391,0.4,2.3,3.0,1000,23.02,2.3,1744761600000,"[-0.000544, -0.000583, -0.000775]",0.7666666666666666,0.04965217391304348
COOK,-0.001578,Mild,-0.000367,0.000111,0.001211,High,0.0074,0.00757,2.3,3.0,1000,22.97,2.3,1750320000000,"[-0.000228, -0.000374, -0.000499]",0.7666666666666666,0.06860869565217391
AUCTION,-0.002145,Moderate,-0.000735,0.000126,0.00141,High,12.15,12.43,2.3,3.0,1000,23.05,2.3,1744588800000,"[-0.000557, -0.000811, -0.000836]",0.7666666666666666,0.0932608695652174
CRO,-0.001391,Mild,-0.000139,8.6e-05,0.001252,High,0.07548,0.07721,2.29,3.0,1000,22.92,2.29,1728403200000,"[-0.000209, -0.000189, -1.8e-05]",0.7633333333333333,0.06074235807860262
GMT,-0.001164,Mild,-0.000551,0.000275,0.000613,Medium,0.1526,0.1561,2.29,3.0,1000,22.94,2.29,1734595200000,"[-0.000691, -0.000794, -0.000167]",0.7633333333333333,0.05082969432314411
LAYER,-0.002059,Moderate,-0.000815,0.000156,0.001244,High,2.9658,3.0333,2.28,3.0,1000,22.76,2.28,1746460800000,"[-0.000596, -0.000946, -0.000904]",0.7599999999999999,0.09030701754385967
ONT,-0.02,Strong,9.2e-05,1.1e-05,0.020092,High,0.2715,0.2777,2.28,3.0,1000,22.84,2.28,1736755200000,"[0.0001, 0.0001, 7.7e-05]",0.7599999999999999,0.8771929824561405
MVL,-0.001089,Mild,-0.000533,0.000252,0.000556,Medium,0.003554,0.003635,2.28,3.0,1000,22.79,2.28,1740643200000,"[-0.000267, -0.000871, -0.000462]",0.7599999999999999,0.04776315789473684
VVV,-0.001026,Mild,-0.00034,0.000125,0.000686,High,8.444,8.636,2.27,3.0,1000,22.74,2.27,1739217600000,"[-0.000517, -0.000239, -0.000265]",0.7566666666666667,0.04519823788546255
AGI,-0.00106,Mild,0.00011,1.4e-05,0.00117,High,0.1377,0.14083,2.27,3.0,1000,22.73,2.27,1737993600000,"[0.0001, 0.0001, 0.000129]",0.7566666666666667,0.04669603524229075
GRASS,-0.001089,Mild,-0.000313,0.00027,0.000776,Medium,1.6216,1.6582,2.26,3.0,1000,22.57,2.26,1739664000000,"[-0.000694, -0.000101, -0.000144]",0.7533333333333333,0.0481858407079646
RDNT,-0.001838,Mild,4.1e-05,8.4e-05,0.001879,High,0.03558,0.03638,2.25,3.0,1000,22.48,2.25,1740038400000,"[-7.8e-05, 0.0001, 0.0001]",0.75,0.0816888888888889
PUMPBTC,-0.001001,Mild,-0.000232,0.00013,0.000769,High,0.0468,0.04785,2.24,3.0,1000,22.44,2.24,1749974400000,"[-5.6e-05, -0.000366, -0.000275]",0.7466666666666667,0.04468749999999999
SC,-0.001251,Mild,5e-05,0.0,0.001301,High,0.008241,0.008426,2.24,3.0,1000,22.45,2.24,1712952000000,"[5e-05, 5e-05, 5e-05]",0.7466666666666667,0.05584821428571427
GODS,-0.00157,Mild,-0.000301,0.000279,0.001269,Medium,0.1345,0.1375,2.23,3.0,1000,22.3,2.23,1739390400000,"[-0.000317, -0.000635, 4.8e-05]",0.7433333333333333,0.07040358744394619
ZRC,-0.001386,Mild,-0.000317,0.000298,0.001069,Medium,0.0404,0.0413,2.23,3.0,1000,22.28,2.23,1741737600000,"[-0.000711, -0.000248, 8e-06]",0.7433333333333333,0.06215246636771301
AGT,-0.003839,Moderate,-0.000137,0.000264,0.003702,Medium,0.02874,0.02938,2.23,3.0,1000,22.27,2.23,1749441600000,"[-0.00051, 5e-05, 5e-05]",0.7433333333333333,0.172152466367713
NKN,-0.001399,Mild,-0.000581,0.000283,0.000818,Medium,0.01746,0.01785,2.23,3.0,1000,22.34,2.23,1744617600000,"[-0.000939, -0.000248, -0.000555]",0.7433333333333333,0.06273542600896861
POLYX,-0.001338,Mild,-0.000386,0.000103,0.000952,High,0.34869,0.35646,2.23,3.0,1000,22.28,2.23,1718942400000,"[-0.000464, -0.00024, -0.000453]",0.7433333333333333,0.06
MANTA,-0.001079,Mild,-0.000117,0.000168,0.000962,High,0.2428,0.2482,2.22,3.0,1000,22.24,2.22,1749081600000,"[5e-05, -5.4e-05, -0.000346]",0.7400000000000001,0.04860360360360361
RPL,-0.001027,Mild,-6.8e-05,0.000237,0.000959,Medium,19.78,20.22,2.22,3.0,1000,22.24,2.22,1719734400000,"[-0.000403, 0.0001, 0.0001]",0.7400000000000001,0.046261261261261254
SQD,-0.005061,Strong,7e-05,0.000134,0.005131,High,0.2267,0.2317,2.21,3.0,1000,22.06,2.21,1748894400000,"[0.000124, -0.000114, 0.0002]",0.7366666666666667,0.22900452488687786
HIVE,-0.002082,Moderate,-0.001274,0.000166,0.000808,High,0.3351,0.3425,2.21,3.0,1000,22.08,2.21,1739923200000,"[-0.001061, -0.001467, -0.001295]",0.7366666666666667,0.09420814479638011
HIVE,-0.001904,Mild,-0.000368,0.000126,0.001536,High,0.3252,0.3324,2.21,3.0,1000,22.14,2.21,1739232000000,"[-0.000471, -0.00019, -0.000442]",0.7366666666666667,0.08615384615384616
AUCTION,-0.003385,Moderate,-3.5e-05,0.00012,0.00335,High,18.63,19.04,2.2,3.0,1000,22.01,2.2,1722427200000,"[-0.000204, 5e-05, 5e-05]",0.7333333333333334,0.15386363636363634
SYS,-0.001168,Mild,-0.000558,0.00019,0.00061,High,0.03904,0.0399,2.2,3.0,1000,22.03,2.2,1745078400000,"[-0.000406, -0.000826, -0.000441]",0.7333333333333334,0.053090909090909084
ENA,-0.001052,Mild,-7.5e-05,0.000138,0.000977,High,0.4634,0.4736,2.2,3.0,1000,22.01,2.2,1739419200000,"[-0.000268, 5e-05, -8e-06]",0.7333333333333334,0.047818181818181815
G,-0.001518,Mild,4.8e-05,3e-06,0.001566,High,0.03745,0.03827,2.19,3.0,1000,21.9,2.19,1726200000000,"[5e-05, 5e-05, 4.3e-05]",0.73,0.0693150684931507
MELANIA,-0.001169,Mild,-0.000127,0.0001,0.001042,High,0.775,0.792,2.19,3.0,1000,21.94,2.19,1741291200000,"[-0.000261, -9.9e-05, -2e-05]",0.73,0.053378995433789954
AXS,-0.001012,Mild,-0.000264,0.000207,0.000748,Medium,4.614,4.715,2.19,3.0,1000,21.89,2.19,1728028800000,"[-0.000292, -0.000503, 2e-06]",0.73,0.04621004566210046
SNT,-0.001036,Mild,-0.000338,0.000133,0.000698,High,0.0242,0.02473,2.19,3.0,1000,21.9,2.19,1743148800000,"[-0.0003, -0.000516, -0.000198]",0.73,0.047305936073059364
ORCA,-0.001211,Mild,-0.000278,6.4e-05,0.000933,High,2.829,2.891,2.19,3.0,1000,21.92,2.19,1745121600000,"[-0.000365, -0.000213, -0.000255]",0.73,0.05529680365296804
H,-0.00245,Moderate,-0.001621,0.000271,0.000829,Medium,0.09677,0.09889,2.19,3.0,1000,21.91,2.19,1751706000000,"[-0.002003, -0.001407, -0.001454]",0.73,0.11187214611872145
ATH,-0.001169,Mild,-0.000629,3.4e-05,0.00054,High,0.05914,0.06043,2.18,3.0,1000,21.81,2.18,1726387200000,"[-0.000656, -0.00065, -0.000581]",0.7266666666666667,0.05362385321100917
MVL,-0.001019,Mild,9.6e-05,3e-06,0.001115,High,0.003119,0.003187,2.18,3.0,1000,21.8,2.18,1743004800000,"[0.0001, 9.6e-05, 9.2e-05]",0.7266666666666667,0.046743119266055046
CTK,-0.001029,Mild,-8e-06,6.1e-05,0.001021,High,0.7203,0.736,2.18,3.0,1000,21.8,2.18,1737532800000,"[1.8e-05, -9.3e-05, 5e-05]",0.7266666666666667,0.04720183486238532
WAL,-0.001337,Mild,3.2e-05,1.7e-05,0.001369,High,0.688,0.703,2.18,3.0,1000,21.8,2.18,1747281600000,"[3.6e-05, 1e-05, 5e-05]",0.7266666666666667,0.0613302752293578
RARE,-0.001461,Mild,-0.00096,0.000256,0.000501,Medium,0.06229,0.06364,2.17,3.0,1000,21.67,2.17,1744372800000,"[-0.001226, -0.001039, -0.000615]",0.7233333333333333,0.06732718894009217
G,-0.001175,Mild,-7.7e-05,5.9e-05,0.001098,High,0.0212,0.02166,2.17,3.0,1000,21.7,2.17,1740700800000,"[-4.8e-05, -2.4e-05, -0.000159]",0.7233333333333333,0.05414746543778802
BAL,-0.005001,Strong,0.0001,0.0,0.005101,High,1.247,1.274,2.17,3.0,1000,21.65,2.17,1747497600000,"[0.0001, 0.0001, 0.0001]",0.7233333333333333,0.23046082949308755
10000COQ,-0.001292,Mild,1.6e-05,6e-05,0.001308,High,0.00644,0.00658,2.17,3.0,1000,21.74,2.17,1741939200000,"[0.0001, -3.5e-05, -1.6e-05]",0.7233333333333333,0.05953917050691244
MERL,-0.003566,Moderate,-0.000933,2.7e-05,0.002633,High,0.10986,0.11223,2.16,3.0,1000,21.57,2.16,1749657600000,"[-0.000901, -0.000931, -0.000966]",0.7200000000000001,0.1650925925925926
AVL,-0.001066,Mild,2.5e-05,0.0,0.001091,High,0.4033,0.412,2.16,3.0,1000,21.57,2.16,1742407200000,"[2.5e-05, 2.5e-05, 2.5e-05]",0.7200000000000001,0.049351851851851855
HIVE,-0.014972,Strong,5e-05,0.0,0.015022,High,0.5476,0.5594,2.15,3.0,1000,21.55,2.15,1736568000000,"[5e-05, 5e-05, 5e-05]",0.7166666666666667,0.6963720930232559
GNO,-0.001602,Mild,-0.000924,0.000227,0.000678,Medium,107.0,109.3,2.15,3.0,1000,21.5,2.15,1750982400000,"[-0.000959, -0.001182, -0.00063]",0.7166666666666667,0.07451162790697674
BANANAS31,-0.001015,Mild,5e-05,0.0,0.001065,High,0.006945,0.007094,2.15,3.0,1000,21.45,2.15,1753113600000,"[5e-05, 5e-05, 5e-05]",0.7166666666666667,0.047209302325581404
SNT,-0.00131,Mild,1.2e-05,0.000125,0.001322,High,0.02138,0.02184,2.15,3.0,1000,21.52,2.15,1726444800000,"[0.0001, 0.0001, -0.000165]",0.7166666666666667,0.060930232558139535
REZ,-0.001244,Mild,-0.000524,0.000187,0.00072,High,0.01393,0.01423,2.15,3.0,1000,21.54,2.15,1745380800000,"[-0.000749, -0.000291, -0.000533]",0.7166666666666667,0.057860465116279076
NKN,-0.001189,Mild,4.6e-05,7.6e-05,0.001235,High,0.06965,0.07114,2.14,3.0,1000,21.39,2.14,1730102400000,"[0.0001, 0.0001, -6.2e-05]",0.7133333333333334,0.055560747663551395
SLF,-0.001782,Mild,-0.001084,0.000205,0.000698,Medium,0.2052,0.2096,2.14,3.0,1000,21.44,2.14,1746000000000,"[-0.000962, -0.001373, -0.000918]",0.7133333333333334,0.08327102803738316
ONG,-0.003444,Moderate,-0.000321,0.000144,0.003123,High,0.3275,0.3345,2.14,3.0,1000,21.37,2.14,1728561600000,"[-0.000353, -0.000479, -0.000131]",0.7133333333333334,0.16093457943925232
AUDIO,-0.001006,Mild,5.1e-05,6.9e-05,0.001057,High,0.1218,0.1244,2.13,3.0,1000,21.35,2.13,1723996800000,"[0.0001, 0.0001, -4.6e-05]",0.71,0.04723004694835681
CARV,-0.001167,Mild,-0.000179,3.3e-05,0.000988,High,0.3151,0.3218,2.13,3.0,1000,21.26,2.13,1749369600000,"[-0.000189, -0.000134, -0.000213]",0.71,0.0547887323943662
GPS,-0.004954,Moderate,-8e-06,0.0001,0.004946,High,0.09417,0.09618,2.13,3.0,1000,21.34,2.13,1737187200000,"[-0.000148, 7.7e-05, 4.6e-05]",0.71,0.23258215962441314
REQ,-0.00127,Mild,0.0001,0.0,0.00137,High,0.13642,0.13932,2.13,3.0,1000,21.26,2.13,1711152000000,"[0.0001, 0.0001, 0.0001]",0.71,0.059624413145539915
MVL,-0.003318,Moderate,-0.000282,0.000245,0.003036,Medium,0.002911,0.002973,2.13,3.0,1000,21.3,2.13,1743580800000,"[-0.000272, -0.000587, 1.4e-05]",0.71,0.15577464788732395
BLAST,-0.001558,Mild,-0.000674,0.000162,0.000884,High,0.002487,0.00254,2.13,3.0,1000,21.31,2.13,1749888000000,"[-0.000864, -0.00069, -0.000467]",0.71,0.07314553990610329
CARV,-0.001192,Mild,-0.000152,0.000164,0.00104,High,0.2885,0.2946,2.11,3.0,1000,21.14,2.11,1750003200000,"[5e-05, -0.000351, -0.000155]",0.7033333333333333,0.05649289099526067
BADGER,-0.001541,Mild,-0.000226,0.000296,0.001315,Medium,0.95,0.97,2.11,3.0,1000,21.05,2.11,1750795200000,"[-9e-05, 5e-05, -0.000637]",0.7033333333333333,0.07303317535545024
1000BTT,-0.001032,Mild,-0.000382,9e-05,0.00065,High,0.000857,0.000875,2.11,3.0,1000,21.0,2.1,1738972800000,"[-0.000402, -0.000264, -0.000481]",0.7000000000000001,0.048909952606635075
ZKJ,-0.007184,Strong,0.0001,0.0,0.007284,High,1.292,1.319,2.09,3.0,1000,20.9,2.09,1722844800000,"[0.0001, 0.0001, 0.0001]",0.6966666666666667,0.343732057416268
CYBER,-0.001161,Mild,-0.00028,0.000116,0.000881,High,1.053,1.075,2.09,3.0,1000,20.89,2.09,1744358400000,"[-0.000208, -0.000443, -0.000189]",0.6966666666666667,0.05555023923444976
AERGO,-0.00122,Mild,5e-05,0.0,0.00127,High,0.1784,0.18213,2.09,3.0,1000,20.91,2.09,1746374400000,"[5e-05, 5e-05, 5e-05]",0.6966666666666667,0.0583732057416268
USUAL,-0.001073,Mild,-0.000129,0.000164,0.000944,High,0.0909,0.0928,2.09,3.0,1000,20.9,2.09,1749931200000,"[-0.000347, -9.1e-05, 5e-05]",0.6966666666666667,0.05133971291866029
SXP,-0.001409,Mild,0.0001,0.0,0.001509,High,0.254,0.2593,2.09,3.0,1000,20.87,2.09,1730534400000,"[0.0001, 0.0001, 0.0001]",0.6966666666666667,0.06741626794258374
SLP,-0.001004,Mild,-0.000153,0.000204,0.000851,Medium,0.002343,0.002392,2.09,3.0,1000,20.91,2.09,1728403200000,"[-3.5e-05, 1.6e-05, -0.00044]",0.6966666666666667,0.04803827751196172
T,-0.002656,Moderate,-0.001882,0.000249,0.000774,Medium,0.01915,0.01955,2.09,3.0,1000,20.89,2.09,1745071200000,"[-0.001565, -0.001906, -0.002174]",0.6966666666666667,0.12708133971291866
RARE,-0.001757,Mild,3.1e-05,2.6e-05,0.001788,High,0.0558,0.05696,2.08,3.0,1000,20.79,2.08,1750939200000,"[5e-05, -6e-06, 5e-05]",0.6933333333333334,0.08447115384615385
LSK,-0.001045,Mild,4.3e-05,1e-05,0.001088,High,1.0567,1.0787,2.08,3.0,1000,20.82,2.08,1719561600000,"[5e-05, 2.9e-05, 5e-05]",0.6933333333333334,0.05024038461538462
TURBO,-0.001109,Mild,-0.000205,0.00012,0.000904,High,0.00563,0.005747,2.08,3.0,1000,20.78,2.08,1746187200000,"[-0.000338, -4.8e-05, -0.000228]",0.6933333333333334,0.05331730769230769
ANKR,-0.001593,Mild,-2e-05,0.000169,0.001573,High,0.02598,0.02652,2.08,3.0,1000,20.79,2.08,1724716800000,"[-0.000259, 0.0001, 0.0001]",0.6933333333333334,0.07658653846153847
TAIKO,-0.001091,Mild,0.000294,0.000143,0.001385,High,2.258,2.305,2.08,3.0,1000,20.81,2.08,1733040000000,"[0.000339, 0.000442, 0.0001]",0.6933333333333334,0.05245192307692308
1000BTT,-0.001262,Mild,-5.2e-05,0.00011,0.00121,High,0.000721,0.000736,1.98,4.0,1000,20.8,2.08,1747641600000,"[-0.0001, -0.000155, 0.0001]",0.52,0.06373737373737375
SONIC,-0.001643,Mild,-0.000333,9.1e-05,0.00131,High,0.3282,0.335,2.07,3.0,1000,20.72,2.07,1746072000000,"[-0.000229, -0.000318, -0.000451]",0.69,0.0793719806763285
ONG,-0.001552,Mild,5e-05,0.0,0.001602,High,0.3738,0.3815,2.06,3.0,1000,20.6,2.06,1721534400000,"[5e-05, 5e-05, 5e-05]",0.6866666666666666,0.07533980582524272
XEM,-0.001298,Mild,-0.000449,0.000152,0.000849,High,0.01945,0.01985,2.06,3.0,1000,20.57,2.06,1741536000000,"[-0.000239, -0.000516, -0.000593]",0.6866666666666666,0.06300970873786407
OBT,-0.002935,Moderate,-0.000571,0.000248,0.002364,Medium,0.00877,0.00895,2.05,3.0,1000,20.52,2.05,1748736000000,"[-0.000711, -0.00078, -0.000222]",0.6833333333333332,0.1431707317073171
XCN,-0.002016,Moderate,0.0001,0.0,0.002116,High,0.001267,0.001293,2.05,3.0,1000,20.52,2.05,1725379200000,"[0.0001, 0.0001, 0.0001]",0.6833333333333332,0.09834146341463416
1000BTT,-0.001878,Mild,-0.000401,0.000247,0.001477,Medium,0.000683,0.000697,1.98,4.0,1000,20.5,2.05,1741680000000,"[-0.00072, -0.000119, -0.000365]",0.5125,0.09484848484848485
CARV,-0.005328,Strong,-0.000335,0.000224,0.004993,Medium,0.8094,0.8259,2.04,3.0,1000,20.39,2.04,1730188800000,"[-0.000616, -6.8e-05, -0.00032]",0.68,0.2611764705882353
JST,-0.007455,Strong,-0.000491,0.00024,0.006964,Medium,0.03283,0.0335,2.04,3.0,1000,20.41,2.04,1738800000000,"[-0.00027, -0.000378, -0.000824]",0.68,0.3654411764705882
BERA,-0.001574,Mild,-0.000638,0.000146,0.000936,High,6.955,7.097,2.04,3.0,1000,20.42,2.04,1741233600000,"[-0.000831, -0.000607, -0.000477]",0.68,0.07715686274509803
SAFE,-0.001033,Mild,4.8e-05,3e-06,0.001081,High,1.1413,1.1645,2.03,3.0,1000,20.33,2.03,1730635200000,"[5e-05, 4.4e-05, 5e-05]",0.6766666666666666,0.050886699507389166
BLUR,-0.001729,Mild,0.0001,0.0,0.001829,High,0.4193,0.4278,2.03,3.0,1000,20.27,2.03,1712966400000,"[0.0001, 0.0001, 0.0001]",0.6766666666666666,0.08517241379310346
MAJOR,-0.001123,Mild,-8.8e-05,0.000134,0.001035,High,0.1722,0.1757,2.03,3.0,1000,20.33,2.03,1751788800000,"[-0.000205, -0.000158, 0.0001]",0.6766666666666666,0.05532019704433498
SCA,-0.002879,Moderate,-0.001795,0.000177,0.001084,High,0.0888,0.0906,2.03,3.0,1000,20.27,2.03,1750867200000,"[-0.001777, -0.00202, -0.001587]",0.6766666666666666,0.14182266009852218
PUMPBTC,-0.002593,Moderate,-0.002019,0.000179,0.000574,High,0.04985,0.05086,2.03,3.0,1000,20.26,2.03,1749888000000,"[-0.001769, -0.002175, -0.002113]",0.6766666666666666,0.12773399014778325
MBL,-0.001369,Mild,-6e-06,8.6e-05,0.001363,High,0.003646,0.00372,2.03,3.0,1000,20.3,2.03,1736956800000,"[-8e-06, 0.0001, -0.000111]",0.6766666666666666,0.0674384236453202
GLM,-0.004775,Moderate,-0.000363,0.000296,0.004412,Medium,0.3456,0.3526,2.03,3.0,1000,20.25,2.03,1726905600000,"[-0.000559, -0.000584, 5.5e-05]",0.6766666666666666,0.23522167487684728
SLP,-0.001089,Mild,-0.000288,0.00016,0.000801,High,0.002977,0.003037,2.02,3.0,1000,20.15,2.02,1707105600000,"[-0.000462, -0.000327, -7.6e-05]",0.6733333333333333,0.05391089108910891
PARTI,-0.001854,Mild,-0.001217,0.00024,0.000637,Medium,0.1734,0.1769,2.02,3.0,1000,20.18,2.02,1751630400000,"[-0.001478, -0.001276, -0.000898]",0.6733333333333333,0.09178217821782178
STEEM,-0.001161,Mild,-0.000183,0.000101,0.000978,High,0.15226,0.15533,2.02,3.0,1000,20.16,2.02,1745812800000,"[-0.000143, -8.5e-05, -0.000322]",0.6733333333333333,0.05747524752475247
W,-0.001142,Mild,-8.2e-05,0.000187,0.00106,High,0.3711,0.3786,2.02,3.0,1000,20.21,2.02,1727870400000,"[-0.000347, 5e-05, 5e-05]",0.6733333333333333,0.056534653465346536
CKB,-0.002801,Moderate,-0.001841,0.000175,0.00096,High,0.018125,0.018489,2.01,3.0,1000,20.08,2.01,1726704000000,"[-0.001605, -0.001895, -0.002023]",0.6699999999999999,0.1393532338308458
BADGER,-0.002008,Moderate,-0.000696,0.000257,0.001312,Medium,0.9406,0.9595,2.01,3.0,1000,20.09,2.01,1749974400000,"[-0.000576, -0.001053, -0.000459]",0.6699999999999999,0.09990049751243782
1000BTT,-0.001174,Mild,2.4e-05,9.4e-05,0.001198,High,0.001193,0.001217,1.98,4.0,1000,20.12,2.01,1715155200000,"[8.1e-05, 0.0001, -0.000108]",0.5025,0.05929292929292929
AMP,-0.004405,Moderate,-0.001609,0.000111,0.002796,High,0.010889,0.011107,2.0,4.0,1000,20.02,2.0,1733745600000,"[-0.001578, -0.001492, -0.001758]",0.5,0.22025
EDU,-0.001197,Mild,3.5e-05,0.000189,0.001232,High,1.175,1.1985,2.0,4.0,1000,20.0,2.0,1710864000000,"[0.0001, -0.000221, 0.000227]",0.5,0.059849999999999993
PARTI,-0.00124,Mild,-0.000353,3.9e-05,0.000887,High,0.2504,0.2554,2.0,4.0,1000,19.97,2.0,1748865600000,"[-0.000407, -0.000315, -0.000337]",0.5,0.062
SXP,-0.004213,Moderate,-0.000177,0.000213,0.004036,Medium,0.1706,0.174,1.99,4.0,1000,19.93,1.99,1750406400000,"[-0.00018, -0.000436, 8.6e-05]",0.4975,0.21170854271356782
PUFFER,-0.001055,Mild,-0.00015,2.7e-05,0.000905,High,0.1762,0.1797,1.99,4.0,1000,19.86,1.99,1743825600000,"[-0.000129, -0.000188, -0.000133]",0.4975,0.053015075376884414
MTL,-0.004143,Moderate,-0.000125,0.000247,0.004018,Medium,1.6042,1.6359,1.98,4.0,1000,19.76,1.98,1714579200000,"[-0.000469, -5e-06, 0.0001]",0.495,0.20924242424242426
FUN,-0.002206,Moderate,-0.001127,9.5e-05,0.001079,High,0.009885,0.010081,1.98,4.0,1000,19.83,1.98,1751356800000,"[-0.000994, -0.001206, -0.001182]",0.495,0.11141414141414142
MTL,-0.001095,Mild,0.0001,0.0,0.001195,High,0.6973,0.7111,1.98,4.0,1000,19.79,1.98,1749801600000,"[0.0001, 0.0001, 0.0001]",0.495,0.05530303030303031
XCN,-0.001213,Mild,-0.000571,0.000284,0.000642,Medium,0.034092,0.034763,1.97,4.0,1000,19.68,1.97,1738310400000,"[-0.000958, -0.000471, -0.000283]",0.4925,0.061573604060913716
H,-0.00238,Moderate,-0.001636,0.000264,0.000744,Medium,0.07885,0.0804,1.97,4.0,1000,19.66,1.97,1751817600000,"[-0.001447, -0.002009, -0.001453]",0.4925,0.12081218274111677
ATH,-0.00185,Mild,-0.0004,5.8e-05,0.00145,High,0.05311,0.05415,1.96,4.0,1000,19.58,1.96,1725177600000,"[-0.000454, -0.000428, -0.000319]",0.49,0.09438775510204082
NMR,-0.002311,Moderate,-3e-05,0.000159,0.002281,High,7.721,7.872,1.96,4.0,1000,19.56,1.96,1751328000000,"[-0.000235, -6e-06, 0.000152]",0.49,0.11790816326530613
BROCCOLIF3B,-0.001312,Mild,-0.000156,0.000237,0.001156,Medium,0.01071,0.01092,1.96,4.0,1000,19.61,1.96,1749391200000,"[-0.000491, 1.2e-05, 1.2e-05]",0.49,0.06693877551020408
GLM,-0.001946,Mild,-0.000246,0.000135,0.0017,High,0.3564,0.3634,1.96,4.0,1000,19.64,1.96,1721102400000,"[-5.5e-05, -0.000356, -0.000326]",0.49,0.0992857142857143
BLAST,-0.001301,Mild,-0.000114,0.000143,0.001187,High,0.003208,0.003271,1.96,4.0,1000,19.64,1.96,1748044800000,"[-4.5e-05, -0.000313, 1.5e-05]",0.49,0.06637755102040817
KAITO,-0.00128,Mild,-0.000549,0.000129,0.000731,High,2.0562,2.0961,1.94,4.0,1000,19.4,1.94,1740988800000,"[-0.00065, -0.000629, -0.000367]",0.485,0.06597938144329897
B2,-0.001743,Mild,5e-05,0.0,0.001793,High,0.6743,0.6873,1.93,4.0,1000,19.28,1.93,1747713600000,"[4.9e-05, 5e-05, 5e-05]",0.4825,0.09031088082901555
F,-0.012361,Strong,-0.000482,8.8e-05,0.011879,High,0.009384,0.009565,1.93,4.0,1000,19.29,1.93,1750262400000,"[-0.000517, -0.000361, -0.000569]",0.4825,0.6404663212435234
WAL,-0.001061,Mild,-0.000357,0.000145,0.000704,High,0.4942,0.5037,1.92,4.0,1000,19.22,1.92,1748995200000,"[-0.000172, -0.000527, -0.000371]",0.48,0.05526041666666667
ICX,-0.001151,Mild,-0.000639,0.00015,0.000512,High,0.1573,0.1603,1.91,4.0,1000,19.07,1.91,1749283200000,"[-0.000479, -0.000839, -0.0006]",0.4775,0.06026178010471204
MASK,-0.001083,Mild,-0.00027,0.000229,0.000813,Medium,1.202,1.225,1.91,4.0,1000,19.13,1.91,1743926400000,"[-0.000442, -0.000423, 5.4e-05]",0.4775,0.056701570680628276
LPT,-0.001082,Mild,-0.000345,9.4e-05,0.000737,High,8.342,8.501,1.91,4.0,1000,19.06,1.91,1749124800000,"[-0.000238, -0.000466, -0.000331]",0.4775,0.05664921465968587
PUNDIX,-0.001051,Mild,-0.000438,0.000127,0.000613,High,0.446,0.4545,1.91,4.0,1000,19.06,1.91,1746576000000,"[-0.000514, -0.000541, -0.000259]",0.4775,0.05502617801047121
SXP,-0.001802,Mild,8.5e-05,2.1e-05,0.001887,High,0.3189,0.325,1.91,4.0,1000,19.13,1.91,1730995200000,"[5.5e-05, 0.0001, 0.0001]",0.4775,0.0943455497382199
AMP,-0.004459,Moderate,-0.003842,0.000107,0.000617,High,0.004727,0.004817,1.9,4.0,1000,19.04,1.9,1731988800000,"[-0.003971, -0.003844, -0.00371]",0.475,0.2346842105263158
MVL,-0.00298,Moderate,-0.000533,0.000286,0.002447,Medium,0.004009,0.004085,1.9,4.0,1000,18.96,1.9,1740211200000,"[-0.000757, -0.000129, -0.000714]",0.475,0.1568421052631579
BAL,-0.001406,Mild,2.9e-05,0.0001,0.001435,High,1.173,1.195,1.88,4.0,1000,18.76,1.88,1748275200000,"[0.0001, 0.0001, -0.000113]",0.47,0.07478723404255319
CVC,-0.001314,Mild,-0.000219,0.000125,0.001095,High,0.13991,0.14254,1.88,4.0,1000,18.8,1.88,1727884800000,"[-0.000278, -0.000334, -4.6e-05]",0.47,0.06989361702127661
STEEM,-0.001269,Mild,-0.000309,0.000108,0.00096,High,0.1384,0.141,1.88,4.0,1000,18.79,1.88,1742342400000,"[-0.000173, -0.000316, -0.000438]",0.47,0.0675
SYS,-0.001052,Mild,-0.000396,0.000292,0.000656,Medium,0.03306,0.03368,1.88,4.0,1000,18.75,1.88,1744819200000,"[-0.000621, -0.000582, 1.6e-05]",0.47,0.05595744680851065
ICX,-0.001039,Mild,-5.5e-05,0.000142,0.000984,High,0.1065,0.1085,1.88,4.0,1000,18.78,1.88,1747699200000,"[-0.000244, -2.1e-05, 0.0001]",0.47,0.05526595744680852
XCN,-0.008649,Strong,-0.005098,0.00018,0.003551,High,0.012908,0.013148,1.86,4.0,1000,18.59,1.86,1737388800000,"[-0.005183, -0.004848, -0.005264]",0.465,0.46499999999999997
MBL,-0.001427,Mild,-0.000143,0.000282,0.001284,Medium,0.002312,0.002355,1.86,4.0,1000,18.6,1.86,1742860800000,"[-0.000539, 9e-06, 0.0001]",0.465,0.07672043010752688
CARV,-0.003742,Moderate,5e-05,0.0,0.003792,High,0.3868,0.394,1.86,4.0,1000,18.61,1.86,1748145600000,"[5e-05, 5e-05, 5e-05]",0.465,0.20118279569892472
XEM,-0.001395,Mild,-0.000173,0.00028,0.001222,Medium,0.02497,0.02543,1.84,4.0,1000,18.42,1.84,1735488000000,"[-0.000558, 0.0001, -6.2e-05]",0.46,0.07581521739130435
SNT,-0.001548,Mild,-0.000713,0.000266,0.000835,Medium,0.03045,0.03101,1.84,4.0,1000,18.39,1.84,1749427200000,"[-0.001081, -0.000592, -0.000465]",0.46,0.08413043478260869
BLUM,-0.002042,Moderate,-0.000312,0.000204,0.00173,Medium,0.0825,0.084,1.82,4.0,1000,18.18,1.82,1751594400000,"[-0.000348, -0.000543, -4.6e-05]",0.455,0.11219780219780219
CYBER,-0.001016,Mild,-0.000203,0.0001,0.000813,High,9.261,9.43,1.82,4.0,1000,18.25,1.82,1716854400000,"[-8.5e-05, -0.000194, -0.00033]",0.455,0.05582417582417582
IDEX,-0.017129,Strong,0.000252,0.000108,0.017381,High,0.10032,0.10215,1.82,4.0,1000,18.24,1.82,1733702400000,"[0.000345, 0.00031, 0.0001]",0.455,0.941153846153846
MVL,-0.003853,Moderate,3.8e-05,8.7e-05,0.003891,High,0.003797,0.003866,1.82,4.0,1000,18.17,1.82,1739865600000,"[0.0001, 0.0001, -8.5e-05]",0.455,0.21170329670329668
RSS3,-0.001566,Mild,-0.000512,0.000113,0.001054,High,0.0552,0.0562,1.81,4.0,1000,18.12,1.81,1748419200000,"[-0.000514, -0.000649, -0.000373]",0.4525,0.08651933701657458
ASP,-0.001112,Mild,0.000249,0.000145,0.001361,High,0.2212,0.2252,1.81,4.0,1000,18.08,1.81,1753444800000,"[0.000392, 0.000306, 5e-05]",0.4525,0.06143646408839778
CTK,-0.001367,Mild,-0.000444,0.000196,0.000923,High,0.3588,0.3653,1.81,4.0,1000,18.12,1.81,1745668800000,"[-0.000204, -0.000444, -0.000685]",0.4525,0.07552486187845303
RDNT,-0.001424,Mild,-0.000257,0.000223,0.001167,Medium,0.05037,0.05128,1.81,4.0,1000,18.07,1.81,1729929600000,"[-0.000571, -0.000123, -7.6e-05]",0.4525,0.07867403314917126
CLOUD,-0.002008,Moderate,-0.000336,0.000144,0.001672,High,0.089,0.0906,1.8,4.0,1000,17.98,1.8,1752019200000,"[-0.000533, -0.00028, -0.000194]",0.45,0.11155555555555553
ZRC,-0.00234,Moderate,1.2e-05,0.0,0.002352,High,0.03831,0.039,1.8,4.0,1000,18.01,1.8,1753488000000,"[1.2e-05, 1.2e-05, 1.2e-05]",0.45,0.12999999999999998
REQ,-0.003857,Moderate,5.1e-05,6.9e-05,0.003908,High,0.11548,0.11755,1.79,4.0,1000,17.93,1.79,1741536000000,"[0.0001, -4.7e-05, 0.0001]",0.4475,0.21547486033519556
PUFFER,-0.001006,Mild,1.7e-05,4.7e-05,0.001023,High,0.195,0.1985,1.79,4.0,1000,17.95,1.79,1749297600000,"[5e-05, 5e-05, -4.9e-05]",0.4475,0.05620111731843575
SC,-0.001122,Mild,-3.8e-05,0.000123,0.001084,High,0.0042,0.004275,1.79,4.0,1000,17.86,1.79,1726545600000,"[5e-05, -0.000212, 4.7e-05]",0.4475,0.06268156424581006
XEM,-0.001145,Mild,6.5e-05,4.9e-05,0.00121,High,0.0168,0.0171,1.79,4.0,1000,17.86,1.79,1721894400000,"[0.0001, 0.0001, -5e-06]",0.4475,0.06396648044692738
LA,-0.001476,Mild,-0.00069,0.000288,0.000786,Medium,0.4488,0.4568,1.78,4.0,1000,17.83,1.78,1752141600000,"[-0.001002, -0.000308, -0.000759]",0.445,0.08292134831460675
PIPPIN,-0.005028,Strong,-3.1e-05,0.000165,0.004997,High,0.24513,0.2495,1.78,4.0,1000,17.83,1.78,1736798400000,"[-0.000177, -0.000116, 0.0002]",0.445,0.28247191011235956
AKT,-0.001495,Mild,5e-05,0.0,0.001545,High,1.345,1.369,1.78,4.0,1000,17.84,1.78,1742011200000,"[5e-05, 5e-05, 5e-05]",0.445,0.08398876404494382
AVL,-0.001018,Mild,2.5e-05,0.0,0.001043,High,0.1298,0.1321,1.77,4.0,1000,17.72,1.77,1752206400000,"[2.5e-05, 2.5e-05, 2.5e-05]",0.4425,0.05751412429378531
1000BTT,-0.001389,Mild,-0.000231,0.00022,0.001158,Medium,0.00108,0.001099,1.75,4.0,1000,17.59,1.76,1737705600000,"[-0.000525, -0.000173, 5e-06]",0.44,0.07937142857142857
BEAMX,-0.001584,Mild,5e-05,0.0,0.001634,High,0.01325,0.013483,1.76,4.0,1000,17.58,1.76,1723492800000,"[4.9e-05, 5e-05, 5e-05]",0.44,0.08999999999999998
BOBA,-0.001297,Mild,5.3e-05,6.6e-05,0.00135,High,0.0744,0.0757,1.75,4.0,1000,17.47,1.75,1744560000000,"[-4e-05, 0.0001, 0.0001]",0.4375,0.0741142857142857
RON,-0.001931,Mild,-0.000867,0.000243,0.001064,Medium,0.8356,0.8502,1.75,4.0,1000,17.47,1.75,1741996800000,"[-0.001051, -0.000523, -0.001027]",0.4375,0.11034285714285713
FLR,-0.001007,Mild,-3.8e-05,0.000175,0.000969,High,0.0246,0.02503,1.75,4.0,1000,17.48,1.75,1719475200000,"[7.1e-05, 0.0001, -0.000285]",0.4375,0.05754285714285714
SPEC,-0.001274,Mild,-0.00056,0.000272,0.000714,Medium,10.83,11.02,1.75,4.0,1000,17.54,1.75,1730246400000,"[-0.000341, -0.000395, -0.000944]",0.4375,0.07279999999999999
MDT,-0.001178,Mild,7.1e-05,4.1e-05,0.001249,High,0.05894,0.05997,1.75,4.0,1000,17.48,1.75,1734768000000,"[0.0001, 1.4e-05, 0.0001]",0.4375,0.06731428571428572
CARV,-0.001934,Mild,-0.000244,0.000297,0.00169,Medium,0.3196,0.3252,1.75,4.0,1000,17.52,1.75,1741492800000,"[-0.000131, 5e-05, -0.00065]",0.4375,0.1105142857142857
SOONNETWORK,-0.001182,Mild,-4.8e-05,6e-05,0.001134,High,0.16,0.1628,1.75,4.0,1000,17.5,1.75,1752120000000,"[-0.000112, -6.4e-05, 3.3e-05]",0.4375,0.06754285714285714
L3,-0.001012,Mild,-7.9e-05,0.000135,0.000933,High,0.0977,0.0994,1.74,4.0,1000,17.4,1.74,1739865600000,"[-5.7e-05, -0.000254, 7.4e-05]",0.435,0.058160919540229894
FORTH,-0.022464,Strong,-1e-05,8.2e-05,0.022454,High,2.584,2.629,1.74,4.0,1000,17.41,1.74,1743984000000,"[0.0001, -3.6e-05, -9.5e-05]",0.435,1.2910344827586209
CTC,-0.001678,Mild,-1.5e-05,4.3e-05,0.001663,High,0.3854,0.3921,1.74,4.0,1000,17.38,1.74,1730620800000,"[-3.6e-05, -5.3e-05, 4.5e-05]",0.435,0.09643678160919542
STEEM,-0.001085,Mild,5e-05,0.0,0.001135,High,0.2751,0.2799,1.74,4.0,1000,17.45,1.74,1713628800000,"[5e-05, 5e-05, 5e-05]",0.435,0.062356321839080464
F,-0.003121,Moderate,0.0001,0.0,0.003221,High,0.01662,0.01691,1.74,4.0,1000,17.45,1.74,1744387200000,"[0.0001, 0.0001, 0.0001]",0.435,0.17936781609195404
XNO,-0.001378,Mild,-0.000272,6.2e-05,0.001106,High,0.917,0.933,1.74,4.0,1000,17.45,1.74,1750377600000,"[-0.000334, -0.000295, -0.000187]",0.435,0.07919540229885058
XNO,-0.001212,Mild,-9.9e-05,0.000235,0.001113,Medium,0.92,0.936,1.74,4.0,1000,17.39,1.74,1750176000000,"[-0.000429, 3.1e-05, 0.0001]",0.435,0.06965517241379311
XEM,-0.002099,Moderate,-0.000119,4.5e-05,0.00198,High,0.02014,0.02049,1.74,4.0,1000,17.38,1.74,1741420800000,"[-9e-05, -0.000182, -8.5e-05]",0.435,0.12063218390804599
BLAST,-0.003208,Moderate,-0.000787,0.00016,0.002421,High,0.003213,0.003269,1.74,4.0,1000,17.43,1.74,1745481600000,"[-0.000649, -0.001011, -0.0007]",0.435,0.18436781609195402
A8,-0.002447,Moderate,4.7e-05,5e-06,0.002494,High,0.10649,0.10833,1.73,4.0,1000,17.28,1.73,1751472000000,"[5e-05, 5e-05, 4e-05]",0.4325,0.1414450867052023
ENA,-0.001124,Mild,5.5e-05,7e-06,0.001179,High,1.0039,1.0211,1.71,4.0,1000,17.13,1.71,1733788800000,"[6.5e-05, 5e-05, 5e-05]",0.4275,0.06573099415204678
MAJOR,-0.001169,Mild,-0.000163,0.000236,0.001006,Medium,0.146,0.1485,1.71,4.0,1000,17.12,1.71,1743638400000,"[-0.000472, -0.000117, 0.0001]",0.4275,0.0683625730994152
ATA,-0.001016,Mild,-7.8e-05,0.000152,0.000938,High,0.0585,0.0595,1.71,4.0,1000,17.09,1.71,1743235200000,"[-0.000271, 0.0001, -6.2e-05]",0.4275,0.05941520467836257
GAS,-0.001674,Mild,-7.9e-05,0.000106,0.001595,High,2.989,3.04,1.71,4.0,1000,17.06,1.71,1749873600000,"[5e-05, -0.00021, -7.6e-05]",0.4275,0.09789473684210526
LPT,-0.001687,Mild,-0.000743,0.000242,0.000944,Medium,6.228,6.334,1.7,4.0,1000,17.02,1.7,1751295600000,"[-0.00096, -0.000863, -0.000406]",0.425,0.09923529411764705
FIDA,-0.006925,Strong,-0.000256,2.7e-05,0.006669,High,0.1116,0.1135,1.7,4.0,1000,17.03,1.7,1741636800000,"[-0.000231, -0.000244, -0.000294]",0.425,0.40735294117647053
IP,-0.001916,Mild,-0.000687,0.00022,0.001229,Medium,3.169,3.223,1.7,4.0,1000,17.04,1.7,1751875200000,"[-0.000469, -0.000988, -0.000604]",0.425,0.11270588235294117
SEND,-0.00268,Moderate,-0.001013,0.000293,0.001667,Medium,1.3923,1.416,1.7,4.0,1000,17.02,1.7,1739865600000,"[-0.000606, -0.001284, -0.00115]",0.425,0.15764705882352942
AVL,-0.001811,Mild,-0.00014,0.000194,0.001671,High,0.5026,0.5111,1.69,4.0,1000,16.91,1.69,1741737600000,"[-0.000412, 2.5e-05, -3.2e-05]",0.4225,0.10715976331360948
GNO,-0.002092,Moderate,-0.000405,0.000293,0.001687,Medium,129.8,132.0,1.69,4.0,1000,16.95,1.69,1743004800000,"[-0.000196, -0.000201, -0.000819]",0.4225,0.12378698224852074
VELODROME,-0.001269,Mild,-0.000209,0.000185,0.00106,High,0.0534,0.0543,1.69,4.0,1000,16.85,1.69,1741406400000,"[-0.000462, -2.6e-05, -0.000138]",0.4225,0.07508875739644971
PARTI,-0.001068,Mild,-5.6e-05,0.00015,0.001012,High,0.2077,0.2112,1.69,4.0,1000,16.85,1.69,1746043200000,"[-0.000268, 5e-05, 5e-05]",0.4225,0.06319526627218935
MBL,-0.0225,Strong,-0.000201,0.000123,0.022299,High,0.002837,0.002885,1.69,4.0,1000,16.92,1.69,1723708800000,"[-0.000373, -9.9e-05, -0.00013]",0.4225,1.3313609467455623
XEM,-0.001828,Mild,-0.001298,0.000199,0.00053,High,0.004544,0.004621,1.69,4.0,1000,16.95,1.69,1750921200000,"[-0.001536, -0.001307, -0.00105]",0.4225,0.10816568047337279
ARPA,-0.001153,Mild,0.0001,0.0,0.001253,High,0.03016,0.03067,1.69,4.0,1000,16.91,1.69,1745712000000,"[0.0001, 0.0001, 0.0001]",0.4225,0.06822485207100593
OG,-0.001834,Mild,-2.3e-05,9e-05,0.001811,High,3.621,3.682,1.68,4.0,1000,16.85,1.68,1738713600000,"[-0.000111, -5.8e-05, 0.0001]",0.42,0.10916666666666666
ID,-0.002037,Moderate,-0.001245,0.000209,0.000792,Medium,0.3105,0.3157,1.67,4.0,1000,16.75,1.67,1739894400000,"[-0.000969, -0.001293, -0.001474]",0.4175,0.12197604790419163
SWEAT,-0.001229,Mild,-0.000173,5.4e-05,0.001056,High,0.006472,0.006579,1.65,4.0,1000,16.53,1.65,1740398400000,"[-0.000219, -0.000203, -9.8e-05]",0.4125,0.07448484848484849
SWEAT,-0.002397,Moderate,8.8e-05,1.7e-05,0.002485,High,0.009594,0.009752,1.65,4.0,1000,16.47,1.65,1715270400000,"[0.0001, 0.0001, 6.4e-05]",0.4125,0.14527272727272725
ALEO,-0.001544,Mild,-0.000477,0.000171,0.001067,High,0.1881,0.1912,1.65,4.0,1000,16.48,1.65,1751126400000,"[-0.000238, -0.000631, -0.000562]",0.4125,0.09357575757575758
PYR,-0.001228,Mild,-0.000212,0.000255,0.001016,Medium,1.15,1.169,1.65,4.0,1000,16.52,1.65,1745769600000,"[-0.000533, 9e-05, -0.000193]",0.4125,0.07442424242424242
LUNC,-0.001037,Mild,-0.00047,0.000147,0.000567,High,6.1e-05,6.2e-05,1.44,4.0,1000,16.39,1.64,1741852800000,"[-0.000643, -0.000483, -0.000284]",0.41,0.07201388888888889
CARV,-0.001495,Mild,-0.000384,0.000193,0.001111,High,0.3837,0.39,1.64,4.0,1000,16.42,1.64,1748289600000,"[-0.000541, -0.000498, -0.000112]",0.41,0.09115853658536587
OG,-0.001686,Mild,-0.000295,0.000153,0.001391,High,3.467,3.524,1.64,4.0,1000,16.44,1.64,1739030400000,"[-0.000265, -0.000124, -0.000496]",0.41,0.1028048780487805
AGT,-0.002572,Moderate,5e-05,0.0,0.002622,High,0.02879,0.02926,1.63,4.0,1000,16.33,1.63,1749384000000,"[5e-05, 5e-05, 5e-05]",0.4075,0.1577914110429448
L3,-0.001189,Mild,-0.000428,0.000273,0.000761,Medium,0.06986,0.071,1.63,4.0,1000,16.32,1.63,1744790400000,"[-0.000805, -0.00017, -0.000308]",0.4075,0.07294478527607362
STEEM,-0.002135,Moderate,-0.000326,0.000199,0.001809,High,0.1228,0.1248,1.63,4.0,1000,16.29,1.63,1743854400000,"[-0.000262, -0.00012, -0.000595]",0.4075,0.13098159509202456
HIVE,-0.001085,Mild,-8e-05,7.4e-05,0.001005,High,0.2892,0.2939,1.63,4.0,1000,16.25,1.63,1740528000000,"[1.8e-05, -0.000161, -9.6e-05]",0.4075,0.06656441717791411
WAVES,-0.001035,Mild,-0.000141,0.000151,0.000894,High,1.0238,1.0405,1.63,4.0,1000,16.31,1.63,1744588800000,"[4.8e-05, -0.000149, -0.000322]",0.4075,0.06349693251533742
GLM,-0.008437,Strong,-2.4e-05,0.000105,0.008413,High,0.3212,0.3264,1.62,4.0,1000,16.19,1.62,1722614400000,"[5e-05, 5e-05, -0.000173]",0.405,0.5208024691358024
IDEX,-0.002632,Moderate,0.0001,0.0,0.002732,High,0.01678,0.01705,1.61,4.0,1000,16.09,1.61,1751846400000,"[0.0001, 0.0001, 0.0001]",0.4025,0.1634782608695652
API3,-0.002044,Moderate,4.3e-05,9e-06,0.002087,High,1.4313,1.4543,1.61,4.0,1000,16.07,1.61,1742760000000,"[5e-05, 5e-05, 3e-05]",0.4025,0.1269565217391304
SLP,-0.001139,Mild,-0.000394,0.000146,0.000745,High,0.002415,0.002454,1.61,4.0,1000,16.15,1.61,1729094400000,"[-0.000479, -0.000515, -0.000189]",0.4025,0.07074534161490684
STEEM,-0.001079,Mild,-0.000233,0.000197,0.000846,High,0.1311,0.1332,1.6,4.0,1000,16.02,1.6,1741996800000,"[-0.000506, -0.000144, -4.9e-05]",0.4,0.06743750000000001
SNT,-0.001941,Mild,-0.00024,0.000298,0.001701,Medium,0.02433,0.02472,1.6,4.0,1000,16.03,1.6,1742025600000,"[-0.000195, -0.000625, 0.0001]",0.4,0.1213125
KERNEL,-0.002035,Moderate,-0.0003,0.000153,0.001735,High,0.1567,0.1592,1.6,4.0,1000,15.95,1.6,1748779200000,"[-9.2e-05, -0.000355, -0.000454]",0.4,0.12718749999999998
KMNO,-0.001376,Mild,2.9e-05,2.1e-05,0.001405,High,0.07297,0.07414,1.6,4.0,1000,16.03,1.6,1746288000000,"[3.7e-05, 0, 5e-05]",0.4,0.08600000000000001
TOSHI,-0.001246,Mild,-0.000196,0.00027,0.00105,Medium,0.000312,0.000317,1.64,4.0,1000,16.03,1.6,1743163200000,"[-0.000571, -6.6e-05, 5e-05]",0.4,0.07597560975609757
AKT,-0.002007,Moderate,-0.001031,0.000185,0.000976,High,1.128,1.146,1.6,4.0,1000,15.96,1.6,1744516800000,"[-0.000998, -0.000823, -0.001273]",0.4,0.1254375
SOPH,-0.0024,Moderate,-0.000218,0.000162,0.002182,High,0.0312,0.0317,1.6,4.0,1000,16.03,1.6,1751907600000,"[-0.000335, -0.00033, 1.2e-05]",0.4,0.15
ONG,-0.001595,Mild,-0.000224,0.00017,0.001371,High,0.3643,0.3701,1.59,4.0,1000,15.92,1.59,1719201600000,"[-1.8e-05, -0.000219, -0.000434]",0.3975,0.10031446540880502
SOONNETWORK,-0.001843,Mild,5e-05,0.0,0.001893,High,0.2013,0.2045,1.59,4.0,1000,15.9,1.59,1750219200000,"[5e-05, 5e-05, 5e-05]",0.3975,0.11591194968553459
BERA,-0.001132,Mild,-0.000484,0.000252,0.000648,Medium,7.13,7.243,1.58,4.0,1000,15.85,1.58,1740283200000,"[-0.000706, -0.000615, -0.000131]",0.395,0.07164556962025316
MBL,-0.002919,Moderate,0.0001,0.0,0.003019,High,0.003674,0.003732,1.58,4.0,1000,15.79,1.58,1732262400000,"[0.0001, 0.0001, 0.0001]",0.395,0.18474683544303797
FLM,-0.001438,Mild,-6.5e-05,9.6e-05,0.001373,High,0.03729,0.03788,1.58,4.0,1000,15.82,1.58,1749643200000,"[5e-05, -0.000186, -5.8e-05]",0.395,0.0910126582278481
NEWT,-0.002838,Moderate,-0.001327,0.000196,0.001511,High,0.3849,0.391,1.58,4.0,1000,15.85,1.58,1750939200000,"[-0.001563, -0.001337, -0.001082]",0.395,0.17962025316455693
ZEC,-0.001364,Mild,-0.000736,0.00022,0.000628,Medium,40.64,41.28,1.57,4.0,1000,15.75,1.57,1743552000000,"[-0.000922, -0.000859, -0.000428]",0.3925,0.08687898089171973
AUDIO,-0.001318,Mild,-0.000163,0.000188,0.001155,High,0.1214,0.1233,1.57,4.0,1000,15.65,1.57,1723248000000,"[-0.000325, 0.0001, -0.000264]",0.3925,0.08394904458598725
FLR,-0.001589,Mild,0.0001,0.0,0.001689,High,0.01655,0.01681,1.57,4.0,1000,15.71,1.57,1744992000000,"[0.0001, 0.0001, 0.0001]",0.3925,0.10121019108280253
SNT,-0.00116,Mild,-3.3e-05,0.000118,0.001127,High,0.03717,0.03775,1.56,4.0,1000,15.6,1.56,1707163200000,"[-0.0002, 5e-05, 5e-05]",0.39,0.07435897435897436
SYS,-0.001744,Mild,-0.000806,2.1e-05,0.000938,High,0.0365,0.03707,1.56,4.0,1000,15.62,1.56,1743768000000,"[-0.000779, -0.000809, -0.000831]",0.39,0.1117948717948718
BNT,-0.001027,Mild,0.0001,0.0,0.001127,High,0.5961,0.6054,1.56,4.0,1000,15.6,1.56,1749801600000,"[0.0001, 0.0001, 0.0001]",0.39,0.06583333333333333
PUFFER,-0.001305,Mild,-0.000747,0.000259,0.000558,Medium,0.2174,0.2208,1.56,4.0,1000,15.64,1.56,1749038400000,"[-0.001107, -0.000629, -0.000506]",0.39,0.08365384615384615
ZETA,-0.002936,Moderate,-0.000121,0.000151,0.002815,High,0.4108,0.4172,1.56,4.0,1000,15.58,1.56,1743076800000,"[-9.7e-05, 5e-05, -0.000317]",0.39,0.1882051282051282
SOPH,-0.001248,Mild,-0.000568,0.000105,0.00068,High,0.0544,0.05525,1.56,4.0,1000,15.63,1.56,1748685600000,"[-0.000693, -0.000574, -0.000436]",0.39,0.07999999999999999
XCN,-0.00159,Mild,-3e-05,0.000184,0.00156,High,0.002312,0.002348,1.56,4.0,1000,15.57,1.56,1733817600000,"[-0.00029, 0.0001, 0.0001]",0.39,0.10192307692307692
SONIC,-0.001443,Mild,-9e-05,0.000178,0.001353,High,0.2504,0.2543,1.56,4.0,1000,15.58,1.56,1741867200000,"[-0.000342, 2.1e-05, 5e-05]",0.39,0.0925
QTUM,-0.001013,Mild,-0.000194,0.000254,0.000819,Medium,2.121,2.154,1.56,4.0,1000,15.56,1.56,1745020800000,"[-0.000519, -0.000164, 0.0001]",0.39,0.06493589743589744
CUDIS,-0.001867,Mild,-0.000443,0.000159,0.001424,High,0.06558,0.0666,1.56,4.0,1000,15.55,1.56,1750406400000,"[-0.000665, -0.000306, -0.000357]",0.39,0.11967948717948716
VANA,-0.001151,Mild,-6e-06,4.1e-05,0.001145,High,15.44,15.68,1.55,4.0,1000,15.54,1.55,1736294400000,"[5e-05, -4.9e-05, -1.9e-05]",0.3875,0.07425806451612903
UMA,-0.00101,Mild,3e-05,1.5e-05,0.00104,High,1.417,1.439,1.55,4.0,1000,15.53,1.55,1742760000000,"[1.4e-05, 5e-05, 2.7e-05]",0.3875,0.06516129032258065
H,-0.001778,Mild,-0.000808,0.00014,0.00097,High,0.09751,0.09902,1.55,4.0,1000,15.49,1.55,1751691600000,"[-0.000725, -0.001005, -0.000694]",0.3875,0.11470967741935484
SXP,-0.006138,Strong,2e-06,0.000139,0.00614,High,0.2645,0.2686,1.55,4.0,1000,15.5,1.55,1739779200000,"[0.0001, -0.000195, 0.0001]",0.3875,0.396
RSS3,-0.001221,Mild,-0.000515,0.000125,0.000706,High,0.1757,0.1784,1.54,4.0,1000,15.37,1.54,1720540800000,"[-0.000352, -0.000655, -0.000537]",0.385,0.07928571428571429
CVC,-0.001982,Mild,-0.000238,0.000185,0.001744,High,0.12433,0.12625,1.54,4.0,1000,15.44,1.54,1730649600000,"[-4.1e-05, -0.000485, -0.000188]",0.385,0.12870129870129868
ARK,-0.00323,Moderate,-5.7e-05,0.000151,0.003173,High,0.5508,0.5593,1.54,4.0,1000,15.43,1.54,1752307200000,"[-0.00027, 5e-05, 5e-05]",0.385,0.20974025974025973
GMT,-0.001193,Mild,0.0001,0.0,0.001293,High,0.0456,0.0463,1.54,4.0,1000,15.35,1.54,1744531200000,"[0.0001, 0.0001, 0.0001]",0.385,0.07746753246753246
AERO,-0.001469,Mild,-1.6e-05,5.6e-05,0.001453,High,0.521,0.529,1.54,4.0,1000,15.36,1.54,1725782400000,"[6.3e-05, -5.8e-05, -5.2e-05]",0.385,0.09538961038961039
LUNC,-0.001289,Mild,-0.000729,0.000222,0.00056,Medium,6.5e-05,6.6e-05,2.25,3.0,1000,15.38,1.54,1738828800000,"[-0.001043, -0.000556, -0.000588]",0.5133333333333333,0.05728888888888889
LUNC,-0.001043,Mild,-0.000468,0.000148,0.000575,High,6.5e-05,6.6e-05,1.17,4.0,1000,15.38,1.54,1738800000000,"[-0.000556, -0.000588, -0.000259]",0.385,0.08914529914529916
SYS,-0.001277,Mild,-0.000211,0.000237,0.001066,Medium,0.03583,0.03638,1.54,4.0,1000,15.35,1.54,1743912000000,"[5e-05, -0.000524, -0.000159]",0.385,0.08292207792207791
CARV,-0.001458,Mild,0.0001,0.0,0.001558,High,0.8259,0.8385,1.53,4.0,1000,15.26,1.53,1729555200000,"[0.0001, 0.0001, 0.0001]",0.3825,0.09529411764705882
REX,-0.006253,Strong,2.5e-05,6e-05,0.006278,High,0.01056,0.01072,1.52,4.0,1000,15.15,1.52,1749772800000,"[2.4e-05, -4.8e-05, 0.0001]",0.38,0.41138157894736843
BLAST,-0.001441,Mild,-0.000448,0.000154,0.000993,High,0.01061,0.01077,1.51,4.0,1000,15.08,1.51,1724716800000,"[-0.000662, -0.000302, -0.000381]",0.3775,0.09543046357615893
CTK,-0.001345,Mild,0.000157,0.000152,0.001502,High,0.8994,0.9129,1.5,4.0,1000,15.01,1.5,1733745600000,"[5e-05, 5e-05, 0.000372]",0.375,0.08966666666666667
RAD,-0.001207,Mild,2.6e-05,9.5e-05,0.001233,High,1.13,1.147,1.5,4.0,1000,15.04,1.5,1722643200000,"[8.6e-05, 0.0001, -0.000109]",0.375,0.08046666666666667
POLYX,-0.00149,Mild,5e-05,0.0,0.00154,High,0.14767,0.14989,1.5,4.0,1000,15.03,1.5,1742875200000,"[5e-05, 5e-05, 5e-05]",0.375,0.09933333333333334
GLM,-0.002523,Moderate,-0.001508,0.00027,0.001015,Medium,0.2958,0.3002,1.49,4.0,1000,14.87,1.49,1741982400000,"[-0.001411, -0.001237, -0.001877]",0.3725,0.16932885906040268
GHST,-0.006387,Strong,-0.000145,0.000163,0.006242,High,0.6184,0.6276,1.49,4.0,1000,14.88,1.49,1743292800000,"[-0.000348, -0.000137, 5e-05]",0.3725,0.4286577181208054
SNT,-0.003889,Moderate,-0.001155,0.000284,0.002734,Medium,0.02352,0.02387,1.49,4.0,1000,14.88,1.49,1730736000000,"[-0.001082, -0.00085, -0.001534]",0.3725,0.26100671140939596
OSMO,-0.001032,Mild,-5.6e-05,0.000221,0.000976,Medium,0.536,0.544,1.49,4.0,1000,14.93,1.49,1721260800000,"[0.0001, -0.000368, 0.0001]",0.3725,0.06926174496644295
SEND,-0.0075,Strong,-8.5e-05,0.000262,0.007415,Medium,3.5832,3.6362,1.48,4.0,1000,14.79,1.48,1734364800000,"[-0.000456, 0.0001, 0.0001]",0.37,0.5067567567567567
PRCL,-0.00147,Mild,-0.000216,8.3e-05,0.001254,High,0.216,0.2192,1.48,4.0,1000,14.81,1.48,1720656000000,"[-0.000332, -0.000145, -0.000171]",0.37,0.09932432432432432
MDT,-0.001243,Mild,-0.000109,4.1e-05,0.001134,High,0.02976,0.0302,1.48,4.0,1000,14.78,1.48,1745740800000,"[-0.00015, -0.000125, -5.3e-05]",0.37,0.08398648648648648
ENA,-0.001031,Mild,-0.000435,0.000199,0.000596,High,0.3988,0.4047,1.48,4.0,1000,14.79,1.48,1722470400000,"[-0.000717, -0.000295, -0.000294]",0.37,0.06966216216216216
CLANKER,-0.005408,Strong,3.5e-05,2.1e-05,0.005443,High,32.51,32.99,1.48,4.0,1000,14.76,1.48,1750420800000,"[6e-06, 5e-05, 5e-05]",0.37,0.36540540540540534
MVL,-0.001568,Mild,-0.000265,0.000154,0.001303,High,0.003937,0.003995,1.47,4.0,1000,14.73,1.47,1739692800000,"[-0.000139, -0.000482, -0.000174]",0.3675,0.10666666666666667
HIFI,-0.007778,Strong,-0.004013,0.000248,0.003765,Medium,0.1695,0.172,1.47,4.0,1000,14.75,1.47,1746806400000,"[-0.003828, -0.003847, -0.004364]",0.3675,0.5291156462585034
UMA,-0.001685,Mild,-0.000148,0.000213,0.001537,Medium,3.018,3.062,1.46,4.0,1000,14.58,1.46,1727784000000,"[-0.000443, 5e-05, -5e-05]",0.365,0.11541095890410959
LPT,-0.001243,Mild,-0.000431,0.000149,0.000812,High,6.212,6.302,1.45,4.0,1000,14.49,1.45,1751749200000,"[-0.000243, -0.000607, -0.000443]",0.3625,0.08572413793103449
ZBCN,-0.001444,Mild,0.0001,0.0,0.001544,High,0.002347,0.002381,1.45,4.0,1000,14.49,1.45,1714752000000,"[0.0001, 0.0001, 0.0001]",0.3625,0.09958620689655173
SC,-0.001142,Mild,-9.4e-05,0.000103,0.001048,High,0.007167,0.00727,1.44,4.0,1000,14.37,1.44,1713240000000,"[-0.000144, -0.000188, 5e-05]",0.36,0.07930555555555556
WAVES,-0.001423,Mild,-0.000486,0.000196,0.000937,High,1.1487,1.1652,1.44,4.0,1000,14.36,1.44,1746432000000,"[-0.000303, -0.000757, -0.000398]",0.36,0.09881944444444445
MELANIA,-0.001159,Mild,-0.000547,0.000224,0.000612,Medium,0.766,0.777,1.44,4.0,1000,14.36,1.44,1741435200000,"[-0.00031, -0.000847, -0.000484]",0.36,0.08048611111111112
MOVE,-0.002358,Moderate,-0.000228,0.000183,0.00213,High,0.5201,0.5276,1.44,4.0,1000,14.42,1.44,1740110400000,"[-0.000212, -1.3e-05, -0.00046]",0.36,0.16375
BROCCOLIF3B,-0.001071,Mild,-2.2e-05,4.9e-05,0.001049,High,0.00842,0.00854,1.43,4.0,1000,14.25,1.43,1750557600000,"[1.2e-05, -9.1e-05, 1.2e-05]",0.3575,0.07489510489510488
HIVE,-0.001051,Mild,-0.000304,5.7e-05,0.000747,High,0.2662,0.27,1.43,4.0,1000,14.27,1.43,1741032000000,"[-0.000367, -0.000229, -0.000317]",0.3575,0.0734965034965035
MOBILE,-0.002361,Moderate,0.0001,0.0,0.002461,High,0.000489,0.000496,1.51,4.0,1000,14.31,1.43,1746345600000,"[0.0001, 0.0001, 0.0001]",0.3575,0.1563576158940397
ZBCN,-0.003283,Moderate,9.8e-05,2e-06,0.003381,High,0.001901,0.001928,1.45,4.0,1000,14.2,1.42,1747440000000,"[9.5e-05, 0.0001, 0.0001]",0.355,0.22641379310344828
XEM,-0.001003,Mild,-0.000109,9.9e-05,0.000894,High,0.01408,0.01428,1.42,4.0,1000,14.2,1.42,1743984000000,"[-0.000245, -7.1e-05, -1.2e-05]",0.355,0.07063380281690142
XEM,-0.002622,Moderate,-0.000455,0.000168,0.002167,High,0.0211,0.0214,1.42,4.0,1000,14.22,1.42,1723795200000,"[-0.000651, -0.000241, -0.000472]",0.355,0.1846478873239437
XEM,-0.001668,Mild,3.9e-05,8.6e-05,0.001707,High,0.02058,0.02087,1.41,4.0,1000,14.09,1.41,1740672000000,"[0.0001, 0.0001, -8.2e-05]",0.3525,0.11829787234042553
RDNT,-0.002685,Moderate,0.0001,0.0,0.002785,High,0.2405,0.2439,1.41,4.0,1000,14.14,1.41,1712966400000,"[0.0001, 0.0001, 0.0001]",0.3525,0.19042553191489361
TOSHI,-0.002528,Moderate,-0.00036,0.000235,0.002168,Medium,0.000708,0.000718,1.43,4.0,1000,14.12,1.41,1739217600000,"[-0.000582, -3.5e-05, -0.000464]",0.3525,0.17678321678321676
XCN,-0.004138,Moderate,-0.000462,0.000237,0.003676,Medium,0.024223,0.024561,1.4,4.0,1000,13.95,1.4,1739649600000,"[-0.000529, -0.000713, -0.000144]",0.35,0.2955714285714286
ICX,-0.001464,Mild,4.1e-05,8.3e-05,0.001505,High,0.1217,0.1234,1.4,4.0,1000,13.97,1.4,1748419200000,"[0.0001, -7.7e-05, 0.0001]",0.35,0.10457142857142858
ARK,-0.001525,Mild,-0.000782,0.000189,0.000743,High,0.6569,0.6661,1.4,4.0,1000,14.01,1.4,1736726400000,"[-0.00095, -0.000877, -0.000518]",0.35,0.10892857142857144
KERNEL,-0.002183,Moderate,-0.000528,0.00025,0.001655,Medium,0.2163,0.2193,1.39,4.0,1000,13.87,1.39,1745107200000,"[-0.000775, -0.000185, -0.000623]",0.3475,0.15705035971223022
QI,-0.001054,Mild,0.0001,0.0,0.001154,High,0.00789,0.008,1.39,4.0,1000,13.94,1.39,1746345600000,"[0.0001, 0.0001, 0.0001]",0.3475,0.07582733812949641
SIGN,-0.00243,Moderate,-0.001444,0.000196,0.000986,High,0.08931,0.09054,1.38,4.0,1000,13.77,1.38,1746162000000,"[-0.001706, -0.001236, -0.00139]",0.345,0.1760869565217391
RON,-0.00117,Mild,-0.000474,0.000105,0.000696,High,0.7382,0.7484,1.38,4.0,1000,13.82,1.38,1743148800000,"[-0.000434, -0.000617, -0.00037]",0.345,0.08478260869565218
TOKEN,-0.00106,Mild,-0.000143,0.000118,0.000917,High,0.05012,0.05081,1.38,4.0,1000,13.77,1.38,1736712000000,"[-0.000269, 1.4e-05, -0.000175]",0.345,0.07681159420289856
BNT,-0.001149,Mild,-0.000392,0.000186,0.000757,High,0.4799,0.4865,1.38,4.0,1000,13.75,1.38,1723680000000,"[-0.000281, -0.000654, -0.000242]",0.345,0.0832608695652174
SIGN,-0.001706,Mild,-0.001193,0.000181,0.000513,High,0.08931,0.09054,1.38,4.0,1000,13.77,1.38,1746158400000,"[-0.001236, -0.00139, -0.000954]",0.345,0.12362318840579711
STRAX,-0.010013,Strong,-3.8e-05,0.00014,0.009975,High,0.07684,0.07789,1.37,4.0,1000,13.66,1.37,1744862400000,"[-0.0002, 0.000141, -5.4e-05]",0.3425,0.730875912408759
MELANIA,-0.001359,Mild,-0.000351,0.000215,0.001008,Medium,0.3799,0.3851,1.37,4.0,1000,13.69,1.37,1745193600000,"[-7.3e-05, -0.000596, -0.000384]",0.3425,0.0991970802919708
SUPER,-0.001364,Mild,-0.000378,0.000142,0.000986,High,0.6111,0.6194,1.36,4.0,1000,13.58,1.36,1743004800000,"[-0.000208, -0.000371, -0.000555]",0.34,0.10029411764705881
FB,-0.003013,Moderate,-0.000134,0.000168,0.002879,High,0.664,0.673,1.36,4.0,1000,13.55,1.36,1744128000000,"[-0.000289, 0.0001, -0.000212]",0.34,0.2215441176470588
COOK,-0.001149,Mild,-5.9e-05,0.000224,0.00109,Medium,0.00734,0.00744,1.36,4.0,1000,13.62,1.36,1750464000000,"[-0.000376, 0.0001, 0.0001]",0.34,0.08448529411764706
MTL,-0.002171,Moderate,0.0001,0.0,0.002271,High,1.7016,1.7245,1.35,4.0,1000,13.46,1.35,1713542400000,"[0.0001, 0.0001, 0.0001]",0.3375,0.1608148148148148
MELANIA,-0.002204,Moderate,-0.001283,0.000293,0.000921,Medium,0.591,0.599,1.35,4.0,1000,13.54,1.35,1743609600000,"[-0.000874, -0.00143, -0.001545]",0.3375,0.16325925925925922
FLR,-0.001522,Mild,-0.000488,0.000229,0.001034,Medium,0.01482,0.01502,1.35,4.0,1000,13.5,1.35,1725465600000,"[-0.000201, -0.000501, -0.000761]",0.3375,0.11274074074074072
RAD,-0.0023,Moderate,-6.2e-05,0.000116,0.002238,High,0.6801,0.6892,1.34,4.0,1000,13.38,1.34,1744070400000,"[-0.000167, -0.00012, 0.0001]",0.335,0.17164179104477612
BOBA,-0.00109,Mild,-0.000377,0.000222,0.000713,Medium,0.1131,0.1146,1.33,4.0,1000,13.26,1.33,1742544000000,"[-0.000602, -7.5e-05, -0.000453]",0.3325,0.08195488721804511
XCN,-0.001666,Mild,-0.000552,6.2e-05,0.001114,High,0.028723,0.029105,1.33,4.0,1000,13.3,1.33,1738944000000,"[-0.000638, -0.000496, -0.000523]",0.3325,0.12526315789473683
AIOT,-0.001415,Mild,-5.9e-05,0.000143,0.001356,High,0.31451,0.3187,1.33,4.0,1000,13.32,1.33,1748419200000,"[-0.000261, 3.4e-05, 5e-05]",0.3325,0.10639097744360902
GAS,-0.001445,Mild,3e-05,1.5e-05,0.001475,High,4.167,4.222,1.32,4.0,1000,13.2,1.32,1726891200000,"[1.3e-05, 5e-05, 2.7e-05]",0.33,0.10946969696969698
RIF,-0.001036,Mild,0.000188,0.000196,0.001224,High,0.05548,0.05621,1.32,4.0,1000,13.16,1.32,1739822400000,"[5e-05, 0.000465, 5e-05]",0.33,0.07848484848484849
VANA,-0.001022,Mild,-0.000221,0.000142,0.000801,High,6.12,6.2,1.31,4.0,1000,13.07,1.31,1739620800000,"[-0.000404, -0.000202, -5.8e-05]",0.3275,0.07801526717557251
SC,-0.001133,Mild,1.3e-05,5.2e-05,0.001146,High,0.005025,0.005091,1.31,4.0,1000,13.13,1.31,1727179200000,"[-6.1e-05, 5e-05, 5e-05]",0.3275,0.0864885496183206
SNT,-0.001058,Mild,0.0001,0.0,0.001158,High,0.06457,0.06541,1.3,4.0,1000,13.01,1.3,1733731200000,"[0.0001, 0.0001, 0.0001]",0.325,0.08138461538461537
SC,-0.001055,Mild,-2.1e-05,0.000101,0.001034,High,0.00438,0.004437,1.3,4.0,1000,13.01,1.3,1723694400000,"[5e-05, -0.000164, 5e-05]",0.325,0.08115384615384615
1000BTT,-0.001028,Mild,-0.000156,0.000271,0.000872,Medium,0.001229,0.001245,1.33,4.0,1000,13.02,1.3,1734508800000,"[-0.000531, -3.6e-05, 0.0001]",0.325,0.07729323308270676
AERO,-0.001535,Mild,-0.000104,0.000159,0.001431,High,0.931,0.943,1.29,4.0,1000,12.89,1.29,1738771200000,"[-0.000328, -1e-05, 2.7e-05]",0.3225,0.1189922480620155
GLM,-0.001853,Mild,-7e-06,8.1e-05,0.001846,High,0.2481,0.2513,1.29,4.0,1000,12.9,1.29,1743840000000,"[-5.8e-05, -7e-05, 0.000108]",0.3225,0.14364341085271318
UXLINK,-0.001082,Mild,-0.00047,0.000138,0.000612,High,0.1855,0.1879,1.29,4.0,1000,12.94,1.29,1722412800000,"[-0.000556, -0.000275, -0.00058]",0.3225,0.08387596899224807
ES,-0.001498,Mild,-0.000625,0.000295,0.000873,Medium,0.2413,0.2444,1.28,4.0,1000,12.85,1.28,1753128000000,"[-0.000217, -0.000906, -0.000753]",0.32,0.11703124999999999
COOKIE,-0.001727,Mild,-0.000306,0.000271,0.001421,Medium,0.1878,0.1902,1.28,4.0,1000,12.78,1.28,1741723200000,"[-0.000639, 2.5e-05, -0.000304]",0.32,0.134921875
ORCA,-0.002954,Moderate,-0.001095,0.000115,0.001859,High,2.88,2.917,1.28,4.0,1000,12.85,1.28,1744876800000,"[-0.001257, -0.001001, -0.001028]",0.32,0.23078125
STORJ,-0.001516,Mild,-0.000366,7.3e-05,0.00115,High,0.392,0.397,1.28,4.0,1000,12.76,1.28,1740326400000,"[-0.000267, -0.00044, -0.000391]",0.32,0.11843749999999999
SWEAT,-0.001783,Mild,-0.000126,0.000297,0.001657,Medium,0.008716,0.008828,1.28,4.0,1000,12.85,1.28,1730390400000,"[-0.000242, 0.000282, -0.000418]",0.32,0.139296875
CARV,-0.001455,Mild,-0.000154,7.4e-05,0.001301,High,0.2975,0.3013,1.28,4.0,1000,12.77,1.28,1741838400000,"[-8.1e-05, -0.000256, -0.000126]",0.32,0.11367187499999999
SNT,-0.001118,Mild,-0.000575,9.5e-05,0.000543,High,0.02669,0.02703,1.27,4.0,1000,12.74,1.27,1751306400000,"[-0.000683, -0.000452, -0.000591]",0.3175,0.08803149606299214
SCA,-0.002021,Moderate,-0.001252,0.000205,0.000769,Medium,0.1025,0.1038,1.27,4.0,1000,12.68,1.27,1750435200000,"[-0.0013, -0.000981, -0.001475]",0.3175,0.15913385826771653
BADGER,-0.001739,Mild,-0.000718,0.000287,0.001021,Medium,0.9524,0.9645,1.27,4.0,1000,12.7,1.27,1750075200000,"[-0.001092, -0.000396, -0.000666]",0.3175,0.13692913385826774
NS,-0.001542,Mild,-0.000249,5.9e-05,0.001293,High,0.2134,0.2161,1.27,4.0,1000,12.65,1.27,1735027200000,"[-0.000332, -0.000201, -0.000214]",0.3175,0.12141732283464567
1000BTT,-0.001243,Mild,-2e-06,0.000144,0.001241,High,0.000866,0.000877,1.22,4.0,1000,12.7,1.27,1721808000000,"[-0.000205, 0.0001, 0.0001]",0.3175,0.10188524590163935
MBL,-0.001091,Mild,-0.000122,0.000192,0.000969,High,0.002229,0.002257,1.26,4.0,1000,12.56,1.26,1743292800000,"[0.0001, -0.000368, -9.7e-05]",0.315,0.08658730158730159
EDGE,-0.00133,Mild,-0.0001,0.000129,0.00123,High,0.103,0.1043,1.26,4.0,1000,12.62,1.26,1749484800000,"[-0.000283, -1.5e-05, -3e-06]",0.315,0.10555555555555556
CTK,-0.001277,Mild,-3e-06,7.4e-05,0.001274,High,0.7423,0.7516,1.25,4.0,1000,12.53,1.25,1736683200000,"[5e-05, 5e-05, -0.000108]",0.3125,0.10215999999999999
IQ,-0.001182,Mild,0.000127,7e-06,0.001309,High,0.009043,0.009156,1.25,4.0,1000,12.5,1.25,1733054400000,"[0.000119, 0.000125, 0.000136]",0.3125,0.09456
OM,-0.001872,Mild,-0.001047,0.000171,0.000825,High,6.94681,7.0334,1.25,4.0,1000,12.46,1.25,1742328000000,"[-0.001152, -0.001182, -0.000806]",0.3125,0.14975999999999998
CLOUD,-0.002278,Moderate,0.0001,0.0,0.002378,High,0.4179,0.4231,1.24,4.0,1000,12.44,1.24,1733155200000,"[0.0001, 0.0001, 0.0001]",0.31,0.18370967741935484
CARV,-0.001653,Mild,-0.000202,0.000217,0.001451,Medium,0.6589,0.6671,1.24,4.0,1000,12.44,1.24,1737763200000,"[0.0001, -0.000399, -0.000306]",0.31,0.13330645161290322
XCN,-0.001101,Mild,-0.000473,0.000266,0.000628,Medium,0.012199,0.012349,1.23,4.0,1000,12.3,1.23,1742270400000,"[-0.000209, -0.000372, -0.000837]",0.3075,0.08951219512195122
AXS,-0.001098,Mild,-0.00056,0.000125,0.000538,High,5.957,6.03,1.23,4.0,1000,12.25,1.23,1719849600000,"[-0.000533, -0.000725, -0.000422]",0.3075,0.08926829268292683
FLOCK,-0.001167,Mild,1.9e-05,4.4e-05,0.001186,High,0.1784,0.1806,1.23,4.0,1000,12.33,1.23,1737748800000,"[5e-05, -4.4e-05, 5e-05]",0.3075,0.0948780487804878
DOG,-0.001292,Mild,0.00028,0.000233,0.001572,Medium,0.005776,0.005847,1.23,4.0,1000,12.29,1.23,1736985600000,"[0.000497, -4.3e-05, 0.000385]",0.3075,0.10504065040650407
REZ,-0.001858,Mild,-0.000531,0.000134,0.001327,High,0.01468,0.01486,1.23,4.0,1000,12.26,1.23,1745668800000,"[-0.000614, -0.000342, -0.000637]",0.3075,0.1510569105691057
CETUS,-0.001539,Mild,-0.000172,7.8e-05,0.001367,High,0.12753,0.12908,1.22,4.0,1000,12.15,1.22,1707264000000,"[-0.00025, -0.0002, -6.5e-05]",0.305,0.12614754098360656
RED,-0.001059,Mild,0.000121,2e-05,0.00118,High,0.72,0.7288,1.22,4.0,1000,12.22,1.22,1742227200000,"[0.000124, 0.000144, 9.5e-05]",0.305,0.0868032786885246
ALEO,-0.002412,Moderate,-0.000518,0.000112,0.001894,High,5.428,5.494,1.22,4.0,1000,12.16,1.22,1727769600000,"[-0.000378, -0.000523, -0.000653]",0.305,0.19770491803278692
MELANIA,-0.001133,Mild,-0.000136,0.000186,0.000997,High,0.496,0.502,1.21,4.0,1000,12.1,1.21,1744531200000,"[-0.00039, -6.8e-05, 5e-05]",0.3025,0.09363636363636363
GNO,-0.001722,Mild,0.0001,0.0,0.001822,High,132.1,133.7,1.21,4.0,1000,12.11,1.21,1742832000000,"[0.0001, 0.0001, 0.0001]",0.3025,0.14231404958677688
QI,-0.001763,Mild,-0.0003,0.000204,0.001463,Medium,0.00746,0.00755,1.21,4.0,1000,12.06,1.21,1741852800000,"[-0.000233, -9e-05, -0.000577]",0.3025,0.14570247933884298
AMP,-0.002565,Moderate,-0.000849,0.00016,0.001716,High,0.008256,0.008356,1.21,4.0,1000,12.11,1.21,1735113600000,"[-0.00106, -0.000674, -0.000813]",0.3025,0.21198347107438018
SONIC,-0.001976,Mild,-0.000443,0.000109,0.001533,High,0.2157,0.2183,1.21,4.0,1000,12.05,1.21,1751731200000,"[-0.000359, -0.000597, -0.000374]",0.3025,0.16330578512396693
SLF,-0.001799,Mild,-0.000666,0.000148,0.001133,High,0.2063,0.2088,1.21,4.0,1000,12.12,1.21,1744963200000,"[-0.00073, -0.000462, -0.000807]",0.3025,0.14867768595041322
DEEP,-0.002803,Moderate,-0.000538,0.00026,0.002265,Medium,0.06944,0.07028,1.21,4.0,1000,12.1,1.21,1729785600000,"[-0.000891, -0.000271, -0.000451]",0.3025,0.23165289256198346
ZRO,-0.001639,Mild,-2.9e-05,5.9e-05,0.00161,High,4.066,4.115,1.21,4.0,1000,12.05,1.21,1720382400000,"[-9.1e-05, 5e-05, -4.5e-05]",0.3025,0.13545454545454547
SOONNETWORK,-0.001373,Mild,-0.000133,0.000259,0.00124,Medium,0.1598,0.1617,1.19,4.0,1000,11.89,1.19,1752048000000,"[-0.0005, 5e-05, 5e-05]",0.2975,0.11537815126050421
AERGO,-0.00232,Moderate,0.000292,0.000229,0.002612,Medium,0.13543,0.13704,1.19,4.0,1000,11.89,1.19,1752897600000,"[5e-05, 0.000225, 0.0006]",0.2975,0.19495798319327734
ICX,-0.001692,Mild,-0.000115,0.000221,0.001577,Medium,0.1262,0.1277,1.19,4.0,1000,11.89,1.19,1751126400000,"[-0.000418, 0.0001, -2.6e-05]",0.2975,0.14218487394957985
GLM,-0.002221,Moderate,5e-05,0.0,0.002271,High,0.2345,0.2373,1.19,4.0,1000,11.94,1.19,1751947200000,"[5e-05, 5e-05, 5e-05]",0.2975,0.1866386554621849
TAIKO,-0.001215,Mild,-3.6e-05,5.2e-05,0.001179,High,0.4607,0.4662,1.19,4.0,1000,11.94,1.19,1749873600000,"[-8.3e-05, -6.3e-05, 3.7e-05]",0.2975,0.10210084033613445
L3,-0.001242,Mild,9.2e-05,1.2e-05,0.001334,High,0.08055,0.0815,1.18,4.0,1000,11.79,1.18,1731859200000,"[7.5e-05, 0.0001, 0.0001]",0.295,0.1052542372881356
CHZ,-0.001133,Mild,-0.000471,0.00024,0.000662,Medium,0.0678,0.0686,1.18,4.0,1000,11.8,1.18,1728345600000,"[-0.000499, -0.000164, -0.000751]",0.295,0.09601694915254237
1000BTT,-0.001221,Mild,1.2e-05,6.6e-05,0.001233,High,0.000762,0.000771,1.21,4.0,1000,11.81,1.18,1741420800000,"[-5e-06, 0.0001, -5.9e-05]",0.295,0.10090909090909092
HIVE,-0.001634,Mild,-0.000555,0.000253,0.001079,Medium,0.3812,0.3857,1.18,4.0,1000,11.8,1.18,1738440000000,"[-0.000408, -0.000911, -0.000346]",0.295,0.13847457627118645
AUDIO,-0.001041,Mild,-2e-06,0.000144,0.001039,High,0.05751,0.05818,1.17,4.0,1000,11.65,1.17,1751990400000,"[-0.000206, 0.0001, 0.0001]",0.2925,0.08897435897435899
GMX,-0.001211,Mild,-4.7e-05,0.000191,0.001164,High,17.06,17.26,1.17,4.0,1000,11.72,1.17,1738684800000,"[-0.000317, 0.0001, 7.5e-05]",0.2925,0.10350427350427352
WAL,-0.001349,Mild,-0.00064,0.000232,0.000709,Medium,0.4374,0.4425,1.17,4.0,1000,11.66,1.17,1745222400000,"[-0.000901, -0.000683, -0.000337]",0.2925,0.11529914529914531
BLAST,-0.002938,Moderate,-0.001878,0.000286,0.00106,Medium,0.003173,0.00321,1.17,4.0,1000,11.66,1.17,1741536000000,"[-0.002219, -0.001518, -0.001897]",0.2925,0.2511111111111112
1000BTT,-0.00142,Mild,-0.000239,0.00024,0.001181,Medium,0.000688,0.000696,1.24,4.0,1000,11.63,1.16,1749340800000,"[-0.00043, 0.0001, -0.000386]",0.29,0.11451612903225807
WAL,-0.003018,Moderate,-0.00059,0.000135,0.002428,High,0.5589,0.5654,1.16,4.0,1000,11.63,1.16,1748563200000,"[-0.000748, -0.000602, -0.000419]",0.29,0.26017241379310346
1000BTT,-0.001455,Mild,-0.000152,0.00013,0.001303,High,0.001124,0.001137,1.1,4.0,1000,11.57,1.16,1736755200000,"[-0.000162, 1.2e-05, -0.000306]",0.29,0.13227272727272726
ONG,-0.003345,Moderate,-0.000641,0.000156,0.002704,High,0.2927,0.2961,1.16,4.0,1000,11.62,1.16,1723435200000,"[-0.000831, -0.00045, -0.000642]",0.29,0.28836206896551725
10000COQ,-0.001043,Mild,-0.000375,0.000157,0.000668,High,0.00609,0.00616,1.15,4.0,1000,11.49,1.15,1743580800000,"[-0.000442, -0.000158, -0.000525]",0.2875,0.09069565217391305
ALEO,-0.00178,Mild,-0.000893,0.00023,0.000887,Medium,0.1828,0.1849,1.15,4.0,1000,11.49,1.15,1749081600000,"[-0.001212, -0.00079, -0.000677]",0.2875,0.15478260869565216
POWR,-0.001821,Mild,5e-05,0.0,0.001871,High,0.3291,0.3329,1.15,4.0,1000,11.55,1.15,1715572800000,"[5e-05, 5e-05, 5e-05]",0.2875,0.15834782608695652
REQ,-0.00204,Moderate,-0.000629,0.000171,0.001411,High,0.11095,0.11221,1.14,4.0,1000,11.36,1.14,1742227200000,"[-0.000711, -0.000392, -0.000785]",0.285,0.17894736842105266
AKT,-0.005526,Strong,3.3e-05,2.4e-05,0.005559,High,1.496,1.513,1.14,4.0,1000,11.36,1.14,1742788800000,"[5e-05, 5e-05, -1e-06]",0.285,0.4847368421052632
VANRY,-0.001309,Mild,-0.00078,8.5e-05,0.000529,High,0.03416,0.03455,1.14,4.0,1000,11.42,1.14,1741233600000,"[-0.000845, -0.000659, -0.000835]",0.285,0.11482456140350879
ARK,-0.001488,Mild,-0.000611,0.000156,0.000877,High,0.3464,0.3503,1.13,4.0,1000,11.26,1.13,1742616000000,"[-0.000795, -0.000624, -0.000413]",0.2825,0.13168141592920354
VOXEL,-0.003156,Moderate,4.1e-05,1.3e-05,0.003197,High,0.1146,0.1159,1.13,4.0,1000,11.34,1.13,1739044800000,"[2.2e-05, 5e-05, 5e-05]",0.2825,0.2792920353982301
MVL,-0.001713,Mild,-0.000401,0.000185,0.001312,High,0.002909,0.002942,1.13,4.0,1000,11.34,1.13,1743840000000,"[-0.000211, -0.000341, -0.000651]",0.2825,0.1515929203539823
RON,-0.001538,Mild,-0.000116,5.4e-05,0.001422,High,2.921,2.954,1.13,4.0,1000,11.3,1.13,1717142400000,"[-4.9e-05, -0.000119, -0.000181]",0.2825,0.1361061946902655
SUN,-0.001267,Mild,-0.00027,0.000275,0.000997,Medium,0.014117,0.014277,1.13,4.0,1000,11.33,1.13,1714492800000,"[-0.000354, 0.0001, -0.000557]",0.2825,0.11212389380530974
BLUM,-0.001911,Mild,-0.000406,0.000248,0.001505,Medium,0.0716,0.0724,1.12,4.0,1000,11.17,1.12,1751738400000,"[-0.000657, -0.000492, -6.8e-05]",0.28,0.17062499999999997
ZBCN,-0.001026,Mild,-0.000264,0.000272,0.000762,Medium,0.000979,0.00099,1.09,4.0,1000,11.24,1.12,1743552000000,"[-0.000555, 0.0001, -0.000336]",0.28,0.09412844036697247
XCN,-0.001029,Mild,-0.000132,0.000187,0.000897,High,0.001696,0.001715,1.12,4.0,1000,11.2,1.12,1719360000000,"[-0.000357, -0.000139, 0.0001]",0.28,0.09187499999999998
FLR,-0.001109,Mild,5.7e-05,3e-05,0.001166,High,0.03122,0.03157,1.12,4.0,1000,11.21,1.12,1714176000000,"[4.9e-05, 9.7e-05, 2.4e-05]",0.28,0.09901785714285713
ZETA,-0.001697,Mild,-0.000403,9.5e-05,0.001294,High,0.5375,0.5435,1.12,4.0,1000,11.16,1.12,1726459200000,"[-0.000421, -0.000279, -0.00051]",0.28,0.15151785714285712
BEAMX,-0.003452,Moderate,5e-05,0.0,0.003502,High,0.029994,0.030328,1.11,4.0,1000,11.14,1.11,1717214400000,"[5e-05, 5e-05, 5e-05]",0.2775,0.310990990990991
SNT,-0.003145,Moderate,-0.000903,0.000124,0.002242,High,0.02802,0.02833,1.11,4.0,1000,11.06,1.11,1750762800000,"[-0.000994, -0.000727, -0.000988]",0.2775,0.2833333333333333
IDEX,-0.001452,Mild,-0.00025,0.000159,0.001202,High,0.05955,0.06021,1.11,4.0,1000,11.08,1.11,1736755200000,"[-0.000249, -5.5e-05, -0.000445]",0.2775,0.1308108108108108
HNT,-0.001142,Mild,0.000157,8.1e-05,0.001299,High,4.517,4.567,1.11,4.0,1000,11.07,1.11,1737360000000,"[0.0001, 0.000271, 0.0001]",0.2775,0.10288288288288287
HOOK,-0.001424,Mild,-1.4e-05,0.000115,0.00141,High,0.1087,0.1099,1.1,4.0,1000,11.04,1.1,1751385600000,"[-0.000171, 0.0001, 2.9e-05]",0.275,0.12945454545454543
RSS3,-0.001893,Mild,-0.000458,0.000258,0.001435,Medium,0.0456,0.0461,1.1,4.0,1000,10.96,1.1,1752278400000,"[-0.000593, -0.000685, -9.7e-05]",0.275,0.17209090909090907
BADGER,-0.002897,Moderate,-0.00128,1.9e-05,0.001617,High,0.8888,0.8985,1.09,4.0,1000,10.91,1.09,1750564800000,"[-0.00129, -0.001253, -0.001297]",0.2725,0.2657798165137615
REQ,-0.005379,Strong,0.0001,0.0,0.005479,High,0.15648,0.15818,1.09,4.0,1000,10.86,1.09,1734134400000,"[0.0001, 0.0001, 0.0001]",0.2725,0.4934862385321101
ACH,-0.001008,Mild,-0.000161,0.000173,0.000847,High,0.040605,0.041048,1.09,4.0,1000,10.91,1.09,1738684800000,"[-0.000201, -0.00035, 6.8e-05]",0.2725,0.09247706422018348
XCN,-0.001064,Mild,-1.1e-05,8.6e-05,0.001053,High,0.027116,0.027412,1.09,4.0,1000,10.92,1.09,1739059200000,"[-0.000133, 5e-05, 5e-05]",0.2725,0.09761467889908257
ZBCN,-0.001121,Mild,-0.000488,6.1e-05,0.000633,High,0.000834,0.000843,0.99,4.0,1000,10.79,1.08,1738944000000,"[-0.000536, -0.000402, -0.000526]",0.27,0.11323232323232324
JST,-0.002219,Moderate,-0.00022,0.000256,0.001999,Medium,0.03804,0.03845,1.08,4.0,1000,10.78,1.08,1736755200000,"[-0.000559, -0.000158, 5.8e-05]",0.27,0.20546296296296296
AERO,-0.001999,Mild,-0.000302,0.000249,0.001697,Medium,0.833,0.842,1.08,4.0,1000,10.8,1.08,1739635200000,"[-0.000129, -0.000654, -0.000122]",0.27,0.1850925925925926
LPT,-0.001557,Mild,-0.000943,0.000178,0.000614,High,3.997,4.04,1.08,4.0,1000,10.76,1.08,1744228800000,"[-0.001178, -0.000903, -0.000748]",0.27,0.14416666666666667
DF,-0.001388,Mild,-0.000197,0.000182,0.001191,High,0.08,0.08086,1.07,4.0,1000,10.75,1.07,1736337600000,"[-0.000383, -0.000259, 5e-05]",0.2675,0.12971962616822427
UMA,-0.001678,Mild,5.8e-05,1e-05,0.001736,High,4.682,4.732,1.07,4.0,1000,10.68,1.07,1707739200000,"[5e-05, 7.2e-05, 5.1e-05]",0.2675,0.15682242990654205
1000BTT,-0.001105,Mild,-3.8e-05,0.000195,0.001067,High,0.000842,0.000851,1.08,4.0,1000,10.69,1.07,1740211200000,"[0.0001, 0.0001, -0.000313]",0.2675,0.10231481481481482
BERA,-0.001184,Mild,-0.00063,0.000231,0.000554,Medium,8.131,8.218,1.07,4.0,1000,10.7,1.07,1742918400000,"[-0.000467, -0.000466, -0.000956]",0.2675,0.11065420560747662
JST,-0.001149,Mild,-0.00021,0.000207,0.000939,Medium,0.02704,0.02733,1.07,4.0,1000,10.72,1.07,1723161600000,"[4.2e-05, -0.000465, -0.000208]",0.2675,0.10738317757009345
GPS,-0.001287,Mild,5e-05,0.0,0.001337,High,0.0282,0.0285,1.06,4.0,1000,10.64,1.06,1743235200000,"[5e-05, 5e-05, 5e-05]",0.265,0.12141509433962264
RACA,-0.001127,Mild,0.000238,0.000132,0.001365,High,9.4e-05,9.5e-05,1.06,4.0,1000,10.64,1.06,1741420800000,"[0.00022, 0.000408, 8.6e-05]",0.265,0.10632075471698113
BLAST,-0.001523,Mild,-0.000581,0.000217,0.000942,Medium,0.003585,0.003623,1.06,4.0,1000,10.6,1.06,1741248000000,"[-0.000879, -0.000495, -0.00037]",0.265,0.14367924528301887
MOVE,-0.00117,Mild,-0.000483,4.6e-05,0.000687,High,0.5218,0.5273,1.05,4.0,1000,10.54,1.05,1741622400000,"[-0.000533, -0.000494, -0.000421]",0.2625,0.11142857142857142
CRO,-0.001863,Mild,1.9e-05,3.1e-05,0.001882,High,0.09198,0.09295,1.05,4.0,1000,10.55,1.05,1741276800000,"[3.3e-05, -2.4e-05, 4.8e-05]",0.2625,0.17742857142857144
AIOZ,-0.002251,Moderate,0.0001,0.0,0.002351,High,0.5325,0.5381,1.05,4.0,1000,10.52,1.05,1739260800000,"[0.0001, 0.0001, 0.0001]",0.2625,0.21438095238095237
BLUM,-0.002125,Moderate,-8.8e-05,4.4e-05,0.002037,High,0.1049,0.106,1.05,4.0,1000,10.49,1.05,1751338800000,"[-0.000149, -4.4e-05, -7.2e-05]",0.2625,0.20238095238095238
GLM,-0.003426,Moderate,-0.000647,0.000145,0.002779,High,0.299,0.3021,1.04,4.0,1000,10.37,1.04,1722700800000,"[-0.000773, -0.000444, -0.000724]",0.26,0.32942307692307693
ONG,-0.001285,Mild,-0.000164,0.000152,0.001121,High,0.3378,0.3413,1.04,4.0,1000,10.36,1.04,1721016000000,"[5e-05, -0.00029, -0.000251]",0.26,0.1235576923076923
HIFI,-0.001037,Mild,-0.000117,0.000236,0.00092,Medium,0.6651,0.672,1.04,4.0,1000,10.37,1.04,1736582400000,"[-0.000451, 5e-05, 5e-05]",0.26,0.09971153846153846
FORTH,-0.002451,Moderate,-0.000579,0.000188,0.001872,High,2.728,2.756,1.03,4.0,1000,10.26,1.03,1742083200000,"[-0.000376, -0.000531, -0.00083]",0.2575,0.2379611650485437
MOVE,-0.001628,Mild,-0.00055,0.000132,0.001078,High,0.4086,0.4128,1.03,4.0,1000,10.28,1.03,1743566400000,"[-0.000426, -0.000732, -0.000491]",0.2575,0.15805825242718446
COS,-0.001017,Mild,-8.3e-05,0.000132,0.000934,High,0.00968,0.00978,1.03,4.0,1000,10.33,1.03,1718092800000,"[0.0001, -0.000142, -0.000206]",0.2575,0.09873786407766989
1000BTT,-0.004686,Moderate,0.0001,0.0,0.004786,High,0.001075,0.001086,1.03,4.0,1000,10.23,1.02,1707379200000,"[0.0001, 0.0001, 0.0001]",0.255,0.4549514563106796
TOSHI,-0.001254,Mild,-0.000319,0.000263,0.000935,Medium,0.000394,0.000398,0.94,4.0,1000,10.15,1.02,1746345600000,"[-0.000462, 5e-05, -0.000544]",0.255,0.13340425531914896
CARV,-0.002832,Moderate,-0.000404,0.000252,0.002428,Medium,0.2849,0.2878,1.02,4.0,1000,10.18,1.02,1750118400000,"[-0.000718, -0.000101, -0.000393]",0.255,0.27764705882352936
UXLINK,-0.001173,Mild,-3.8e-05,3.8e-05,0.001135,High,0.4318,0.4362,1.02,4.0,1000,10.19,1.02,1748836800000,"[-2e-06, -2e-05, -9.1e-05]",0.255,0.11499999999999999
MVL,-0.002791,Moderate,-0.000869,0.00011,0.001922,High,0.003954,0.003994,1.01,4.0,1000,10.12,1.01,1739289600000,"[-0.000831, -0.001019, -0.000757]",0.2525,0.27633663366336636
HIPPO,-0.002958,Moderate,-0.000141,9.7e-05,0.002817,High,0.003065,0.003096,1.01,4.0,1000,10.11,1.01,1748260800000,"[-0.000253, -1.6e-05, -0.000155]",0.2525,0.2928712871287129
AGT,-0.003141,Moderate,5e-05,0.0,0.003191,High,0.02883,0.02912,1.01,4.0,1000,10.06,1.01,1749225600000,"[5e-05, 5e-05, 5e-05]",0.2525,0.310990099009901
SWEAT,-0.015,Strong,-0.000199,0.00024,0.014801,Medium,0.010487,0.010592,1.0,4.0,1000,10.01,1.0,1738396800000,"[-0.000538, -1.7e-05, -4.1e-05]",0.25,1.5
KMNO,-0.001039,Mild,5e-05,0.0,0.001089,High,0.04982,0.05032,1.0,4.0,1000,10.04,1.0,1744848000000,"[5e-05, 5e-05, 5e-05]",0.25,0.10389999999999999
SAHARA,-0.002577,Moderate,-0.001762,0.000267,0.000815,Medium,0.10358,0.10462,1.0,4.0,1000,10.04,1.0,1751209200000,"[-0.001845, -0.002039, -0.001401]",0.25,0.2577
SAHARA,-0.001401,Mild,-0.000622,0.000252,0.000779,Medium,0.10358,0.10462,1.0,4.0,1000,10.04,1.0,1751198400000,"[-0.000679, -0.000897, -0.000289]",0.25,0.14009999999999997
VTHO,-0.009733,Strong,1.1e-05,5.5e-05,0.009744,High,0.00321,0.003242,1.0,4.0,1000,9.97,1.0,1744632000000,"[-6.7e-05, 5e-05, 5e-05]",0.25,0.9733
DGB,-0.002571,Moderate,1.8e-05,0.000115,0.002589,High,0.01109,0.0112,0.99,4.0,1000,9.92,0.99,1741478400000,"[0.0001, -0.000145, 0.0001]",0.2475,0.2596969696969697
GLM,-0.001095,Mild,-9.6e-05,0.00021,0.000999,Medium,0.2425,0.2449,0.99,4.0,1000,9.9,0.99,1744272000000,"[-0.000311, 0.000189, -0.000165]",0.2475,0.11060606060606062
ZRC,-0.001282,Mild,1.2e-05,0.0,0.001294,High,0.02733,0.0276,0.99,4.0,1000,9.88,0.99,1752580800000,"[1.2e-05, 1.2e-05, 1.2e-05]",0.2475,0.1294949494949495
CVC,-0.001097,Mild,-0.000234,0.000176,0.000863,High,0.09509,0.09603,0.99,4.0,1000,9.89,0.99,1749816000000,"[-9.2e-05, -0.000128, -0.000482]",0.2475,0.11080808080808083
ENA,-0.004011,Moderate,5e-05,0.0,0.004061,High,1.0224,1.0324,0.98,4.0,1000,9.78,0.98,1717459200000,"[5e-05, 5e-05, 5e-05]",0.245,0.40928571428571425
EDGE,-0.002124,Moderate,-1.4e-05,9e-06,0.00211,High,0.0712,0.0719,0.98,4.0,1000,9.83,0.98,1751846400000,"[-2.6e-05, -1e-05, -6e-06]",0.245,0.21673469387755104
ACH,-0.001208,Mild,-0.000219,1.2e-05,0.000989,High,0.027812,0.028084,0.98,4.0,1000,9.78,0.98,1745193600000,"[-0.000204, -0.000234, -0.000219]",0.245,0.12326530612244899
SPEC,-0.002094,Moderate,-0.000108,0.000294,0.001986,Medium,10.18,10.28,0.98,4.0,1000,9.82,0.98,1718496000000,"[0.0001, -0.000523, 0.0001]",0.245,0.2136734693877551
RON,-0.001119,Mild,0.000134,7.2e-05,0.001253,High,2.268,2.29,0.97,4.0,1000,9.7,0.97,1734076800000,"[0.000159, 3.5e-05, 0.000207]",0.2425,0.11536082474226804
GODS,-0.001754,Mild,7e-06,6.1e-05,0.001761,High,0.1854,0.1872,0.97,4.0,1000,9.71,0.97,1747656000000,"[-8e-05, 5e-05, 5e-05]",0.2425,0.1808247422680412
SANTOS,-0.001272,Mild,-5e-06,3e-05,0.001267,High,2.906,2.934,0.96,4.0,1000,9.64,0.96,1742083200000,"[5e-06, 2.5e-05, -4.6e-05]",0.24,0.1325
FLR,-0.001907,Mild,-8.7e-05,1.3e-05,0.00182,High,0.01667,0.01683,0.96,4.0,1000,9.6,0.96,1751731200000,"[-8e-05, -7.6e-05, -0.000106]",0.24,0.19864583333333335
CTK,-0.007783,Strong,5e-05,0.0,0.007833,High,0.8149,0.8227,0.96,4.0,1000,9.57,0.96,1718136000000,"[5e-05, 5e-05, 5e-05]",0.24,0.8107291666666667
ZERO,-0.001452,Mild,-0.00041,4.3e-05,0.001042,High,0.000415,0.000419,0.99,4.0,1000,9.64,0.96,1727078400000,"[-0.000417, -0.000355, -0.000459]",0.24,0.14666666666666667
SWEAT,-0.004123,Moderate,5e-05,0.0,0.004173,High,0.003456,0.003489,0.95,4.0,1000,9.55,0.95,1749412800000,"[5e-05, 5e-05, 5e-05]",0.2375,0.434
BEAMX,-0.001021,Mild,-0.000103,0.000116,0.000918,High,0.007184,0.007252,0.95,4.0,1000,9.47,0.95,1742472000000,"[-0.000129, 5e-05, -0.000231]",0.2375,0.10747368421052632
AKT,-0.002784,Moderate,5e-05,0.0,0.002834,High,1.26,1.272,0.95,4.0,1000,9.52,0.95,1742270400000,"[5e-05, 5e-05, 5e-05]",0.2375,0.2930526315789474
ZRC,-0.002241,Moderate,0.0001,0.0,0.002341,High,0.0842,0.085,0.95,4.0,1000,9.5,0.95,1734451200000,"[0.0001, 0.0001, 0.0001]",0.2375,0.23589473684210527
FLR,-0.001068,Mild,-0.000197,7.8e-05,0.000871,High,0.01679,0.01695,0.95,4.0,1000,9.53,0.95,1751587200000,"[-0.000133, -0.000151, -0.000307]",0.2375,0.11242105263157895
AERO,-0.003344,Moderate,-0.000385,0.000165,0.002959,High,0.641,0.647,0.94,4.0,1000,9.36,0.94,1723852800000,"[-0.000163, -0.000434, -0.000559]",0.235,0.3557446808510639
ES,-0.001312,Mild,5e-05,0.0,0.001362,High,0.2337,0.2359,0.94,4.0,1000,9.41,0.94,1753372800000,"[5e-05, 5e-05, 5e-05]",0.235,0.1395744680851064
SNT,-0.001561,Mild,-0.000698,0.000144,0.000863,High,0.02797,0.02823,0.93,4.0,1000,9.3,0.93,1750788000000,"[-0.000598, -0.000595, -0.000901]",0.2325,0.1678494623655914
ZEC,-0.001959,Mild,-0.000973,8e-05,0.000986,High,39.89,40.26,0.93,4.0,1000,9.28,0.93,1743782400000,"[-0.000878, -0.001073, -0.000968]",0.2325,0.21064516129032254
CYBER,-0.001213,Mild,-0.000427,0.000176,0.000786,High,7.888,7.961,0.93,4.0,1000,9.25,0.93,1715385600000,"[-0.00067, -0.000352, -0.000258]",0.2325,0.13043010752688172
SUN,-0.00111,Mild,-0.000187,0.000239,0.000923,Medium,0.011059,0.011162,0.93,4.0,1000,9.31,0.93,1721174400000,"[-0.000175, -0.000485, 0.0001]",0.2325,0.11935483870967742
SNT,-0.001697,Mild,-0.000914,0.000144,0.000783,High,0.02678,0.02703,0.93,4.0,1000,9.34,0.93,1751317200000,"[-0.000824, -0.000801, -0.001118]",0.2325,0.18247311827956986
SXP,-0.008846,Strong,0.0001,0.0,0.008946,High,0.3801,0.3836,0.92,4.0,1000,9.21,0.92,1735545600000,"[0.0001, 0.0001, 0.0001]",0.23,0.9615217391304348
SC,-0.004127,Moderate,-0.002738,0.000273,0.001389,Medium,0.004993,0.005039,0.92,4.0,1000,9.21,0.92,1720699200000,"[-0.002493, -0.003119, -0.002603]",0.23,0.4485869565217391
VANA,-0.001705,Mild,-0.000201,0.000243,0.001504,Medium,14.06,14.19,0.92,4.0,1000,9.25,0.92,1736625600000,"[-0.00054, -8.4e-05, 2e-05]",0.23,0.18532608695652172
MBL,-0.001161,Mild,-0.000129,0.00026,0.001032,Medium,0.002759,0.002784,0.91,4.0,1000,9.06,0.91,1739548800000,"[6e-06, 0.0001, -0.000492]",0.2275,0.12758241758241756
COS,-0.003174,Moderate,-0.000276,0.00027,0.002898,Medium,0.01095,0.01105,0.91,4.0,1000,9.13,0.91,1715472000000,"[-0.000405, -0.000523, 0.0001]",0.2275,0.3487912087912088
AERO,-0.002694,Moderate,-0.000199,0.000265,0.002495,Medium,0.551,0.556,0.91,4.0,1000,9.07,0.91,1725379200000,"[-1.3e-05, -1.1e-05, -0.000574]",0.2275,0.29604395604395606
STORJ,-0.001087,Mild,3.5e-05,3.1e-05,0.001122,High,0.3608,0.3641,0.91,4.0,1000,9.15,0.91,1723737600000,"[3e-06, 7.7e-05, 2.5e-05]",0.2275,0.11945054945054945
PYTH,-0.001337,Mild,-0.00069,0.000126,0.000647,High,0.4615,0.4657,0.91,4.0,1000,9.1,0.91,1716004800000,"[-0.000536, -0.000845, -0.000689]",0.2275,0.14692307692307693
STEEM,-0.004127,Moderate,-0.00019,1.8e-05,0.003937,High,0.1428,0.1441,0.91,4.0,1000,9.1,0.91,1742875200000,"[-0.000164, -0.000206, -0.000199]",0.2275,0.45351648351648344
IQ,-0.001709,Mild,2.6e-05,7.4e-05,0.001735,High,0.007207,0.007272,0.9,4.0,1000,9.02,0.9,1729166400000,"[-3.3e-05, -1.9e-05, 0.000131]",0.225,0.18988888888888886
TOSHI,-0.001801,Mild,-0.000307,6.1e-05,0.001494,High,0.000556,0.000561,0.92,4.0,1000,8.99,0.9,1749744000000,"[-0.000222, -0.000333, -0.000365]",0.225,0.1957608695652174
BOBA,-0.001122,Mild,-0.000101,0.000187,0.001021,High,0.1226,0.1237,0.9,4.0,1000,8.97,0.9,1741420800000,"[-5.1e-05, 0.0001, -0.000351]",0.225,0.12466666666666665
VELODROME,-0.001202,Mild,0.000107,4e-06,0.001309,High,0.1012,0.1021,0.89,4.0,1000,8.89,0.89,1731384000000,"[0.000112, 0.000101, 0.000107]",0.2225,0.1350561797752809
LPT,-0.002291,Moderate,-0.000435,5.8e-05,0.001856,High,7.878,7.947,0.88,4.0,1000,8.76,0.88,1749196800000,"[-0.000443, -0.000502, -0.000361]",0.22,0.26034090909090907
AIOT,-0.001985,Mild,5e-05,0.0,0.002035,High,0.15189,0.15322,0.88,4.0,1000,8.76,0.88,1751616000000,"[5e-05, 5e-05, 5e-05]",0.22,0.22556818181818178
BLAST,-0.002145,Moderate,-0.000392,0.000232,0.001753,Medium,0.003351,0.00338,0.87,4.0,1000,8.65,0.87,1741420800000,"[-0.000399, -0.000105, -0.000673]",0.2175,0.24655172413793108
AEVO,-0.001423,Mild,-0.0007,0.000126,0.000723,High,1.618,1.632,0.87,4.0,1000,8.65,0.87,1713340800000,"[-0.000704, -0.000853, -0.000544]",0.2175,0.16356321839080462
RAD,-0.003257,Moderate,0.0001,0.0,0.003357,High,0.915,0.923,0.87,4.0,1000,8.74,0.87,1738972800000,"[0.0001, 0.0001, 0.0001]",0.2175,0.374367816091954
AIOZ,-0.001501,Mild,-0.000201,0.000253,0.0013,Medium,0.4715,0.4756,0.87,4.0,1000,8.7,0.87,1747958400000,"[-0.000183, 0.0001, -0.000519]",0.2175,0.1725287356321839
1000BTT,-0.001056,Mild,-0.00031,0.000196,0.000746,High,0.000686,0.000692,0.92,4.0,1000,8.75,0.87,1748793600000,"[-0.000586, -0.000194, -0.000151]",0.2175,0.11478260869565218
SEND,-0.01,Strong,0.0001,0.0,0.0101,High,1.1224,1.1321,0.86,4.0,1000,8.64,0.86,1740600000000,"[0.0001, 0.0001, 0.0001]",0.215,1.1627906976744187
HOME,-0.001195,Mild,5.3e-05,9.5e-05,0.001248,High,0.02199,0.02218,0.86,4.0,1000,8.64,0.86,1750752000000,"[-8.1e-05, 0.000104, 0.000135]",0.215,0.13895348837209304
SONIC,-0.001143,Mild,-0.0002,0.00014,0.000943,High,0.1973,0.199,0.86,4.0,1000,8.62,0.86,1743969600000,"[-0.000368, -0.000206, -2.6e-05]",0.215,0.13290697674418603
SLF,-0.001971,Mild,-0.000925,0.000299,0.001046,Medium,0.0815,0.0822,0.86,4.0,1000,8.59,0.86,1751529600000,"[-0.001346, -0.000682, -0.000747]",0.215,0.2291860465116279
POLYX,-0.00104,Mild,-0.00023,0.000263,0.00081,Medium,0.22205,0.22395,0.86,4.0,1000,8.56,0.86,1723248000000,"[-0.000581, 5e-05, -0.000158]",0.215,0.12093023255813952
SLF,-0.001346,Mild,-0.000547,0.000238,0.000799,Medium,0.0819,0.0826,0.85,4.0,1000,8.55,0.85,1751500800000,"[-0.000682, -0.000747, -0.000213]",0.2125,0.15835294117647059
BAT,-0.004621,Moderate,0.0001,0.0,0.004721,High,0.294,0.2965,0.85,4.0,1000,8.5,0.85,1735056000000,"[0.0001, 0.0001, 0.0001]",0.2125,0.5436470588235294
JUP,-0.001242,Mild,-7e-06,5.4e-05,0.001235,High,0.7914,0.7981,0.85,4.0,1000,8.47,0.85,1720080000000,"[5e-05, 8e-06, -8e-05]",0.2125,0.14611764705882352
ALEO,-0.001005,Mild,-6.5e-05,0.000161,0.00094,High,0.2128,0.2146,0.85,4.0,1000,8.46,0.85,1747756800000,"[0.0001, -1e-05, -0.000284]",0.2125,0.11823529411764705
IDEX,-0.001285,Mild,0.0001,0.0,0.001385,High,0.04297,0.04333,0.84,4.0,1000,8.38,0.84,1726531200000,"[0.0001, 0.0001, 0.0001]",0.21,0.15297619047619046
TOSHI,-0.001087,Mild,-3e-06,7.4e-05,0.001084,High,0.000479,0.000483,0.88,4.0,1000,8.35,0.84,1740988800000,"[-0.000108, 5e-05, 5e-05]",0.21,0.12352272727272727
XEM,-0.004096,Moderate,-0.000436,0.000211,0.00366,Medium,0.0143,0.01442,0.84,4.0,1000,8.39,0.84,1747641600000,"[-0.00046, -0.000167, -0.000681]",0.21,0.4876190476190476
MVL,-0.00414,Moderate,-0.001239,0.000232,0.002901,Medium,0.003122,0.003148,0.83,4.0,1000,8.33,0.83,1742284800000,"[-0.000974, -0.00154, -0.001204]",0.2075,0.49879518072289153
WAVES,-0.006167,Strong,0.0001,0.0,0.006267,High,1.0579,1.0667,0.83,4.0,1000,8.32,0.83,1751616000000,"[0.0001, 0.0001, 0.0001]",0.2075,0.743012048192771
1000BTT,-0.002407,Moderate,0.000157,0.000193,0.002564,High,0.001323,0.001334,0.87,4.0,1000,8.31,0.83,1733788800000,"[0.0001, -4.6e-05, 0.000417]",0.2075,0.27666666666666667
KNC,-0.001726,Mild,0.0001,0.0,0.001826,High,0.715,0.7209,0.83,4.0,1000,8.25,0.83,1716825600000,"[0.0001, 0.0001, 0.0001]",0.2075,0.20795180722891568
VOXEL,-0.004038,Moderate,-0.000563,0.000215,0.003475,Medium,0.037,0.0373,0.81,4.0,1000,8.11,0.81,1743768000000,"[-0.000762, -0.000663, -0.000264]",0.2025,0.4985185185185184
VR,-0.001547,Mild,0.0001,0.0,0.001647,High,0.00616,0.00621,0.81,4.0,1000,8.12,0.81,1741507200000,"[0.0001, 0.0001, 0.0001]",0.2025,0.19098765432098763
AEVO,-0.001992,Mild,-0.00099,0.000199,0.001002,High,1.238,1.248,0.81,4.0,1000,8.08,0.81,1715500800000,"[-0.000979, -0.000753, -0.001239]",0.2025,0.24592592592592588
AMP,-0.001381,Mild,-4.8e-05,0.000245,0.001333,Medium,0.004182,0.004216,0.81,4.0,1000,8.13,0.81,1746000000000,"[-0.000395, 0.000134, 0.000117]",0.2025,0.1704938271604938
CARV,-0.001883,Mild,-0.000118,0.000238,0.001765,Medium,0.3324,0.3351,0.81,4.0,1000,8.12,0.81,1741406400000,"[-0.000454, 5e-05, 5e-05]",0.2025,0.23246913580246908
PUNDIX,-0.001954,Mild,5e-05,0.0,0.002004,High,0.3486,0.3514,0.8,4.0,1000,8.03,0.8,1752552000000,"[5e-05, 5e-05, 5e-05]",0.2,0.24425
TOMI,-0.001211,Mild,1.2e-05,0.000124,0.001223,High,0.4893,0.4932,0.8,4.0,1000,7.97,0.8,1715587200000,"[-0.000163, 0.0001, 0.0001]",0.2,0.151375
PARTI,-0.001478,Mild,-0.000936,0.000264,0.000542,Medium,0.1755,0.1769,0.8,4.0,1000,7.98,0.8,1751616000000,"[-0.001276, -0.000898, -0.000633]",0.2,0.18475
RED,-0.001382,Mild,-0.000135,0.000136,0.001247,High,0.5612,0.5657,0.8,4.0,1000,8.02,0.8,1743292800000,"[-0.000328, -4.7e-05, -3.1e-05]",0.2,0.17275
T,-0.001064,Mild,6.6e-05,4.8e-05,0.00113,High,0.02495,0.02515,0.8,4.0,1000,8.02,0.8,1729526400000,"[0.0001, 0.0001, -1e-06]",0.2,0.133
AUDIO,-0.002313,Moderate,9.5e-05,7e-06,0.002408,High,0.1271,0.1281,0.79,4.0,1000,7.87,0.79,1723392000000,"[0.0001, 8.5e-05, 0.0001]",0.1975,0.29278481012658225
MOVE,-0.002755,Moderate,-0.001082,0.000189,0.001673,High,0.4195,0.4228,0.79,4.0,1000,7.87,0.79,1743480000000,"[-0.001245, -0.001184, -0.000818]",0.1975,0.34873417721518984
STEEM,-0.001165,Mild,-0.000258,0.000145,0.000907,High,0.1419,0.143,0.78,4.0,1000,7.75,0.78,1741032000000,"[-0.000165, -0.000146, -0.000463]",0.195,0.14935897435897436
AIOZ,-0.001586,Mild,-7e-05,0.00024,0.001516,Medium,0.2691,0.2712,0.78,4.0,1000,7.8,0.78,1741737600000,"[-0.000409, 0.0001, 0.0001]",0.195,0.2033333333333333
KERNEL,-0.001031,Mild,2.7e-05,3.3e-05,0.001058,High,0.1154,0.1163,0.78,4.0,1000,7.8,0.78,1750449600000,"[-2e-05, 5e-05, 5e-05]",0.195,0.13217948717948716
VANA,-0.001247,Mild,-0.000498,0.000136,0.000749,High,6.48,6.53,0.77,4.0,1000,7.72,0.77,1739246400000,"[-0.000379, -0.000689, -0.000426]",0.1925,0.16194805194805195
L3,-0.001782,Mild,-8.7e-05,0.000157,0.001695,High,0.06132,0.06179,0.77,4.0,1000,7.66,0.77,1728345600000,"[-0.000284, -7.8e-05, 0.0001]",0.1925,0.23142857142857143
AERGO,-0.001485,Mild,-0.000338,0.000221,0.001147,Medium,0.11013,0.11098,0.77,4.0,1000,7.72,0.77,1749873600000,"[-0.00029, -9.5e-05, -0.000629]",0.1925,0.19285714285714284
RFC,-0.00504,Strong,0.000149,3.6e-05,0.005189,High,0.07157,0.07212,0.77,4.0,1000,7.68,0.77,1744387200000,"[0.000124, 0.000123, 0.0002]",0.1925,0.6545454545454545
CARV,-0.001803,Mild,-0.001281,0.000251,0.000522,Medium,0.8964,0.9033,0.77,4.0,1000,7.7,0.77,1729152000000,"[-0.001005, -0.001612, -0.001225]",0.1925,0.23415584415584415
FUN,-0.001934,Mild,-8.7e-05,0.000103,0.001847,High,0.013531,0.013634,0.76,4.0,1000,7.61,0.76,1751788800000,"[2e-06, -3.2e-05, -0.000231]",0.19,0.2544736842105263
SPEC,-0.001336,Mild,0.000179,0.000112,0.001515,High,11.86,11.95,0.76,4.0,1000,7.59,0.76,1733788800000,"[0.0001, 0.0001, 0.000337]",0.19,0.17578947368421052
PAXG,-0.001218,Mild,-0.000542,0.000103,0.000676,High,2620.0,2640.0,0.76,4.0,1000,7.63,0.76,1735603200000,"[-0.000403, -0.000576, -0.000648]",0.19,0.16026315789473683
TOKEN,-0.001247,Mild,-3.8e-05,0.000112,0.001209,High,0.02416,0.02434,0.75,4.0,1000,7.45,0.75,1740340800000,"[-0.000197, 3.2e-05, 5e-05]",0.1875,0.16626666666666667
MELANIA,-0.003691,Moderate,-0.001174,0.000296,0.002517,Medium,0.416,0.4191,0.75,4.0,1000,7.45,0.75,1744833600000,"[-0.001582, -0.00089, -0.001049]",0.1875,0.4921333333333333
STEEM,-0.001697,Mild,-0.001157,0.00027,0.00054,Medium,0.2801,0.2822,0.75,4.0,1000,7.5,0.75,1736625600000,"[-0.000846, -0.001121, -0.001504]",0.1875,0.22626666666666667
1000BTT,-0.002779,Moderate,-0.000106,0.000292,0.002673,Medium,0.000679,0.000684,0.77,4.0,1000,7.36,0.74,1743177600000,"[-0.000519, 0.0001, 0.0001]",0.185,0.36090909090909085
DEEP,-0.001241,Mild,-1.4e-05,0.000114,0.001227,High,0.20793,0.20946,0.74,4.0,1000,7.36,0.74,1738828800000,"[2.9e-05, -0.00017, 0.0001]",0.185,0.16770270270270268
FLOW,-0.001111,Mild,0.0001,0.0,0.001211,High,0.678,0.683,0.74,4.0,1000,7.37,0.74,1721836800000,"[0.0001, 0.0001, 0.0001]",0.185,0.15013513513513513
HIVE,-0.001544,Mild,5e-05,0.0,0.001594,High,0.2726,0.2746,0.73,4.0,1000,7.34,0.73,1746244800000,"[5e-05, 5e-05, 5e-05]",0.1825,0.2115068493150685
CTC,-0.003305,Moderate,-7.3e-05,0.000295,0.003232,Medium,0.736,0.7413,0.72,4.0,1000,7.2,0.72,1740470400000,"[0.000245, -0.000466, 2e-06]",0.18,0.4590277777777778
KMNO,-0.00147,Mild,-6e-05,0.000156,0.00141,High,0.04572,0.04605,0.72,4.0,1000,7.22,0.72,1743667200000,"[5e-05, -0.000281, 5e-05]",0.18,0.20416666666666666
API3,-0.001323,Mild,-0.000802,0.000297,0.000521,Medium,0.7392,0.7445,0.72,4.0,1000,7.17,0.72,1744963200000,"[-0.000452, -0.000776, -0.001177]",0.18,0.18375
10000COQ,-0.001037,Mild,-0.000495,0.000279,0.000542,Medium,0.0056,0.00564,0.71,4.0,1000,7.14,0.71,1743782400000,"[-0.000742, -0.000105, -0.000637]",0.1775,0.146056338028169
STEEM,-0.001029,Mild,-0.000317,0.000153,0.000712,High,0.1289,0.1298,0.7,4.0,1000,6.98,0.7,1743321600000,"[-0.000269, -0.000158, -0.000523]",0.175,0.14700000000000002
AERGO,-0.003315,Moderate,-0.000265,4.7e-05,0.00305,High,0.11634,0.11716,0.7,4.0,1000,7.05,0.7,1751774400000,"[-0.000293, -0.000303, -0.000199]",0.175,0.4735714285714286
BIO,-0.001123,Mild,-0.000269,0.00012,0.000854,High,0.0432,0.0435,0.69,4.0,1000,6.94,0.69,1744761600000,"[-0.000201, -0.000438, -0.000169]",0.1725,0.1627536231884058
SD,-0.005358,Strong,0.000208,0.000152,0.005566,High,1.1023,1.1098,0.68,4.0,1000,6.8,0.68,1732089600000,"[0.0001, 0.000423, 0.0001]",0.17,0.7879411764705881
1000BTT,-0.001181,Mild,0.000186,0.000122,0.001367,High,0.000882,0.000888,0.68,4.0,1000,6.8,0.68,1731052800000,"[0.0001, 0.0001, 0.000358]",0.17,0.17367647058823527
USUAL,-0.001505,Mild,-0.000243,0.000111,0.001262,High,0.1029,0.1036,0.68,4.0,1000,6.8,0.68,1749110400000,"[-0.0004, -0.000171, -0.000157]",0.17,0.2213235294117647
CVC,-0.001269,Mild,7e-06,0.000109,0.001276,High,0.10411,0.10482,0.68,4.0,1000,6.82,0.68,1742889600000,"[0.000142, 6e-06, -0.000126]",0.17,0.1866176470588235
CLOUD,-0.001923,Mild,0.000155,7.8e-05,0.002078,High,0.3874,0.39,0.67,4.0,1000,6.71,0.67,1733788800000,"[0.0001, 0.0001, 0.000266]",0.1675,0.28701492537313433
MBL,-0.002318,Moderate,-5.6e-05,0.000118,0.002262,High,0.002225,0.00224,0.67,4.0,1000,6.74,0.67,1743148800000,"[-0.000185, -8.4e-05, 0.0001]",0.1675,0.3459701492537314
FORTH,-0.001258,Mild,0.0001,0.0,0.001358,High,2.247,2.262,0.67,4.0,1000,6.68,0.67,1743580800000,"[0.0001, 0.0001, 0.0001]",0.1675,0.18776119402985075
CARV,-0.00138,Mild,-0.000849,7e-05,0.000531,High,0.2595,0.2612,0.66,4.0,1000,6.55,0.66,1751860800000,"[-0.000889, -0.000908, -0.00075]",0.165,0.20909090909090908
CARV,-0.001859,Mild,-0.001059,0.000227,0.0008,Medium,0.2595,0.2612,0.66,4.0,1000,6.55,0.66,1751864400000,"[-0.00138, -0.000889, -0.000908]",0.165,0.2816666666666667
SWEAT,-0.001113,Mild,-0.000109,0.000191,0.001004,High,0.005424,0.005459,0.65,4.0,1000,6.45,0.65,1720080000000,"[-6.5e-05, -0.000362, 0.0001]",0.1625,0.17123076923076921
MBL,-0.002774,Moderate,0.0001,0.0,0.002874,High,0.004331,0.004359,0.65,4.0,1000,6.47,0.65,1732867200000,"[0.0001, 0.0001, 0.0001]",0.1625,0.42676923076923073
XION,-0.002137,Moderate,-0.001537,0.000106,0.0006,High,1.107,1.114,0.63,4.0,1000,6.32,0.63,1740124800000,"[-0.00143, -0.001498, -0.001682]",0.1575,0.3392063492063492
AUDIO,-0.001388,Mild,0.0001,0.0,0.001488,High,0.07983,0.08033,0.63,4.0,1000,6.26,0.63,1748131200000,"[0.0001, 0.0001, 0.0001]",0.1575,0.2203174603174603
ES,-0.001157,Mild,5e-05,0.0,0.001207,High,0.2524,0.254,0.63,4.0,1000,6.34,0.63,1753027200000,"[5e-05, 5e-05, 5e-05]",0.1575,0.18365079365079365
BLUM,-0.002274,Moderate,-0.001208,0.000258,0.001066,Medium,0.1113,0.112,0.63,4.0,1000,6.29,0.63,1751209200000,"[-0.000956, -0.001563, -0.001104]",0.1575,0.36095238095238097
BANANAS31,-0.003478,Moderate,-0.001307,0.000231,0.002171,Medium,0.008877,0.008933,0.63,4.0,1000,6.31,0.63,1752494400000,"[-0.001113, -0.001631, -0.001176]",0.1575,0.5520634920634921
LAYER,-0.001063,Mild,-0.000128,0.000217,0.000935,Medium,0.7464,0.7511,0.63,4.0,1000,6.3,0.63,1739671200000,"[-0.000435, 2.5e-05, 2.5e-05]",0.1575,0.16873015873015873
GNO,-0.001725,Mild,-0.000723,0.00021,0.001002,Medium,142.0,142.9,0.63,4.0,1000,6.34,0.63,1741276800000,"[-0.000863, -0.000426, -0.00088]",0.1575,0.2738095238095238
XAUT,-0.001222,Mild,-0.000292,0.000245,0.00093,Medium,3239.0,3259.0,0.62,4.0,1000,6.17,0.62,1744588800000,"[5e-05, -0.000417, -0.000509]",0.155,0.1970967741935484
SLP,-0.001683,Mild,-0.000554,0.000118,0.001129,High,0.0036,0.003622,0.61,4.0,1000,6.11,0.61,1736496000000,"[-0.000446, -0.000718, -0.000499]",0.1525,0.2759016393442623
IQ,-0.001094,Mild,-1.3e-05,0.00019,0.001081,High,0.010435,0.010498,0.6,4.0,1000,6.04,0.6,1733644800000,"[-0.000282, 0.000113, 0.000129]",0.15,0.18233333333333332
SNT,-0.001549,Mild,0.0001,0.0,0.001649,High,0.02152,0.02165,0.6,4.0,1000,6.04,0.6,1722672000000,"[0.0001, 0.0001, 0.0001]",0.15,0.25816666666666666
KMNO,-0.001772,Mild,-0.000117,0.000183,0.001655,High,0.06843,0.06884,0.6,4.0,1000,5.99,0.6,1749643200000,"[-0.000372, -2.9e-05, 5e-05]",0.15,0.29533333333333334
BLAST,-0.001494,Mild,-0.000773,0.000193,0.000721,High,0.002811,0.002828,0.6,4.0,1000,6.05,0.6,1743926400000,"[-0.0006, -0.001042, -0.000678]",0.15,0.249
CYBER,-0.00173,Mild,-0.000244,0.000231,0.001486,Medium,7.624,7.67,0.6,4.0,1000,6.03,0.6,1715860800000,"[-0.000545, -0.000203, 1.7e-05]",0.15,0.28833333333333333
XCN,-0.002212,Moderate,-0.000719,0.00013,0.001493,High,0.002338,0.002352,0.6,4.0,1000,5.99,0.6,1735689600000,"[-0.000574, -0.000693, -0.000889]",0.15,0.36866666666666664
FIO,-0.001837,Mild,0.00029,0.000275,0.002127,Medium,0.03718,0.0374,0.59,4.0,1000,5.92,0.59,1736380800000,"[0.000675, 0.000145, 5e-05]",0.1475,0.31135593220338986
BOBA,-0.00102,Mild,-0.000369,0.000135,0.000651,High,0.1187,0.1194,0.59,4.0,1000,5.9,0.59,1741536000000,"[-0.000555, -0.000314, -0.000237]",0.1475,0.1728813559322034
VANA,-0.001988,Mild,-0.000118,0.000116,0.00187,High,5.795,5.829,0.59,4.0,1000,5.87,0.59,1742011200000,"[-0.000137, -0.00025, 3.3e-05]",0.1475,0.3369491525423729
STEEM,-0.001378,Mild,5e-05,0.0,0.001428,High,0.1717,0.1727,0.58,4.0,1000,5.82,0.58,1723392000000,"[4.9e-05, 5e-05, 5e-05]",0.145,0.23758620689655177
IDEX,-0.001102,Mild,-0.000386,0.00023,0.000716,Medium,0.03005,0.03022,0.57,4.0,1000,5.66,0.57,1742832000000,"[-0.000382, -0.00067, -0.000106]",0.1425,0.19333333333333333
SERAPH,-0.001545,Mild,5e-05,0.0,0.001595,High,0.1942,0.1953,0.57,4.0,1000,5.66,0.57,1744041600000,"[5e-05, 5e-05, 5e-05]",0.1425,0.2710526315789474
AVAIL,-0.001658,Mild,0.0001,0.0,0.001758,High,0.02128,0.0214,0.56,4.0,1000,5.64,0.56,1751616000000,"[0.0001, 0.0001, 0.0001]",0.14,0.29607142857142854
ORCA,-0.001543,Mild,-0.000397,9.5e-05,0.001146,High,2.521,2.535,0.56,4.0,1000,5.55,0.56,1742767200000,"[-0.000291, -0.000521, -0.00038]",0.14,0.2755357142857143
SD,-0.013167,Strong,0.0001,0.0,0.013267,High,0.482,0.4847,0.56,4.0,1000,5.6,0.56,1750636800000,"[0.0001, 0.0001, 0.0001]",0.14,2.35125
MBL,-0.001082,Mild,-6.3e-05,0.000136,0.001019,High,0.003039,0.003056,0.56,4.0,1000,5.59,0.56,1738454400000,"[-3.6e-05, 8.8e-05, -0.000241]",0.14,0.1932142857142857
ONDO,-0.001057,Mild,-0.000428,0.000285,0.000629,Medium,1.2916,1.2988,0.56,4.0,1000,5.57,0.56,1736510400000,"[-0.000748, -0.000482, -5.5e-05]",0.14,0.18874999999999997
HYPER,-0.001168,Mild,-9.5e-05,0.000107,0.001073,High,0.464,0.4665,0.54,4.0,1000,5.39,0.54,1752368400000,"[-0.000243, -4.9e-05, 6e-06]",0.135,0.2162962962962963
ORCA,-0.001044,Mild,-0.000463,0.000243,0.000581,Medium,2.616,2.63,0.54,4.0,1000,5.35,0.54,1746388800000,"[-0.000345, -0.000243, -0.000801]",0.135,0.19333333333333333
F,-0.001467,Mild,-0.000704,0.000284,0.000763,Medium,0.00878,0.008827,0.54,4.0,1000,5.35,0.54,1751731200000,"[-0.000648, -0.000387, -0.001076]",0.135,0.27166666666666667
CLOUD,-0.005963,Strong,-0.000582,0.000159,0.005381,High,0.1304,0.1311,0.54,4.0,1000,5.37,0.54,1749398400000,"[-0.000519, -0.000426, -0.0008]",0.135,1.1042592592592593
TRU,-0.001272,Mild,-0.000736,0.000221,0.000536,Medium,0.03147,0.03164,0.54,4.0,1000,5.4,0.54,1743868800000,"[-0.000567, -0.000593, -0.001049]",0.135,0.23555555555555552
CHZ,-0.002274,Moderate,-0.001628,0.000288,0.000646,Medium,0.06847,0.06884,0.54,4.0,1000,5.4,0.54,1729699200000,"[-0.002035, -0.001419, -0.001429]",0.135,0.4211111111111111
OSMO,-0.001807,Mild,-0.000186,0.000107,0.001621,High,0.3017,0.3033,0.53,4.0,1000,5.3,0.53,1742083200000,"[-0.000283, -0.000237, -3.7e-05]",0.1325,0.3409433962264151
HAEDAL,-0.00146,Mild,-0.000153,0.000287,0.001307,Medium,0.1686,0.1695,0.53,4.0,1000,5.34,0.53,1746576000000,"[5e-05, 5e-05, -0.000558]",0.1325,0.27547169811320754
MTL,-0.001619,Mild,-1.4e-05,8.9e-05,0.001605,High,0.9107,0.9154,0.52,4.0,1000,5.16,0.52,1726041600000,"[-7e-06, -0.000126, 9.2e-05]",0.13,0.3113461538461539
L3,-0.001203,Mild,9.7e-05,4e-06,0.0013,High,0.04026,0.04047,0.52,4.0,1000,5.22,0.52,1725350400000,"[0.0001, 0.0001, 9.1e-05]",0.13,0.23134615384615387
AERGO,-0.001121,Mild,5e-05,0.0,0.001171,High,0.12231,0.12294,0.52,4.0,1000,5.15,0.52,1752321600000,"[5e-05, 5e-05, 5e-05]",0.13,0.21557692307692308
REZ,-0.001918,Mild,-0.000585,0.000175,0.001333,High,0.01342,0.01349,0.52,4.0,1000,5.22,0.52,1744747200000,"[-0.000445, -0.000478, -0.000831]",0.13,0.3688461538461539
MASA,-0.002145,Moderate,0.0001,0.0,0.002245,High,0.02304,0.02316,0.52,4.0,1000,5.21,0.52,1748592000000,"[0.0001, 0.0001, 0.0001]",0.13,0.41250000000000003
DMC,-0.001138,Mild,5e-05,0.0,0.001188,High,0.005485,0.005513,0.51,4.0,1000,5.1,0.51,1752278400000,"[5e-05, 5e-05, 5e-05]",0.1275,0.22313725490196076
L3,-0.002553,Moderate,-0.000684,9.7e-05,0.001869,High,0.12719,0.12784,0.51,4.0,1000,5.11,0.51,1736236800000,"[-0.000587, -0.000817, -0.000649]",0.1275,0.5005882352941177
ENA,-0.005998,Strong,-2.4e-05,0.000104,0.005974,High,0.8854,0.8899,0.51,4.0,1000,5.08,0.51,1717790400000,"[-0.000171, 5e-05, 5e-05]",0.1275,1.176078431372549
XNO,-0.001096,Mild,-4.6e-05,0.000167,0.00105,High,1.008,1.013,0.5,4.0,1000,4.96,0.5,1745539200000,"[0.0001, -0.00028, 4.3e-05]",0.125,0.21919999999999998
REZ,-0.001592,Mild,-0.000749,0.000285,0.000843,Medium,0.01404,0.01411,0.5,4.0,1000,4.99,0.5,1744689600000,"[-0.00107, -0.000378, -0.000799]",0.125,0.3184
RARE,-0.001753,Mild,-0.001009,0.000246,0.000744,Medium,0.05822,0.05851,0.5,4.0,1000,4.98,0.5,1744948800000,"[-0.000675, -0.00109, -0.001262]",0.125,0.35059999999999997
STEEM,-0.001087,Mild,-0.000165,0.000138,0.000922,High,0.13297,0.13363,0.5,4.0,1000,4.96,0.5,1751961600000,"[-0.000355, -2.9e-05, -0.000111]",0.125,0.2174
MBL,-0.004823,Moderate,0.0001,0.0,0.004923,High,0.002643,0.002656,0.49,4.0,1000,4.92,0.49,1719820800000,"[0.0001, 0.0001, 0.0001]",0.1225,0.9842857142857143
SNT,-0.001415,Mild,-0.000847,0.000166,0.000568,High,0.02078,0.02088,0.48,4.0,1000,4.81,0.48,1723852800000,"[-0.000761, -0.000702, -0.001079]",0.12,0.2947916666666667
ZBCN,-0.003459,Moderate,-0.000161,0.000185,0.003298,High,0.00208,0.00209,0.48,4.0,1000,4.81,0.48,1715356800000,"[-0.000307, -0.000276, 0.0001]",0.12,0.7206250000000001
XAUT,-0.001153,Mild,-0.000144,4.3e-05,0.001009,High,3126.0,3141.0,0.48,4.0,1000,4.8,0.48,1743696000000,"[-0.0002, -9.5e-05, -0.000137]",0.12,0.24020833333333333
ZBCN,-0.003303,Moderate,-8e-05,0.000251,0.003223,Medium,0.001467,0.001474,0.49,4.0,1000,4.77,0.48,1741132800000,"[0.0001, 9.5e-05, -0.000435]",0.12,0.6740816326530612
ZRX,-0.001653,Mild,-0.000202,4.2e-05,0.001451,High,0.2493,0.2505,0.48,4.0,1000,4.81,0.48,1744473600000,"[-0.000143, -0.000239, -0.000223]",0.12,0.34437500000000004
GNO,-0.001156,Mild,-0.000267,0.000141,0.000889,High,145.4,146.1,0.48,4.0,1000,4.81,0.48,1747180800000,"[-0.000213, -0.000461, -0.000128]",0.12,0.24083333333333334
SUN,-0.003447,Moderate,-0.000232,0.000283,0.003215,Medium,0.008553,0.008594,0.48,4.0,1000,4.79,0.48,1722844800000,"[2.9e-05, -9.9e-05, -0.000626]",0.12,0.718125
BLUM,-0.004137,Moderate,-0.001824,0.000172,0.002313,High,0.1056,0.1061,0.47,4.0,1000,4.73,0.47,1751313600000,"[-0.002064, -0.001737, -0.00167]",0.1175,0.8802127659574469
REZ,-0.001398,Mild,-0.000682,7.4e-05,0.000716,High,0.01268,0.01274,0.47,4.0,1000,4.73,0.47,1744848000000,"[-0.000777, -0.000597, -0.000673]",0.1175,0.2974468085106383
UXLINK,-0.001705,Mild,5e-05,0.0,0.001755,High,0.4489,0.451,0.47,4.0,1000,4.68,0.47,1729915200000,"[5e-05, 5e-05, 5e-05]",0.1175,0.36276595744680856
G,-0.001444,Mild,-6e-06,6.6e-05,0.001438,High,0.01704,0.01712,0.47,4.0,1000,4.69,0.47,1742788800000,"[3e-05, 5e-05, -9.9e-05]",0.1175,0.30723404255319153
1000BTT,-0.00109,Mild,-0.000432,0.000229,0.000658,Medium,0.001076,0.001081,0.4,4.0,1000,4.65,0.46,1737820800000,"[-0.000246, -0.000755, -0.000294]",0.115,0.2725
IDEX,-0.00105,Mild,-9.9e-05,0.000119,0.000951,High,0.04579,0.046,0.46,4.0,1000,4.59,0.46,1725638400000,"[-0.000208, -0.000157, 6.7e-05]",0.115,0.22826086956521738
ORDER,-0.006059,Strong,0.000225,0.000177,0.006284,High,0.2905,0.2918,0.45,4.0,1000,4.48,0.45,1733212800000,"[0.0001, 0.0001, 0.000475]",0.1125,1.3464444444444443
1000BTT,-0.001574,Mild,-6.6e-05,0.000235,0.001508,Medium,0.000682,0.000685,0.43,4.0,1000,4.4,0.44,1750089600000,"[0.0001, 0.0001, -0.000398]",0.11,0.366046511627907
MVL,-0.001686,Mild,-0.000627,0.000286,0.001059,Medium,0.003151,0.003165,0.44,4.0,1000,4.44,0.44,1743091200000,"[-0.000521, -0.000342, -0.001019]",0.11,0.3831818181818182
SUN,-0.001186,Mild,-0.000124,0.000158,0.001062,High,0.014502,0.014566,0.44,4.0,1000,4.41,0.44,1710835200000,"[-0.000237, -0.000234, 0.0001]",0.11,0.26954545454545453
XEM,-0.003732,Moderate,6.7e-05,4.7e-05,0.003799,High,0.01619,0.01626,0.43,4.0,1000,4.32,0.43,1743840000000,"[0, 0.0001, 0.0001]",0.1075,0.867906976744186
SAFE,-0.00206,Moderate,-0.000213,0.000174,0.001847,High,0.5564,0.5588,0.43,4.0,1000,4.31,0.43,1748145600000,"[-0.000419, -0.000226, 7e-06]",0.1075,0.47906976744186053
1000BTT,-0.001045,Mild,7.3e-05,1.9e-05,0.001118,High,0.000697,0.0007,0.49,4.0,1000,4.3,0.43,1741968000000,"[6.4e-05, 0.0001, 5.5e-05]",0.1075,0.21326530612244898
XEM,-0.001579,Mild,-0.000206,0.000193,0.001373,High,0.01889,0.01897,0.42,4.0,1000,4.24,0.42,1746288000000,"[-0.000439, -0.000212, 3.4e-05]",0.105,0.375952380952381
ERA,-0.001023,Mild,-0.000481,9.3e-05,0.000542,High,1.3493,1.355,0.42,4.0,1000,4.22,0.42,1752868800000,"[-0.00056, -0.000534, -0.00035]",0.105,0.2435714285714286
GAS,-0.001166,Mild,-8.4e-05,6.4e-05,0.001082,High,3.54,3.555,0.42,4.0,1000,4.24,0.42,1745755200000,"[6e-06, -0.00014, -0.000118]",0.105,0.2776190476190476
TRUMP,-0.001034,Mild,3.7e-05,5.2e-05,0.001071,High,0.1952,0.196,0.41,4.0,1000,4.1,0.41,1746302400000,"[-1.9e-05, 2.3e-05, 0.000106]",0.1025,0.2521951219512195
FLR,-0.001258,Mild,2.7e-05,7.7e-05,0.001285,High,0.01967,0.01975,0.41,4.0,1000,4.07,0.41,1747440000000,"[-7.9e-05, 0.0001, 5.9e-05]",0.1025,0.306829268292683
AUDIO,-0.001364,Mild,-0.000316,0.000268,0.001048,Medium,0.07976,0.08009,0.41,4.0,1000,4.14,0.41,1743292800000,"[-0.000603, -0.000388, 4.2e-05]",0.1025,0.3326829268292683
ZRX,-0.002042,Moderate,-0.000128,0.000133,0.001914,High,0.3412,0.3426,0.41,4.0,1000,4.1,0.41,1739779200000,"[-1.5e-05, -0.000315, -5.4e-05]",0.1025,0.49804878048780493
METIS,-0.001177,Mild,-0.00021,0.000245,0.000967,Medium,27.02,27.13,0.41,4.0,1000,4.07,0.41,1740427200000,"[-0.000545, -0.00012, 3.5e-05]",0.1025,0.28707317073170735
POLYX,-0.001005,Mild,-4.7e-05,6.9e-05,0.000958,High,0.23193,0.23289,0.41,4.0,1000,4.14,0.41,1720425600000,"[-8.4e-05, 5e-05, -0.000107]",0.1025,0.24512195121951225
AKT,-0.001168,Mild,-0.000327,0.000127,0.000841,High,1.249,1.254,0.4,4.0,1000,4.0,0.4,1742356800000,"[-0.000225, -0.000506, -0.000249]",0.1,0.292
RAY,-0.0019,Mild,-0.000608,0.000163,0.001292,High,3.478,3.492,0.4,4.0,1000,4.03,0.4,1730073600000,"[-0.000644, -0.000787, -0.000393]",0.1,0.475
XEM,-0.001202,Mild,-0.000571,0.00021,0.000631,Medium,0.02255,0.02264,0.4,4.0,1000,3.99,0.4,1740297600000,"[-0.000328, -0.000841, -0.000545]",0.1,0.3005
SNT,-0.001118,Mild,-1.2e-05,0.000158,0.001106,High,0.02054,0.02062,0.39,4.0,1000,3.89,0.39,1725465600000,"[-0.000236, 0.0001, 0.0001]",0.0975,0.2866666666666667
CTK,-0.001534,Mild,9e-06,5.8e-05,0.001543,High,0.9921,0.996,0.39,4.0,1000,3.93,0.39,1734033600000,"[-7.3e-05, 5e-05, 5e-05]",0.0975,0.3933333333333333
XION,-0.00323,Moderate,0.0001,0.0,0.00333,High,3.317,3.33,0.39,4.0,1000,3.92,0.39,1736380800000,"[0.0001, 0.0001, 0.0001]",0.0975,0.8282051282051281
MLN,-0.0053,Strong,3.7e-05,1.9e-05,0.005337,High,9.239,9.274,0.38,4.0,1000,3.79,0.38,1748620800000,"[1e-05, 5e-05, 5e-05]",0.095,1.3947368421052633
1000BTT,-0.002571,Moderate,-0.000798,0.000197,0.001773,High,0.000805,0.000808,0.39,4.0,1000,3.73,0.37,1725523200000,"[-0.000946, -0.000929, -0.00052]",0.0925,0.6592307692307692
1000BTT,-0.002487,Moderate,0.0001,0.0,0.002587,High,0.001383,0.001388,0.38,4.0,1000,3.62,0.36,1732492800000,"[0.0001, 0.0001, 0.0001]",0.09,0.6544736842105263
1000BTT,-0.001011,Mild,0.0001,0.0,0.001111,High,0.000835,0.000838,0.35,4.0,1000,3.59,0.36,1730563200000,"[0.0001, 0.0001, 0.0001]",0.09,0.28885714285714287
XEM,-0.005296,Strong,0.0001,0.0,0.005396,High,0.03942,0.03956,0.36,4.0,1000,3.55,0.36,1733385600000,"[0.0001, 0.0001, 0.0001]",0.09,1.4711111111111113
NXPC,-0.001807,Mild,-0.000919,0.000151,0.000888,High,1.975,1.982,0.35,4.0,1000,3.54,0.35,1747713600000,"[-0.001042, -0.000706, -0.00101]",0.0875,0.5162857142857143
CYBER,-0.001306,Mild,1.3e-05,5e-05,0.001319,High,1.145,1.149,0.35,4.0,1000,3.49,0.35,1744977600000,"[5e-05, -5.8e-05, 4.6e-05]",0.0875,0.3731428571428572
MBL,-0.001748,Mild,0.0001,0.0,0.001848,High,0.002266,0.002274,0.35,4.0,1000,3.53,0.35,1742112000000,"[0.0001, 0.0001, 0.0001]",0.0875,0.4994285714285715
HIVE,-0.00117,Mild,-0.00019,0.000285,0.00098,Medium,0.3984,0.3998,0.35,4.0,1000,3.51,0.35,1738368000000,"[-0.00059, -2.9e-05, 5e-05]",0.0875,0.33428571428571435
COOK,-0.001424,Mild,-0.000187,0.000203,0.001237,Medium,0.00847,0.0085,0.35,4.0,1000,3.54,0.35,1749801600000,"[-0.000336, 0.0001, -0.000326]",0.0875,0.40685714285714286
AIOZ,-0.001015,Mild,-0.000105,0.000143,0.00091,High,0.2729,0.2738,0.33,4.0,1000,3.3,0.33,1741536000000,"[7.2e-05, -0.000277, -0.000111]",0.0825,0.3075757575757576
1000BTT,-0.001132,Mild,-4.6e-05,0.000207,0.001086,Medium,0.000902,0.000905,0.34,4.0,1000,3.33,0.33,1728518400000,"[-0.000339, 0.0001, 0.0001]",0.0825,0.3329411764705882
EDGE,-0.005664,Strong,-1.9e-05,9e-06,0.005645,High,0.0897,0.09,0.33,4.0,1000,3.34,0.33,1749988800000,"[-2.8e-05, -2.3e-05, -7e-06]",0.0825,1.7163636363636363
BADGER,-0.001501,Mild,-0.000409,0.000213,0.001092,Medium,0.991,0.9942,0.32,4.0,1000,3.23,0.32,1749729600000,"[-0.000118, -0.000486, -0.000622]",0.08,0.46906249999999994
XCN,-0.001022,Mild,1.7e-05,4.6e-05,0.001039,High,0.019208,0.019269,0.32,4.0,1000,3.18,0.32,1744891200000,"[5e-05, -4.8e-05, 5e-05]",0.08,0.31937499999999996
ATH,-0.007413,Strong,-0.000215,0.000145,0.007198,High,0.03783,0.03795,0.32,4.0,1000,3.17,0.32,1741420800000,"[-7.9e-05, -0.000149, -0.000416]",0.08,2.3165625
REZ,-0.001092,Mild,-0.000417,0.000141,0.000675,High,0.01539,0.01544,0.32,4.0,1000,3.25,0.32,1744070400000,"[-0.000374, -0.000607, -0.000271]",0.08,0.34125
OM,-0.001197,Mild,-0.000275,0.000279,0.000922,Medium,1.15913,1.16275,0.31,4.0,1000,3.12,0.31,1726185600000,"[-0.000634, -0.000238, 4.7e-05]",0.0775,0.3861290322580645
AERGO,-0.001496,Mild,-0.000568,0.000113,0.000928,High,0.15585,0.15634,0.31,4.0,1000,3.14,0.31,1746576000000,"[-0.000489, -0.000488, -0.000728]",0.0775,0.48258064516129034
VANRY,-0.002544,Moderate,-0.001506,0.000235,0.001038,Medium,0.02885,0.02894,0.31,4.0,1000,3.12,0.31,1741780800000,"[-0.001656, -0.001689, -0.001174]",0.0775,0.8206451612903225
XEM,-0.003607,Moderate,4.6e-05,7.6e-05,0.003653,High,0.01946,0.01952,0.31,4.0,1000,3.08,0.31,1746432000000,"[0.0001, 0.0001, -6.1e-05]",0.0775,1.1635483870967742
RARE,-0.001913,Mild,-0.000476,0.00012,0.001437,High,0.06827,0.06848,0.31,4.0,1000,3.08,0.31,1744084800000,"[-0.000644, -0.000409, -0.000374]",0.0775,0.6170967741935484
MAGIC,-0.001298,Mild,-5.2e-05,7.9e-05,0.001246,High,0.2255,0.2262,0.31,4.0,1000,3.1,0.31,1745596800000,"[-2.7e-05, 3e-05, -0.000159]",0.0775,0.41870967741935483
GPS,-0.003865,Moderate,-6.6e-05,0.000164,0.003799,High,0.02612,0.0262,0.31,4.0,1000,3.06,0.31,1749384000000,"[-0.000297, 5e-05, 5e-05]",0.0775,1.2467741935483871
ONG,-0.001808,Mild,3e-06,6.6e-05,0.001811,High,0.3031,0.304,0.3,4.0,1000,2.97,0.3,1728028800000,"[-9e-05, 5e-05, 5e-05]",0.075,0.6026666666666667
HIVE,-0.004251,Moderate,-1.3e-05,9e-05,0.004238,High,0.3325,0.3335,0.3,4.0,1000,3.01,0.3,1739088000000,"[5e-05, -0.00014, 5e-05]",0.075,1.4169999999999998
CARV,-0.00105,Mild,-0.000462,0.00013,0.000588,High,0.2325,0.2332,0.3,4.0,1000,3.01,0.3,1750867200000,"[-0.00063, -0.000313, -0.000444]",0.075,0.35
SNT,-0.001131,Mild,-0.000375,0.000254,0.000756,Medium,0.03105,0.03114,0.29,4.0,1000,2.9,0.29,1738828800000,"[-0.000698, -7.8e-05, -0.000349]",0.0725,0.39000000000000007
XVG,-0.001571,Mild,-0.000332,0.000279,0.001239,Medium,0.006205,0.006223,0.29,4.0,1000,2.9,0.29,1715500800000,"[-0.000672, 1.2e-05, -0.000335]",0.0725,0.5417241379310345
CTK,-0.001083,Mild,5e-05,0.0,0.001133,High,0.7961,0.7983,0.28,4.0,1000,2.76,0.28,1736308800000,"[5e-05, 5e-05, 5e-05]",0.07,0.38678571428571423
J,-0.001023,Mild,-0.000489,0.000143,0.000534,High,0.2122,0.2128,0.28,4.0,1000,2.83,0.28,1743840000000,"[-0.000642, -0.000298, -0.000527]",0.07,0.3653571428571428
PUNDIX,-0.001776,Mild,-0.000514,0.000123,0.001262,High,0.323,0.3239,0.28,4.0,1000,2.79,0.28,1749268800000,"[-0.000586, -0.000341, -0.000614]",0.07,0.6342857142857142
LEVER,-0.002668,Moderate,0.0001,0.0,0.002768,High,0.002709,0.002716,0.25,4.0,1000,2.58,0.26,1718208000000,"[0.0001, 0.0001, 0.0001]",0.065,1.0672
MBL,-0.00131,Mild,4.8e-05,7.3e-05,0.001358,High,0.002276,0.002282,0.26,4.0,1000,2.64,0.26,1742544000000,"[0.0001, 0.0001, -5.5e-05]",0.065,0.5038461538461538
SWEAT,-0.003375,Moderate,-0.00024,4.6e-05,0.003135,High,0.008109,0.008129,0.25,4.0,1000,2.47,0.25,1737763200000,"[-0.000293, -0.000246, -0.00018]",0.0625,1.3499999999999999
XEM,-0.001151,Mild,-0.000642,0.000154,0.000509,High,0.01985,0.0199,0.25,4.0,1000,2.52,0.25,1738771200000,"[-0.000533, -0.000532, -0.00086]",0.0625,0.4604
BIGTIME,-0.006426,Strong,5e-05,0.0,0.006476,High,0.0835,0.0837,0.24,4.0,1000,2.4,0.24,1725523200000,"[5e-05, 5e-05, 5e-05]",0.06,2.6775
AEVO,-0.001201,Mild,-0.000146,0.000108,0.001055,High,1.7,1.704,0.24,4.0,1000,2.35,0.24,1713945600000,"[-2.3e-05, -0.00013, -0.000286]",0.06,0.5004166666666667
MOVE,-0.001403,Mild,-0.000186,0.000254,0.001217,Medium,0.1689,0.1693,0.24,4.0,1000,2.37,0.24,1749614400000,"[5e-05, -0.000539, -7e-05]",0.06,0.5845833333333333
RSS3,-0.002413,Moderate,-0.001414,0.000186,0.000999,High,0.0414,0.0415,0.24,4.0,1000,2.42,0.24,1751875200000,"[-0.001428, -0.00118, -0.001634]",0.06,1.0054166666666668
XCN,-0.001029,Mild,0.0001,0.0,0.001129,High,0.001228,0.001231,0.24,4.0,1000,2.44,0.24,1723392000000,"[0.0001, 0.0001, 0.0001]",0.06,0.42875
SLF,-0.001016,Mild,6.6e-05,4.8e-05,0.001082,High,0.208,0.2085,0.24,4.0,1000,2.4,0.24,1747612800000,"[0.0001, 0.0001, -1e-06]",0.06,0.42333333333333334
PUFFER,-0.00104,Mild,5e-05,0.0,0.00109,High,0.2093,0.2098,0.24,4.0,1000,2.39,0.24,1749614400000,"[5e-05, 5e-05, 5e-05]",0.06,0.43333333333333335
PARTI,-0.001059,Mild,-0.000434,0.000222,0.000625,Medium,0.2219,0.2224,0.23,4.0,1000,2.25,0.23,1746259200000,"[-0.0007, -0.000445, -0.000156]",0.0575,0.4604347826086957
SNT,-0.001075,Mild,-0.000399,0.000273,0.000676,Medium,0.03057,0.03064,0.23,4.0,1000,2.29,0.23,1748995200000,"[-0.000461, -3.8e-05, -0.000697]",0.0575,0.4673913043478261
MELANIA,-0.001754,Mild,-0.00061,0.000213,0.001144,Medium,0.456,0.457,0.22,4.0,1000,2.19,0.22,1744660800000,"[-0.00088, -0.00036, -0.00059]",0.055,0.7972727272727271
RSS3,-0.004524,Moderate,-0.00369,0.000274,0.000834,Medium,0.046,0.0461,0.22,4.0,1000,2.17,0.22,1749225600000,"[-0.003952, -0.003806, -0.003311]",0.055,2.056363636363636
ALEO,-0.001456,Mild,-0.000576,0.000171,0.00088,High,0.1847,0.1851,0.22,4.0,1000,2.17,0.22,1748908800000,"[-0.000817, -0.000435, -0.000477]",0.055,0.6618181818181817
MBL,-0.008715,Strong,0.0001,0.0,0.008815,High,0.002892,0.002898,0.21,4.0,1000,2.07,0.21,1721376000000,"[0.0001, 0.0001, 0.0001]",0.0525,4.15
REX,-0.011625,Strong,-0.006349,7.8e-05,0.005276,High,0.00943,0.00945,0.21,4.0,1000,2.12,0.21,1749888000000,"[-0.006436, -0.006247, -0.006364]",0.0525,5.535714285714286
ZETA,-0.001175,Mild,-0.000482,0.000278,0.000693,Medium,0.625,0.6263,0.21,4.0,1000,2.08,0.21,1723636800000,"[-0.000867, -0.000359, -0.000221]",0.0525,0.5595238095238095
GRASS,-0.001176,Mild,-0.00016,0.000295,0.001016,Medium,0.9731,0.9751,0.21,4.0,1000,2.06,0.21,1753315200000,"[-0.000578, 4.7e-05, 5e-05]",0.0525,0.56
PAXG,-0.005203,Strong,-0.000877,4.4e-05,0.004326,High,2838.0,2844.0,0.21,4.0,1000,2.11,0.21,1738540800000,"[-0.000924, -0.000818, -0.000888]",0.0525,2.477619047619048
COOK,-0.001973,Mild,-9.5e-05,0.000139,0.001878,High,0.01078,0.0108,0.19,4.0,1000,1.86,0.19,1741248000000,"[-0.000206, -0.00018, 0.0001]",0.0475,1.038421052631579
FET,-0.001121,Mild,9.2e-05,1.2e-05,0.001213,High,0.6779,0.6792,0.19,4.0,1000,1.92,0.19,1751644800000,"[7.5e-05, 0.0001, 0.0001]",0.0475,0.59
G,-0.004652,Moderate,1.4e-05,5.1e-05,0.004666,High,0.03623,0.0363,0.19,4.0,1000,1.93,0.19,1736265600000,"[-5.9e-05, 5e-05, 5e-05]",0.0475,2.448421052631579
XAI,-0.004218,Moderate,5e-05,0.0,0.004268,High,0.9133,0.9149,0.18,4.0,1000,1.75,0.18,1717574400000,"[5e-05, 5e-05, 5e-05]",0.045,2.3433333333333337
BDXN,-0.003756,Moderate,-0.000813,0.000149,0.002943,High,0.03276,0.03282,0.18,4.0,1000,1.83,0.18,1750536000000,"[-0.000929, -0.000603, -0.000907]",0.045,2.0866666666666664
XEM,-0.001137,Mild,-0.000182,0.000239,0.000955,Medium,0.02707,0.02712,0.18,4.0,1000,1.85,0.18,1736553600000,"[-0.000162, 0.0001, -0.000484]",0.045,0.6316666666666667
RSS3,-0.001092,Mild,-0.000195,0.000202,0.000897,Medium,0.0595,0.0596,0.17,4.0,1000,1.68,0.17,1746345600000,"[-0.000357, -0.000319, 9e-05]",0.0425,0.6423529411764706
ARKM,-0.009531,Strong,6e-06,1.1e-05,0.009537,High,0.5763,0.5772,0.16,4.0,1000,1.56,0.16,1741680000000,"[2e-05, -6e-06, 5e-06]",0.04,5.956874999999999
FLUX,-0.001714,Mild,6e-06,6.2e-05,0.00172,High,0.5749,0.5758,0.16,4.0,1000,1.57,0.16,1738382400000,"[-8.2e-05, 5e-05, 5e-05]",0.04,1.07125
H,-0.002832,Moderate,-0.002232,0.000209,0.0006,Medium,0.07464,0.07475,0.15,4.0,1000,1.47,0.15,1751893200000,"[-0.002, -0.00219, -0.002506]",0.0375,1.888
VTHO,-0.001677,Mild,-0.000138,0.000266,0.001539,Medium,0.002707,0.002711,0.15,4.0,1000,1.48,0.15,1742212800000,"[-0.000515, 5e-05, 5e-05]",0.0375,1.118
PENDLE,-0.001513,Mild,9.7e-05,4e-06,0.00161,High,4.2629,4.2688,0.14,4.0,1000,1.38,0.14,1726992000000,"[0.0001, 0.0001, 9.2e-05]",0.035,1.0807142857142855
TOKEN,-0.001244,Mild,5e-05,0.0,0.001294,High,0.02775,0.02779,0.14,4.0,1000,1.44,0.14,1739088000000,"[5e-05, 5e-05, 5e-05]",0.035,0.8885714285714286
GPS,-0.001467,Mild,-3.9e-05,8.1e-05,0.001428,High,0.0277,0.02774,0.14,4.0,1000,1.44,0.14,1750579200000,"[-0.000145, 5e-05, -2.2e-05]",0.035,1.0478571428571426
CTK,-0.002363,Moderate,-0.001485,0.000256,0.000878,Medium,0.87,0.8711,0.13,4.0,1000,1.26,0.13,1717387200000,"[-0.001212, -0.001414, -0.001828]",0.0325,1.817692307692308
SHM,-0.005076,Strong,-6.9e-05,0.000149,0.005007,High,0.2332,0.2335,0.13,4.0,1000,1.29,0.13,1747267200000,"[-0.0002, 0.000139, -0.000147]",0.0325,3.9046153846153846
MVL,-0.001493,Mild,3e-05,7.1e-05,0.001523,High,0.003056,0.00306,0.13,4.0,1000,1.31,0.13,1742659200000,"[5.7e-05, 0.0001, -6.8e-05]",0.0325,1.1484615384615384
SC,-0.001106,Mild,-0.000267,0.000233,0.000839,Medium,0.004648,0.004654,0.13,4.0,1000,1.29,0.13,1724313600000,"[5e-05, -0.000349, -0.000503]",0.0325,0.8507692307692308
IP,-0.002222,Moderate,-0.000836,0.000267,0.001386,Medium,3.1,3.104,0.13,4.0,1000,1.29,0.13,1750780800000,"[-0.001208, -0.000703, -0.000596]",0.0325,1.7092307692307693
GLM,-0.001447,Mild,-0.000591,0.000182,0.000856,High,0.3134,0.3138,0.13,4.0,1000,1.28,0.13,1720756800000,"[-0.000336, -0.000684, -0.000753]",0.0325,1.113076923076923
POWR,-0.00427,Moderate,5e-05,0.0,0.00432,High,0.2316,0.2319,0.13,4.0,1000,1.3,0.13,1721304000000,"[5e-05, 5e-05, 5e-05]",0.0325,3.284615384615385
BLUR,-0.002324,Moderate,-0.000231,6.5e-05,0.002093,High,0.6275,0.6283,0.13,4.0,1000,1.27,0.13,1710633600000,"[-0.000144, -0.000302, -0.000246]",0.0325,1.787692307692308
SQD,-0.001983,Mild,-0.000724,0.000189,0.001259,High,0.1705,0.1707,0.12,4.0,1000,1.17,0.12,1752091200000,"[-0.000975, -0.000678, -0.00052]",0.03,1.6525
COS,-0.0011,Mild,-7.9e-05,0.000131,0.001021,High,0.00884,0.00885,0.11,4.0,1000,1.13,0.11,1719849600000,"[-0.000208, 0.0001, -0.00013]",0.0275,1.0
XEM,-0.002006,Moderate,-0.00129,0.000275,0.000716,Medium,0.01939,0.01941,0.1,4.0,1000,1.03,0.1,1742112000000,"[-0.001011, -0.001665, -0.001194]",0.025,2.006
RIF,-0.001444,Mild,-0.000895,0.000183,0.000549,High,0.04108,0.04112,0.1,4.0,1000,0.97,0.1,1743537600000,"[-0.000673, -0.00112, -0.000891]",0.025,1.444
TRU,-0.002659,Moderate,0.000468,6.2e-05,0.003127,High,0.03083,0.03086,0.1,4.0,1000,0.97,0.1,1744761600000,"[0.000416, 0.000433, 0.000555]",0.025,2.659
POWR,-0.002055,Moderate,-0.00033,0.000183,0.001725,High,0.3094,0.3097,0.1,4.0,1000,0.97,0.1,1736654400000,"[-0.000371, -8.9e-05, -0.000531]",0.025,2.0549999999999997
OSMO,-0.001073,Mild,0.0001,0.0,0.001173,High,0.4499,0.4503,0.09,4.0,1000,0.89,0.09,1724601600000,"[0.0001, 0.0001, 0.0001]",0.0225,1.1922222222222223
JELLYJELLY,-0.004361,Moderate,-0.000115,8.4e-05,0.004246,High,0.1297,0.1298,0.08,4.0,1000,0.77,0.08,1738252800000,"[0, -0.0002, -0.000144]",0.02,5.45125
1000BTT,-0.001411,Mild,-5.7e-05,0.000122,0.001354,High,0.001297,0.001298,0.08,4.0,1000,0.77,0.08,1714348800000,"[0.0001, -7.3e-05, -0.000198]",0.02,1.76375
VTHO,-0.001102,Mild,-0.000333,0.000152,0.000769,High,0.004766,0.00477,0.08,4.0,1000,0.84,0.08,1738828800000,"[-0.000546, -0.000197, -0.000257]",0.02,1.3774999999999997
BR,-0.001956,Mild,-0.000756,0.000161,0.0012,High,0.12786,0.12796,0.08,4.0,1000,0.78,0.08,1752004800000,"[-0.000933, -0.000791, -0.000543]",0.02,2.445
RAD,-0.003954,Moderate,0.0001,0.0,0.004054,High,1.353,1.354,0.07,4.0,1000,0.74,0.07,1722153600000,"[0.0001, 0.0001, 0.0001]",0.0175,5.648571428571428
VANA,-0.001523,Mild,5e-05,0.0,0.001573,High,17.2,17.21,0.06,4.0,1000,0.58,0.06,1735790400000,"[5e-05, 5e-05, 5e-05]",0.015,2.5383333333333336
FLR,-0.001293,Mild,1.1e-05,0.000126,0.001304,High,0.01723,0.01724,0.06,4.0,1000,0.58,0.06,1751385600000,"[-0.000168, 0.0001, 0.0001]",0.015,2.1550000000000002
ATH,-0.001212,Mild,-0.000313,7e-05,0.000899,High,0.03666,0.03668,0.05,4.0,1000,0.55,0.05,1741593600000,"[-0.000412, -0.000265, -0.000263]",0.0125,2.424
XCN,-0.002589,Moderate,-0.001911,0.000251,0.000678,Medium,0.00222,0.002221,0.05,4.0,1000,0.45,0.05,1734768000000,"[-0.00187, -0.002237, -0.001627]",0.0125,5.178
AERGO,-0.003207,Moderate,5e-05,0.0,0.003257,High,0.15855,0.15862,0.04,4.0,1000,0.44,0.04,1753243200000,"[5e-05, 5e-05, 5e-05]",0.01,8.0175
AMP,-0.009005,Strong,-0.006778,0.000144,0.002227,High,0.011001,0.011005,0.04,4.0,1000,0.36,0.04,1733558400000,"[-0.006888, -0.006872, -0.006574]",0.01,22.5125
XEM,-0.001688,Mild,-0.000332,0.000209,0.001356,Medium,0.0237,0.02371,0.04,4.0,1000,0.42,0.04,1737936000000,"[-9.5e-05, -0.000297, -0.000604]",0.01,4.22
RAD,-0.001216,Mild,2.6e-05,0.000104,0.001242,High,0.7402,0.7405,0.04,4.0,1000,0.41,0.04,1749628800000,"[0.0001, -0.000121, 0.0001]",0.01,3.04
BLAST,-0.003391,Moderate,-0.000753,0.000179,0.002638,High,0.003006,0.003007,0.03,4.0,1000,0.33,0.03,1744704000000,"[-0.000772, -0.000962, -0.000524]",0.0075,11.303333333333335
STORJ,-0.009089,Strong,-0.001449,0.000133,0.00764,High,0.6052,0.6053,0.02,4.0,1000,0.17,0.02,1729353600000,"[-0.001458, -0.001281, -0.001607]",0.005,45.445
100000AIDOGE,-0.001265,Mild,0.000195,0.00018,0.00146,High,4.6e-05,4.6e-05,0.2,,1000,0.0,0.0,1717804800000,"[0.000391, 0.000237, -4.4e-05]",0.0,0.6325000000000001
ELON,-0.001407,Mild,-0.000638,0.00022,0.000769,Medium,0.0,0.0,6.38,,1000,0.0,0.0,1738612800000,"[-0.00035, -0.000885, -0.000678]",0.0,0.02205329153605016
ELON,-0.001097,Mild,-0.00056,5.7e-05,0.000537,High,0.0,0.0,-1.46,,1000,0.0,0.0,1738094400000,"[-0.000481, -0.000588, -0.000611]",0.0,-0.07513698630136986
ELON,-0.004267,Moderate,0.000111,9e-06,0.004378,High,0.0,1e-06,271.41,,1000,0.0,0.0,1737273600000,"[0.000109, 0.000123, 0.000101]",0.0,0.0015721602004347664
VTHO,-0.002353,Moderate,3.2e-05,2.6e-05,0.002385,High,0.003547,0.003547,0.0,,1000,0.0,0.0,1739764800000,"[5e-05, -5e-06, 5e-05]",0.0,inf
VOXEL,-0.001593,Mild,-0.000562,0.000155,0.001031,High,0.0369,0.0369,0.0,,1000,0.0,0.0,1743825600000,"[-0.000559, -0.000753, -0.000374]",0.0,inf
XEM,-0.001096,Mild,0.0001,0.0,0.001196,High,0.0184,0.0184,0.0,,1000,0.0,0.0,1726300800000,"[0.0001, 0.0001, 0.0001]",0.0,inf
ELON,-0.001525,Mild,-7.9e-05,0.000184,0.001446,High,0.0,0.0,1.05,,1000,0.0,0.0,1737734400000,"[0.000126, -4.4e-05, -0.00032]",0.0,0.14523809523809525
1000BTT,-0.001293,Mild,-0.000447,9.2e-05,0.000846,High,0.000819,0.000819,-0.06,,1000,0.0,0.0,1740384000000,"[-0.000576, -0.000398, -0.000368]",0.0,-2.1550000000000002
MOBILE,-0.001389,Mild,8.5e-05,0.000222,0.001474,Medium,0.00043,0.00043,-0.02,,1000,0.0,0.0,1748851200000,"[-0.000194, 0.0001, 0.000349]",0.0,-6.945
CHEEMS,-0.001015,Mild,-3.5e-05,0.00012,0.00098,High,1e-06,1e-06,-4.94,,1000,0.0,0.0,1739275200000,"[5e-05, -0.000205, 5e-05]",0.0,-0.02054655870445344
CHEEMS,-0.00105,Mild,3.8e-05,1.6e-05,0.001088,High,1e-06,1e-06,70.25,,1000,0.0,0.0,1739160000000,"[5e-05, 1.5e-05, 5e-05]",0.0,0.001494661921708185
BOBBSC,-0.002682,Moderate,-3.2e-05,0.000115,0.00265,High,0.0,0.0,2.4,,1000,0.0,0.0,1751414400000,"[5e-05, -0.000195, 5e-05]",0.0,0.11174999999999999
BOBBSC,-0.004335,Moderate,5e-05,0.0,0.004385,High,0.0,0.0,9.31,,1000,0.0,0.0,1751284800000,"[5e-05, 5e-05, 5e-05]",0.0,0.046562835660580025
POWR,-0.001328,Mild,2.8e-05,3.1e-05,0.001356,High,0.2383,0.2383,0.0,,1000,0.0,0.0,1726920000000,"[-1.5e-05, 5e-05, 5e-05]",0.0,inf
VR,-0.001375,Mild,0.0001,0.0,0.001475,High,0.00464,0.00464,0.0,,1000,0.0,0.0,1742659200000,"[0.0001, 0.0001, 0.0001]",0.0,inf
SCA,-0.001116,Mild,-0.000154,0.00014,0.000962,High,0.0873,0.0873,0.0,,1000,0.0,0.0,1743321600000,"[-0.000262, 4.3e-05, -0.000244]",0.0,inf
GLM,-0.00203,Moderate,7e-06,5e-05,0.002037,High,0.358,0.358,0.0,,1000,0.0,0.0,1721822400000,"[3.3e-05, 5e-05, -6.3e-05]",0.0,inf
ZERO,-0.001147,Mild,-0.000308,0.000273,0.000839,Medium,0.000182,0.000182,-0.05,,1000,0.0,0.0,1725148800000,"[-0.000507, -0.000495, 7.7e-05]",0.0,-2.294
ZERO,-0.001006,Mild,-0.000182,0.000192,0.000824,High,0.00022,0.00022,0.0,,1000,0.0,0.0,1723996800000,"[-0.000415, 5.5e-05, -0.000185]",0.0,inf
ELON,-0.001395,Mild,-0.000164,0.000255,0.001231,Medium,0.0,0.0,14.98,,1000,0.0,0.0,1744156800000,"[-2e-05, -0.000522, 5e-05]",0.0,0.009312416555407209
ELON,-0.001629,Mild,-0.00083,0.000237,0.000799,Medium,0.0,0.0,8.88,,1000,0.0,0.0,1738728000000,"[-0.000718, -0.000612, -0.00116]",0.0,0.018344594594594595
ELON,-0.002088,Moderate,-0.000373,0.000224,0.001715,Medium,0.0,0.0,42.52,,1000,0.0,0.0,1738166400000,"[-0.000684, -0.000164, -0.00027]",0.0,0.00491063029162747
ELON,-0.001455,Mild,-0.000215,0.000211,0.00124,Medium,0.0,0.0,3.31,,1000,0.0,0.0,1744675200000,"[5e-05, -0.000229, -0.000466]",0.0,0.043957703927492445
1000BTT,-0.002287,Moderate,-9e-05,0.000249,0.002197,Medium,0.000793,0.000793,-0.04,,1000,0.0,0.0,1707177600000,"[-0.000442, 0.0001, 7.3e-05]",0.0,-5.717499999999999
ONG,-0.00198,Mild,-0.000465,0.000106,0.001515,High,0.673,0.673,0.0,,1000,0.0,0.0,1713513600000,"[-0.000325, -0.000486, -0.000583]",0.0,inf
ELON,-0.001091,Mild,-0.000235,0.000206,0.000856,Medium,0.0,0.0,4.14,,1000,0.0,0.0,1746532800000,"[5e-05, -0.000324, -0.00043]",0.0,0.02635265700483092
SLP,-0.001676,Mild,-0.000301,0.000112,0.001375,High,0.003008,0.003008,0.0,,1000,0.0,0.0,1729670400000,"[-0.000412, -0.000343, -0.000148]",0.0,inf
XEC,-0.00104,Mild,0.0001,0.0,0.00114,High,4.8e-05,4.8e-05,0.48,,1000,0.0,0.0,1715673600000,"[0.0001, 0.0001, 9.9e-05]",0.0,0.21666666666666667
RAD,-0.00324,Moderate,-1.6e-05,0.000164,0.003224,High,1.226,1.226,0.0,,1000,0.0,0.0,1730505600000,"[0.0001, -0.000248, 0.0001]",0.0,inf
CARV,-0.002669,Moderate,9e-05,1.4e-05,0.002759,High,0.6295,0.6294,-0.02,,1000,-0.16,-0.02,1738339200000,"[7.1e-05, 0.0001, 0.0001]",-0.02,-13.344999999999999
G,-0.001119,Mild,-0.000323,0.000154,0.000796,High,0.04541,0.0454,-0.02,,1000,-0.22,-0.02,1723953600000,"[-0.000108, -0.000402, -0.000458]",-0.02,-5.595
GLM,-0.001046,Mild,1.5e-05,4.9e-05,0.001061,High,0.3484,0.3483,-0.03,,1000,-0.29,-0.03,1721304000000,"[5e-05, 5e-05, -5.4e-05]",-0.03,-3.4866666666666672
SLP,-0.001058,Mild,-0.00032,0.000278,0.000738,Medium,0.002291,0.00229,-0.04,,1000,-0.44,-0.04,1723795200000,"[-0.000682, -0.000273, -5e-06]",-0.04,-2.6449999999999996
PAXG,-0.001479,Mild,0.000116,2.3e-05,0.001595,High,2680.0,2679.0,-0.04,,1000,-0.37,-0.04,1727827200000,"[0.0001, 0.000149, 0.0001]",-0.04,-3.6975
XEM,-0.003707,Moderate,-0.000404,4.5e-05,0.003303,High,0.02322,0.02321,-0.04,,1000,-0.43,-0.04,1739433600000,"[-0.000441, -0.000341, -0.00043]",-0.04,-9.267499999999998
AUDIO,-0.001942,Mild,0.0001,0.0,0.002042,High,0.05805,0.05802,-0.05,,1000,-0.52,-0.05,1750953600000,"[0.0001, 0.0001, 0.0001]",-0.05,-3.884
UXLINK,-0.017989,Strong,-0.000229,0.000175,0.01776,High,0.8198,0.8194,-0.05,,1000,-0.49,-0.05,1738987200000,"[-0.000448, -2e-05, -0.000219]",-0.05,-35.978
B2,-0.002387,Moderate,-2e-05,9.9e-05,0.002367,High,0.6796,0.6792,-0.06,,1000,-0.59,-0.06,1747656000000,"[-0.000161, 5e-05, 5e-05]",-0.06,-3.9783333333333335
DEEP,-0.002099,Moderate,-0.00036,0.000235,0.001739,Medium,0.07402,0.07397,-0.07,,1000,-0.68,-0.07,1743148800000,"[-0.000689, -0.000238, -0.000154]",-0.07,-2.998571428571428
AWE,-0.001241,Mild,-8e-06,5.5e-05,0.001233,High,0.05649,0.05645,-0.07,,1000,-0.71,-0.07,1751947200000,"[5e-05, -8.1e-05, 8e-06]",-0.07,-1.7728571428571425
B3,-0.001255,Mild,2.5e-05,0.0,0.00128,High,0.007372,0.007367,-0.07,,1000,-0.68,-0.07,1740304800000,"[2.5e-05, 2.5e-05, 2.5e-05]",-0.07,-1.7928571428571427
CHZ,-0.002601,Moderate,-0.001337,0.000201,0.001264,Medium,0.07591,0.07586,-0.07,,1000,-0.66,-0.07,1729123200000,"[-0.001535, -0.001414, -0.001061]",-0.07,-3.7157142857142853
XEM,-0.002414,Moderate,-0.000304,0.000132,0.00211,High,0.004994,0.00499,-0.08,,1000,-0.8,-0.08,1750892400000,"[-0.000483, -0.00026, -0.00017]",-0.08,-3.0174999999999996
RAY,-0.004254,Moderate,7.3e-05,2.7e-05,0.004327,High,2.276,2.274,-0.09,,1000,-0.88,-0.09,1750320000000,"[0.0001, 3.6e-05, 8.2e-05]",-0.09,-4.726666666666667
AKT,-0.001198,Mild,-0.000662,0.000283,0.000536,Medium,2.167,2.165,-0.09,,1000,-0.92,-0.09,1738699200000,"[-0.00105, -0.000383, -0.000553]",-0.09,-1.3311111111111111
AVL,-0.001803,Mild,-5.3e-05,0.000124,0.00175,High,0.3155,0.3152,-0.1,,1000,-0.95,-0.1,1740398400000,"[1.9e-05, 5e-05, -0.000227]",-0.1,-1.803
SOPH,-0.001176,Mild,-0.000406,0.000149,0.00077,High,0.05248,0.05243,-0.1,,1000,-0.95,-0.1,1749387600000,"[-0.000283, -0.000319, -0.000616]",-0.1,-1.176
BADGER,-0.005336,Strong,-0.000218,0.000234,0.005118,Medium,1.014,1.013,-0.1,,1000,-0.99,-0.1,1745280000000,"[-0.000549, -4.1e-05, -6.3e-05]",-0.1,-5.335999999999999
MAJOR,-0.00363,Moderate,0.0001,0.0,0.00373,High,0.3107,0.3104,-0.1,,1000,-0.97,-0.1,1747152000000,"[0.0001, 0.0001, 0.0001]",-0.1,-3.63
MELANIA,-0.002492,Moderate,5e-05,0.0,0.002542,High,0.999,0.998,-0.1,,1000,-1.0,-0.1,1740441600000,"[5e-05, 5e-05, 5e-05]",-0.1,-2.492
MBL,-0.001054,Mild,-7.9e-05,0.000254,0.000975,Medium,0.00268,0.002677,-0.11,,1000,-1.12,-0.11,1739836800000,"[-0.000438, 0.0001, 0.0001]",-0.11,-0.9581818181818181
ZENT,-0.001639,Mild,0.0001,0.0,0.001739,High,0.00939,0.00938,-0.11,,1000,-1.06,-0.11,1744963200000,"[0.0001, 0.0001, 0.0001]",-0.11,-1.49
CKB,-0.001703,Mild,-0.000123,1.7e-05,0.00158,High,0.004675,0.00467,-0.11,,1000,-1.07,-0.11,1744531200000,"[-0.000143, -0.000125, -0.000101]",-0.11,-1.548181818181818
SNT,-0.002364,Moderate,-0.000294,0.000215,0.00207,Medium,0.02696,0.02693,-0.11,,1000,-1.11,-0.11,1719388800000,"[-3.8e-05, -0.000565, -0.000278]",-0.11,-2.149090909090909
SCA,-0.001484,Mild,-0.00011,0.000147,0.001374,High,0.3677,0.3673,-0.11,,1000,-1.09,-0.11,1728489600000,"[-0.000155, 8.8e-05, -0.000263]",-0.11,-1.3490909090909091
ORBS,-0.008511,Strong,-2.4e-05,6.9e-05,0.008487,High,0.02406,0.02403,-0.12,,1000,-1.25,-0.12,1750564800000,"[2.5e-05, -0.000121, 2.5e-05]",-0.12,-7.0925
COS,-0.001673,Mild,0.0001,0.0,0.001773,High,0.00837,0.00836,-0.12,,1000,-1.19,-0.12,1722211200000,"[0.0001, 0.0001, 0.0001]",-0.12,-1.3941666666666668
UXLINK,-0.001081,Mild,-0.000495,0.000135,0.000586,High,1.2072,1.2057,-0.12,,1000,-1.24,-0.12,1737014400000,"[-0.000582, -0.000598, -0.000304]",-0.12,-0.9008333333333334
SAFE,-0.003072,Moderate,5e-05,0.0,0.003122,High,1.0487,1.0473,-0.13,,1000,-1.33,-0.13,1736481600000,"[5e-05, 5e-05, 5e-05]",-0.13,-2.3630769230769233
ANIME,-0.001666,Mild,-0.000834,0.00016,0.000832,High,0.02331,0.02328,-0.13,,1000,-1.29,-0.13,1750118400000,"[-0.000958, -0.000936, -0.000609]",-0.13,-1.2815384615384615
GODS,-0.001639,Mild,0.000113,8.8e-05,0.001752,High,0.158,0.1578,-0.13,,1000,-1.27,-0.13,1739246400000,"[-1.1e-05, 0.00017, 0.00018]",-0.13,-1.2607692307692309
SWEAT,-0.003129,Moderate,-0.000161,0.000236,0.002968,Medium,0.002333,0.00233,-0.13,,1000,-1.29,-0.13,1751716800000,"[5e-05, -4.3e-05, -0.000491]",-0.13,-2.4069230769230767
FB,-0.001313,Mild,-0.000264,0.000299,0.001049,Medium,0.698,0.697,-0.14,,1000,-1.43,-0.14,1743840000000,"[-0.000649, -0.000224, 8.1e-05]",-0.14,-0.9378571428571427
MBL,-0.001171,Mild,-7.6e-05,0.000248,0.001095,Medium,0.003552,0.003547,-0.14,,1000,-1.41,-0.14,1718092800000,"[-0.000427, 0.0001, 0.0001]",-0.14,-0.8364285714285713
MDT,-0.001589,Mild,-0.00035,0.000259,0.001239,Medium,0.02627,0.02623,-0.15,,1000,-1.52,-0.15,1749052800000,"[-3.9e-05, -0.000672, -0.00034]",-0.15,-1.0593333333333332
MVL,-0.002187,Moderate,-4.7e-05,0.000174,0.00214,High,0.003228,0.003223,-0.15,,1000,-1.55,-0.15,1741392000000,"[-0.000291, 5e-05, 0.0001]",-0.15,-1.458
RFC,-0.010055,Strong,-0.005071,6e-06,0.004984,High,0.0755,0.07538,-0.16,,1000,-1.59,-0.16,1744214400000,"[-0.005069, -0.005064, -0.005079]",-0.16,-6.284375
ANIME,-0.00103,Mild,-0.00022,0.000233,0.00081,Medium,0.0618,0.0617,-0.16,,1000,-1.62,-0.16,1737763200000,"[-0.000518, -0.000192, 5e-05]",-0.16,-0.64375
TOSHI,-0.002112,Moderate,5e-05,0.0,0.002162,High,0.000634,0.000633,-0.13,,1000,-1.58,-0.16,1740355200000,"[5e-05, 5e-05, 5e-05]",-0.16,-1.6246153846153848
FLR,-0.002437,Moderate,-0.000436,0.000182,0.002001,High,0.01933,0.0193,-0.16,,1000,-1.55,-0.16,1745856000000,"[-0.000367, -0.000686, -0.000256]",-0.16,-1.5231249999999998
C,-0.008721,Strong,0.000593,1.6e-05,0.009314,High,0.4586,0.4578,-0.17,,1000,-1.74,-0.17,1752840000000,"[0.000605, 0.000605, 0.00057]",-0.17,-5.129999999999999
QTUM,-0.002971,Moderate,-0.000351,0.000276,0.00262,Medium,2.352,2.348,-0.17,,1000,-1.7,-0.17,1723651200000,"[-0.000706, -0.000315, -3.3e-05]",-0.17,-1.7476470588235293
WLD,-0.001454,Mild,-0.000529,0.00012,0.000925,High,2.247,2.2432,-0.17,,1000,-1.69,-0.17,1721836800000,"[-0.000698, -0.000438, -0.000451]",-0.17,-0.8552941176470588
ZKJ,-0.001106,Mild,-4.7e-05,8.5e-05,0.001059,High,0.336,0.3354,-0.18,,1000,-1.79,-0.18,1750334400000,"[-3.3e-05, 5e-05, -0.000158]",-0.18,-0.6144444444444445
SQD,-0.001258,Mild,5e-05,0.0,0.001308,High,0.1678,0.1675,-0.18,,1000,-1.79,-0.18,1751299200000,"[5e-05, 5e-05, 5e-05]",-0.18,-0.6988888888888889
XCN,-0.002012,Moderate,5.5e-05,6.3e-05,0.002067,High,0.001649,0.001646,-0.18,,1000,-1.82,-0.18,1721462400000,"[0.0001, 0.0001, -3.4e-05]",-0.18,-1.1177777777777778
COW,-0.001579,Mild,-5.4e-05,7.4e-05,0.001525,High,0.3272,0.3266,-0.18,,1000,-1.83,-0.18,1751976000000,"[-0.000156, -2.5e-05, 1.8e-05]",-0.18,-0.8772222222222223
GLM,-0.00149,Mild,-0.000465,0.000241,0.001025,Medium,0.3185,0.3179,-0.19,,1000,-1.88,-0.19,1720699200000,"[-0.000204, -0.000785, -0.000407]",-0.19,-0.7842105263157895
USUAL,-0.001769,Mild,-0.000429,0.000294,0.00134,Medium,0.1029,0.1027,-0.19,,1000,-1.94,-0.19,1752580800000,"[-0.000442, -6.2e-05, -0.000783]",-0.19,-0.9310526315789474
SEI,-0.001097,Mild,-6.5e-05,9.9e-05,0.001032,High,0.2108,0.2104,-0.19,,1000,-1.9,-0.19,1746288000000,"[-3.6e-05, 3.9e-05, -0.000198]",-0.19,-0.5773684210526316
OGN,-0.001196,Mild,4.8e-05,7.4e-05,0.001244,High,0.0523,0.0522,-0.19,,1000,-1.91,-0.19,1751932800000,"[-5.6e-05, 0.0001, 0.0001]",-0.19,-0.6294736842105263
GAS,-0.001172,Mild,-0.000169,6.2e-05,0.001003,High,3.543,3.536,-0.2,,1000,-1.98,-0.2,1745553600000,"[-9.8e-05, -0.000248, -0.00016]",-0.2,-0.5860000000000001
RSS3,-0.003131,Moderate,-0.0026,0.000236,0.000531,Medium,0.0475,0.0474,-0.21,,1000,-2.11,-0.21,1749052800000,"[-0.002303, -0.002617, -0.00288]",-0.21,-1.490952380952381
AGT,-0.001053,Mild,8e-06,5.9e-05,0.001061,High,0.03224,0.03217,-0.22,,1000,-2.17,-0.22,1749096000000,"[5e-05, -7.5e-05, 5e-05]",-0.22,-0.4786363636363636
AIOZ,-0.001918,Mild,-0.000756,0.000233,0.001162,Medium,0.5035,0.5024,-0.22,,1000,-2.18,-0.22,1747238400000,"[-0.000456, -0.001024, -0.000789]",-0.22,-0.8718181818181817
ZRC,-0.001802,Mild,-0.00046,0.000126,0.001342,High,0.0457,0.0456,-0.22,,1000,-2.19,-0.22,1741248000000,"[-0.000344, -0.000635, -0.000401]",-0.22,-0.8190909090909091
XION,-0.003829,Moderate,-0.002465,0.000274,0.001364,Medium,1.376,1.373,-0.22,,1000,-2.18,-0.22,1739246400000,"[-0.002388, -0.002832, -0.002175]",-0.22,-1.7404545454545453
MOVE,-0.002002,Moderate,-0.001148,0.00028,0.000854,Medium,1.0466,1.0442,-0.23,,1000,-2.29,-0.23,1734768000000,"[-0.000772, -0.001443, -0.001228]",-0.23,-0.8704347826086956
ONT,-0.001327,Mild,-0.000181,0.000253,0.001146,Medium,0.1328,0.1325,-0.23,,1000,-2.26,-0.23,1744272000000,"[0.0001, -0.00013, -0.000514]",-0.23,-0.5769565217391305
CARV,-0.001549,Mild,-0.000146,0.000278,0.001403,Medium,0.3391,0.3383,-0.24,,1000,-2.36,-0.24,1741305600000,"[-0.000539, 5e-05, 5e-05]",-0.24,-0.6454166666666667
VANRY,-0.001691,Mild,0.00014,6.7e-05,0.001831,High,0.04419,0.04408,-0.25,,1000,-2.49,-0.25,1739836800000,"[5e-05, 0.00021, 0.00016]",-0.25,-0.6764
HIFI,-0.001107,Mild,5e-05,0.0,0.001157,High,0.3613,0.3604,-0.25,,1000,-2.49,-0.25,1742371200000,"[5e-05, 5e-05, 5e-05]",-0.25,-0.44279999999999997
ZRX,-0.001049,Mild,-9e-06,0.000136,0.00104,High,0.27,0.2693,-0.26,,1000,-2.59,-0.26,1742457600000,"[-0.000201, 7.3e-05, 0.0001]",-0.26,-0.4034615384615385
SANTOS,-0.001018,Mild,5e-05,0.0,0.001068,High,4.679,4.667,-0.26,,1000,-2.56,-0.26,1732608000000,"[5e-05, 5e-05, 5e-05]",-0.26,-0.39153846153846156
VR,-0.002741,Moderate,0.000137,5.2e-05,0.002878,High,0.01164,0.01161,-0.26,,1000,-2.58,-0.26,1740873600000,"[0.0001, 0.00021, 0.0001]",-0.26,-1.0542307692307693
MEMEFI,-0.003431,Moderate,5e-05,0.0,0.003481,High,0.001534,0.00153,-0.26,,1000,-2.61,-0.26,1750003200000,"[5e-05, 5e-05, 5e-05]",-0.26,-1.3196153846153846
VANA,-0.00192,Mild,-0.000201,0.000186,0.001719,High,11.68,11.65,-0.26,,1000,-2.57,-0.26,1737187200000,"[-7.3e-05, -6.6e-05, -0.000463]",-0.26,-0.7384615384615385
BEAMX,-0.001289,Mild,-0.000311,0.00012,0.000978,High,0.007535,0.007515,-0.27,,1000,-2.65,-0.27,1745712000000,"[-0.000481, -0.000236, -0.000216]",-0.27,-0.4774074074074074
MVL,-0.001915,Mild,-0.000578,0.000276,0.001337,Medium,0.004743,0.00473,-0.27,,1000,-2.74,-0.27,1736236800000,"[-0.000665, -0.000865, -0.000205]",-0.27,-0.7092592592592593
VANRY,-0.001364,Mild,-2e-05,5.1e-05,0.001344,High,0.04791,0.04778,-0.27,,1000,-2.71,-0.27,1738771200000,"[-6.7e-05, 5e-05, -4.4e-05]",-0.27,-0.5051851851851852
SOPH,-0.001789,Mild,-0.001074,0.000259,0.000715,Medium,0.06142,0.06125,-0.28,,1000,-2.77,-0.28,1748520000000,"[-0.000759, -0.001394, -0.001069]",-0.28,-0.6389285714285713
DUCK,-0.002035,Moderate,-6.8e-05,0.000166,0.001967,High,0.003255,0.003246,-0.28,,1000,-2.76,-0.28,1741420800000,"[5e-05, -0.000303, 5e-05]",-0.28,-0.7267857142857141
AERO,-0.001107,Mild,-0.000213,0.000237,0.000894,Medium,0.68,0.678,-0.29,,1000,-2.94,-0.29,1724688000000,"[-0.000474, 0.0001, -0.000264]",-0.29,-0.3817241379310345
GODS,-0.006274,Strong,-5.6e-05,0.000108,0.006218,High,0.2434,0.2427,-0.29,,1000,-2.88,-0.29,1747166400000,"[-1.4e-05, 5e-05, -0.000205]",-0.29,-2.163448275862069
MBL,-0.001224,Mild,-2.1e-05,8.8e-05,0.001203,High,0.002399,0.002392,-0.29,,1000,-2.92,-0.29,1746316800000,"[-5.6e-05, 0.0001, -0.000106]",-0.29,-0.42206896551724143
SEI,-0.001183,Mild,-0.000444,0.000174,0.000739,High,0.2072,0.2066,-0.29,,1000,-2.9,-0.29,1741536000000,"[-0.000668, -0.000418, -0.000245]",-0.29,-0.40793103448275864
T,-0.002723,Moderate,2.5e-05,0.0,0.002748,High,0.02026,0.0202,-0.3,,1000,-2.96,-0.3,1745553600000,"[2.5e-05, 2.5e-05, 2.5e-05]",-0.3,-0.9076666666666667
API3,-0.001045,Mild,-0.000339,0.000148,0.000706,High,1.2243,1.2206,-0.3,,1000,-3.02,-0.3,1743192000000,"[-0.000388, -0.000491, -0.000139]",-0.3,-0.3483333333333333
HUMA,-0.001103,Mild,-0.000289,0.000142,0.000814,High,0.03989,0.03977,-0.3,,1000,-3.01,-0.3,1753416000000,"[-0.000289, -0.000463, -0.000115]",-0.3,-0.36766666666666664
RIF,-0.001494,Mild,-0.000291,8.6e-05,0.001203,High,0.05154,0.05138,-0.31,,1000,-3.1,-0.31,1740988800000,"[-0.000245, -0.000216, -0.000411]",-0.31,-0.4819354838709678
CELO,-0.003145,Moderate,-0.000913,5.3e-05,0.002232,High,0.316,0.315,-0.32,,1000,-3.16,-0.32,1752048000000,"[-0.000871, -0.000988, -0.000881]",-0.32,-0.9828124999999999
ORCA,-0.001355,Mild,-0.000197,7.5e-05,0.001158,High,2.518,2.51,-0.32,,1000,-3.18,-0.32,1742817600000,"[-9.7e-05, -0.000276, -0.000219]",-0.32,-0.4234375
CTK,-0.005071,Strong,-0.000865,0.000208,0.004206,Medium,0.2809,0.28,-0.32,,1000,-3.2,-0.32,1750910400000,"[-0.001083, -0.000927, -0.000585]",-0.32,-1.5846875
TRUMPOFFICIAL,-0.001473,Mild,-0.00028,0.000162,0.001193,High,11.5,11.463,-0.32,,1000,-3.22,-0.32,1746302400000,"[-5.7e-05, -0.000435, -0.000348]",-0.32,-0.46031249999999996
A8,-0.001965,Mild,4e-05,1.4e-05,0.002005,High,0.14726,0.14679,-0.32,,1000,-3.19,-0.32,1740974400000,"[5e-05, 2e-05, 5e-05]",-0.32,-0.6140625000000001
PARTI,-0.001206,Mild,-0.000326,7.5e-05,0.00088,High,0.2394,0.2386,-0.33,,1000,-3.34,-0.33,1750262400000,"[-0.000281, -0.000265, -0.000431]",-0.33,-0.3654545454545455
XEM,-0.001094,Mild,0.0001,0.0,0.001194,High,0.01842,0.01836,-0.33,,1000,-3.26,-0.33,1743148800000,"[0.0001, 0.0001, 0.0001]",-0.33,-0.3315151515151515
AMP,-0.002718,Moderate,-0.000495,0.000263,0.002223,Medium,0.01002,0.009986,-0.34,,1000,-3.39,-0.34,1734307200000,"[-0.000867, -0.000297, -0.000322]",-0.34,-0.7994117647058823
OG,-0.001188,Mild,4e-05,4.4e-05,0.001228,High,5.338,5.32,-0.34,,1000,-3.37,-0.34,1731657600000,"[0.0001, -3e-06, 2.4e-05]",-0.34,-0.34941176470588237
MBL,-0.001421,Mild,-0.00026,9.6e-05,0.001161,High,0.002067,0.00206,-0.34,,1000,-3.39,-0.34,1743955200000,"[-0.0003, -0.000352, -0.000127]",-0.34,-0.4179411764705882
AERGO,-0.00885,Strong,-0.000115,3.5e-05,0.008735,High,0.20438,0.20369,-0.34,,1000,-3.38,-0.34,1745812800000,"[-0.000142, -6.6e-05, -0.000137]",-0.34,-2.6029411764705883
A8,-0.001837,Mild,5e-05,0.0,0.001887,High,0.10742,0.10705,-0.34,,1000,-3.44,-0.34,1750392000000,"[5e-05, 5e-05, 5e-05]",-0.34,-0.5402941176470588
AIOZ,-0.001736,Mild,-0.000131,0.000252,0.001605,Medium,0.4898,0.4881,-0.35,,1000,-3.47,-0.35,1723392000000,"[0.0001, -0.000481, -1.1e-05]",-0.35,-0.49600000000000005
AGI,-0.003516,Moderate,-2.3e-05,0.000174,0.003493,High,0.27594,0.27498,-0.35,,1000,-3.48,-0.35,1708963200000,"[-0.00027, 0.0001, 0.0001]",-0.35,-1.0045714285714287
PUFFER,-0.002228,Moderate,-0.000959,0.000197,0.001269,High,0.4877,0.486,-0.35,,1000,-3.49,-0.35,1729094400000,"[-0.00068, -0.001084, -0.001112]",-0.35,-0.6365714285714287
SANTOS,-0.001288,Mild,1e-06,6.9e-05,0.001289,High,2.505,2.496,-0.36,,1000,-3.59,-0.36,1741507200000,"[5e-05, -9.6e-05, 5e-05]",-0.36,-0.3577777777777778
CARV,-0.001603,Mild,-8.4e-05,0.0001,0.001519,High,0.3369,0.3357,-0.36,,1000,-3.56,-0.36,1748692800000,"[-0.000111, 5e-05, -0.000191]",-0.36,-0.44527777777777783
RPL,-0.002212,Moderate,5e-05,0.0,0.002262,High,8.28,8.25,-0.36,,1000,-3.62,-0.36,1752811200000,"[5e-05, 5e-05, 5e-05]",-0.36,-0.6144444444444445
ONG,-0.001093,Mild,-0.000553,0.000131,0.00054,High,0.5889,0.5867,-0.37,,1000,-3.74,-0.37,1714996800000,"[-0.000368, -0.000629, -0.000661]",-0.37,-0.2954054054054054
SLF,-0.001323,Mild,-0.000119,0.000125,0.001204,High,0.214,0.2132,-0.37,,1000,-3.74,-0.37,1745222400000,"[-9.4e-05, -0.000283, 2e-05]",-0.37,-0.3575675675675675
B2,-0.001615,Mild,-0.000663,0.0003,0.000952,Medium,0.6831,0.6805,-0.38,,1000,-3.81,-0.38,1747814400000,"[-0.000827, -0.000919, -0.000242]",-0.38,-0.425
TONCOIN,-0.001519,Mild,-0.000542,0.000254,0.000977,Medium,6.791,6.765,-0.38,,1000,-3.83,-0.38,1715904000000,"[-0.000183, -0.000735, -0.000707]",-0.38,-0.39973684210526317
OM,-0.001424,Mild,4.8e-05,2e-06,0.001472,High,0.65073,0.64822,-0.39,,1000,-3.86,-0.39,1745006400000,"[4.5e-05, 5e-05, 5e-05]",-0.39,-0.3651282051282051
UXLINK,-0.006542,Strong,5e-05,0.0,0.006592,High,1.3191,1.314,-0.39,,1000,-3.87,-0.39,1736827200000,"[5e-05, 5e-05, 5e-05]",-0.39,-1.6774358974358974
CSPR,-0.002701,Moderate,-0.000327,0.000286,0.002374,Medium,0.0152,0.01514,-0.39,,1000,-3.95,-0.39,1722960000000,"[-9.7e-05, -0.000153, -0.00073]",-0.39,-0.6925641025641025
XCN,-0.00163,Mild,-0.000439,4.9e-05,0.001191,High,0.014192,0.014136,-0.39,,1000,-3.95,-0.39,1751745600000,"[-0.000495, -0.000375, -0.000447]",-0.39,-0.4179487179487179
COS,-0.001051,Mild,2.3e-05,0.000108,0.001074,High,0.00741,0.00738,-0.4,,1000,-4.05,-0.4,1724976000000,"[-0.00013, 0.0001, 0.0001]",-0.4,-0.26275000000000004
POLYX,-0.003187,Moderate,-0.000144,0.000163,0.003043,High,0.1977,0.19691,-0.4,,1000,-4.0,-0.4,1739779200000,"[-0.000356, 4.1e-05, -0.000118]",-0.4,-0.7967500000000001
AERO,-0.001265,Mild,-0.000291,0.000123,0.000974,High,0.49,0.488,-0.41,,1000,-4.08,-0.41,1743235200000,"[-0.000406, -0.00012, -0.000348]",-0.41,-0.3085365853658537
GLM,-0.001229,Mild,-0.000294,8.1e-05,0.000935,High,0.3449,0.3435,-0.41,,1000,-4.06,-0.41,1721692800000,"[-0.0004, -0.000202, -0.000281]",-0.41,-0.29975609756097565
FLR,-0.002139,Moderate,-0.000461,0.000227,0.001678,Medium,0.01898,0.0189,-0.42,,1000,-4.21,-0.42,1749686400000,"[-0.000764, -0.000218, -0.000401]",-0.42,-0.5092857142857142
XCN,-0.001344,Mild,-5.2e-05,7.4e-05,0.001292,High,0.016108,0.016041,-0.42,,1000,-4.16,-0.42,1749009600000,"[-0.000121, -8.6e-05, 5e-05]",-0.42,-0.32
ORCA,-0.003823,Moderate,0.000139,5.6e-05,0.003962,High,3.565,3.55,-0.42,,1000,-4.21,-0.42,1733040000000,"[0.0001, 0.0001, 0.000218]",-0.42,-0.9102380952380953
API3,-0.001521,Mild,-0.000998,0.000141,0.000523,High,1.1562,1.1512,-0.43,,1000,-4.32,-0.43,1743264000000,"[-0.00117, -0.000998, -0.000825]",-0.43,-0.35372093023255813
MVL,-0.002859,Moderate,4.8e-05,7.4e-05,0.002907,High,0.003205,0.003191,-0.44,,1000,-4.37,-0.44,1744272000000,"[0.0001, -5.6e-05, 0.0001]",-0.44,-0.6497727272727273
SNT,-0.001072,Mild,-0.000212,0.000231,0.00086,Medium,0.02492,0.02481,-0.44,,1000,-4.41,-0.44,1729987200000,"[-0.000282, -0.000453, 0.0001]",-0.44,-0.24363636363636362
VOXEL,-0.002401,Moderate,5e-05,0.0,0.002451,High,0.1322,0.1316,-0.45,,1000,-4.54,-0.45,1739505600000,"[5e-05, 5e-05, 5e-05]",-0.45,-0.5335555555555554
G,-0.001512,Mild,-8e-05,0.000254,0.001432,Medium,0.0416,0.04141,-0.46,,1000,-4.57,-0.46,1723593600000,"[-0.000439, 0.0001, 0.0001]",-0.46,-0.32869565217391306
MOBILE,-0.002139,Moderate,0.0001,0.0,0.002239,High,0.00062,0.000617,-0.5,,1000,-4.84,-0.48,1739692800000,"[0.0001, 0.0001, 0.0001]",-0.48,-0.42779999999999996
DEEP,-0.001182,Mild,-0.00033,8.1e-05,0.000852,High,0.05693,0.05665,-0.49,,1000,-4.92,-0.49,1744243200000,"[-0.000281, -0.000264, -0.000444]",-0.49,-0.2412244897959184
MTL,-0.001983,Mild,9.3e-05,1e-05,0.002076,High,1.6993,1.6909,-0.49,,1000,-4.94,-0.49,1717344000000,"[0.0001, 0.0001, 7.8e-05]",-0.49,-0.40469387755102043
MBL,-0.00133,Mild,0.0001,0.0,0.00143,High,0.002467,0.002455,-0.49,,1000,-4.86,-0.49,1741248000000,"[0.0001, 0.0001, 0.0001]",-0.49,-0.27142857142857146
MDT,-0.001028,Mild,0.0001,0.0,0.001128,High,0.02983,0.02968,-0.5,,1000,-5.03,-0.5,1747612800000,"[0.0001, 0.0001, 0.0001]",-0.5,-0.2056
FLM,-0.001249,Mild,-5.5e-05,0.000149,0.001194,High,0.02764,0.0275,-0.51,,1000,-5.07,-0.51,1751760000000,"[-0.000266, 5e-05, 5e-05]",-0.51,-0.2449019607843137
DEEP,-0.001151,Mild,-0.000317,7.6e-05,0.000834,High,0.18862,0.18764,-0.52,,1000,-5.2,-0.52,1747987200000,"[-0.000322, -0.000407, -0.000221]",-0.52,-0.22134615384615383
ORBS,-0.001022,Mild,9.7e-05,0.000258,0.001119,Medium,0.01915,0.01905,-0.52,,1000,-5.22,-0.52,1743249600000,"[-6e-05, -0.00011, 0.000461]",-0.52,-0.19653846153846152
SCA,-0.001673,Mild,0.0001,0.0,0.001773,High,0.3789,0.3769,-0.53,,1000,-5.28,-0.53,1733788800000,"[0.0001, 0.0001, 0.0001]",-0.53,-0.31566037735849056
OSMO,-0.001583,Mild,-0.000427,0.000159,0.001156,High,0.3948,0.3927,-0.53,,1000,-5.32,-0.53,1725148800000,"[-0.000616, -0.000228, -0.000437]",-0.53,-0.29867924528301887
SOPH,-0.003096,Moderate,-0.00128,0.000127,0.001816,High,0.06424,0.06389,-0.54,,1000,-5.45,-0.54,1748494800000,"[-0.001136, -0.001445, -0.001258]",-0.54,-0.5733333333333333
SIGN,-0.001396,Mild,-3.6e-05,6.8e-05,0.00136,High,0.06918,0.0688,-0.55,,1000,-5.49,-0.55,1750593600000,"[-0.000133, 1.2e-05, 1.2e-05]",-0.55,-0.25381818181818183
PYTH,-0.001801,Mild,-0.000812,0.000123,0.000989,High,0.4393,0.4369,-0.55,,1000,-5.46,-0.55,1716076800000,"[-0.000739, -0.000712, -0.000986]",-0.55,-0.32745454545454544
F,-0.001044,Mild,-0.000335,8.6e-05,0.000709,High,0.008886,0.008836,-0.56,,1000,-5.63,-0.56,1751328000000,"[-0.000298, -0.000454, -0.000254]",-0.56,-0.18642857142857142
UXLINK,-0.005252,Strong,-9.3e-05,9.7e-05,0.005159,High,0.7175,0.7135,-0.56,,1000,-5.57,-0.56,1732867200000,"[-0.000178, -0.000143, 4.3e-05]",-0.56,-0.9378571428571427
ID,-0.002583,Moderate,0.000163,4.6e-05,0.002746,High,1.3401,1.3325,-0.57,,1000,-5.67,-0.57,1711008000000,"[0.000183, 0.0001, 0.000207]",-0.57,-0.45315789473684215
SNT,-0.003658,Moderate,-4.8e-05,0.000143,0.00361,High,0.02475,0.02461,-0.57,,1000,-5.66,-0.57,1724659200000,"[0.0001, -0.000242, -3e-06]",-0.57,-0.6417543859649123
BOBA,-0.001093,Mild,-3.2e-05,0.000121,0.001061,High,0.2089,0.2077,-0.57,,1000,-5.74,-0.57,1722787200000,"[-0.000193, -4e-06, 0.0001]",-0.57,-0.19175438596491232
UMA,-0.001463,Mild,-0.000369,0.000205,0.001094,Medium,4.051,4.027,-0.59,,1000,-5.92,-0.59,1715414400000,"[-9.6e-05, -0.000422, -0.00059]",-0.59,-0.2479661016949153
RAD,-0.001056,Mild,-0.000124,0.000161,0.000932,High,0.8164,0.8116,-0.59,,1000,-5.88,-0.59,1745942400000,"[-0.000269, 0.0001, -0.000202]",-0.59,-0.17898305084745764
XEM,-0.004242,Moderate,2.4e-05,7.4e-05,0.004266,High,0.017,0.0169,-0.59,,1000,-5.88,-0.59,1721692800000,"[4.8e-05, -7.7e-05, 0.0001]",-0.59,-0.7189830508474576
BLUR,-0.001437,Mild,-0.000181,7e-05,0.001256,High,0.4687,0.4659,-0.6,,1000,-5.97,-0.6,1716710400000,"[-8.5e-05, -0.000252, -0.000205]",-0.6,-0.2395
PUNDIX,-0.004218,Moderate,-0.000343,0.000114,0.003875,High,0.4695,0.4667,-0.6,,1000,-5.96,-0.6,1747454400000,"[-0.000304, -0.000498, -0.000228]",-0.6,-0.7030000000000001
PUNDIX,-0.00192,Mild,-0.000611,0.000283,0.001309,Medium,0.6208,0.6171,-0.6,,1000,-5.96,-0.6,1746244800000,"[-0.000348, -0.00048, -0.001004]",-0.6,-0.32
TOMI,-0.001252,Mild,4.8e-05,7.3e-05,0.0013,High,0.1463,0.1454,-0.62,,1000,-6.15,-0.62,1721318400000,"[0.0001, 0.0001, -5.5e-05]",-0.62,-0.20193548387096777
RAD,-0.015,Strong,0.0001,0.0,0.0151,High,1.576,1.566,-0.63,,1000,-6.35,-0.63,1719417600000,"[0.0001, 0.0001, 0.0001]",-0.63,-2.380952380952381
WAXP,-0.004147,Moderate,-0.000252,0.000245,0.003895,Medium,0.05117,0.05085,-0.63,,1000,-6.25,-0.63,1736654400000,"[5e-05, -0.000551, -0.000256]",-0.63,-0.6582539682539682
BAL,-0.004911,Moderate,2e-05,5.7e-05,0.004931,High,2.668,2.651,-0.64,,1000,-6.37,-0.64,1719849600000,"[-1.9e-05, 0.0001, -2.2e-05]",-0.64,-0.7673437499999999
JST,-0.001068,Mild,-0.000514,0.000122,0.000554,High,0.03375,0.03353,-0.65,,1000,-6.52,-0.65,1748620800000,"[-0.000372, -0.000502, -0.000669]",-0.65,-0.1643076923076923
AERO,-0.001609,Mild,0.0001,0.0,0.001709,High,0.62,0.616,-0.65,,1000,-6.45,-0.65,1725004800000,"[0.0001, 0.0001, 0.0001]",-0.65,-0.2475384615384615
STEEM,-0.00696,Strong,-0.000119,0.000137,0.006841,High,0.1842,0.183,-0.65,,1000,-6.51,-0.65,1739721600000,"[-0.000309, -5.9e-05, 1e-05]",-0.65,-1.0707692307692307
STEEM,-0.002248,Moderate,-0.001409,0.000218,0.000839,Medium,0.3073,0.3053,-0.65,,1000,-6.51,-0.65,1714608000000,"[-0.001491, -0.001625, -0.00111]",-0.65,-0.3458461538461538
RAD,-0.003025,Moderate,-6e-05,0.000227,0.002965,Medium,0.8406,0.8351,-0.65,,1000,-6.54,-0.65,1742659200000,"[0.0001, 0.0001, -0.000381]",-0.65,-0.46538461538461534
CARV,-0.002299,Moderate,-0.001317,0.000115,0.000982,High,0.8122,0.8069,-0.65,,1000,-6.53,-0.65,1729641600000,"[-0.001176, -0.001318, -0.001458]",-0.65,-0.35369230769230764
STEEM,-0.002181,Moderate,-0.00067,7.4e-05,0.001511,High,0.1856,0.1844,-0.65,,1000,-6.47,-0.65,1739260800000,"[-0.000739, -0.000704, -0.000568]",-0.65,-0.33553846153846156
BOBA,-0.002038,Moderate,0.0001,0.0,0.002138,High,0.427,0.4242,-0.66,,1000,-6.56,-0.66,1713484800000,"[0.0001, 0.0001, 0.0001]",-0.66,-0.3087878787878788
REQ,-0.003869,Moderate,0.0001,0.0,0.003969,High,0.11601,0.11524,-0.66,,1000,-6.64,-0.66,1740902400000,"[0.0001, 0.0001, 0.0001]",-0.66,-0.5862121212121212
SNT,-0.001393,Mild,-0.00059,0.000132,0.000803,High,0.02714,0.02696,-0.66,,1000,-6.63,-0.66,1750946400000,"[-0.000776, -0.000507, -0.000486]",-0.66,-0.21106060606060606
VTHO,-0.001095,Mild,5e-05,0.0,0.001145,High,0.003152,0.003131,-0.67,,1000,-6.66,-0.67,1740974400000,"[5e-05, 5e-05, 5e-05]",-0.67,-0.16343283582089552
EDGE,-0.00322,Moderate,-0.000221,0.000277,0.002999,Medium,0.075,0.0745,-0.67,,1000,-6.67,-0.67,1751587200000,"[-0.000613, -3e-05, -1.9e-05]",-0.67,-0.48059701492537316
EDGE,-0.00355,Moderate,-0.000193,0.000262,0.003357,Medium,0.1326,0.1317,-0.68,,1000,-6.79,-0.68,1747584000000,"[-1.3e-05, -2e-06, -0.000563]",-0.68,-0.5220588235294118
SIGN,-0.001245,Mild,-0.000214,9e-05,0.001031,High,0.09226,0.09162,-0.69,,1000,-6.94,-0.69,1746104400000,"[-0.000183, -0.000123, -0.000337]",-0.69,-0.18043478260869567
PARTI,-0.001076,Mild,-0.000438,0.000178,0.000638,High,0.2129,0.2114,-0.7,,1000,-7.05,-0.7,1751299200000,"[-0.000646, -0.000457, -0.000212]",-0.7,-0.15371428571428572
CARV,-0.00101,Mild,-9.2e-05,0.0002,0.000918,Medium,0.9093,0.9029,-0.7,,1000,-7.04,-0.7,1729296000000,"[0.0001, -8e-06, -0.000368]",-0.7,-0.1442857142857143
IP,-0.001208,Mild,-0.000602,8e-05,0.000606,High,3.13,3.108,-0.7,,1000,-7.03,-0.7,1750766400000,"[-0.000703, -0.000596, -0.000508]",-0.7,-0.1725714285714286
PARTI,-0.001292,Mild,-0.000311,0.000172,0.000981,High,0.2527,0.2509,-0.71,,1000,-7.12,-0.71,1749009600000,"[-0.000554, -0.000184, -0.000195]",-0.71,-0.1819718309859155
SWEAT,-0.018916,Strong,-0.000403,0.000278,0.018513,Medium,0.008969,0.008905,-0.71,,1000,-7.14,-0.71,1740067200000,"[-0.000768, -9.3e-05, -0.000349]",-0.71,-2.664225352112676
BLUM,-0.001332,Mild,-0.00042,0.000173,0.000912,High,0.07,0.0695,-0.71,,1000,-7.14,-0.71,1751824800000,"[-0.000397, -0.000643, -0.00022]",-0.71,-0.18760563380281692
CARV,-0.001412,Mild,-0.000612,0.000141,0.0008,High,0.2538,0.252,-0.71,,1000,-7.09,-0.71,1751256000000,"[-0.000413, -0.000722, -0.000702]",-0.71,-0.19887323943661975
SD,-0.001544,Mild,0.0001,0.0,0.001644,High,0.7328,0.7276,-0.71,,1000,-7.1,-0.71,1740700800000,"[0.0001, 0.0001, 0.0001]",-0.71,-0.2174647887323944
XCN,-0.001077,Mild,4e-06,9e-05,0.001081,High,0.002399,0.002382,-0.71,,1000,-7.09,-0.71,1734480000000,"[0.0001, -0.000117, 3e-05]",-0.71,-0.15169014084507043
BNT,-0.001924,Mild,3.4e-05,9.4e-05,0.001958,High,0.6736,0.6688,-0.71,,1000,-7.13,-0.71,1748563200000,"[-9.9e-05, 0.0001, 0.0001]",-0.71,-0.27098591549295775
TUT,-0.02,Strong,5e-05,0.0,0.02005,High,0.05034,0.04998,-0.72,,1000,-7.15,-0.72,1743105600000,"[5e-05, 5e-05, 5e-05]",-0.72,-2.777777777777778
L3,-0.001692,Mild,-0.00015,0.000246,0.001542,Medium,0.08391,0.08331,-0.72,,1000,-7.15,-0.72,1734768000000,"[-0.000484, -6.5e-05, 0.0001]",-0.72,-0.235
WAL,-0.002298,Moderate,-0.000334,0.000174,0.001964,High,0.5102,0.5065,-0.73,,1000,-7.25,-0.73,1749124800000,"[-0.00057, -0.000277, -0.000156]",-0.73,-0.3147945205479452
ORBS,-0.015,Strong,-0.00013,0.00015,0.01487,High,0.02456,0.02438,-0.73,,1000,-7.33,-0.73,1749787200000,"[-0.000121, -0.000318, 5e-05]",-0.73,-2.054794520547945
CARV,-0.011302,Strong,-0.000103,0.000186,0.011199,High,0.3935,0.3906,-0.74,,1000,-7.37,-0.74,1742961600000,"[-0.000365, 7e-06, 5e-05]",-0.74,-1.5272972972972971
HOSICO,-0.005042,Strong,-8.8e-05,0.000159,0.004954,High,0.07255,0.07201,-0.74,,1000,-7.44,-0.74,1751817600000,"[-0.0002, 0.000137, -0.0002]",-0.74,-0.6813513513513513
HOUSE,-0.001307,Mild,5e-05,0.0,0.001357,High,0.04348,0.04316,-0.74,,1000,-7.36,-0.74,1750032000000,"[5e-05, 5e-05, 5e-05]",-0.74,-0.17662162162162162
CTK,-0.002493,Moderate,-0.001823,7.5e-05,0.00067,High,0.9043,0.8975,-0.75,,1000,-7.52,-0.75,1717142400000,"[-0.001762, -0.001928, -0.001778]",-0.75,-0.33240000000000003
AERGO,-0.001063,Mild,-0.000399,9.1e-05,0.000664,High,0.1161,0.11523,-0.75,,1000,-7.49,-0.75,1751846400000,"[-0.000511, -0.000398, -0.000288]",-0.75,-0.14173333333333332
MBL,-0.002682,Moderate,0.0001,0.0,0.002782,High,0.004014,0.003984,-0.75,,1000,-7.47,-0.75,1734076800000,"[0.0001, 0.0001, 0.0001]",-0.75,-0.35760000000000003
REQ,-0.001373,Mild,-8.1e-05,0.000163,0.001292,High,0.11451,0.11364,-0.76,,1000,-7.6,-0.76,1741651200000,"[0.0001, -0.000295, -4.7e-05]",-0.76,-0.18065789473684213
SLF,-0.001369,Mild,1.2e-05,0.000124,0.001381,High,0.1952,0.1937,-0.77,,1000,-7.68,-0.77,1746374400000,"[-0.000163, 0.0001, 0.0001]",-0.77,-0.17779220779220778
MTL,-0.014498,Strong,7e-05,4.3e-05,0.014568,High,1.291,1.281,-0.77,,1000,-7.75,-0.77,1718956800000,"[9e-06, 0.0001, 0.0001]",-0.77,-1.8828571428571428
ZORA,-0.002008,Moderate,5e-05,0.0,0.002058,High,0.0282,0.02798,-0.78,,1000,-7.8,-0.78,1753113600000,"[5e-05, 5e-05, 5e-05]",-0.78,-0.2574358974358974
ARPA,-0.001598,Mild,-0.00011,0.000154,0.001488,High,0.0306,0.03036,-0.78,,1000,-7.84,-0.78,1742688000000,"[0.0001, -0.000264, -0.000165]",-0.78,-0.20487179487179485
AERO,-0.001028,Mild,-0.000114,0.000231,0.000914,Medium,1.615,1.602,-0.8,,1000,-8.05,-0.8,1734796800000,"[-0.000441, 5e-05, 5e-05]",-0.8,-0.1285
PUFFER,-0.001462,Mild,-0.000697,0.000129,0.000765,High,0.1629,0.1616,-0.8,,1000,-7.98,-0.8,1744660800000,"[-0.000764, -0.000811, -0.000517]",-0.8,-0.18275
CARV,-0.001122,Mild,7.1e-05,4.1e-05,0.001193,High,0.8977,0.8905,-0.8,,1000,-8.02,-0.8,1736265600000,"[0.0001, 1.4e-05, 0.0001]",-0.8,-0.14024999999999999
CTSI,-0.001204,Mild,9e-06,0.000129,0.001213,High,0.1362,0.1351,-0.81,,1000,-8.08,-0.81,1728230400000,"[-0.000174, 0.0001, 0.0001]",-0.81,-0.14864197530864195
PUNDIX,-0.00345,Moderate,-0.001082,0.000279,0.002368,Medium,0.5814,0.5767,-0.81,,1000,-8.08,-0.81,1746417600000,"[-0.001149, -0.000712, -0.001385]",-0.81,-0.4259259259259259
UXLINK,-0.00558,Strong,-0.002349,0.000231,0.003231,Medium,0.1978,0.1962,-0.81,,1000,-8.09,-0.81,1721635200000,"[-0.002087, -0.002648, -0.002312]",-0.81,-0.6888888888888888
VANA,-0.005348,Strong,-0.000953,0.000256,0.004395,Medium,14.63,14.51,-0.82,,1000,-8.2,-0.82,1736481600000,"[-0.001037, -0.001217, -0.000606]",-0.82,-0.6521951219512196
RON,-0.001285,Mild,-0.000325,3.7e-05,0.00096,High,2.435,2.415,-0.82,,1000,-8.21,-0.82,1718668800000,"[-0.000362, -0.000338, -0.000275]",-0.82,-0.15670731707317073
UXLINK,-0.00136,Mild,-4.6e-05,0.000101,0.001314,High,1.7167,1.7027,-0.82,,1000,-8.16,-0.82,1736222400000,"[-1e-06, -0.000186, 5e-05]",-0.82,-0.1658536585365854
PEAQ,-0.00213,Moderate,0.0001,0.0,0.00223,High,0.169,0.1676,-0.83,,1000,-8.28,-0.83,1740384000000,"[0.0001, 0.0001, 0.0001]",-0.83,-0.25662650602409637
AVA,-0.00119,Mild,-9e-05,0.00011,0.0011,High,0.71,0.7041,-0.83,,1000,-8.31,-0.83,1741492800000,"[-0.00022, -0.000101, 5e-05]",-0.83,-0.14337349397590363
XNO,-0.001127,Mild,-7.3e-05,0.000201,0.001054,Medium,0.967,0.959,-0.83,,1000,-8.27,-0.83,1749772800000,"[3.6e-05, 0.0001, -0.000354]",-0.83,-0.13578313253012048
CARV,-0.001046,Mild,-0.000223,0.000215,0.000823,Medium,0.2392,0.2372,-0.84,,1000,-8.36,-0.84,1750550400000,"[-0.000475, -0.000244, 5e-05]",-0.84,-0.12452380952380954
AERO,-0.001098,Mild,-0.000467,5.1e-05,0.000631,High,0.597,0.592,-0.84,,1000,-8.38,-0.84,1741521600000,"[-0.000538, -0.000419, -0.000443]",-0.84,-0.13071428571428573
SNT,-0.001121,Mild,-9.9e-05,9.5e-05,0.001022,High,0.02477,0.02456,-0.85,,1000,-8.48,-0.85,1730361600000,"[-0.00022, -8.7e-05, 1.1e-05]",-0.85,-0.13188235294117648
RSS3,-0.001257,Mild,-0.000123,0.000279,0.001134,Medium,0.2116,0.2098,-0.85,,1000,-8.51,-0.85,1720051200000,"[4.8e-05, -0.000517, 0.0001]",-0.85,-0.14788235294117646
WAVES,-0.002342,Moderate,9.9e-05,0.000127,0.002441,High,1.6933,1.6787,-0.86,,1000,-8.62,-0.86,1717430400000,"[-5.7e-05, 0.0001, 0.000255]",-0.86,-0.27232558139534885
VR,-0.001625,Mild,0.0001,0.0,0.001725,High,0.00931,0.00923,-0.86,,1000,-8.59,-0.86,1737936000000,"[0.0001, 0.0001, 0.0001]",-0.86,-0.18895348837209303
XCN,-0.001006,Mild,-0.000278,0.000256,0.000728,Medium,0.01967,0.0195,-0.86,,1000,-8.64,-0.86,1740139200000,"[-0.000576, -0.000307, 5e-05]",-0.86,-0.1169767441860465
KERNEL,-0.003994,Moderate,-0.002185,0.000132,0.001809,High,0.2194,0.2175,-0.87,,1000,-8.66,-0.87,1744920000000,"[-0.002367, -0.002055, -0.002134]",-0.87,-0.45908045977011497
VANA,-0.00103,Mild,-0.000158,0.000167,0.000872,High,10.18,10.09,-0.88,,1000,-8.84,-0.88,1737748800000,"[3.1e-05, -0.000131, -0.000375]",-0.88,-0.11704545454545455
LSK,-0.002075,Moderate,-0.000668,0.000151,0.001407,High,1.7464,1.7311,-0.88,,1000,-8.76,-0.88,1714161600000,"[-0.00059, -0.000536, -0.000879]",-0.88,-0.23579545454545453
AUCTION,-0.002643,Moderate,-0.000532,0.000129,0.002111,High,13.63,13.51,-0.88,,1000,-8.8,-0.88,1744344000000,"[-0.000388, -0.000702, -0.000507]",-0.88,-0.30034090909090905
ZBCN,-0.001406,Mild,-0.000277,0.000253,0.001129,Medium,0.001679,0.001664,-0.9,,1000,-8.93,-0.89,1740700800000,"[-4e-06, -0.000213, -0.000614]",-0.89,-0.1562222222222222
SLP,-0.001261,Mild,-0.000529,0.000174,0.000732,High,0.00224,0.00222,-0.89,,1000,-8.93,-0.89,1738828800000,"[-0.000774, -0.000424, -0.000389]",-0.89,-0.14168539325842697
PUFFER,-0.001521,Mild,-0.00064,0.000194,0.000881,High,0.2006,0.1988,-0.9,,1000,-8.97,-0.9,1749686400000,"[-0.000694, -0.00038, -0.000845]",-0.9,-0.16899999999999998
SNT,-0.001144,Mild,-0.000115,7.6e-05,0.001029,High,0.02757,0.02732,-0.91,,1000,-9.07,-0.91,1751860800000,"[-1e-05, -0.000151, -0.000185]",-0.91,-0.12571428571428572
ATH,-0.001013,Mild,-0.000481,5.7e-05,0.000532,High,0.04126,0.04088,-0.92,,1000,-9.21,-0.92,1739001600000,"[-0.000401, -0.00051, -0.000531]",-0.92,-0.11010869565217392
FLUX,-0.001056,Mild,5e-05,0.0,0.001106,High,0.2261,0.224,-0.93,,1000,-9.29,-0.93,1744718400000,"[5e-05, 5e-05, 5e-05]",-0.93,-0.11354838709677419
KNC,-0.003161,Moderate,0.0001,0.0,0.003261,High,0.5028,0.4981,-0.93,,1000,-9.35,-0.93,1752998400000,"[0.0001, 0.0001, 0.0001]",-0.93,-0.3398924731182796
UXLINK,-0.00577,Strong,2.3e-05,3.9e-05,0.005793,High,0.5637,0.5584,-0.94,,1000,-9.4,-0.94,1742270400000,"[5e-05, -3.2e-05, 5e-05]",-0.94,-0.6138297872340427
OM,-0.002041,Moderate,-0.000769,0.000276,0.001272,Medium,0.70914,0.70245,-0.94,,1000,-9.43,-0.94,1713830400000,"[-0.000379, -0.000982, -0.000945]",-0.94,-0.2171276595744681
B2,-0.001033,Mild,-0.000507,0.000204,0.000526,Medium,0.6063,0.6005,-0.96,,1000,-9.57,-0.96,1748419200000,"[-0.000224, -0.000603, -0.000695]",-0.96,-0.10760416666666668
CARV,-0.003473,Moderate,-0.000972,0.000259,0.002501,Medium,0.7644,0.757,-0.97,,1000,-9.68,-0.97,1730361600000,"[-0.00108, -0.000615, -0.00122]",-0.97,-0.358041237113402
MASA,-0.00296,Moderate,0.0001,0.0,0.00306,High,0.09113,0.09025,-0.97,,1000,-9.66,-0.97,1738425600000,"[0.0001, 0.0001, 0.0001]",-0.97,-0.3051546391752577
T,-0.005862,Strong,-0.00028,0.000279,0.005582,Medium,0.01859,0.01841,-0.97,,1000,-9.68,-0.97,1742342400000,"[-0.000215, -0.00065, 2.4e-05]",-0.97,-0.6043298969072165
VANRY,-0.001851,Mild,-4.4e-05,0.000132,0.001807,High,0.03623,0.03588,-0.97,,1000,-9.66,-0.97,1742976000000,"[5e-05, -0.000231, 5e-05]",-0.97,-0.19082474226804122
ONG,-0.001751,Mild,4e-06,6.5e-05,0.001755,High,0.3074,0.3044,-0.98,,1000,-9.76,-0.98,1738411200000,"[-8.7e-05, 5e-05, 5e-05]",-0.98,-0.1786734693877551
XEM,-0.004378,Moderate,-0.003648,3.8e-05,0.00073,High,0.00458,0.004535,-0.98,,1000,-9.83,-0.98,1750953600000,"[-0.003626, -0.003701, -0.003617]",-0.98,-0.44673469387755105
GLM,-0.01042,Strong,-7e-06,8e-05,0.010413,High,0.3355,0.3322,-0.98,,1000,-9.84,-0.98,1723377600000,"[5e-05, 5e-05, -0.00012]",-0.98,-1.063265306122449
AEVO,-0.001945,Mild,-0.000529,0.000248,0.001416,Medium,1.325,1.312,-0.98,,1000,-9.81,-0.98,1715140800000,"[-0.000697, -0.000178, -0.000712]",-0.98,-0.19846938775510203
AKT,-0.001135,Mild,-0.000386,7e-05,0.000749,High,1.537,1.522,-0.98,,1000,-9.76,-0.98,1746288000000,"[-0.000416, -0.00029, -0.000453]",-0.98,-0.11581632653061225
BLUR,-0.002058,Moderate,-7.6e-05,2.4e-05,0.001982,High,0.2431,0.2407,-0.99,,1000,-9.87,-0.99,1719360000000,"[-4.2e-05, -8.7e-05, -9.8e-05]",-0.99,-0.20787878787878789
AUCTION,-0.001716,Mild,-0.000358,0.000132,0.001358,High,12.15,12.03,-0.99,,1000,-9.88,-0.99,1752465600000,"[-0.000455, -0.000449, -0.000171]",-0.99,-0.17333333333333337
PONKE,-0.001055,Mild,-5.9e-05,7.1e-05,0.000996,High,0.1811,0.1793,-0.99,,1000,-9.94,-0.99,1740153600000,"[4e-05, -9.2e-05, -0.000125]",-0.99,-0.10656565656565657
BLAST,-0.003196,Moderate,-0.000887,7.5e-05,0.002309,High,0.003707,0.00367,-1.0,,1000,-9.98,-1.0,1743148800000,"[-0.000901, -0.000971, -0.00079]",-1.0,-0.3196
CLOUD,-0.001605,Mild,0.0001,0.0,0.001705,High,0.1699,0.1682,-1.0,,1000,-10.01,-1.0,1723046400000,"[0.0001, 0.0001, 0.0001]",-1.0,-0.1605
RDNT,-0.009106,Strong,-8.8e-05,0.000135,0.009018,High,0.06712,0.06644,-1.01,,1000,-10.13,-1.01,1729123200000,"[-0.000154, -0.00021, 0.0001]",-1.01,-0.9015841584158416
PARTI,-0.001276,Mild,-0.000761,0.000108,0.000515,High,0.1787,0.1769,-1.01,,1000,-10.07,-1.01,1751601600000,"[-0.000898, -0.000633, -0.000751]",-1.01,-0.12633663366336634
STEEM,-0.001264,Mild,-0.000409,7.1e-05,0.000855,High,0.1773,0.1755,-1.02,,1000,-10.15,-1.02,1738771200000,"[-0.000506, -0.000339, -0.000383]",-1.02,-0.12392156862745096
AIXBT,-0.001004,Mild,-0.000237,4.6e-05,0.000767,High,0.18492,0.18304,-1.02,,1000,-10.17,-1.02,1749744000000,"[-0.000212, -0.000301, -0.000198]",-1.02,-0.0984313725490196
BLAST,-0.001114,Mild,-0.000326,7.4e-05,0.000788,High,0.002928,0.002898,-1.02,,1000,-10.25,-1.02,1748592000000,"[-0.000334, -0.000412, -0.000231]",-1.02,-0.1092156862745098
XEM,-0.001304,Mild,-0.000427,0.00018,0.000877,High,0.00688,0.00681,-1.02,,1000,-10.17,-1.02,1749657600000,"[-0.00027, -0.000332, -0.000678]",-1.02,-0.12784313725490196
CTK,-0.001254,Mild,-0.000382,6e-05,0.000872,High,0.2723,0.2695,-1.03,,1000,-10.28,-1.03,1750968000000,"[-0.000464, -0.000358, -0.000323]",-1.03,-0.12174757281553397
DOLO,-0.001374,Mild,-0.000696,0.000207,0.000678,Medium,0.03895,0.03855,-1.03,,1000,-10.27,-1.03,1749600000000,"[-0.000413, -0.0009, -0.000776]",-1.03,-0.13339805825242718
ONG,-0.002318,Moderate,1.3e-05,2.3e-05,0.002331,High,0.3734,0.3695,-1.04,,1000,-10.44,-1.04,1736740800000,"[2.5e-05, -1.9e-05, 3.4e-05]",-1.04,-0.2228846153846154
CTC,-0.0042,Moderate,-9e-06,0.000117,0.004191,High,0.4304,0.4259,-1.05,,1000,-10.46,-1.05,1723881600000,"[0.000105, -0.000169, 3.8e-05]",-1.05,-0.39999999999999997
AUDIO,-0.001563,Mild,3e-06,0.000137,0.001566,High,0.2053,0.2031,-1.07,,1000,-10.72,-1.07,1718006400000,"[-0.000191, 0.0001, 0.0001]",-1.07,-0.14607476635514016
TOSHI,-0.001074,Mild,5e-05,0.0,0.001124,High,0.000375,0.000371,-1.01,,1000,-10.67,-1.07,1741536000000,"[5e-05, 5e-05, 5e-05]",-1.07,-0.10633663366336635
ARPA,-0.001187,Mild,7.2e-05,4e-05,0.001259,High,0.02135,0.02112,-1.08,,1000,-10.77,-1.08,1749974400000,"[0.0001, 1.6e-05, 0.0001]",-1.08,-0.1099074074074074
AXS,-0.00113,Mild,-6.6e-05,0.000111,0.001064,High,6.318,6.249,-1.09,,1000,-10.92,-1.09,1734796800000,"[-0.000221, 3.2e-05, -1e-05]",-1.09,-0.1036697247706422
XCN,-0.001413,Mild,-0.000666,0.000262,0.000747,Medium,0.001284,0.00127,-1.09,,1000,-10.9,-1.09,1730390400000,"[-0.001035, -0.0005, -0.000462]",-1.09,-0.1296330275229358
ALEO,-0.001208,Mild,-0.000451,0.000106,0.000757,High,0.1934,0.1913,-1.09,,1000,-10.86,-1.09,1748275200000,"[-0.000402, -0.000353, -0.000598]",-1.09,-0.1108256880733945
SC,-0.002342,Moderate,0.000117,9.5e-05,0.002459,High,0.011225,0.0111,-1.11,,1000,-11.14,-1.11,1711512000000,"[5e-05, 0.000251, 5e-05]",-1.11,-0.21099099099099097
PERP,-0.002076,Moderate,-0.000399,0.000244,0.001677,Medium,0.1886,0.1865,-1.11,,1000,-11.13,-1.11,1744804800000,"[-8.5e-05, -0.00068, -0.000431]",-1.11,-0.18702702702702703
W,-0.003245,Moderate,-0.00128,0.000251,0.001965,Medium,0.1082,0.107,-1.11,,1000,-11.09,-1.11,1742774400000,"[-0.001171, -0.001041, -0.001627]",-1.11,-0.29234234234234235
ZRC,-0.003975,Moderate,0.0001,0.0,0.004075,High,0.0718,0.071,-1.11,,1000,-11.14,-1.11,1736755200000,"[0.0001, 0.0001, 0.0001]",-1.11,-0.3581081081081081
SUN,-0.001323,Mild,0.0001,0.0,0.001423,High,0.0143,0.01414,-1.12,,1000,-11.19,-1.12,1712966400000,"[0.0001, 0.0001, 0.0001]",-1.12,-0.11812499999999998
SLF,-0.001544,Mild,-8.2e-05,0.000225,0.001462,Medium,0.0886,0.0876,-1.13,,1000,-11.29,-1.13,1750809600000,"[0.0001, -0.000398, 5.3e-05]",-1.13,-0.13663716814159294
IDEX,-0.001088,Mild,2.5e-05,0.000106,0.001113,High,0.033,0.03262,-1.15,,1000,-11.52,-1.15,1741248000000,"[0.0001, -0.000124, 0.0001]",-1.15,-0.09460869565217392
LAYER,-0.001452,Mild,-6.6e-05,8.7e-05,0.001386,High,1.2803,1.2654,-1.16,,1000,-11.64,-1.16,1746849600000,"[-0.000187, -2.3e-05, 1.2e-05]",-1.16,-0.12517241379310345
FORTH,-0.001042,Mild,0.0001,0.0,0.001142,High,7.661,7.572,-1.16,,1000,-11.62,-1.16,1711180800000,"[0.0001, 0.0001, 0.0001]",-1.16,-0.08982758620689656
PARTI,-0.00316,Moderate,-0.00048,0.000149,0.00268,High,0.241,0.2382,-1.16,,1000,-11.62,-1.16,1748606400000,"[-0.000645, -0.000283, -0.000511]",-1.16,-0.2724137931034483
AERGO,-0.001034,Mild,-8.6e-05,4.8e-05,0.000948,High,0.19042,0.1882,-1.17,,1000,-11.66,-1.17,1745899200000,"[-1.8e-05, -0.000117, -0.000124]",-1.17,-0.08837606837606839
SPELL,-0.001808,Mild,-0.000978,0.000186,0.00083,High,0.000942,0.000931,-1.21,,1000,-11.68,-1.17,1739952000000,"[-0.000821, -0.000874, -0.00124]",-1.17,-0.14942148760330579
GLM,-0.001219,Mild,-0.000451,0.00028,0.000768,Medium,0.3467,0.3426,-1.18,,1000,-11.83,-1.18,1740484800000,"[-0.000145, -0.000822, -0.000385]",-1.18,-0.10330508474576272
POWR,-0.002862,Moderate,-0.00021,0.000278,0.002652,Medium,0.2283,0.2256,-1.18,,1000,-11.83,-1.18,1728475200000,"[-0.000595, -8.5e-05, 5e-05]",-1.18,-0.24254237288135594
B3,-0.00185,Mild,-0.000177,0.000266,0.001673,Medium,0.01014,0.01002,-1.18,,1000,-11.83,-1.18,1739584800000,"[-0.000553, -3e-06, 2.5e-05]",-1.18,-0.15677966101694915
CVC,-0.018856,Strong,0.000161,8.7e-05,0.019017,High,0.22638,0.22368,-1.19,,1000,-11.93,-1.19,1712908800000,"[0.0001, 0.0001, 0.000284]",-1.19,-1.5845378151260507
XEM,-0.0039,Moderate,0.0001,0.0,0.004,High,0.0253,0.025,-1.19,,1000,-11.86,-1.19,1717430400000,"[0.0001, 0.0001, 0.0001]",-1.19,-0.3277310924369748
1000BTT,-0.001172,Mild,-0.000171,0.000211,0.001001,Medium,0.000997,0.000985,-1.13,,1000,-12.04,-1.2,1738454400000,"[-0.000199, -0.000414, 0.0001]",-1.2,-0.10371681415929204
WAXP,-0.003456,Moderate,3.9e-05,1.5e-05,0.003495,High,0.04257,0.04206,-1.2,,1000,-11.98,-1.2,1721361600000,"[5e-05, 5e-05, 1.8e-05]",-1.2,-0.288
CTC,-0.001549,Mild,2.5e-05,2.8e-05,0.001574,High,1.3825,1.3658,-1.21,,1000,-12.08,-1.21,1734854400000,"[6.5e-05, 9e-06, 2e-06]",-1.21,-0.12801652892561985
MOBILE,-0.001041,Mild,0.0001,0.0,0.001141,High,0.001237,0.001222,-1.21,,1000,-12.13,-1.21,1722700800000,"[0.0001, 0.0001, 0.0001]",-1.21,-0.08603305785123967
OM,-0.001096,Mild,-0.000422,7.2e-05,0.000674,High,0.62201,0.61446,-1.21,,1000,-12.14,-1.21,1745064000000,"[-0.000434, -0.000503, -0.000329]",-1.21,-0.09057851239669422
QI,-0.001428,Mild,-0.000871,0.000176,0.000557,High,0.0082,0.0081,-1.22,,1000,-12.2,-1.22,1743148800000,"[-0.000968, -0.001021, -0.000624]",-1.22,-0.11704918032786886
TOSHI,-0.001216,Mild,-0.00013,0.000255,0.001086,Medium,0.000568,0.000561,-1.18,,1000,-12.32,-1.23,1748995200000,"[-0.000491, 5e-05, 5e-05]",-1.23,-0.10305084745762713
FLR,-0.002757,Moderate,0.0001,0.0,0.002857,High,0.03411,0.03369,-1.23,,1000,-12.31,-1.23,1712966400000,"[0.0001, 0.0001, 0.0001]",-1.23,-0.2241463414634146
SEND,-0.001531,Mild,-0.000181,0.000207,0.00135,Medium,2.5274,2.4964,-1.23,,1000,-12.27,-1.23,1734796800000,"[-0.000438, -0.000173, 6.8e-05]",-1.23,-0.12447154471544715
MOBILE,-0.001132,Mild,5.3e-05,6.6e-05,0.001185,High,0.001133,0.001119,-1.24,,1000,-12.36,-1.24,1725120000000,"[-4.1e-05, 0.0001, 0.0001]",-1.24,-0.09129032258064516
MOBILE,-0.002005,Moderate,-7.9e-05,0.000232,0.001926,Medium,0.000647,0.000639,-1.13,,1000,-12.36,-1.24,1739203200000,"[-0.000406, 6.9e-05, 0.0001]",-1.24,-0.17743362831858406
BANK,-0.003337,Moderate,-0.000179,0.00012,0.003158,High,0.07423,0.0733,-1.25,,1000,-12.53,-1.25,1749024000000,"[-0.000277, -0.000249, -1e-05]",-1.25,-0.26696
1000BTT,-0.001847,Mild,3.2e-05,7.8e-05,0.001879,High,0.001043,0.00103,-1.26,,1000,-12.46,-1.25,1737936000000,"[-7.8e-05, 7.3e-05, 0.0001]",-1.25,-0.14658730158730157
IOST,-0.001411,Mild,-0.000157,8.6e-05,0.001254,High,0.003278,0.003237,-1.25,,1000,-12.51,-1.25,1750924800000,"[-0.000278, -8.5e-05, -0.000108]",-1.25,-0.11288
OM,-0.001574,Mild,5e-05,0.0,0.001624,High,0.44496,0.43935,-1.26,,1000,-12.61,-1.26,1747800000000,"[5e-05, 5e-05, 5e-05]",-1.26,-0.12492063492063493
LUCE,-0.001541,Mild,0.0001,0.0,0.001641,High,0.0318,0.0314,-1.26,,1000,-12.58,-1.26,1736697600000,"[0.0001, 0.0001, 0.0001]",-1.26,-0.1223015873015873
PUNDIX,-0.002211,Moderate,-0.000592,0.000189,0.001619,High,0.4354,0.4299,-1.26,,1000,-12.63,-1.26,1747627200000,"[-0.000533, -0.000847, -0.000395]",-1.26,-0.17547619047619045
AUDIO,-0.001796,Mild,0.0001,0.0,0.001896,High,0.1635,0.1614,-1.28,,1000,-12.84,-1.28,1719705600000,"[0.0001, 0.0001, 0.0001]",-1.28,-0.1403125
VVV,-0.001999,Mild,2.2e-05,3e-05,0.002021,High,3.9,3.85,-1.28,,1000,-12.82,-1.28,1738468800000,"[3.6e-05, 5e-05, -2e-05]",-1.28,-0.156171875
CLOUD,-0.001754,Mild,0.0001,0.0,0.001854,High,0.0774,0.0764,-1.29,,1000,-12.92,-1.29,1743984000000,"[0.0001, 0.0001, 0.0001]",-1.29,-0.135968992248062
A8,-0.001654,Mild,5e-05,0.0,0.001704,High,0.15905,0.15699,-1.3,,1000,-12.95,-1.3,1740412800000,"[5e-05, 5e-05, 5e-05]",-1.3,-0.12723076923076923
DEEP,-0.00126,Mild,-0.000117,0.000117,0.001143,High,0.11089,0.10945,-1.3,,1000,-12.99,-1.3,1741392000000,"[9e-06, -8.7e-05, -0.000272]",-1.3,-0.09692307692307692
PUFFER,-0.001489,Mild,-0.000254,0.000154,0.001235,High,0.4691,0.463,-1.3,,1000,-13.0,-1.3,1738843200000,"[-5.5e-05, -0.00043, -0.000278]",-1.3,-0.11453846153846153
LSK,-0.001596,Mild,-0.00048,0.00014,0.001116,High,0.9131,0.9011,-1.31,,1000,-13.14,-1.31,1720339200000,"[-0.000312, -0.000654, -0.000475]",-1.31,-0.12183206106870229
SAFE,-0.001178,Mild,-0.000262,0.000159,0.000916,High,0.4468,0.4409,-1.32,,1000,-13.21,-1.32,1742270400000,"[-5.9e-05, -0.00028, -0.000446]",-1.32,-0.08924242424242425
D,-0.00448,Moderate,5e-05,0.0,0.00453,High,0.11739,0.11584,-1.32,,1000,-13.2,-1.32,1737633600000,"[5e-05, 5e-05, 5e-05]",-1.32,-0.33939393939393936
XCN,-0.00162,Mild,7.1e-05,4.1e-05,0.001691,High,0.002197,0.002168,-1.32,,1000,-13.2,-1.32,1732809600000,"[0.0001, 1.3e-05, 0.0001]",-1.32,-0.12272727272727273
CARV,-0.009675,Strong,-0.000387,0.000155,0.009288,High,0.4173,0.4118,-1.32,,1000,-13.18,-1.32,1743566400000,"[-0.000226, -0.000597, -0.000338]",-1.32,-0.7329545454545454
VANA,-0.008624,Strong,-0.000176,0.000162,0.008448,High,6.77,6.68,-1.33,,1000,-13.29,-1.33,1739059200000,"[-0.000172, -0.000377, 2e-05]",-1.33,-0.6484210526315789
SCA,-0.007194,Strong,0.0001,0.0,0.007294,High,0.2759,0.2722,-1.34,,1000,-13.41,-1.34,1735430400000,"[0.0001, 0.0001, 0.0001]",-1.34,-0.536865671641791
ENA,-0.001393,Mild,-0.000339,0.000202,0.001054,Medium,0.531,0.5239,-1.34,,1000,-13.37,-1.34,1738929600000,"[-0.000552, -0.000397, -6.8e-05]",-1.34,-0.10395522388059701
RDNT,-0.001053,Mild,-0.000117,0.000128,0.000936,High,0.06999,0.06905,-1.34,,1000,-13.43,-1.34,1724745600000,"[-0.00029, -8e-05, 1.8e-05]",-1.34,-0.07858208955223879
CARV,-0.002286,Moderate,-0.001367,0.000263,0.000919,Medium,0.3914,0.3861,-1.35,,1000,-13.54,-1.35,1743739200000,"[-0.001739, -0.001186, -0.001177]",-1.35,-0.1693333333333333
AKT,-0.001353,Mild,-0.000292,0.000298,0.001061,Medium,2.45,2.417,-1.35,,1000,-13.47,-1.35,1726444800000,"[-0.000621, -0.000354, 0.0001]",-1.35,-0.10022222222222221
OMNI,-0.001398,Mild,-5.3e-05,0.000135,0.001345,High,3.7,3.65,-1.35,,1000,-13.51,-1.35,1742731200000,"[-0.000243, 5e-05, 3.4e-05]",-1.35,-0.10355555555555554
IP,-0.001184,Mild,-0.000503,0.000106,0.000681,High,3.091,3.049,-1.36,,1000,-13.59,-1.36,1751256000000,"[-0.000364, -0.000622, -0.000524]",-1.36,-0.08705882352941176
G,-0.001326,Mild,-0.000138,0.000227,0.001188,Medium,0.02866,0.02827,-1.36,,1000,-13.61,-1.36,1737763200000,"[-6e-06, 5e-05, -0.000458]",-1.36,-0.09749999999999999
CHZ,-0.002035,Moderate,-0.001385,5.5e-05,0.00065,High,0.07004,0.06907,-1.38,,1000,-13.85,-1.38,1729670400000,"[-0.001419, -0.001429, -0.001308]",-1.38,-0.14746376811594203
MASK,-0.001721,Mild,-0.000996,0.000134,0.000725,High,1.521,1.5,-1.38,,1000,-13.81,-1.38,1749744000000,"[-0.001177, -0.000857, -0.000955]",-1.38,-0.12471014492753624
ANIME,-0.001604,Mild,-0.000288,0.000265,0.001316,Medium,0.0214,0.0211,-1.4,,1000,-14.02,-1.4,1741032000000,"[-0.000598, -0.000315, 5e-05]",-1.4,-0.11457142857142857
CHZ,-0.001308,Mild,-0.000587,0.00021,0.000721,Medium,0.07362,0.07259,-1.4,,1000,-13.99,-1.4,1729584000000,"[-0.000441, -0.000885, -0.000436]",-1.4,-0.09342857142857143
BLUM,-0.001317,Mild,-0.000385,0.000296,0.000932,Medium,0.1002,0.0988,-1.4,,1000,-13.97,-1.4,1751371200000,"[-5.3e-05, -0.000331, -0.000772]",-1.4,-0.09407142857142858
MDT,-0.013488,Strong,7.7e-05,3.3e-05,0.013565,High,0.03563,0.03513,-1.4,,1000,-14.03,-1.4,1741881600000,"[0.0001, 0.0001, 3.1e-05]",-1.4,-0.9634285714285715
NXPC,-0.001495,Mild,-0.000139,0.000267,0.001356,Medium,1.208,1.191,-1.41,,1000,-14.07,-1.41,1753358400000,"[-0.000517, 5e-05, 5e-05]",-1.41,-0.10602836879432624
SNT,-0.001011,Mild,1.2e-05,0.0,0.001023,High,0.03345,0.03298,-1.41,,1000,-14.05,-1.41,1752541200000,"[1.2e-05, 1.2e-05, 1.2e-05]",-1.41,-0.07170212765957447
VANA,-0.00117,Mild,-0.000556,0.000214,0.000614,Medium,6.419,6.327,-1.43,,1000,-14.33,-1.43,1743206400000,"[-0.000613, -0.00027, -0.000785]",-1.43,-0.08181818181818182
BLUM,-0.001619,Mild,-5.6e-05,1.2e-05,0.001563,High,0.07,0.069,-1.43,,1000,-14.29,-1.43,1752652800000,"[-6.8e-05, -3.9e-05, -6e-05]",-1.43,-0.11321678321678322
COS,-0.001991,Mild,-3.7e-05,0.000123,0.001954,High,0.012122,0.011947,-1.44,,1000,-14.44,-1.44,1734292800000,"[-0.000211, 5e-05, 5e-05]",-1.44,-0.1382638888888889
SNT,-0.004222,Moderate,5e-05,0.0,0.004272,High,0.03784,0.03729,-1.45,,1000,-14.53,-1.45,1715572800000,"[5e-05, 5e-05, 5e-05]",-1.45,-0.2911724137931035
TOSHI,-0.001307,Mild,-0.000609,0.000141,0.000698,High,0.000551,0.000543,-1.52,,1000,-14.52,-1.45,1749830400000,"[-0.000771, -0.000628, -0.000428]",-1.45,-0.08598684210526315
UXLINK,-0.001113,Mild,-0.000259,0.000233,0.000854,Medium,0.6636,0.654,-1.45,,1000,-14.47,-1.45,1744329600000,"[5e-05, -0.000313, -0.000513]",-1.45,-0.07675862068965518
SWEAT,-0.001459,Mild,0.000161,0.000127,0.00162,High,0.007781,0.007668,-1.45,,1000,-14.52,-1.45,1737417600000,"[5e-06, 0.000315, 0.000164]",-1.45,-0.10062068965517242
T,-0.001007,Mild,0.000108,8.2e-05,0.001115,High,0.02064,0.02034,-1.45,,1000,-14.53,-1.45,1753099200000,"[5e-05, 5e-05, 0.000225]",-1.45,-0.06944827586206898
GNO,-0.013654,Strong,0.0001,0.0,0.013754,High,191.2,188.4,-1.46,,1000,-14.64,-1.46,1739952000000,"[0.0001, 0.0001, 0.0001]",-1.46,-0.9352054794520548
EPT,-0.004623,Moderate,5e-05,0.0,0.004673,High,0.01163,0.01146,-1.46,,1000,-14.62,-1.46,1746676800000,"[5e-05, 5e-05, 5e-05]",-1.46,-0.3166438356164384
RAD,-0.001228,Mild,-0.000131,0.000155,0.001097,High,0.665,0.6553,-1.46,,1000,-14.59,-1.46,1750406400000,"[-0.000306, 7e-05, -0.000158]",-1.46,-0.08410958904109589
TOSHI,-0.001477,Mild,-7e-06,8e-05,0.00147,High,0.00075,0.000739,-1.51,,1000,-14.67,-1.47,1747612800000,"[5e-05, 5e-05, -0.00012]",-1.47,-0.09781456953642384
GLM,-0.001109,Mild,-0.000353,0.000262,0.000756,Medium,0.6241,0.6149,-1.47,,1000,-14.74,-1.47,1714982400000,"[-0.000631, -1e-06, -0.000426]",-1.47,-0.07544217687074829
ELX,-0.001095,Mild,-0.000256,0.000177,0.000839,High,0.2713,0.2673,-1.47,,1000,-14.74,-1.47,1753030800000,"[-0.000131, -0.000132, -0.000506]",-1.47,-0.07448979591836735
SQD,-0.001044,Mild,3.4e-05,2.2e-05,0.001078,High,0.169,0.1665,-1.48,,1000,-14.79,-1.48,1751688000000,"[5e-05, 5e-05, 3e-06]",-1.48,-0.07054054054054054
CTK,-0.001307,Mild,5e-05,0.0,0.001357,High,0.4776,0.4705,-1.49,,1000,-14.87,-1.49,1738843200000,"[5e-05, 5e-05, 5e-05]",-1.49,-0.08771812080536913
AKT,-0.00105,Mild,-0.000522,0.000103,0.000528,High,2.21,2.177,-1.49,,1000,-14.93,-1.49,1738684800000,"[-0.000383, -0.000553, -0.00063]",-1.49,-0.07046979865771812
ENA,-0.001416,Mild,-0.000659,0.000253,0.000757,Medium,0.5251,0.5173,-1.49,,1000,-14.85,-1.49,1719662400000,"[-0.00031, -0.000905, -0.000761]",-1.49,-0.09503355704697986
SWEAT,-0.001454,Mild,-0.000629,0.000264,0.000825,Medium,0.002528,0.00249,-1.5,,1000,-15.03,-1.5,1750723200000,"[-0.000701, -0.000911, -0.000276]",-1.5,-0.09693333333333334
ONG,-0.011232,Strong,-0.000263,0.000288,0.010969,Medium,0.1872,0.1844,-1.5,,1000,-14.96,-1.5,1744257600000,"[5e-05, -0.000195, -0.000645]",-1.5,-0.7488
NS,-0.001179,Mild,-0.000379,0.000297,0.0008,Medium,0.2248,0.2214,-1.51,,1000,-15.12,-1.51,1737590400000,"[-0.00038, -1.4e-05, -0.000742]",-1.51,-0.07807947019867549
SAFE,-0.007075,Strong,-0.001091,0.000247,0.005984,Medium,0.4608,0.4538,-1.52,,1000,-15.19,-1.52,1751774400000,"[-0.000955, -0.001438, -0.00088]",-1.52,-0.46546052631578944
AEVO,-0.001132,Mild,-0.000464,0.000194,0.000668,High,1.843,1.815,-1.52,,1000,-15.19,-1.52,1713009600000,"[-0.000508, -0.000207, -0.000676]",-1.52,-0.07447368421052632
GODS,-0.002841,Moderate,-0.000144,0.000268,0.002697,Medium,0.1053,0.1037,-1.52,,1000,-15.19,-1.52,1745092800000,"[-0.000292, -0.000372, 0.000233]",-1.52,-0.1869078947368421
GNO,-0.001182,Mild,-0.000292,0.000245,0.00089,Medium,111.0,109.3,-1.53,,1000,-15.32,-1.53,1750924800000,"[-0.00063, -0.000189, -5.7e-05]",-1.53,-0.07725490196078431
D,-0.004148,Moderate,5e-05,0.0,0.004198,High,0.04483,0.04414,-1.54,,1000,-15.39,-1.54,1744056000000,"[5e-05, 5e-05, 5e-05]",-1.54,-0.26935064935064934
DODO,-0.002531,Moderate,5e-05,0.0,0.002581,High,0.04502,0.04432,-1.55,,1000,-15.55,-1.55,1744718400000,"[5e-05, 5e-05, 5e-05]",-1.55,-0.16329032258064516
VANA,-0.001803,Mild,-0.000225,0.000274,0.001578,Medium,6.46,6.36,-1.55,,1000,-15.48,-1.55,1739116800000,"[-0.000599, -0.000126, 5e-05]",-1.55,-0.11632258064516128
LPT,-0.001264,Mild,-0.000543,0.000243,0.000721,Medium,6.618,6.515,-1.56,,1000,-15.56,-1.56,1751245200000,"[-0.000433, -0.000316, -0.000881]",-1.56,-0.08102564102564101
KAIA,-0.001008,Mild,-2.4e-05,0.000105,0.000984,High,0.286,0.2815,-1.57,,1000,-15.73,-1.57,1734321600000,"[-0.000172, 5e-05, 5e-05]",-1.57,-0.06420382165605094
SNT,-0.001264,Mild,-0.000235,8e-05,0.001029,High,0.03064,0.03016,-1.57,,1000,-15.67,-1.57,1749686400000,"[-0.000285, -0.000123, -0.000298]",-1.57,-0.08050955414012738
ONDO,-0.001397,Mild,-0.000378,7e-05,0.001019,High,1.3671,1.3457,-1.57,,1000,-15.65,-1.57,1736294400000,"[-0.000355, -0.000305, -0.000473]",-1.57,-0.08898089171974521
PEAQ,-0.003156,Moderate,0.0001,0.0,0.003256,High,0.0758,0.0746,-1.58,,1000,-15.83,-1.58,1752307200000,"[0.0001, 0.0001, 0.0001]",-1.58,-0.19974683544303795
SNT,-0.001248,Mild,0.000177,0.000163,0.001425,High,0.04687,0.04613,-1.58,,1000,-15.79,-1.58,1708747200000,"[7.5e-05, 0.000407, 5e-05]",-1.58,-0.07898734177215189
ALPINE,-0.001414,Mild,5e-05,0.0,0.001464,High,1.014,0.998,-1.58,,1000,-15.78,-1.58,1747468800000,"[5e-05, 5e-05, 5e-05]",-1.58,-0.08949367088607593
BERA,-0.001227,Mild,-0.000516,0.000256,0.000711,Medium,6.625,6.52,-1.58,,1000,-15.85,-1.58,1741492800000,"[-0.000878, -0.00033, -0.000341]",-1.58,-0.07765822784810125
RPL,-0.001424,Mild,-0.000408,0.00017,0.001016,High,4.961,4.882,-1.59,,1000,-15.92,-1.59,1748678400000,"[-0.000621, -0.000205, -0.000397]",-1.59,-0.08955974842767295
IDEX,-0.015018,Strong,0.0001,0.0,0.015118,High,0.0736,0.07241,-1.62,,1000,-16.17,-1.62,1734825600000,"[0.0001, 0.0001, 0.0001]",-1.62,-0.9270370370370369
FLOKI,-0.006252,Strong,-0.000258,0.000245,0.005994,Medium,0.000246,0.000242,-1.57,,1000,-16.26,-1.63,1734220800000,"[-0.000501, -0.000349, 7.7e-05]",-1.63,-0.39821656050955406
DEEP,-0.00153,Mild,-0.00074,0.000214,0.00079,Medium,0.18911,0.186,-1.64,,1000,-16.45,-1.64,1746489600000,"[-0.001007, -0.000729, -0.000483]",-1.64,-0.09329268292682927
TRUMP,-0.002135,Moderate,0.000153,4.1e-05,0.002288,High,3.515,3.457,-1.65,,1000,-16.5,-1.65,1736136000000,"[0.000125, 0.000211, 0.000123]",-1.65,-0.1293939393939394
REZ,-0.001232,Mild,-0.000303,0.000105,0.000929,High,0.02187,0.02151,-1.65,,1000,-16.46,-1.65,1742083200000,"[-0.000168, -0.000424, -0.000317]",-1.65,-0.07466666666666666
BERA,-0.002789,Moderate,-0.000267,0.000118,0.002522,High,6.813,6.7,-1.66,,1000,-16.59,-1.66,1742184000000,"[-0.0004, -0.000288, -0.000113]",-1.66,-0.16801204819277107
STEEM,-0.002904,Moderate,-0.000404,0.00018,0.0025,High,0.138,0.1357,-1.67,,1000,-16.67,-1.67,1744588800000,"[-0.00049, -0.000568, -0.000154]",-1.67,-0.17389221556886228
SNT,-0.001432,Mild,-0.00054,0.000213,0.000892,Medium,0.02375,0.02335,-1.68,,1000,-16.84,-1.68,1727798400000,"[-0.000761, -0.000607, -0.000253]",-1.68,-0.08523809523809524
XTZ,-0.00176,Mild,-0.000443,7.1e-05,0.001317,High,0.524,0.515,-1.72,,1000,-17.18,-1.72,1744560000000,"[-0.000542, -0.000379, -0.000407]",-1.72,-0.10232558139534884
HOME,-0.001036,Mild,-0.000453,0.000261,0.000583,Medium,0.02027,0.01992,-1.73,,1000,-17.27,-1.73,1750824000000,"[-0.000821, -0.000299, -0.000239]",-1.73,-0.05988439306358382
FIS,-0.001443,Mild,-3e-05,0.000221,0.001413,Medium,0.4903,0.4818,-1.73,,1000,-17.34,-1.73,1734796800000,"[-0.000343, 0.000122, 0.000131]",-1.73,-0.08341040462427746
CTK,-0.001772,Mild,-0.00012,0.000229,0.001652,Medium,0.7653,0.752,-1.74,,1000,-17.38,-1.74,1736553600000,"[-0.000444, 5e-05, 3.5e-05]",-1.74,-0.10183908045977012
MBL,-0.007543,Strong,-5.4e-05,0.000176,0.007489,High,0.002907,0.002856,-1.75,,1000,-17.54,-1.75,1740211200000,"[3.7e-05, 0.0001, -0.0003]",-1.75,-0.4310285714285714
SNT,-0.003963,Moderate,-0.000131,0.00015,0.003832,High,0.02908,0.02857,-1.75,,1000,-17.54,-1.75,1749182400000,"[-0.000127, -0.000317, 5e-05]",-1.75,-0.22645714285714286
T,-0.001586,Mild,-0.001041,0.000106,0.000545,High,0.01876,0.01843,-1.76,,1000,-17.59,-1.76,1745114400000,"[-0.001109, -0.000891, -0.001124]",-1.76,-0.09011363636363635
GODS,-0.009735,Strong,-5.4e-05,0.000109,0.009681,High,0.1963,0.1928,-1.78,,1000,-17.83,-1.78,1747483200000,"[-0.000205, 5e-05, -8e-06]",-1.78,-0.5469101123595506
SNT,-0.002226,Moderate,-0.000771,5e-05,0.001455,High,0.03369,0.03309,-1.78,,1000,-17.81,-1.78,1750514400000,"[-0.000703, -0.000788, -0.000823]",-1.78,-0.1250561797752809
AEVO,-0.003927,Moderate,0.000242,0.000113,0.004169,High,2.357,2.315,-1.78,,1000,-17.82,-1.78,1710806400000,"[0.000385, 0.000108, 0.000234]",-1.78,-0.2206179775280899
MAJOR,-0.001585,Mild,0.0001,0.0,0.001685,High,0.2519,0.2474,-1.79,,1000,-17.86,-1.79,1748102400000,"[0.0001, 0.0001, 0.0001]",-1.79,-0.08854748603351956
GLM,-0.005537,Strong,-0.00019,0.000144,0.005347,High,0.3973,0.39,-1.84,,1000,-18.37,-1.84,1727683200000,"[-0.000335, -0.000241, 7e-06]",-1.84,-0.30092391304347826
XCN,-0.001237,Mild,5e-05,0.0,0.001287,High,0.01956,0.019201,-1.84,,1000,-18.35,-1.84,1745856000000,"[5e-05, 5e-05, 5e-05]",-1.84,-0.06722826086956522
FIDA,-0.001063,Mild,5e-05,0.0,0.001113,High,0.09282,0.09111,-1.84,,1000,-18.42,-1.84,1748030400000,"[5e-05, 5e-05, 5e-05]",-1.84,-0.05777173913043478
AGLD,-0.001357,Mild,-0.000659,0.000278,0.000698,Medium,2.7525,2.7012,-1.86,,1000,-18.64,-1.86,1736121600000,"[-0.000953, -0.000737, -0.000286]",-1.86,-0.07295698924731181
FUN,-0.001385,Mild,-0.000205,0.000167,0.00118,High,0.006001,0.005888,-1.88,,1000,-18.83,-1.88,1747324800000,"[-0.000126, -0.000438, -5.2e-05]",-1.88,-0.07367021276595745
IOTX,-0.001735,Mild,-0.000154,0.000183,0.001581,High,0.01689,0.01657,-1.89,,1000,-18.95,-1.89,1741046400000,"[-0.000325, -0.000236, 0.0001]",-1.89,-0.0917989417989418
MOVE,-0.001443,Mild,-0.00028,6.8e-05,0.001163,High,0.1576,0.1546,-1.9,,1000,-19.04,-1.9,1748980800000,"[-0.000252, -0.000214, -0.000374]",-1.9,-0.07594736842105264
CTK,-0.005982,Strong,-0.000629,0.000196,0.005353,High,0.4948,0.4853,-1.92,,1000,-19.2,-1.92,1753185600000,"[-0.000892, -0.00057, -0.000424]",-1.92,-0.3115625
RSS3,-0.001926,Mild,-1.3e-05,0.000133,0.001913,High,0.0676,0.0663,-1.92,,1000,-19.23,-1.92,1745424000000,"[-0.0002, 0.0001, 6.1e-05]",-1.92,-0.10031250000000001
HIGH,-0.003142,Moderate,-3.7e-05,5.1e-05,0.003105,High,0.6261,0.614,-1.93,,1000,-19.33,-1.93,1745913600000,"[-4.5e-05, -9.5e-05, 3e-05]",-1.93,-0.1627979274611399
ONG,-0.011336,Strong,5e-05,0.0,0.011386,High,0.3755,0.3682,-1.94,,1000,-19.44,-1.94,1726891200000,"[5e-05, 5e-05, 5e-05]",-1.94,-0.5843298969072165
L3,-0.001787,Mild,-0.001011,8e-05,0.000776,High,0.06102,0.05982,-1.97,,1000,-19.67,-1.97,1741392000000,"[-0.001062, -0.000898, -0.001072]",-1.97,-0.09071065989847717
ONG,-0.001073,Mild,2.5e-05,1.9e-05,0.001098,High,0.3104,0.3043,-1.97,,1000,-19.65,-1.97,1724126400000,"[5e-06, 5e-05, 2.1e-05]",-1.97,-0.05446700507614213
SPELL,-0.003928,Moderate,0.000202,7.7e-05,0.00413,High,0.001012,0.000992,-1.96,,1000,-19.76,-1.98,1732809600000,"[0.00022, 0.000286, 0.0001]",-1.98,-0.20040816326530614
CVC,-0.004443,Moderate,-0.000224,0.00018,0.004219,High,0.16688,0.16356,-1.99,,1000,-19.89,-1.99,1714464000000,"[-1.4e-05, -0.000204, -0.000453]",-1.99,-0.22326633165829143
ENA,-0.002507,Moderate,-0.000188,0.000158,0.002319,High,0.7841,0.7684,-2.0,,1000,-20.02,-2.0,1716033600000,"[-0.000387, 0, -0.000177]",-2.0,-0.12535
UXLINK,-0.001161,Mild,5e-05,0.0,0.001211,High,0.3302,0.3236,-2.0,,1000,-19.99,-2.0,1750737600000,"[5e-05, 5e-05, 5e-05]",-2.0,-0.05805
FLM,-0.001017,Mild,-2.4e-05,7.6e-05,0.000993,High,0.0149,0.0146,-2.01,,1000,-20.13,-2.01,1744833600000,"[-0.000129, 8e-06, 5e-05]",-2.01,-0.050597014925373135
10000COQ,-0.001707,Mild,-0.000799,5.1e-05,0.000908,High,0.00791,0.00775,-2.02,,1000,-20.23,-2.02,1742832000000,"[-0.00087, -0.000754, -0.000772]",-2.02,-0.08450495049504951
ORBS,-0.010934,Strong,-0.000171,0.000199,0.010763,High,0.02177,0.02133,-2.02,,1000,-20.21,-2.02,1742270400000,"[-0.000434, 4.8e-05, -0.000127]",-2.02,-0.5412871287128713
SAHARA,-0.00115,Mild,-0.000542,0.00025,0.000608,Medium,0.10384,0.10173,-2.03,,1000,-20.32,-2.03,1753401600000,"[-0.000381, -0.000896, -0.00035]",-2.03,-0.05665024630541872
RAD,-0.001272,Mild,-9.1e-05,0.000271,0.001181,Medium,0.7769,0.7611,-2.03,,1000,-20.34,-2.03,1746460800000,"[0.0001, -0.000474, 0.0001]",-2.03,-0.06266009852216749
RPL,-0.001033,Mild,-0.000419,0.000153,0.000614,High,6.604,6.47,-2.03,,1000,-20.29,-2.03,1749081600000,"[-0.000314, -0.000636, -0.000308]",-2.03,-0.050886699507389166
AIN,-0.001222,Mild,0.000277,0.00024,0.001499,Medium,0.16078,0.1575,-2.04,,1000,-20.4,-2.04,1752235200000,"[5e-05, 0.000172, 0.000609]",-2.04,-0.05990196078431372
G,-0.001039,Mild,-0.000217,9.9e-05,0.000822,High,0.05185,0.05079,-2.04,,1000,-20.44,-2.04,1722124800000,"[-0.000118, -0.000352, -0.000181]",-2.04,-0.0509313725490196
OBOL,-0.00431,Moderate,5e-05,0.0,0.00436,High,0.1461,0.14311,-2.05,,1000,-20.47,-2.05,1750147200000,"[5e-05, 5e-05, 5e-05]",-2.05,-0.2102439024390244
CARV,-0.001843,Mild,-0.000208,0.000224,0.001635,Medium,0.3255,0.3188,-2.06,,1000,-20.58,-2.06,1749686400000,"[-0.000496, 5e-05, -0.000178]",-2.06,-0.08946601941747573
10000COQ,-0.005772,Strong,9.1e-05,1.3e-05,0.005863,High,0.0092,0.00901,-2.07,,1000,-20.65,-2.07,1741392000000,"[0.0001, 0.0001, 7.2e-05]",-2.07,-0.2788405797101449
MOODENG,-0.001371,Mild,-0.00077,0.000107,0.000601,High,0.18072,0.17695,-2.09,,1000,-20.86,-2.09,1749744000000,"[-0.000717, -0.000919, -0.000673]",-2.09,-0.06559808612440192
BLUR,-0.001176,Mild,-0.000452,0.000292,0.000724,Medium,0.4474,0.438,-2.1,,1000,-21.01,-2.1,1716854400000,"[-0.00084, -0.000136, -0.00038]",-2.1,-0.055999999999999994
SCA,-0.003514,Moderate,0.0001,0.0,0.003614,High,0.3037,0.2973,-2.11,,1000,-21.07,-2.11,1720195200000,"[0.0001, 0.0001, 0.0001]",-2.11,-0.1665402843601896
ARK,-0.001575,Mild,0.000282,2.4e-05,0.001857,High,0.9119,0.8927,-2.11,,1000,-21.05,-2.11,1715414400000,"[0.000298, 0.000299, 0.000248]",-2.11,-0.07464454976303318
SNT,-0.005449,Strong,-0.000649,0.000245,0.0048,Medium,0.02595,0.0254,-2.12,,1000,-21.19,-2.12,1720944000000,"[-0.000852, -0.000792, -0.000304]",-2.12,-0.25702830188679243
BMT,-0.001118,Mild,-0.00027,5.7e-05,0.000848,High,0.10259,0.10042,-2.12,,1000,-21.15,-2.12,1749729600000,"[-0.000189, -0.000307, -0.000314]",-2.12,-0.05273584905660378
AMP,-0.001296,Mild,0.000112,6e-06,0.001408,High,0.003903,0.00382,-2.13,,1000,-21.27,-2.13,1743739200000,"[0.000118, 0.000114, 0.000103]",-2.13,-0.060845070422535216
XVS,-0.001571,Mild,0.0001,0.0,0.001671,High,7.147,6.995,-2.13,,1000,-21.27,-2.13,1729929600000,"[0.0001, 0.0001, 0.0001]",-2.13,-0.07375586854460094
SPEC,-0.001027,Mild,0.0001,0.0,0.001127,High,0.795,0.778,-2.14,,1000,-21.38,-2.14,1751068800000,"[0.0001, 0.0001, 0.0001]",-2.14,-0.04799065420560747
ZBCN,-0.003332,Moderate,-0.000115,0.000109,0.003217,High,0.001304,0.001276,-2.12,,1000,-21.47,-2.15,1742774400000,"[1e-05, -9.8e-05, -0.000256]",-2.15,-0.15716981132075472
XCN,-0.003371,Moderate,0.000115,2.1e-05,0.003486,High,0.002142,0.002096,-2.15,,1000,-21.48,-2.15,1712966400000,"[0.0001, 0.0001, 0.000144]",-2.15,-0.1567906976744186
VELODROME,-0.009131,Strong,0.000116,1e-05,0.009247,High,0.3211,0.3142,-2.15,,1000,-21.49,-2.15,1734091200000,"[0.000128, 0.000103, 0.000117]",-2.15,-0.4246976744186047
SLP,-0.002503,Moderate,-0.000146,0.000167,0.002357,High,0.002765,0.002705,-2.17,,1000,-21.7,-2.17,1729353600000,"[-0.000121, 4.6e-05, -0.000362]",-2.17,-0.11534562211981567
D,-0.002492,Moderate,-5.4e-05,6.9e-05,0.002438,High,0.1199,0.11729,-2.18,,1000,-21.77,-2.18,1738224000000,"[-0.000133, -6.4e-05, 3.6e-05]",-2.18,-0.11431192660550459
XCN,-0.00165,Mild,-1.4e-05,9.1e-05,0.001636,High,0.01531,0.014976,-2.18,,1000,-21.82,-2.18,1750104000000,"[5e-05, 5e-05, -0.000142]",-2.18,-0.07568807339449542
REI,-0.001544,Mild,5e-05,0.0,0.001594,High,0.02098,0.02052,-2.19,,1000,-21.93,-2.19,1747742400000,"[5e-05, 5e-05, 5e-05]",-2.19,-0.07050228310502284
UXLINK,-0.001835,Mild,-0.000184,0.000165,0.001651,High,0.5433,0.5314,-2.19,,1000,-21.9,-2.19,1742342400000,"[5e-05, -0.000297, -0.000304]",-2.19,-0.08378995433789954
TOSHI,-0.001664,Mild,1.6e-05,4.8e-05,0.00168,High,0.000364,0.000356,-2.17,,1000,-21.98,-2.2,1744603200000,"[5e-05, 5e-05, -5.2e-05]",-2.2,-0.07668202764976959
MOODENG,-0.002536,Moderate,5e-05,0.0,0.002586,High,0.19839,0.19399,-2.22,,1000,-22.18,-2.22,1751529600000,"[5e-05, 5e-05, 5e-05]",-2.22,-0.11423423423423423
VIRTUAL,-0.001605,Mild,5e-05,0.0,0.001655,High,2.2437,2.1934,-2.24,,1000,-22.42,-2.24,1738324800000,"[5e-05, 5e-05, 5e-05]",-2.24,-0.07165178571428571
ZENT,-0.001097,Mild,6.9e-05,7.7e-05,0.001166,High,0.02014,0.01968,-2.28,,1000,-22.84,-2.28,1739260800000,"[-1.1e-05, 4.6e-05, 0.000173]",-2.28,-0.04811403508771931
API3,-0.005153,Strong,-2.9e-05,7.4e-05,0.005124,High,1.0725,1.0479,-2.29,,1000,-22.94,-2.29,1739808000000,"[2.4e-05, -0.000133, 2.2e-05]",-2.29,-0.22502183406113535
POKT,-0.010026,Strong,-0.005014,9e-06,0.005012,High,0.05733,0.05601,-2.3,,1000,-23.02,-2.3,1748865600000,"[-0.00502, -0.00502, -0.005001]",-2.3,-0.4359130434782609
NEIROETH,-0.001029,Mild,9.7e-05,3.3e-05,0.001126,High,0.06431,0.06283,-2.3,,1000,-23.01,-2.3,1733788800000,"[0.000113, 5e-05, 0.000127]",-2.3,-0.04473913043478261
ZBCN,-0.001022,Mild,-1.5e-05,0.000157,0.001007,High,0.004332,0.004232,-2.31,,1000,-23.08,-2.31,1749830400000,"[-0.000237, 0.0001, 9.1e-05]",-2.31,-0.04424242424242424
10000COQ,-0.003987,Moderate,-0.000332,0.000163,0.003655,High,0.00586,0.00572,-2.39,,1000,-23.89,-2.39,1744243200000,"[-0.000432, -0.000463, -0.000102]",-2.39,-0.16682008368200837
RON,-0.001536,Mild,-0.000448,0.000199,0.001088,High,0.7609,0.7427,-2.39,,1000,-23.92,-2.39,1741622400000,"[-0.000714, -0.000396, -0.000235]",-2.39,-0.06426778242677825
MEW,-0.001003,Mild,-0.000292,0.000123,0.000711,High,0.002804,0.002737,-2.39,,1000,-23.89,-2.39,1743321600000,"[-0.000212, -0.000198, -0.000465]",-2.39,-0.04196652719665272
NTRN,-0.001418,Mild,-0.000252,0.000145,0.001166,High,0.4589,0.4479,-2.4,,1000,-23.97,-2.4,1719820800000,"[-0.000432, -7.8e-05, -0.000247]",-2.4,-0.059083333333333335
1000BTT,-0.001357,Mild,6.5e-05,2.5e-05,0.001422,High,0.001077,0.001051,-2.45,,1000,-24.14,-2.41,1718064000000,"[5e-05, 4.4e-05, 0.0001]",-2.41,-0.05538775510204081
ARK,-0.002285,Moderate,-0.001596,0.000223,0.000689,Medium,0.5062,0.494,-2.41,,1000,-24.1,-2.41,1728288000000,"[-0.001312, -0.001621, -0.001856]",-2.41,-0.09481327800829877
TAIKO,-0.001024,Mild,-0.000165,0.000238,0.000859,Medium,0.5892,0.575,-2.41,,1000,-24.1,-2.41,1749081600000,"[-0.000117, 0.0001, -0.000478]",-2.41,-0.042489626556016596
BERA,-0.001548,Mild,-0.000818,0.000225,0.00073,Medium,7.243,7.064,-2.47,,1000,-24.71,-2.47,1740297600000,"[-0.001132, -0.000706, -0.000615]",-2.47,-0.06267206477732792
ARPA,-0.005819,Strong,2.7e-05,0.000104,0.005846,High,0.0227,0.02214,-2.47,,1000,-24.67,-2.47,1751414400000,"[-0.00012, 0.0001, 0.0001]",-2.47,-0.23558704453441295
TOSHI,-0.001079,Mild,-0.000148,0.000198,0.000931,High,0.000485,0.000473,-2.53,,1000,-24.74,-2.47,1741838400000,"[-0.000419, -7.4e-05, 5e-05]",-2.47,-0.04264822134387352
CTK,-0.001489,Mild,-0.000137,0.000265,0.001352,Medium,0.8086,0.7885,-2.49,,1000,-24.86,-2.49,1734609600000,"[5e-05, 5e-05, -0.000512]",-2.49,-0.059799196787148595
LA,-0.001909,Mild,-7.9e-05,0.000129,0.00183,High,1.29,1.2577,-2.5,,1000,-25.04,-2.5,1749258000000,"[1.2e-05, 1.2e-05, -0.000261]",-2.5,-0.07636
XCN,-0.001557,Mild,0.0001,0.0,0.001657,High,0.001674,0.001632,-2.51,,1000,-25.09,-2.51,1720022400000,"[0.0001, 0.0001, 0.0001]",-2.51,-0.062031872509960166
CTK,-0.00681,Strong,-0.001513,0.000198,0.005297,High,0.9314,0.9077,-2.54,,1000,-25.45,-2.54,1718452800000,"[-0.001518, -0.001754, -0.001268]",-2.54,-0.2681102362204725
D,-0.001112,Mild,-0.000232,0.000233,0.00088,Medium,0.06345,0.06183,-2.55,,1000,-25.53,-2.55,1742428800000,"[-0.00052, 5e-05, -0.000225]",-2.55,-0.0436078431372549
RPL,-0.002177,Moderate,-0.000112,0.0003,0.002065,Medium,16.77,16.34,-2.56,,1000,-25.64,-2.56,1720656000000,"[-0.000536, 0.0001, 0.0001]",-2.56,-0.0850390625
RAD,-0.001017,Mild,-0.000194,0.000208,0.000823,Medium,0.6884,0.6708,-2.56,,1000,-25.57,-2.56,1749772800000,"[-0.000383, 9.6e-05, -0.000295]",-2.56,-0.03972656249999999
VELODROME,-0.002137,Moderate,-0.000256,0.000222,0.001881,Medium,0.0546,0.0532,-2.56,,1000,-25.64,-2.56,1741824000000,"[-0.000349, -0.000468, 5e-05]",-2.56,-0.08347656249999999
XNO,-0.003142,Moderate,-0.000472,0.000193,0.00267,High,1.045,1.018,-2.58,,1000,-25.84,-2.58,1749139200000,"[-0.000725, -0.000258, -0.000432]",-2.58,-0.1217829457364341
POLYX,-0.001537,Mild,1.7e-05,4.7e-05,0.001554,High,0.23642,0.23031,-2.58,,1000,-25.84,-2.58,1723176000000,"[5e-05, -5e-05, 5e-05]",-2.58,-0.05957364341085271
XCN,-0.001539,Mild,-0.000321,0.000291,0.001218,Medium,0.001699,0.001655,-2.59,,1000,-25.9,-2.59,1718870400000,"[-0.000704, -0.00026, 1e-06]",-2.59,-0.05942084942084942
MOCA,-0.002888,Moderate,-0.001425,9.6e-05,0.001463,High,0.2043,0.199,-2.59,,1000,-25.94,-2.59,1737259200000,"[-0.001498, -0.001487, -0.001289]",-2.59,-0.11150579150579151
CTSI,-0.002721,Moderate,0.0001,0.0,0.002821,High,0.2611,0.2543,-2.6,,1000,-26.04,-2.6,1716652800000,"[0.0001, 0.0001, 0.0001]",-2.6,-0.10465384615384614
AEVO,-0.001463,Mild,-0.00086,3.5e-05,0.000603,High,1.037,1.01,-2.6,,1000,-26.04,-2.6,1715745600000,"[-0.000886, -0.000884, -0.00081]",-2.6,-0.056269230769230766
APE,-0.001598,Mild,-0.000214,0.000197,0.001384,High,1.3831,1.347,-2.61,,1000,-26.1,-2.61,1714176000000,"[-0.000483, -1.7e-05, -0.000141]",-2.61,-0.06122605363984675
RAD,-0.004544,Moderate,0.0001,0.0,0.004644,High,0.7638,0.7438,-2.62,,1000,-26.18,-2.62,1741536000000,"[0.0001, 0.0001, 0.0001]",-2.62,-0.1734351145038168
B3,-0.001235,Mild,-0.000499,0.000104,0.000736,High,0.006757,0.00658,-2.62,,1000,-26.2,-2.62,1741788000000,"[-0.000428, -0.000647, -0.000423]",-2.62,-0.04713740458015267
MOCA,-0.004986,Moderate,-9.1e-05,0.000115,0.004895,High,0.1529,0.1489,-2.62,,1000,-26.16,-2.62,1739073600000,"[-0.000231, -9.3e-05, 5e-05]",-2.62,-0.19030534351145037
MBL,-0.005278,Strong,0.000278,0.000251,0.005556,Medium,0.003824,0.003723,-2.64,,1000,-26.41,-2.64,1733788800000,"[0.0001, 0.0001, 0.000633]",-2.64,-0.19992424242424242
BROCCOLI,-0.014195,Strong,-0.000282,0.000232,0.013913,Medium,0.06941,0.06758,-2.64,,1000,-26.37,-2.64,1742414400000,"[-0.000261, -8e-06, -0.000576]",-2.64,-0.537689393939394
KAITO,-0.001103,Mild,-8e-06,4.2e-05,0.001095,High,0.9742,0.9483,-2.66,,1000,-26.59,-2.66,1745841600000,"[5e-05, -4.6e-05, -2.9e-05]",-2.66,-0.04146616541353383
DEEP,-0.001132,Mild,-9.2e-05,0.000164,0.00104,High,0.22941,0.22325,-2.69,,1000,-26.85,-2.69,1745899200000,"[-5e-06, -0.000322, 5e-05]",-2.69,-0.042081784386617097
DUCK,-0.001115,Mild,5e-05,0.0,0.001165,High,0.002552,0.002483,-2.7,,1000,-27.04,-2.7,1744128000000,"[5e-05, 5e-05, 5e-05]",-2.7,-0.041296296296296296
PUFFER,-0.001563,Mild,-8.6e-05,0.000146,0.001477,High,0.2152,0.2094,-2.7,,1000,-26.95,-2.7,1749110400000,"[-0.000289, -1.8e-05, 5e-05]",-2.7,-0.05788888888888888
CTK,-0.001177,Mild,-5e-06,5.8e-05,0.001172,High,0.6514,0.6336,-2.73,,1000,-27.33,-2.73,1720123200000,"[-8.5e-05, 5e-05, 1.9e-05]",-2.73,-0.04311355311355312
AERGO,-0.001657,Mild,-0.0008,0.000218,0.000857,Medium,0.13358,0.12993,-2.73,,1000,-27.32,-2.73,1750924800000,"[-0.0011, -0.000711, -0.000588]",-2.73,-0.06069597069597069
GLM,-0.011268,Strong,-7e-05,0.000152,0.011198,High,0.394,0.3832,-2.74,,1000,-27.41,-2.74,1735718400000,"[-4.9e-05, 0.000104, -0.000266]",-2.74,-0.41124087591240877
CUDIS,-0.005065,Strong,-8.8e-05,0.000158,0.004977,High,0.1126,0.1095,-2.75,,1000,-27.53,-2.75,1749384000000,"[-0.0002, 0.000136, -0.0002]",-2.75,-0.1841818181818182
M,-0.001435,Mild,-0.000131,6.9e-05,0.001304,High,0.675,0.6564,-2.76,,1000,-27.56,-2.76,1752422400000,"[-0.0002, -0.000156, -3.6e-05]",-2.76,-0.051992753623188406
API3,-0.001755,Mild,-7.9e-05,0.000182,0.001676,High,1.8474,1.7965,-2.76,,1000,-27.55,-2.76,1735156800000,"[-0.000337, 5e-05, 5e-05]",-2.76,-0.06358695652173914
AIOT,-0.004299,Moderate,-0.000206,0.000221,0.004093,Medium,0.15381,0.14952,-2.79,,1000,-27.89,-2.79,1749038400000,"[-0.000489, -0.000178, 5e-05]",-2.79,-0.15408602150537634
B3,-0.001517,Mild,-0.00025,0.000234,0.001267,Medium,0.004124,0.004009,-2.79,,1000,-27.89,-2.79,1748476800000,"[-0.000547, -0.000227, 2.5e-05]",-2.79,-0.05437275985663082
MDT,-0.002463,Moderate,9.8e-05,3e-06,0.002561,High,0.05265,0.05117,-2.81,,1000,-28.11,-2.81,1737619200000,"[9.3e-05, 0.0001, 0.0001]",-2.81,-0.08765124555160142
NS,-0.001135,Mild,-0.0,0.000135,0.001135,High,0.2022,0.1965,-2.82,,1000,-28.19,-2.82,1740297600000,"[9e-05, 0.0001, -0.000191]",-2.82,-0.040248226950354606
LABUBU,-0.00503,Strong,-9.3e-05,0.000152,0.004937,High,0.05065,0.04922,-2.82,,1000,-28.23,-2.82,1750089600000,"[0.000122, -0.0002, -0.0002]",-2.82,-0.17836879432624114
IO,-0.001089,Mild,5e-05,0.0,0.001139,High,1.869,1.816,-2.84,,1000,-28.36,-2.84,1723017600000,"[5e-05, 5e-05, 5e-05]",-2.84,-0.03834507042253521
MAGIC,-0.00205,Moderate,-0.000178,0.000131,0.001872,High,0.2398,0.233,-2.84,,1000,-28.36,-2.84,1745524800000,"[-0.000151, -0.00035, -3.2e-05]",-2.84,-0.07218309859154931
1000BTT,-0.00109,Mild,0.000221,0.000171,0.001311,High,0.000629,0.000611,-2.97,,1000,-28.62,-2.86,1750348800000,"[0.000463, 0.0001, 0.0001]",-2.86,-0.0367003367003367
BLAST,-0.00102,Mild,-0.000463,0.000183,0.000557,High,0.002612,0.002537,-2.87,,1000,-28.71,-2.87,1749772800000,"[-0.00027, -0.000709, -0.000411]",-2.87,-0.03554006968641115
MOBILE,-0.00134,Mild,0.0001,0.0,0.00144,High,0.000555,0.000539,-2.83,,1000,-28.83,-2.88,1747267200000,"[0.0001, 0.0001, 0.0001]",-2.88,-0.04734982332155477
GODS,-0.001084,Mild,5e-05,0.0,0.001134,High,0.187,0.1816,-2.89,,1000,-28.88,-2.89,1748131200000,"[5e-05, 5e-05, 5e-05]",-2.89,-0.037508650519031135
CARV,-0.002433,Moderate,-0.000854,0.000277,0.001579,Medium,0.3793,0.3681,-2.95,,1000,-29.53,-2.95,1743811200000,"[-0.000503, -0.000881, -0.001179]",-2.95,-0.08247457627118643
D,-0.001282,Mild,5e-05,0.0,0.001332,High,0.05148,0.04996,-2.95,,1000,-29.53,-2.95,1745251200000,"[5e-05, 5e-05, 5e-05]",-2.95,-0.043457627118644065
RIF,-0.002058,Moderate,0.000271,0.000171,0.002329,High,0.04824,0.0468,-2.99,,1000,-29.85,-2.99,1741377600000,"[0.000297, 5e-05, 0.000466]",-2.99,-0.06882943143812709
GPS,-0.009104,Strong,-0.000277,0.000151,0.008827,High,0.03064,0.02972,-3.0,,1000,-30.03,-3.0,1750420800000,"[-0.000113, -0.000241, -0.000477]",-3.0,-0.30346666666666666
MVL,-0.011599,Strong,-0.000505,0.000299,0.011094,Medium,0.003527,0.003421,-3.01,,1000,-30.05,-3.01,1742112000000,"[-0.000721, -8.3e-05, -0.000712]",-3.01,-0.38534883720930235
CARV,-0.002757,Moderate,-0.001891,0.000286,0.000866,Medium,0.3578,0.347,-3.02,,1000,-30.18,-3.02,1743897600000,"[-0.001492, -0.002146, -0.002036]",-3.02,-0.09129139072847682
PARTI,-0.001638,Mild,-0.000735,0.000252,0.000903,Medium,0.2186,0.2119,-3.06,,1000,-30.65,-3.06,1746273600000,"[-0.001059, -0.0007, -0.000445]",-3.06,-0.053529411764705874
ZRX,-0.001549,Mild,-6.2e-05,6.6e-05,0.001487,High,0.3074,0.298,-3.06,,1000,-30.58,-3.06,1742803200000,"[-7e-05, 2.2e-05, -0.000138]",-3.06,-0.050620915032679736
RON,-0.001838,Mild,0.000957,0.000196,0.002795,High,2.897,2.808,-3.07,,1000,-30.72,-3.07,1707148800000,"[0.001119, 0.001071, 0.000681]",-3.07,-0.059869706840390884
BAL,-0.006425,Strong,-0.00014,0.000276,0.006285,Medium,1.359,1.317,-3.09,,1000,-30.91,-3.09,1746115200000,"[0.0001, 6e-06, -0.000526]",-3.09,-0.2079288025889968
MAGIC,-0.001188,Mild,2e-06,0.00013,0.00119,High,0.158,0.1531,-3.1,,1000,-31.01,-3.1,1742256000000,"[8.8e-05, 0.0001, -0.000181]",-3.1,-0.038322580645161294
FLOCK,-0.001701,Mild,-0.000233,0.000274,0.001468,Medium,0.1288,0.1248,-3.11,,1000,-31.06,-3.11,1739908800000,"[5e-05, -0.000145, -0.000604]",-3.11,-0.05469453376205788
AEVO,-0.001401,Mild,-0.000646,0.000252,0.000755,Medium,3.239,3.138,-3.12,,1000,-31.18,-3.12,1712131200000,"[-0.000999, -0.000516, -0.000424]",-3.12,-0.04490384615384615
CVC,-0.00365,Moderate,-0.000295,6.3e-05,0.003355,High,0.15544,0.15057,-3.13,,1000,-31.33,-3.13,1747324800000,"[-0.000216, -0.000371, -0.000299]",-3.13,-0.11661341853035144
UMA,-0.00409,Moderate,5e-05,0.0,0.00414,High,1.564,1.515,-3.13,,1000,-31.33,-3.13,1742659200000,"[5e-05, 5e-05, 5e-05]",-3.13,-0.13067092651757187
KMNO,-0.0017,Mild,-0.000459,0.000134,0.001241,High,0.0621,0.06014,-3.16,,1000,-31.56,-3.16,1748577600000,"[-0.000423, -0.000316, -0.000639]",-3.16,-0.05379746835443037
AUCTION,-0.002812,Moderate,2.3e-05,3.8e-05,0.002835,High,19.51,18.89,-3.18,,1000,-31.78,-3.18,1743134400000,"[5e-05, 5e-05, -3e-05]",-3.18,-0.08842767295597483
SLF,-0.001706,Mild,-0.000877,0.000169,0.000829,High,0.2322,0.2248,-3.19,,1000,-31.87,-3.19,1747353600000,"[-0.000697, -0.001104, -0.00083]",-3.19,-0.053479623824451414
ALT,-0.010885,Strong,2.8e-05,3.2e-05,0.010913,High,0.04067,0.03937,-3.2,,1000,-31.96,-3.2,1750075200000,"[5e-05, -1.7e-05, 5e-05]",-3.2,-0.34015625
AGLD,-0.002574,Moderate,-1.1e-05,0.000132,0.002563,High,2.0968,2.0296,-3.2,,1000,-32.05,-3.2,1737014400000,"[8.2e-05, 8.4e-05, -0.000198]",-3.2,-0.0804375
D,-0.001248,Mild,5e-05,0.0,0.001298,High,0.03593,0.03477,-3.23,,1000,-32.28,-3.23,1749124800000,"[5e-05, 5e-05, 5e-05]",-3.23,-0.03863777089783282
LSK,-0.005813,Strong,5e-05,0.0,0.005863,High,1.5479,1.4975,-3.26,,1000,-32.56,-3.26,1707192000000,"[5e-05, 5e-05, 5e-05]",-3.26,-0.17831288343558283
VIRTUAL,-0.003081,Moderate,-4.7e-05,0.000117,0.003034,High,0.3753,0.363,-3.28,,1000,-32.77,-3.28,1731110400000,"[-5.4e-05, 0.0001, -0.000186]",-3.28,-0.0939329268292683
SIGN,-0.001526,Mild,-0.000349,0.000198,0.001177,High,0.10497,0.10152,-3.29,,1000,-32.87,-3.29,1746003600000,"[-0.00051, -0.000467, -7.1e-05]",-3.29,-0.04638297872340426
BROCCOLIF3B,-0.001022,Mild,-5.7e-05,9.8e-05,0.000965,High,0.00936,0.00905,-3.31,,1000,-33.12,-3.31,1751936400000,"[-0.000196, 1.2e-05, 1.2e-05]",-3.31,-0.030876132930513594
VOXEL,-0.001867,Mild,1e-06,1.6e-05,0.001868,High,0.0825,0.07977,-3.31,,1000,-33.09,-3.31,1745654400000,"[1.2e-05, 1.2e-05, -2.1e-05]",-3.31,-0.05640483383685801
LPT,-0.001261,Mild,-0.000216,4.9e-05,0.001045,High,12.534,12.117,-3.33,,1000,-33.27,-3.33,1723363200000,"[-0.000174, -0.000284, -0.000189]",-3.33,-0.03786786786786786
CTK,-0.001064,Mild,0.0001,0.0,0.001164,High,0.7269,0.7026,-3.34,,1000,-33.43,-3.34,1713196800000,"[0.0001, 0.0001, 0.0001]",-3.34,-0.031856287425149704
CTK,-0.001366,Mild,-0.000444,0.000288,0.000922,Medium,0.8495,0.8211,-3.34,,1000,-33.43,-3.34,1737259200000,"[-0.000643, -0.000652, -3.6e-05]",-3.34,-0.040898203592814375
FIDA,-0.002316,Moderate,-0.000104,0.000118,0.002212,High,0.2887,0.279,-3.36,,1000,-33.6,-3.36,1737273600000,"[5e-05, -0.000238, -0.000123]",-3.36,-0.06892857142857144
RARE,-0.009255,Strong,-0.000199,0.000238,0.009056,Medium,0.12057,0.11646,-3.41,,1000,-34.09,-3.41,1741953600000,"[-9.9e-05, 2.9e-05, -0.000527]",-3.41,-0.2714076246334311
AIOZ,-0.001758,Mild,-0.000636,0.000161,0.001122,High,0.4153,0.4011,-3.42,,1000,-34.19,-3.42,1740960000000,"[-0.000617, -0.000841, -0.000449]",-3.42,-0.051403508771929826
J,-0.001496,Mild,-0.000242,4.3e-05,0.001254,High,0.5434,0.5247,-3.44,,1000,-34.41,-3.44,1737590400000,"[-0.000228, -0.0003, -0.000197]",-3.44,-0.04348837209302325
ANIME,-0.009699,Strong,-0.0031,0.0,0.006599,High,0.02764,0.02669,-3.44,,1000,-34.37,-3.44,1749758400000,"[-0.0031, -0.0031, -0.0031]",-3.44,-0.28194767441860463
GAS,-0.001107,Mild,-0.000171,0.000153,0.000936,High,3.811,3.679,-3.46,,1000,-34.64,-3.46,1744948800000,"[4.2e-05, -0.000311, -0.000245]",-3.46,-0.03199421965317919
F,-0.00355,Moderate,0.0001,0.0,0.00365,High,0.0403,0.0389,-3.47,,1000,-34.74,-3.47,1739174400000,"[0.0001, 0.0001, 0.0001]",-3.47,-0.10230547550432277
MOVR,-0.001621,Mild,-1.5e-05,0.000202,0.001606,Medium,18.092,17.461,-3.49,,1000,-34.88,-3.49,1732406400000,"[-0.000289, 5e-05, 0.000194]",-3.49,-0.04644699140401146
SXT,-0.00105,Mild,-3.3e-05,3.4e-05,0.001017,High,0.077,0.0743,-3.51,,1000,-35.06,-3.51,1751256000000,"[1.4e-05, -4.8e-05, -6.6e-05]",-3.51,-0.029914529914529912
MYX,-0.00218,Moderate,-0.000551,0.000202,0.001629,Medium,0.09212,0.0888,-3.6,,1000,-36.04,-3.6,1752400800000,"[-0.000818, -0.00033, -0.000505]",-3.6,-0.06055555555555555
BOBA,-0.003664,Moderate,0.0001,0.0,0.003764,High,0.0966,0.0931,-3.62,,1000,-36.23,-3.62,1749456000000,"[0.0001, 0.0001, 0.0001]",-3.62,-0.10121546961325967
MASK,-0.006581,Strong,0.000492,0.000246,0.007073,Medium,1.475,1.421,-3.66,,1000,-36.61,-3.66,1743552000000,"[0.000836, 0.000363, 0.000276]",-3.66,-0.1798087431693989
BEAMX,-0.009021,Strong,5e-05,0.0,0.009071,High,0.031685,0.030525,-3.66,,1000,-36.61,-3.66,1717142400000,"[5e-05, 5e-05, 5e-05]",-3.66,-0.24647540983606556
SKL,-0.004201,Moderate,4.5e-05,7.7e-05,0.004246,High,0.02454,0.02364,-3.67,,1000,-36.67,-3.67,1745251200000,"[-6.4e-05, 0.0001, 0.0001]",-3.67,-0.11446866485013625
TAIKO,-0.002376,Moderate,-0.000327,0.00026,0.002049,Medium,0.643,0.619,-3.73,,1000,-37.33,-3.73,1748678400000,"[-0.000275, -0.000668, -3.7e-05]",-3.73,-0.06369973190348525
CARV,-0.002252,Moderate,-0.00012,0.000132,0.002132,High,0.3854,0.3709,-3.76,,1000,-37.62,-3.76,1748592000000,"[-0.000272, -0.000138, 5e-05]",-3.76,-0.05989361702127661
HEI,-0.001146,Mild,-7.6e-05,9.4e-05,0.00107,High,0.765,0.736,-3.79,,1000,-37.91,-3.79,1739606400000,"[-0.000105, -0.000174, 5e-05]",-3.79,-0.030237467018469657
RPL,-0.002324,Moderate,-9.7e-05,0.0001,0.002227,High,5.462,5.253,-3.83,,1000,-38.26,-3.83,1748606400000,"[-0.000223, -8.9e-05, 2.2e-05]",-3.83,-0.060678851174934725
ARK,-0.003361,Moderate,-2.4e-05,9.3e-05,0.003337,High,0.4044,0.3889,-3.83,,1000,-38.33,-3.83,1749729600000,"[-0.000155, 3.3e-05, 5e-05]",-3.83,-0.08775456919060051
ERA,-0.001396,Mild,-0.000571,0.00029,0.000825,Medium,1.355,1.3025,-3.87,,1000,-38.75,-3.87,1752890400000,"[-0.000972, -0.000445, -0.000295]",-3.87,-0.036072351421188635
CARV,-0.003729,Moderate,4.3e-05,9e-06,0.003772,High,1.2588,1.21,-3.88,,1000,-38.77,-3.88,1728964800000,"[5e-05, 5e-05, 3e-05]",-3.88,-0.09610824742268041
X,-0.002703,Moderate,-0.000105,0.000211,0.002598,Medium,0.000154,0.000148,-3.87,,1000,-38.96,-3.9,1742486400000,"[0.000117, -0.000388, -4.3e-05]",-3.9,-0.06984496124031009
LPT,-0.002995,Moderate,-0.000252,0.000112,0.002743,High,6.39,6.14,-3.91,,1000,-39.12,-3.91,1751040000000,"[-0.000158, -0.000189, -0.000409]",-3.91,-0.07659846547314578
PRCL,-0.001502,Mild,0.000548,0.000166,0.00205,High,0.4766,0.4579,-3.92,,1000,-39.24,-3.92,1717516800000,"[0.000318, 0.000704, 0.000622]",-3.92,-0.038316326530612246
SCRT,-0.011898,Strong,6e-05,5.7e-05,0.011958,High,0.4807,0.4618,-3.93,,1000,-39.32,-3.93,1707782400000,"[-2e-05, 0.0001, 0.0001]",-3.93,-0.30274809160305344
OBT,-0.003787,Moderate,-0.000765,0.000279,0.003022,Medium,0.00786,0.00755,-3.94,,1000,-39.44,-3.94,1749772800000,"[-0.001096, -0.000787, -0.000413]",-3.94,-0.09611675126903554
ATH,-0.002351,Moderate,-0.000378,7.2e-05,0.001973,High,0.03873,0.03719,-3.98,,1000,-39.76,-3.98,1740643200000,"[-0.000415, -0.000277, -0.000441]",-3.98,-0.05907035175879396
JELLYJELLY,-0.001971,Mild,5e-05,0.0,0.002021,High,0.00548,0.00526,-4.01,,1000,-40.15,-4.01,1741708800000,"[5e-05, 5e-05, 5e-05]",-4.01,-0.049152119700748134
XMR,-0.0064,Strong,7.1e-05,4.1e-05,0.006471,High,291.7,279.62,-4.14,,1000,-41.41,-4.14,1745827200000,"[1.4e-05, 0.0001, 0.0001]",-4.14,-0.15458937198067635
AUDIO,-0.003944,Moderate,-4.4e-05,0.000115,0.0039,High,0.07683,0.07359,-4.22,,1000,-42.17,-4.22,1746489600000,"[-0.000181, -5e-05, 0.0001]",-4.22,-0.09345971563981043
OG,-0.002472,Moderate,-9.4e-05,0.000275,0.002378,Medium,4.167,3.991,-4.22,,1000,-42.24,-4.22,1738425600000,"[0.0001, -0.000483, 0.0001]",-4.22,-0.058578199052132705
OBT,-0.012794,Strong,-8.5e-05,0.000162,0.012709,High,0.0291,0.02787,-4.23,,1000,-42.27,-4.23,1741939200000,"[-0.0002, 0.000144, -0.0002]",-4.23,-0.3024586288416075
STARTUP,-0.005009,Strong,0.000128,1.3e-05,0.005137,High,0.03446,0.033,-4.24,,1000,-42.37,-4.24,1747584000000,"[0.000146, 0.000115, 0.000122]",-4.24,-0.1181367924528302
AVL,-0.003814,Moderate,-0.000293,0.00018,0.003521,High,0.2019,0.1933,-4.26,,1000,-42.6,-4.26,1749571200000,"[-0.000541, -0.000219, -0.000118]",-4.26,-0.08953051643192489
CARV,-0.002979,Moderate,0.0001,0.0,0.003079,High,0.9823,0.9402,-4.29,,1000,-42.86,-4.29,1734825600000,"[0.0001, 0.0001, 0.0001]",-4.29,-0.06944055944055944
SAFE,-0.003439,Moderate,-3e-05,5.7e-05,0.003409,High,0.5341,0.5112,-4.29,,1000,-42.88,-4.29,1752465600000,"[-7.9e-05, -6e-05, 5e-05]",-4.29,-0.08016317016317016
PEAQ,-0.001097,Mild,-0.000193,0.000222,0.000904,Medium,0.0907,0.0868,-4.3,,1000,-43.0,-4.3,1751472000000,"[0.0001, -0.000436, -0.000244]",-4.3,-0.02551162790697675
HIVE,-0.006564,Strong,5e-05,0.0,0.006614,High,0.2741,0.2623,-4.3,,1000,-43.05,-4.3,1742875200000,"[5e-05, 5e-05, 5e-05]",-4.3,-0.1526511627906977
OGN,-0.00269,Moderate,8.2e-05,2.5e-05,0.002772,High,0.0675,0.0646,-4.3,,1000,-42.96,-4.3,1745164800000,"[4.6e-05, 0.0001, 0.0001]",-4.3,-0.06255813953488373
XCN,-0.001031,Mild,-0.000413,0.000195,0.000618,High,0.00152,0.001454,-4.34,,1000,-43.42,-4.34,1729612800000,"[-0.000385, -0.00019, -0.000665]",-4.34,-0.023755760368663593
SONIC,-0.002668,Moderate,-3.6e-05,3.5e-05,0.002632,High,0.2392,0.2288,-4.35,,1000,-43.48,-4.35,1741622400000,"[1e-05, -7.4e-05, -4.4e-05]",-4.35,-0.06133333333333333
CTK,-0.001865,Mild,1.7e-05,4.7e-05,0.001882,High,0.7086,0.6776,-4.37,,1000,-43.75,-4.37,1730332800000,"[-5e-05, 5e-05, 5e-05]",-4.37,-0.042677345537757434
AUCTION,-0.003631,Moderate,-0.000416,0.00019,0.003215,High,16.55,15.82,-4.41,,1000,-44.11,-4.41,1743912000000,"[-0.000685, -0.000269, -0.000295]",-4.41,-0.08233560090702947
GODS,-0.001214,Mild,0.000426,0.0003,0.00164,Medium,0.1357,0.1297,-4.42,,1000,-44.22,-4.42,1739793600000,"[0.000261, 0.000846, 0.00017]",-4.42,-0.02746606334841629
SYS,-0.001672,Mild,-8.7e-05,0.000194,0.001585,High,0.1731,0.1654,-4.45,,1000,-44.48,-4.45,1724126400000,"[-0.000361, 5e-05, 5e-05]",-4.45,-0.03757303370786517
CARV,-0.001918,Mild,-0.000934,0.000261,0.000984,Medium,0.3031,0.2895,-4.49,,1000,-44.87,-4.49,1749772800000,"[-0.000883, -0.000642, -0.001276]",-4.49,-0.042717149220489976
SXP,-0.001034,Mild,0.000104,6e-06,0.001138,High,0.3903,0.3727,-4.51,,1000,-45.09,-4.51,1731398400000,"[0.000112, 0.0001, 0.0001]",-4.51,-0.022926829268292682
BABY,-0.00329,Moderate,5e-05,0.0,0.00334,High,0.06424,0.06134,-4.51,,1000,-45.14,-4.51,1753387200000,"[5e-05, 5e-05, 5e-05]",-4.51,-0.0729490022172949
JELLYJELLY,-0.01528,Strong,5e-05,0.0,0.01533,High,0.02446,0.02335,-4.54,,1000,-45.38,-4.54,1743004800000,"[5e-05, 5e-05, 5e-05]",-4.54,-0.33656387665198234
MBOX,-0.001589,Mild,-2.7e-05,9.2e-05,0.001562,High,0.1741,0.1662,-4.54,,1000,-45.38,-4.54,1724227200000,"[-0.000116, -6.5e-05, 0.0001]",-4.54,-0.034999999999999996
SPELL,-0.001113,Mild,-3.2e-05,0.0001,0.001081,High,0.000571,0.000545,-4.57,,1000,-45.53,-4.55,1748707200000,"[-5.6e-05, -0.000141, 0.0001]",-4.55,-0.02435448577680525
AVAIL,-0.008409,Strong,0.0001,0.0,0.008509,High,0.0279,0.02663,-4.55,,1000,-45.52,-4.55,1750406400000,"[0.0001, 0.0001, 0.0001]",-4.55,-0.1848131868131868
ARK,-0.0067,Strong,0.000226,3e-05,0.006926,High,0.5853,0.5586,-4.56,,1000,-45.62,-4.56,1735545600000,"[0.000188, 0.000261, 0.000228]",-4.56,-0.14692982456140352
PUFFER,-0.001201,Mild,7.7e-05,0.000108,0.001278,High,0.2442,0.233,-4.59,,1000,-45.86,-4.59,1743134400000,"[-8e-06, 1e-05, 0.000229]",-4.59,-0.026165577342047934
RED,-0.001772,Mild,-7.1e-05,0.000232,0.001701,Medium,0.4352,0.4152,-4.6,,1000,-45.96,-4.6,1745280000000,"[5e-06, 0.000168, -0.000386]",-4.6,-0.03852173913043478
REQ,-0.002765,Moderate,0.000102,2e-06,0.002867,High,0.15504,0.14787,-4.62,,1000,-46.25,-4.62,1716364800000,"[0.0001, 0.000105, 0.0001]",-4.62,-0.05984848484848485
PUNDIX,-0.001549,Mild,-0.000739,0.000151,0.00081,High,0.4227,0.403,-4.66,,1000,-46.61,-4.66,1748433600000,"[-0.000564, -0.000933, -0.000721]",-4.66,-0.033240343347639485
RPL,-0.00117,Mild,5e-05,0.0,0.00122,High,7.203,6.867,-4.66,,1000,-46.65,-4.66,1746936000000,"[5e-05, 5e-05, 5e-05]",-4.66,-0.025107296137339054
RARE,-0.003386,Moderate,4.2e-05,1.2e-05,0.003428,High,0.07008,0.0668,-4.68,,1000,-46.8,-4.68,1745755200000,"[2.5e-05, 5e-05, 5e-05]",-4.68,-0.07235042735042736
API3,-0.001164,Mild,5e-05,0.0,0.001214,High,0.9599,0.9148,-4.7,,1000,-46.98,-4.7,1753128000000,"[5e-05, 5e-05, 5e-05]",-4.7,-0.024765957446808512
MOCA,-0.001324,Mild,-0.000712,0.000129,0.000612,High,0.142,0.1353,-4.72,,1000,-47.18,-4.72,1740355200000,"[-0.000836, -0.000534, -0.000766]",-4.72,-0.02805084745762712
TNSR,-0.001136,Mild,-0.000293,7.1e-05,0.000843,High,0.4625,0.4405,-4.76,,1000,-47.57,-4.76,1738339200000,"[-0.000379, -0.000295, -0.000205]",-4.76,-0.0238655462184874
MOBILE,-0.009721,Strong,-0.000624,0.000293,0.009097,Medium,0.002457,0.00234,-4.76,,1000,-47.62,-4.76,1713196800000,"[-0.000444, -0.001037, -0.000392]",-4.76,-0.20422268907563026
BEAMX,-0.001492,Mild,-0.000158,8.7e-05,0.001334,High,0.014526,0.013833,-4.77,,1000,-47.71,-4.77,1723363200000,"[-0.00028, -0.000105, -8.8e-05]",-4.77,-0.031278825995807134
PUMPBTC,-0.003997,Moderate,5e-05,0.0,0.004047,High,0.04381,0.04171,-4.79,,1000,-47.93,-4.79,1750406400000,"[5e-05, 5e-05, 5e-05]",-4.79,-0.0834446764091858
HIVE,-0.001446,Mild,5e-05,0.0,0.001496,High,0.2824,0.2686,-4.89,,1000,-48.87,-4.89,1747454400000,"[5e-05, 5e-05, 5e-05]",-4.89,-0.029570552147239266
SWEAT,-0.002449,Moderate,5e-05,0.0,0.002499,High,0.003022,0.002874,-4.9,,1000,-48.97,-4.9,1750521600000,"[5e-05, 5e-05, 5e-05]",-4.9,-0.049979591836734685
NIL,-0.001273,Mild,2.3e-05,3.8e-05,0.001296,High,0.8088,0.7692,-4.9,,1000,-48.96,-4.9,1742889600000,"[-3e-05, 5e-05, 5e-05]",-4.9,-0.025979591836734695
SAFE,-0.002452,Moderate,-3.5e-05,0.000121,0.002417,High,0.7352,0.6987,-4.96,,1000,-49.65,-4.96,1748577600000,"[5e-05, 5e-05, -0.000206]",-4.96,-0.049435483870967745
DUCK,-0.01979,Strong,5e-05,0.0,0.01984,High,0.004211,0.004,-5.01,,1000,-50.11,-5.01,1750766400000,"[5e-05, 5e-05, 5e-05]",-5.01,-0.39500998003992016
SHM,-0.010037,Strong,0.000138,6e-06,0.010175,High,0.2028,0.1926,-5.03,,1000,-50.3,-5.03,1748793600000,"[0.000142, 0.00013, 0.000143]",-5.03,-0.1995427435387674
RON,-0.001251,Mild,0.000193,0.000154,0.001444,High,3.673,3.488,-5.04,,1000,-50.37,-5.04,1710806400000,"[-2.2e-05, 0.000273, 0.000328]",-5.04,-0.02482142857142857
XCN,-0.00196,Mild,-0.000209,0.000183,0.001751,High,0.018182,0.017257,-5.09,,1000,-50.87,-5.09,1740528000000,"[-0.00033, -0.000347, 5e-05]",-5.09,-0.038506876227897835
BAL,-0.001856,Mild,0.0001,0.0,0.001956,High,1.582,1.501,-5.12,,1000,-51.2,-5.12,1753113600000,"[0.0001, 0.0001, 0.0001]",-5.12,-0.03625
ATA,-0.001723,Mild,-0.000229,0.000215,0.001494,Medium,0.1518,0.144,-5.14,,1000,-51.38,-5.14,1713196800000,"[-0.000437, 6.7e-05, -0.000316]",-5.14,-0.03352140077821012
SIREN,-0.001394,Mild,-0.000164,0.000175,0.00123,High,0.06413,0.0608,-5.19,,1000,-51.93,-5.19,1742990400000,"[-0.000379, 5e-05, -0.000164]",-5.19,-0.026859344894026974
XVG,-0.001325,Mild,6.2e-05,1.5e-05,0.001387,High,0.006732,0.006382,-5.2,,1000,-51.99,-5.2,1715270400000,"[5.4e-05, 5e-05, 8.3e-05]",-5.2,-0.025480769230769227
UMA,-0.002534,Moderate,-9.2e-05,0.000201,0.002442,Medium,1.338,1.268,-5.23,,1000,-52.32,-5.23,1749225600000,"[5e-05, -0.000376, 5e-05]",-5.23,-0.048451242829827906
AVL,-0.001896,Mild,-5e-06,4.2e-05,0.001891,High,0.4633,0.439,-5.24,,1000,-52.45,-5.24,1743062400000,"[-6.5e-05, 2.5e-05, 2.5e-05]",-5.24,-0.036183206106870223
RARE,-0.013428,Strong,-0.000564,0.000137,0.012864,High,0.06826,0.06463,-5.32,,1000,-53.18,-5.32,1744790400000,"[-0.000758, -0.000471, -0.000462]",-5.32,-0.25240601503759397
LISTA,-0.001639,Mild,5e-05,0.0,0.001689,High,0.193,0.1827,-5.34,,1000,-53.37,-5.34,1744531200000,"[5e-05, 5e-05, 5e-05]",-5.34,-0.030692883895131088
STEEM,-0.003733,Moderate,5e-05,0.0,0.003783,High,0.3156,0.2987,-5.35,,1000,-53.55,-5.35,1713960000000,"[5e-05, 5e-05, 5e-05]",-5.35,-0.06977570093457944
ORCA,-0.003396,Moderate,5e-05,0.0,0.003446,High,2.825,2.674,-5.35,,1000,-53.45,-5.35,1752494400000,"[5e-05, 5e-05, 5e-05]",-5.35,-0.06347663551401869
QI,-0.001274,Mild,-0.000549,0.000112,0.000725,High,0.01082,0.01024,-5.36,,1000,-53.6,-5.36,1738540800000,"[-0.000677, -0.000567, -0.000404]",-5.36,-0.02376865671641791
ANKR,-0.002982,Moderate,0.0001,0.0,0.003082,High,0.02367,0.02239,-5.41,,1000,-54.08,-5.41,1742803200000,"[0.0001, 0.0001, 0.0001]",-5.41,-0.05512014787430684
SOONNETWORK,-0.003535,Moderate,-0.001016,0.000164,0.002519,High,0.3254,0.3077,-5.44,,1000,-54.39,-5.44,1748836800000,"[-0.000787, -0.001158, -0.001104]",-5.44,-0.06498161764705881
L3,-0.001354,Mild,-0.000817,0.000105,0.000537,High,0.06599,0.06238,-5.47,,1000,-54.71,-5.47,1749139200000,"[-0.000904, -0.000669, -0.000878]",-5.47,-0.024753199268738573
PUNDIX,-0.001594,Mild,-0.000197,0.000221,0.001397,Medium,0.3086,0.2917,-5.48,,1000,-54.76,-5.48,1751659200000,"[-0.000507, -3e-06, -8.2e-05]",-5.48,-0.02908759124087591
XVG,-0.001347,Mild,0.0001,0.0,0.001447,High,0.007213,0.006818,-5.48,,1000,-54.76,-5.48,1731715200000,"[0.0001, 0.0001, 0.0001]",-5.48,-0.02458029197080292
OBT,-0.002537,Moderate,5e-05,0.0,0.002587,High,0.01209,0.01142,-5.54,,1000,-55.42,-5.54,1748534400000,"[5e-05, 5e-05, 5e-05]",-5.54,-0.04579422382671481
MOCA,-0.02,Strong,0.0001,0.0,0.0201,High,0.2284,0.2157,-5.56,,1000,-55.6,-5.56,1734336000000,"[0.0001, 0.0001, 0.0001]",-5.56,-0.3597122302158274
STO,-0.002415,Moderate,2e-06,6.7e-05,0.002417,High,0.10345,0.09767,-5.59,,1000,-55.87,-5.59,1752163200000,"[-9.3e-05, 5e-05, 5e-05]",-5.59,-0.043202146690518785
SLF,-0.002891,Moderate,-1.4e-05,0.000161,0.002877,High,0.1753,0.1654,-5.65,,1000,-56.47,-5.65,1748707200000,"[-0.000242, 0.0001, 0.0001]",-5.65,-0.05116814159292035
PARTI,-0.001244,Mild,5e-05,0.0,0.001294,High,0.354,0.334,-5.65,,1000,-56.5,-5.65,1743134400000,"[5e-05, 5e-05, 5e-05]",-5.65,-0.02201769911504425
FUN,-0.001066,Mild,-0.000523,0.000189,0.000543,High,0.008286,0.007807,-5.78,,1000,-57.81,-5.78,1744084800000,"[-0.000266, -0.000717, -0.000585]",-5.78,-0.018442906574394465
IQ,-0.00294,Moderate,-0.002004,0.000112,0.000936,High,0.010498,0.009885,-5.84,,1000,-58.39,-5.84,1733702400000,"[-0.0021, -0.001847, -0.002064]",-5.84,-0.05034246575342466
NEWT,-0.02,Strong,5e-05,0.0,0.02005,High,0.5996,0.5644,-5.87,,1000,-58.71,-5.87,1750780800000,"[5e-05, 5e-05, 5e-05]",-5.87,-0.34071550255536626
EPT,-0.001285,Mild,-0.000603,5.7e-05,0.000682,High,0.01424,0.0134,-5.9,,1000,-58.99,-5.9,1745308800000,"[-0.000668, -0.000613, -0.000529]",-5.9,-0.02177966101694915
MLN,-0.006434,Strong,5e-05,0.0,0.006484,High,11.61,10.91,-6.03,,1000,-60.29,-6.03,1743854400000,"[5e-05, 5e-05, 5e-05]",-6.03,-0.10669983416252073
BOBA,-0.002408,Moderate,7.9e-05,3e-05,0.002487,High,0.1176,0.1105,-6.04,,1000,-60.37,-6.04,1748044800000,"[3.6e-05, 0.0001, 0.0001]",-6.04,-0.03986754966887417
XEM,-0.004312,Moderate,0.000669,0.00012,0.004981,High,0.02379,0.02235,-6.05,,1000,-60.53,-6.05,1731830400000,"[0.000836, 0.000559, 0.000613]",-6.05,-0.07127272727272728
HAEDAL,-0.008165,Strong,-0.000131,0.000111,0.008034,High,0.1895,0.178,-6.07,,1000,-60.69,-6.07,1747915200000,"[-0.000165, 1.9e-05, -0.000247]",-6.07,-0.1345140032948929
PIPPIN,-0.001318,Mild,5e-05,0.0,0.001368,High,0.12198,0.11458,-6.07,,1000,-60.67,-6.07,1737921600000,"[5e-05, 5e-05, 5e-05]",-6.07,-0.021713344316309717
XCN,-0.002707,Moderate,-0.000341,0.000288,0.002366,Medium,0.020134,0.018904,-6.11,,1000,-61.09,-6.11,1740355200000,"[-0.000634, -0.000439, 5e-05]",-6.11,-0.04430441898527005
BOBA,-0.003532,Moderate,0.000226,0.000179,0.003758,High,1.22,1.1453,-6.12,,1000,-61.23,-6.12,1710460800000,"[0.0001, 0.000479, 0.0001]",-6.12,-0.057712418300653594
MYX,-0.001106,Mild,9e-06,5e-06,0.001115,High,0.12227,0.11474,-6.16,,1000,-61.59,-6.16,1752332400000,"[1.2e-05, 2e-06, 1.2e-05]",-6.16,-0.017954545454545452
AUCTION,-0.001175,Mild,5e-05,0.0,0.001225,High,24.9,23.35,-6.22,,1000,-62.25,-6.22,1712217600000,"[5e-05, 5e-05, 5e-05]",-6.22,-0.01889067524115756
IOST,-0.00185,Mild,7.9e-05,3e-05,0.001929,High,0.003917,0.003672,-6.25,,1000,-62.55,-6.25,1749225600000,"[3.7e-05, 0.0001, 0.0001]",-6.25,-0.0296
ALGO,-0.002405,Moderate,0.0001,0.0,0.002505,High,0.2413,0.2261,-6.3,,1000,-62.99,-6.3,1713945600000,"[0.0001, 0.0001, 0.0001]",-6.3,-0.038174603174603174
CARV,-0.02,Strong,-7e-06,0.000151,0.019993,High,0.5739,0.5374,-6.36,,1000,-63.6,-6.36,1740643200000,"[0.0001, 0.0001, -0.000221]",-6.36,-0.31446540880503143
SOPH,-0.001121,Mild,-0.000248,4.8e-05,0.000873,High,0.05977,0.05591,-6.46,,1000,-64.58,-6.46,1748649600000,"[-0.000183, -0.000262, -0.000298]",-6.46,-0.01735294117647059
RAD,-0.001044,Mild,-0.000209,0.000219,0.000835,Medium,0.7312,0.6827,-6.63,,1000,-66.33,-6.63,1743955200000,"[0.0001, -0.000384, -0.000343]",-6.63,-0.01574660633484163
HYPER,-0.004986,Moderate,-0.003426,0.00028,0.00156,Medium,0.5446,0.5084,-6.65,,1000,-66.47,-6.65,1753488000000,"[-0.00362, -0.00303, -0.003629]",-6.65,-0.07497744360902255
FB,-0.001777,Mild,-0.000171,0.000202,0.001606,Medium,8.92,8.32,-6.73,,1000,-67.26,-6.73,1728288000000,"[-0.000225, -0.000387, 0.0001]",-6.73,-0.026404160475482913
MILK,-0.003293,Moderate,5e-05,0.0,0.003343,High,0.0696,0.0649,-6.75,,1000,-67.53,-6.75,1751025600000,"[5e-05, 5e-05, 5e-05]",-6.75,-0.04878518518518518
DMC,-0.005383,Strong,-0.003028,0.000106,0.002355,High,0.004914,0.004582,-6.76,,1000,-67.56,-6.76,1750896000000,"[-0.003119, -0.00288, -0.003086]",-6.76,-0.0796301775147929
ASR,-0.010053,Strong,-0.000177,3.3e-05,0.009876,High,1.741,1.623,-6.78,,1000,-67.78,-6.78,1746374400000,"[-0.0002, -0.0002, -0.00013]",-6.78,-0.14827433628318584
ZERO,-0.005051,Strong,-0.000131,8e-06,0.00492,High,0.000235,0.000219,-6.97,,1000,-68.09,-6.81,1740844800000,"[-0.000133, -0.00012, -0.000139]",-6.81,-0.072467718794835
ZETA,-0.007971,Strong,-0.000138,4e-05,0.007833,High,1.7797,1.6583,-6.82,,1000,-68.21,-6.82,1714723200000,"[-8.3e-05, -0.000178, -0.000153]",-6.82,-0.1168768328445748
RUNE,-0.001044,Mild,0.0001,0.0,0.001144,High,1.926,1.794,-6.85,,1000,-68.54,-6.85,1738396800000,"[0.0001, 0.0001, 0.0001]",-6.85,-0.01524087591240876
KERNEL,-0.002571,Moderate,5e-05,0.0,0.002621,High,0.2132,0.1985,-6.89,,1000,-68.95,-6.89,1747972800000,"[5e-05, 5e-05, 5e-05]",-6.89,-0.03731494920174165
D,-0.001308,Mild,5e-05,0.0,0.001358,High,0.04844,0.04509,-6.92,,1000,-69.16,-6.92,1746518400000,"[5e-05, 5e-05, 5e-05]",-6.92,-0.018901734104046244
NMR,-0.007655,Strong,0.00017,4.6e-05,0.007825,High,11.233,10.454,-6.93,,1000,-69.35,-6.93,1748606400000,"[0.000108, 0.000185, 0.000217]",-6.93,-0.11046176046176047
BOOP,-0.005034,Strong,-3.8e-05,0.000172,0.004996,High,0.3648,0.3394,-6.96,,1000,-69.63,-6.96,1746432000000,"[-0.0002, -0.000113, 0.0002]",-6.96,-0.07232758620689655
VANA,-0.001318,Mild,-1e-05,4.5e-05,0.001308,High,5.907,5.496,-6.96,,1000,-69.58,-6.96,1741521600000,"[5e-05, -5.9e-05, -2.1e-05]",-6.96,-0.018936781609195402
LA,-0.006103,Strong,-0.003436,5.6e-05,0.002667,High,1.5343,1.427,-6.99,,1000,-69.93,-6.99,1749214800000,"[-0.003433, -0.003369, -0.003505]",-6.99,-0.087310443490701
UMA,-0.005158,Strong,-0.000126,0.000249,0.005032,Medium,1.926,1.791,-7.01,,1000,-70.09,-7.01,1753128000000,"[-0.000478, 5e-05, 5e-05]",-7.01,-0.0735805991440799
RESOLV,-0.004153,Moderate,2e-05,4.2e-05,0.004173,High,0.16289,0.15145,-7.02,,1000,-70.23,-7.02,1751414400000,"[-4e-05, 5e-05, 5e-05]",-7.02,-0.05915954415954416
KMNO,-0.001897,Mild,-7.4e-05,9e-05,0.001823,High,0.09037,0.08396,-7.09,,1000,-70.93,-7.09,1746532800000,"[-0.000161, 5e-05, -0.000112]",-7.09,-0.026755994358251056
RPL,-0.014162,Strong,0.0001,0.0,0.014262,High,30.3,28.12,-7.19,,1000,-71.95,-7.19,1718352000000,"[0.0001, 0.0001, 0.0001]",-7.19,-0.19696801112656465
BMT,-0.001233,Mild,3e-05,2.9e-05,0.001263,High,0.0991,0.0919,-7.27,,1000,-72.65,-7.27,1743940800000,"[-1.1e-05, 5e-05, 5e-05]",-7.27,-0.016960110041265474
BROCCOLI,-0.005,Strong,-0.000177,3.3e-05,0.004823,High,0.1781,0.165,-7.36,,1000,-73.55,-7.36,1739534400000,"[-0.0002, -0.0002, -0.000131]",-7.36,-0.06793478260869565
STARTUP,-0.010058,Strong,-0.005054,1.4e-05,0.005004,High,0.04577,0.04237,-7.43,,1000,-74.28,-7.43,1751486400000,"[-0.005074, -0.005044, -0.005043]",-7.43,-0.13537012113055183
LSK,-0.004034,Moderate,-1.9e-05,5.1e-05,0.004015,High,1.1166,1.0316,-7.61,,1000,-76.12,-7.61,1736740800000,"[-7.1e-05, 5e-05, -3.6e-05]",-7.61,-0.053009198423127464
HIGH,-0.001795,Mild,0.0001,0.0,0.001895,High,6.0636,5.6004,-7.64,,1000,-76.39,-7.64,1717862400000,"[0.0001, 0.0001, 0.0001]",-7.64,-0.02349476439790576
GAS,-0.002646,Moderate,5e-05,0.0,0.002696,High,3.986,3.679,-7.7,,1000,-77.02,-7.7,1753272000000,"[5e-05, 5e-05, 5e-05]",-7.7,-0.03436363636363636
ARK,-0.001662,Mild,0.000245,3.8e-05,0.001907,High,0.714,0.659,-7.7,,1000,-77.03,-7.7,1718668800000,"[0.0002, 0.000241, 0.000293]",-7.7,-0.021584415584415585
COMP,-0.015867,Strong,-0.000146,0.000136,0.015721,High,52.28,48.25,-7.71,,1000,-77.08,-7.71,1743494400000,"[-6.7e-05, -3.4e-05, -0.000338]",-7.71,-0.2057976653696498
STG,-0.006273,Strong,-0.000224,0.000178,0.006049,High,0.3932,0.3619,-7.96,,1000,-79.6,-7.96,1723363200000,"[-0.000467, -0.000158, -4.6e-05]",-7.96,-0.07880653266331658
JELLYJELLY,-0.001194,Mild,5e-05,0.0,0.001244,High,0.05,0.0459,-8.2,,1000,-82.0,-8.2,1738425600000,"[5e-05, 5e-05, 5e-05]",-8.2,-0.014560975609756098
XCN,-0.001778,Mild,-0.000852,0.000127,0.000926,High,0.034745,0.031836,-8.37,,1000,-83.72,-8.37,1738425600000,"[-0.001031, -0.000746, -0.000778]",-8.37,-0.021242532855436085
LABUBU,-0.00503,Strong,-8.6e-05,0.000162,0.004944,High,0.0725,0.06642,-8.39,,1000,-83.86,-8.39,1748620800000,"[-0.0002, 0.000143, -0.0002]",-8.39,-0.059952324195470794
NMR,-0.014289,Strong,5.9e-05,0.000117,0.014348,High,11.93,10.92,-8.47,,1000,-84.66,-8.47,1742241600000,"[0.000134, -0.000106, 0.000149]",-8.47,-0.16870129870129869
MERL,-0.004664,Moderate,5e-05,0.0,0.004714,High,0.1586,0.14489,-8.64,,1000,-86.44,-8.64,1753329600000,"[5e-05, 5e-05, 5e-05]",-8.64,-0.05398148148148148
SEND,-0.003259,Moderate,-0.00232,0.000177,0.000939,High,1.3453,1.2273,-8.77,,1000,-87.71,-8.77,1738540800000,"[-0.002457, -0.002434, -0.00207]",-8.77,-0.03716077537058153
SIGN,-0.02,Strong,5e-05,0.0,0.02005,High,0.12025,0.10956,-8.89,,1000,-88.9,-8.89,1745913600000,"[5e-05, 5e-05, 5e-05]",-8.89,-0.2249718785151856
HOME,-0.002633,Moderate,0.000118,1.4e-05,0.002751,High,0.03306,0.03012,-8.89,,1000,-88.93,-8.89,1753171200000,"[0.000109, 0.000138, 0.000108]",-8.89,-0.029617547806524182
BAN,-0.012028,Strong,-0.000123,0.000186,0.011905,High,0.0734,0.0668,-8.99,,1000,-89.92,-8.99,1739102400000,"[-3.7e-05, -0.000381, 5e-05]",-8.99,-0.13379310344827586
SHM,-0.00503,Strong,-0.000192,1.1e-05,0.004838,High,0.3516,0.32,-8.99,,1000,-89.87,-8.99,1746835200000,"[-0.000176, -0.0002, -0.0002]",-8.99,-0.05595105672969966
TOKEN,-0.001263,Mild,-0.000362,0.00024,0.000901,Medium,0.06396,0.05816,-9.07,,1000,-90.68,-9.07,1736395200000,"[-0.00069, -0.000271, -0.000124]",-9.07,-0.01392502756339581
PROM,-0.003838,Moderate,0.0001,0.0,0.003938,High,12.058,10.912,-9.5,,1000,-95.04,-9.5,1714723200000,"[0.0001, 0.0001, 0.0001]",-9.5,-0.0404
API3,-0.001567,Mild,5e-05,0.0,0.001617,High,1.9394,1.7538,-9.57,,1000,-95.7,-9.57,1731600000000,"[5e-05, 5e-05, 5e-05]",-9.57,-0.016374085684430512
BAL,-0.00222,Moderate,9e-05,1.5e-05,0.00231,High,1.167,1.054,-9.68,,1000,-96.83,-9.68,1744704000000,"[0.0001, 6.9e-05, 0.0001]",-9.68,-0.022933884297520662
RAD,-0.009679,Strong,0.0001,0.0,0.009779,High,1.288,1.162,-9.78,,1000,-97.83,-9.78,1738512000000,"[0.0001, 0.0001, 0.0001]",-9.78,-0.09896728016359918
MYX,-0.00102,Mild,-0.000181,0.000193,0.000839,High,0.10642,0.09583,-9.95,,1000,-99.51,-9.95,1752357600000,"[-0.000445, -0.000109, 1.2e-05]",-9.95,-0.010251256281407037
MBL,-0.00241,Moderate,-0.000244,0.000295,0.002166,Medium,0.003279,0.002943,-10.25,,1000,-102.47,-10.25,1718582400000,"[-0.000213, -0.00062, 0.0001]",-10.25,-0.02351219512195122
L3,-0.002214,Moderate,1.5e-05,0.000121,0.002229,High,0.05558,0.04959,-10.78,,1000,-107.77,-10.78,1751673600000,"[-0.000156, 0.0001, 0.0001]",-10.78,-0.020538033395176254
BIGTIME,-0.001889,Mild,5e-05,0.0,0.001939,High,0.2484,0.2212,-10.95,,1000,-109.5,-10.95,1713859200000,"[5e-05, 5e-05, 5e-05]",-10.95,-0.01725114155251142
AGLD,-0.02,Strong,0.000464,0.000124,0.020464,High,2.7433,2.4424,-10.97,,1000,-109.69,-10.97,1731484800000,"[0.00052, 0.000292, 0.00058]",-10.97,-0.18231540565177756
NXPC,-0.001607,Mild,-0.00035,0.000192,0.001257,High,1.542,1.368,-11.28,,1000,-112.84,-11.28,1749801600000,"[-0.00062, -0.000246, -0.000185]",-11.28,-0.01424645390070922
RESOLV,-0.005141,Strong,-3e-06,7.5e-05,0.005138,High,0.24783,0.21917,-11.56,,1000,-115.64,-11.56,1752220800000,"[-0.000109, 5e-05, 5e-05]",-11.56,-0.04447231833910034
LISTA,-0.001525,Mild,5e-05,0.0,0.001575,High,0.3437,0.3033,-11.75,,1000,-117.54,-11.75,1753329600000,"[5e-05, 5e-05, 5e-05]",-11.75,-0.012978723404255321
ACX,-0.009888,Strong,-4.5e-05,8.9e-05,0.009843,High,0.4029,0.3549,-11.91,,1000,-119.14,-11.91,1742630400000,"[-0.000164, -2.1e-05, 5e-05]",-11.91,-0.08302267002518891
BROCCOLI,-0.012872,Strong,0.000144,0.000244,0.013016,Medium,0.08291,0.07292,-12.05,,1000,-120.49,-12.05,1743105600000,"[0.000163, 0.000432, -0.000164]",-12.05,-0.10682157676348547
OBT,-0.003464,Moderate,5e-05,0.0,0.003514,High,0.00832,0.00727,-12.62,,1000,-126.2,-12.62,1753286400000,"[5e-05, 5e-05, 5e-05]",-12.62,-0.027448494453248817
FIO,-0.02,Strong,5e-05,0.0,0.02005,High,0.03097,0.02698,-12.88,,1000,-128.83,-12.88,1740672000000,"[5e-05, 5e-05, 5e-05]",-12.88,-0.15527950310559008
ROAM,-0.001858,Mild,-0.000144,0.000173,0.001714,High,0.2016,0.1755,-12.95,,1000,-129.46,-12.95,1741608000000,"[-0.000388, -1.9e-05, -2.5e-05]",-12.95,-0.014347490347490348
FB,-0.001648,Mild,0.000238,0.000196,0.001886,High,7.705,6.628,-13.98,,1000,-139.78,-13.98,1731916800000,"[0.0001, 0.000515, 0.0001]",-13.98,-0.01178826895565093
BSW,-0.00324,Moderate,-0.000476,5.4e-05,0.002764,High,0.03361,0.02795,-16.84,,1000,-168.4,-16.84,1750939200000,"[-0.000549, -0.00046, -0.000419]",-16.84,-0.019239904988123516
SC,-0.03,Strong,-0.000217,0.000274,0.029783,Medium,0.018787,0.014626,-22.15,,1000,-221.48,-22.15,1708761600000,"[-0.000183, -0.000569, 0.0001]",-22.15,-0.13544018058690746
HIFI,-0.001133,Mild,-5e-05,7.7e-05,0.001083,High,0.2471,0.1915,-22.5,,1000,-225.01,-22.5,1746720000000,"[-0.000137, -6.4e-05, 5e-05]",-22.5,-0.005035555555555555
SAHARA,-0.001602,Mild,-0.000442,0.000284,0.00116,Medium,0.14951,0.1156,-22.68,,1000,-226.81,-22.68,1753329600000,"[-0.000594, -0.000688, -4.3e-05]",-22.68,-0.007063492063492063
UXLINK,-0.002062,Moderate,-6e-06,7.9e-05,0.002056,High,3.5085,2.641,-24.73,,1000,-247.26,-24.73,1735099200000,"[-0.000118, 5e-05, 5e-05]",-24.73,-0.008338050950262839
OIK,-0.005056,Strong,-0.0002,0.0,0.004856,High,0.162,0.1204,-25.68,,1000,-256.79,-25.68,1741852800000,"[-0.0002, -0.0002, -0.0002]",-25.68,-0.019688473520249224
HOLD,-0.005035,Strong,-6.6e-05,0.000131,0.004969,High,0.004114,0.00285,-30.72,,1000,-307.24,-30.72,1737907200000,"[-0.0002, 0.000112, -0.000109]",-30.72,-0.016389973958333335
UXLINK,-0.001503,Mild,7e-06,6.1e-05,0.00151,High,1.1893,0.8025,-32.52,,1000,-325.23,-32.52,1730952000000,"[5e-05, 5e-05, -7.9e-05]",-32.52,-0.004621771217712177
KBBB,-0.010033,Strong,-3.6e-05,0.000128,0.009997,High,0.0446,0.02972,-33.36,,1000,-333.63,-33.36,1749211200000,"[0.000145, -0.000126, -0.000128]",-33.36,-0.03007494004796163
BAN,-0.006541,Strong,-0.000458,0.000143,0.006083,High,0.0777,0.0517,-33.46,,1000,-334.62,-33.46,1739865600000,"[-0.000385, -0.000658, -0.00033]",-33.46,-0.019548714883442918
