event_id,invoice_id,settlement_id,payer_address,symbol,tier,provider_id,amount_usdc,gateway_status,transaction_hash,explorer_url,paid_at,event,inserted_at,updated_at
004d169a-5028-4c1e-bbf8-938ef8f486a8,inv_8f271ba5cb97,004d169a-5028-4c1e-bbf8-938ef8f486a8,0xf5987818ebbee812eb730b6a395d66e664412cf5,MANTA,preview,funding_memory,0.001,completed,0x5927fb245e64cacfacf4895b56254e20cf687e382fbd6c85080f8f7d86bdc9d4,https://testnet.arcscan.app/tx/0x5927fb245e64cacfacf4895b56254e20cf687e382fbd6c85080f8f7d86bdc9d4,1782781252.85727,"{""tier"":""preview"",""query"":{""FDV"":10888500,""amount"":4508356.13116,""symbol"":""MANTA"",""fromATH"":-50,""circRatio"":0.666666666667,""marketCap"":7259000,""volume24h"":901671.2262320002,""fundingRate"":-0.00252},""symbol"":""MANTA"",""paid_at"":1782781252.8572676,""amount_raw"":""1000"",""buyer_type"":""agent"",""invoice_id"":""inv_8f271ba5cb97"",""query_hash"":""62ab6430be628a196187e56cf6218265c57e985222dc53eb704bf085d4045e5f"",""amount_usdc"":0.001,""provider_id"":""funding_memory"",""explorer_url"":""https://testnet.arcscan.app/tx/0x5927fb245e64cacfacf4895b56254e20cf687e382fbd6c85080f8f7d86bdc9d4"",""payer_address"":""0xf5987818ebbee812eb730b6a395d66e664412cf5"",""resource_type"":""qma_signal_report"",""settlement_id"":""004d169a-5028-4c1e-bbf8-938ef8f486a8"",""gateway_status"":""completed"",""seller_address"":""0x23e7c029a287a83d80b2e084e008211658dda11d"",""transaction_hash"":""0x5927fb245e64cacfacf4895b56254e20cf687e382fbd6c85080f8f7d86bdc9d4"",""provider_owner_wallet"":""0x23e7c029a287a83d80b2e084e008211658dda11d""}",2026-06-30 01:00:56.151177+00,2026-06-30 01:00:56.151177+00
006f578c-b90a-4768-a835-a1094aa14db3,inv_71bd48306bcd,006f578c-b90a-4768-a835-a1094aa14db3,0x7a6f04c9ea0003d8fe010835975c499fdd8ea89c,GWEI,full,funding_memory,0.001117,completed,,,1783447203.39488,"{""tier"":""full"",""query"":{""FDV"":15000000,""price"":0.1087,""amount"":1292029.94,""symbol"":""GWEI"",""fromATH"":-50,""circRatio"":0.65,""marketCap"":10000000,""volume24h"":1081359.11,""fundingRate"":-0.006057,""openInterest"":1292029.94,""longShortRatio"":null,""openInterestChange24h"":null},""symbol"":""GWEI"",""paid_at"":1783447203.3948781,""pricing"":{""amount_usdc"":""0.001117""},""event_id"":""inv_71bd48306bcd:platform"",""split_leg"":{""role"":""platform"",""leg_id"":""platform"",""pay_to"":""0x23e7c029a287a83d80b2e084e008211658dda11d"",""amount_raw"":""1117"",""amount_usdc"":""0.001117""},""accounting"":{""currency"":""USDC"",""amount_usdc"":""0.005584"",""creator_wallet"":""0xb40971a5d88f31c7b8d88bf93f7d044f1383bf01"",""settlement_mode"":""x402_direct_split"",""creator_share_bps"":8000,""platform_share_bps"":2000},""amount_raw"":""1117"",""buyer_type"":""agent"",""invoice_id"":""inv_71bd48306bcd"",""query_hash"":""2aeb997f5fba7f464a0090acdea5d98b3c3edef82b48e2ebd00c31ceed0d7d51"",""settlement"":{""mode"":""x402_direct_split"",""rail"":""circle_gateway_x402"",""amount"":""0.005584"",""network"":""Arc Testnet"",""currency"":""USDC"",""decimals"":6,""token_address"":""0x3600000000000000000000000000000000000000"",""gateway_supported"":true},""amount_usdc"":""0.001117"",""provider_id"":""funding_memory"",""explorer_url"":null,""payer_address"":""0x7a6f04c9ea0003d8fe010835975c499fdd8ea89c"",""resource_type"":""qma_signal_report"",""settlement_id"":""006f578c-b90a-4768-a835-a1094aa14db3"",""gateway_status"":""completed"",""seller_address"":""0x23e7c029a287a83d80b2e084e008211658dda11d"",""transaction_hash"":null,""provider_owner_wallet"":""0xb40971a5d88f31c7b8d88bf93f7d044f1383bf01""}",2026-07-07 18:00:05.854131+00,2026-07-07 18:00:05.854131+00
01b06624-169f-4dc8-8c6d-d624337fb1a3,inv_319485c16408,01b06624-169f-4dc8-8c6d-d624337fb1a3,0x45667a97bcdd1f190eda978b567e32a7a8234a95,EPIC,preview,funding_memory,0.000228,received,,,1783441731.93312,"{""tier"":""preview"",""query"":{""FDV"":18972497.6784,""price"":0.35,""amount"":260444.09999999998,""symbol"":""EPIC"",""fromATH"":-50,""circRatio"":0.65,""marketCap"":12648331.7856,""volume24h"":6324165.8928,""fundingRate"":-0.00281,""openInterest"":260444.09999999998,""longShortRatio"":null,""openInterestChange24h"":null},""symbol"":""EPIC"",""paid_at"":1783441731.933117,""pricing"":{""amount_usdc"":""0.000228""},""event_id"":""inv_319485c16408:platform"",""split_leg"":{""role"":""platform"",""leg_id"":""platform"",""pay_to"":""0x23e7c029a287a83d80b2e084e008211658dda11d"",""amount_raw"":""228"",""amount_usdc"":""0.000228""},""accounting"":{""currency"":""USDC"",""amount_usdc"":""0.001138"",""creator_wallet"":""0xb40971a5d88f31c7b8d88bf93f7d044f1383bf01"",""settlement_mode"":""x402_direct_split"",""creator_share_bps"":8000,""platform_share_bps"":2000},""amount_raw"":""228"",""buyer_type"":""agent"",""invoice_id"":""inv_319485c16408"",""query_hash"":""1e3eab9fe36497d5aee774311e6d7708023f9cc268035cac7b0666dc52d1c451"",""settlement"":{""mode"":""x402_direct_split"",""rail"":""circle_gateway_x402"",""amount"":""0.001138"",""network"":""Arc Testnet"",""currency"":""USDC"",""decimals"":6,""token_address"":""0x3600000000000000000000000000000000000000"",""gateway_supported"":true},""amount_usdc"":""0.000228"",""provider_id"":""funding_memory"",""explorer_url"":null,""payer_address"":""0x45667a97bcdd1f190eda978b567e32a7a8234a95"",""resource_type"":""qma_signal_report"",""settlement_id"":""01b06624-169f-4dc8-8c6d-d624337fb1a3"",""gateway_status"":""received"",""seller_address"":""0x23e7c029a287a83d80b2e084e008211658dda11d"",""transaction_hash"":null,""provider_owner_wallet"":""0xb40971a5d88f31c7b8d88bf93f7d044f1383bf01""}",2026-07-07 16:28:54.371528+00,2026-07-07 16:28:54.371528+00
01c15da9-361c-4c0d-8b05-0941b5e30355,inv_a111010ed3e4,01c15da9-361c-4c0d-8b05-0941b5e30355,0xa397a50ad5729878c160e84ca1d8fd41880788ff,ID,full,funding_memory,0.005,completed,0x106931f05408433a4a42ced0888562ac1e454843088a9e38fd5f8c0db1b80dba,https://testnet.arcscan.app/tx/0x106931f05408433a4a42ced0888562ac1e454843088a9e38fd5f8c0db1b80dba,1782117466.46911,"{""tier"":""full"",""query"":{""FDV"":5910000,""amount"":null,""symbol"":""ID"",""fromATH"":-50,""circRatio"":0.67,""marketCap"":3940000,""volume24h"":8817,""fundingRate"":-0.0043},""symbol"":""ID"",""paid_at"":1782117466.4691079,""amount_raw"":""5000"",""buyer_type"":""human"",""invoice_id"":""inv_a111010ed3e4"",""query_hash"":""7f04f669ed54ddff54e05bace907370694a141d26b7aa5d2fd927d3c57d7f164"",""amount_usdc"":0.005,""provider_id"":""funding_memory"",""explorer_url"":""https://testnet.arcscan.app/tx/0x106931f05408433a4a42ced0888562ac1e454843088a9e38fd5f8c0db1b80dba"",""payer_address"":""0xa397a50ad5729878c160e84ca1d8fd41880788ff"",""resource_type"":""qma_signal_report"",""settlement_id"":""01c15da9-361c-4c0d-8b05-0941b5e30355"",""gateway_status"":""completed"",""seller_address"":""0x23e7c029a287a83d80b2e084e008211658dda11d"",""transaction_hash"":""0x106931f05408433a4a42ced0888562ac1e454843088a9e38fd5f8c0db1b80dba"",""provider_owner_wallet"":""0x23e7c029a287a83d80b2e084e008211658dda11d""}",2026-06-22 08:37:49.144243+00,2026-06-22 08:37:49.144243+00
038ab04c-ee24-4c97-bdcf-1172ad2fe32f,inv_9e3cdff7497f,038ab04c-ee24-4c97-bdcf-1172ad2fe32f,0xd14f332e28260eba4dfe9f9bdc5a0c8428b5947c,HYPE,legacy,funding_memory,0.05,completed,0x7804cead4303e424bf3ff2ad38ac04896dae8c6acfcaa3ad371922cb2abf8046,https://testnet.arcscan.app/tx/0x7804cead4303e424bf3ff2ad38ac04896dae8c6acfcaa3ad371922cb2abf8046,1781716375.841,"{""tier"":""legacy"",""symbol"":""HYPE"",""paid_at"":1781716375.840997,""amount_raw"":""50000"",""invoice_id"":""inv_9e3cdff7497f"",""amount_usdc"":0.05,""explorer_url"":""https://testnet.arcscan.app/tx/0x7804cead4303e424bf3ff2ad38ac04896dae8c6acfcaa3ad371922cb2abf8046"",""payer_address"":""0xd14f332e28260eba4dfe9f9bdc5a0c8428b5947c"",""settlement_id"":""038ab04c-ee24-4c97-bdcf-1172ad2fe32f"",""gateway_status"":""completed"",""seller_address"":""0x23e7c029a287a83d80b2e084e008211658dda11d"",""transaction_hash"":""0x7804cead4303e424bf3ff2ad38ac04896dae8c6acfcaa3ad371922cb2abf8046""}",2026-06-19 09:35:04.052192+00,2026-06-19 16:49:23.325599+00
041ade12-80f2-43c7-9814-7751df90e4ab,inv_c6459b383752,041ade12-80f2-43c7-9814-7751df90e4ab,0xd9d0f678382a30cd3008b0839d22e7844553ccb7,BLUR,preview,funding_memory,0.000946,received,,,1783442533.21098,"{""tier"":""preview"",""query"":{""FDV"":45716930.1168,""price"":0.02132,""amount"":888283.7287999999,""symbol"":""BLUR"",""fromATH"":-50,""circRatio"":0.65,""marketCap"":30477953.4112,""volume24h"":15238976.7056,""fundingRate"":-0.012534,""openInterest"":888283.7287999999,""longShortRatio"":null,""openInterestChange24h"":null},""symbol"":""BLUR"",""paid_at"":1783442533.210977,""pricing"":{""amount_usdc"":""0.000946""},""event_id"":""inv_c6459b383752:creator"",""split_leg"":{""role"":""creator"",""leg_id"":""creator"",""pay_to"":""0xb40971a5d88f31c7b8d88bf93f7d044f1383bf01"",""amount_raw"":""946"",""amount_usdc"":""0.000946""},""accounting"":{""currency"":""USDC"",""amount_usdc"":""0.001182"",""creator_wallet"":""0xb40971a5d88f31c7b8d88bf93f7d044f1383bf01"",""settlement_mode"":""x402_direct_split"",""creator_share_bps"":8000,""platform_share_bps"":2000},""amount_raw"":""946"",""buyer_type"":""agent"",""invoice_id"":""inv_c6459b383752"",""query_hash"":""e2a77572874c1aa06c2b7bdc2c08790b36840f8151f46aaa115dbdd7b9d811f9"",""settlement"":{""mode"":""x402_direct_split"",""rail"":""circle_gateway_x402"",""amount"":""0.001182"",""network"":""Arc Testnet"",""currency"":""USDC"",""decimals"":6,""token_address"":""0x3600000000000000000000000000000000000000"",""gateway_supported"":true},""amount_usdc"":""0.000946"",""provider_id"":""funding_memory"",""explorer_url"":null,""payer_address"":""0xd9d0f678382a30cd3008b0839d22e7844553ccb7"",""resource_type"":""qma_signal_report"",""settlement_id"":""041ade12-80f2-43c7-9814-7751df90e4ab"",""gateway_status"":""received"",""seller_address"":""0xb40971a5d88f31c7b8d88bf93f7d044f1383bf01"",""transaction_hash"":null,""provider_owner_wallet"":""0xb40971a5d88f31c7b8d88bf93f7d044f1383bf01""}",2026-07-07 16:42:16.480075+00,2026-07-07 16:42:16.480075+00
042134dc-d09c-4651-8627-b7906abcb638,inv_23467277ddfd,042134dc-d09c-4651-8627-b7906abcb638,0x9a6126cf24d565f6fd7ad3639f7bf11928c385df,SPELL,full,funding_memory,0.004817,completed,0x6757d1a5761e1abf123051f39142a9b0c82a29f8a26f68fa8dcdba8b7e9d1022,https://testnet.arcscan.app/tx/0x6757d1a5761e1abf123051f39142a9b0c82a29f8a26f68fa8dcdba8b7e9d1022,1783484625.05763,"{""tier"":""full"",""query"":{""FDV"":20000000,""price"":0.000102,""amount"":309047.9844,""symbol"":""SPELL"",""fromATH"":-50,""circRatio"":0.65,""marketCap"":10000000,""volume24h"":3153443.09308,""fundingRate"":-0.017587,""openInterest"":309047.9844,""longShortRatio"":null,""openInterestChange24h"":null},""symbol"":""SPELL"",""paid_at"":1783484625.057633,""pricing"":{""amount_usdc"":""0.004817""},""event_id"":""inv_23467277ddfd:creator"",""split_leg"":{""role"":""creator"",""leg_id"":""creator"",""pay_to"":""0xb40971a5d88f31c7b8d88bf93f7d044f1383bf01"",""amount_raw"":""4817"",""amount_usdc"":""0.004817""},""synthetic"":false,""accounting"":{""currency"":""USDC"",""amount_usdc"":""0.006021"",""creator_wallet"":""0xb40971a5d88f31c7b8d88bf93f7d044f1383bf01"",""settlement_mode"":""x402_direct_split"",""creator_share_bps"":8000,""platform_share_bps"":2000},""amount_raw"":""4817"",""buyer_type"":""human"",""invoice_id"":""inv_23467277ddfd"",""query_hash"":""62761f864d1904e0ce2c327dff59f36287cbb57cd19283fdfdc47af9c645b85a"",""run_source"":null,""settlement"":{""mode"":""x402_direct_split"",""rail"":""circle_gateway_x402"",""amount"":""0.006021"",""network"":""Arc Testnet"",""currency"":""USDC"",""decimals"":6,""token_address"":""0x3600000000000000000000000000000000000000"",""gateway_supported"":true},""agent_label"":null,""amount_usdc"":""0.004817"",""provider_id"":""funding_memory"",""explorer_url"":""https://testnet.arcscan.app/tx/0x6757d1a5761e1abf123051f39142a9b0c82a29f8a26f68fa8dcdba8b7e9d1022"",""payer_address"":""0x9a6126cf24d565f6fd7ad3639f7bf11928c385df"",""resource_type"":""qma_signal_report"",""settlement_id"":""042134dc-d09c-4651-8627-b7906abcb638"",""gateway_status"":""completed"",""seller_address"":""0xb40971a5d88f31c7b8d88bf93f7d044f1383bf01"",""transaction_hash"":""0x6757d1a5761e1abf123051f39142a9b0c82a29f8a26f68fa8dcdba8b7e9d1022"",""provider_owner_wallet"":""0xb40971a5d88f31c7b8d88bf93f7d044f1383bf01""}",2026-07-08 04:23:49.638058+00,2026-07-08 04:23:49.638058+00
0421d4b4-afaa-4973-b18f-76389d2c106c,inv_a0054b3691c2,0421d4b4-afaa-4973-b18f-76389d2c106c,0x2c03cd73ad36230a3c5be43d51d72fdca32f53d4,B3,full,funding_memory,0.00569,completed,,,1783759598.83272,"{""tier"":""full"",""query"":{""FDV"":85470,""amount"":null,""symbol"":""B3"",""fromATH"":-50,""circRatio"":0.67,""marketCap"":56980,""volume24h"":418,""fundingRate"":-0.0166},""symbol"":""B3"",""paid_at"":1783759598.8327153,""amount_raw"":""5690"",""buyer_type"":""human"",""invoice_id"":""inv_a0054b3691c2"",""query_hash"":""2f1b7c3942b6968e6c4160c27dc8249da88c68294127c014ff0a2e05a8c4d38b"",""amount_usdc"":0.00569,""provider_id"":""funding_memory"",""explorer_url"":null,""payer_address"":""0x2c03cd73ad36230a3c5be43d51d72fdca32f53d4"",""resource_type"":""qma_signal_report"",""settlement_id"":""0421d4b4-afaa-4973-b18f-76389d2c106c"",""gateway_status"":""completed"",""seller_address"":""0x23e7c029a287a83d80b2e084e008211658dda11d"",""transaction_hash"":null,""provider_owner_wallet"":""0x23e7c029a287a83d80b2e084e008211658dda11d""}",2026-07-11 08:46:40.82549+00,2026-07-11 08:46:40.82549+00
042cb639-ae9f-4301-8ed2-58640127aedd,inv_acb8c38099f1,042cb639-ae9f-4301-8ed2-58640127aedd,0x9a6126cf24d565f6fd7ad3639f7bf11928c385df,PEAQ,full,funding_memory,0.005,completed,,,1781925791.74307,"{""tier"":""full"",""query"":{""FDV"":3408000,""amount"":null,""symbol"":""PEAQ"",""fromATH"":-50,""circRatio"":0.67,""marketCap"":2272000,""volume24h"":5444,""fundingRate"":-0.0037},""symbol"":""PEAQ"",""paid_at"":1781925791.7430701,""amount_raw"":""5000"",""buyer_type"":""human"",""invoice_id"":""inv_acb8c38099f1"",""query_hash"":""45f30a695b589532090b33507ad3f05f47b96ab2525a41ce01a1701d09d2e614"",""amount_usdc"":0.005,""provider_id"":""funding_memory"",""explorer_url"":null,""payer_address"":""0x9a6126cf24d565f6fd7ad3639f7bf11928c385df"",""resource_type"":""qma_signal_report"",""settlement_id"":""042cb639-ae9f-4301-8ed2-58640127aedd"",""tier_category"":""full"",""gateway_status"":""completed"",""seller_address"":""0x23e7c029a287a83d80b2e084e008211658dda11d"",""transaction_hash"":null,""provider_owner_wallet"":""0x23e7c029a287a83d80b2e084e008211658dda11d""}",2026-06-20 03:23:13.546351+00,2026-06-20 03:23:13.546351+00
04ca523a-b500-4c28-9447-cf435b3d30fe,inv_4fe3de1cc490,04ca523a-b500-4c28-9447-cf435b3d30fe,0x2c03cd73ad36230a3c5be43d51d72fdca32f53d4,SPELL,full,funding_memory,0.005783,completed,0x88908e45da87a5fefa7f8fe02a2abf96a09257eb14e59d5bd45e2ae3b0053c11,https://testnet.arcscan.app/tx/0x88908e45da87a5fefa7f8fe02a2abf96a09257eb14e59d5bd45e2ae3b0053c11,1783527526.876,"{""tier"":""full"",""query"":{""FDV"":16290,""amount"":3448.8676494,""symbol"":""SPELL"",""fromATH"":-50,""circRatio"":0.67,""marketCap"":10860,""volume24h"":690,""fundingRate"":-0.0176},""symbol"":""SPELL"",""paid_at"":1783527526.8759978,""amount_raw"":""5783"",""buyer_type"":""human"",""invoice_id"":""inv_4fe3de1cc490"",""query_hash"":""f2cb6866067592a0a04e7b161602399edae89f51a99c3f21166cd450f4fef1d2"",""amount_usdc"":0.005783,""provider_id"":""funding_memory"",""explorer_url"":""https://testnet.arcscan.app/tx/0x88908e45da87a5fefa7f8fe02a2abf96a09257eb14e59d5bd45e2ae3b0053c11"",""payer_address"":""0x2c03cd73ad36230a3c5be43d51d72fdca32f53d4"",""resource_type"":""qma_signal_report"",""settlement_id"":""04ca523a-b500-4c28-9447-cf435b3d30fe"",""gateway_status"":""completed"",""seller_address"":""0x23e7c029a287a83d80b2e084e008211658dda11d"",""transaction_hash"":""0x88908e45da87a5fefa7f8fe02a2abf96a09257eb14e59d5bd45e2ae3b0053c11"",""provider_owner_wallet"":""0x23e7c029a287a83d80b2e084e008211658dda11d""}",2026-07-08 16:18:49.557389+00,2026-07-08 16:18:49.557389+00
054460e8-7128-4256-be84-b8e6e4e0034d,inv_f9db6e0f8ed6,054460e8-7128-4256-be84-b8e6e4e0034d,0x562c54bb3e6e7544761628ec9eb25b05566d296b,TAIKO,full,funding_memory,0.005,completed,0xbef8821327a947ed937680597a1275f04b29a0c75ac5e16d36b91c453b25313c,https://testnet.arcscan.app/tx/0xbef8821327a947ed937680597a1275f04b29a0c75ac5e16d36b91c453b25313c,1782091829.16996,"{""tier"":""full"",""query"":{""FDV"":13455000,""amount"":null,""symbol"":""TAIKO"",""fromATH"":-50,""circRatio"":0.67,""marketCap"":8970000,""volume24h"":18430,""fundingRate"":-0.0079},""symbol"":""TAIKO"",""paid_at"":1782091829.1699574,""amount_raw"":""5000"",""buyer_type"":""human"",""invoice_id"":""inv_f9db6e0f8ed6"",""query_hash"":""eea46a226188c431ce5c53a1354488275a3464572806c3659566217a8fdf59e3"",""amount_usdc"":0.005,""provider_id"":""funding_memory"",""explorer_url"":""https://testnet.arcscan.app/tx/0xbef8821327a947ed937680597a1275f04b29a0c75ac5e16d36b91c453b25313c"",""payer_address"":""0x562c54bb3e6e7544761628ec9eb25b05566d296b"",""resource_type"":""qma_signal_report"",""settlement_id"":""054460e8-7128-4256-be84-b8e6e4e0034d"",""gateway_status"":""completed"",""seller_address"":""0x23e7c029a287a83d80b2e084e008211658dda11d"",""transaction_hash"":""0xbef8821327a947ed937680597a1275f04b29a0c75ac5e16d36b91c453b25313c"",""provider_owner_wallet"":""0x23e7c029a287a83d80b2e084e008211658dda11d""}",2026-06-22 01:30:31.724405+00,2026-06-22 01:30:31.724405+00
05bd8071-a49c-46d6-9c1f-7196826c771d,inv_79bbc14bcf47,05bd8071-a49c-46d6-9c1f-7196826c771d,0xf5987818ebbee812eb730b6a395d66e664412cf5,H,full,funding_memory,0.005,completed,0xf6b40ab381b2a2c4e1a06ee0bddd7c9ad2f1e9e83e1626a2f9183f1f6bc4b631,https://testnet.arcscan.app/tx/0xf6b40ab381b2a2c4e1a06ee0bddd7c9ad2f1e9e83e1626a2f9183f1f6bc4b631,1782104108.3578,"{""tier"":""full"",""query"":{""FDV"":26305500,""amount"":5707419.28055,""symbol"":""H"",""fromATH"":-50,""circRatio"":0.666666666667,""marketCap"":17537000,""volume24h"":1141483.85611,""fundingRate"":-0.006573},""symbol"":""H"",""paid_at"":1782104108.3577983,""amount_raw"":""5000"",""buyer_type"":""agent"",""invoice_id"":""inv_79bbc14bcf47"",""query_hash"":""6274fc4b0486f14224a5fc664f90524425df448dd3922ee1e4d43e171ad1f2a9"",""amount_usdc"":0.005,""provider_id"":""funding_memory"",""explorer_url"":""https://testnet.arcscan.app/tx/0xf6b40ab381b2a2c4e1a06ee0bddd7c9ad2f1e9e83e1626a2f9183f1f6bc4b631"",""payer_address"":""0xf5987818ebbee812eb730b6a395d66e664412cf5"",""resource_type"":""qma_signal_report"",""settlement_id"":""05bd8071-a49c-46d6-9c1f-7196826c771d"",""gateway_status"":""completed"",""seller_address"":""0x23e7c029a287a83d80b2e084e008211658dda11d"",""transaction_hash"":""0xf6b40ab381b2a2c4e1a06ee0bddd7c9ad2f1e9e83e1626a2f9183f1f6bc4b631"",""provider_owner_wallet"":""0x23e7c029a287a83d80b2e084e008211658dda11d""}",2026-06-22 04:55:10.695074+00,2026-06-22 04:55:10.695074+00
069a13d5-48f9-4901-8925-45a51e854119,inv_945541f3a8d5,069a13d5-48f9-4901-8925-45a51e854119,0x562c54bb3e6e7544761628ec9eb25b05566d296b,TAIKO,preview,funding_memory,0.001,completed,0xbef8821327a947ed937680597a1275f04b29a0c75ac5e16d36b91c453b25313c,https://testnet.arcscan.app/tx/0xbef8821327a947ed937680597a1275f04b29a0c75ac5e16d36b91c453b25313c,1782091816.43722,"{""tier"":""preview"",""query"":{""FDV"":13455000,""amount"":null,""symbol"":""TAIKO"",""fromATH"":-50,""circRatio"":0.67,""marketCap"":8970000,""volume24h"":18430,""fundingRate"":-0.0079},""symbol"":""TAIKO"",""paid_at"":1782091816.4372222,""amount_raw"":""1000"",""buyer_type"":""human"",""invoice_id"":""inv_945541f3a8d5"",""query_hash"":""eea46a226188c431ce5c53a1354488275a3464572806c3659566217a8fdf59e3"",""amount_usdc"":0.001,""provider_id"":""funding_memory"",""explorer_url"":""https://testnet.arcscan.app/tx/0xbef8821327a947ed937680597a1275f04b29a0c75ac5e16d36b91c453b25313c"",""payer_address"":""0x562c54bb3e6e7544761628ec9eb25b05566d296b"",""resource_type"":""qma_signal_report"",""settlement_id"":""069a13d5-48f9-4901-8925-45a51e854119"",""gateway_status"":""completed"",""seller_address"":""0x23e7c029a287a83d80b2e084e008211658dda11d"",""transaction_hash"":""0xbef8821327a947ed937680597a1275f04b29a0c75ac5e16d36b91c453b25313c"",""provider_owner_wallet"":""0x23e7c029a287a83d80b2e084e008211658dda11d""}",2026-06-22 01:30:18.501313+00,2026-06-22 01:30:18.501313+00
06e3c59b-a658-43af-8849-c587fc7296f5,inv_ab1cec161b8e,06e3c59b-a658-43af-8849-c587fc7296f5,0xb40971a5d88f31c7b8d88bf93f7d044f1383bf01,THE,preview,funding_memory,0.001094,completed,0xe852ef1fb17277cab925f7cfc72a77400bd112867107f99bc4fbdaa45766767e,https://testnet.arcscan.app/tx/0xe852ef1fb17277cab925f7cfc72a77400bd112867107f99bc4fbdaa45766767e,1784002677.66247,"{""tier"":""preview"",""query"":{""FDV"":9001500,""amount"":141946.4538,""symbol"":""THE"",""fromATH"":-50,""circRatio"":0.666666666667,""marketCap"":6001000,""volume24h"":28389.29076,""fundingRate"":-0.007014},""symbol"":""THE"",""paid_at"":1784002677.6624722,""amount_raw"":""1094"",""buyer_type"":""agent"",""invoice_id"":""inv_ab1cec161b8e"",""query_hash"":""6617986c95f6738a7d3166ba799f568cb49431445a1871268a7cbfe3371d67fb"",""amount_usdc"":0.001094,""provider_id"":""funding_memory"",""explorer_url"":""https://testnet.arcscan.app/tx/0xe852ef1fb17277cab925f7cfc72a77400bd112867107f99bc4fbdaa45766767e"",""payer_address"":""0xb40971a5d88f31c7b8d88bf93f7d044f1383bf01"",""resource_type"":""qma_signal_report"",""settlement_id"":""06e3c59b-a658-43af-8849-c587fc7296f5"",""gateway_status"":""completed"",""seller_address"":""0x23e7c029a287a83d80b2e084e008211658dda11d"",""transaction_hash"":""0xe852ef1fb17277cab925f7cfc72a77400bd112867107f99bc4fbdaa45766767e"",""provider_owner_wallet"":""0x23e7c029a287a83d80b2e084e008211658dda11d""}",2026-07-14 04:18:00.461156+00,2026-07-14 04:18:00.461156+00
06fae1de-af8f-4efa-861d-ebe679b3adf8,inv_2024632be67a,06fae1de-af8f-4efa-861d-ebe679b3adf8,0x45667a97bcdd1f190eda978b567e32a7a8234a95,OPG,full,funding_memory,0.001144,completed,0xcb042087959a00822c0885d4884631391ed7b022e73795a95380cf2580c28022,https://testnet.arcscan.app/tx/0xcb042087959a00822c0885d4884631391ed7b022e73795a95380cf2580c28022,1783437307.58304,"{""tier"":""full"",""query"":{""FDV"":15000000,""price"":0.1292,""amount"":987418.7520000001,""symbol"":""OPG"",""fromATH"":-50,""circRatio"":0.65,""marketCap"":10000000,""volume24h"":4034417.916,""fundingRate"":-0.004219,""openInterest"":987418.7520000001,""longShortRatio"":null,""openInterestChange24h"":null},""symbol"":""OPG"",""paid_at"":1783437307.583044,""pricing"":{""amount_usdc"":""0.001144""},""event_id"":""inv_2024632be67a:platform"",""split_leg"":{""role"":""platform"",""leg_id"":""platform"",""pay_to"":""0x23e7c029a287a83d80b2e084e008211658dda11d"",""amount_raw"":""1144"",""amount_usdc"":""0.001144""},""accounting"":{""currency"":""USDC"",""amount_usdc"":""0.00572"",""creator_wallet"":""0xb40971a5d88f31c7b8d88bf93f7d044f1383bf01"",""settlement_mode"":""x402_direct_split"",""creator_share_bps"":8000,""platform_share_bps"":2000},""amount_raw"":""1144"",""buyer_type"":""agent"",""invoice_id"":""inv_2024632be67a"",""query_hash"":""ac3993607f48b4f9dd7fecfdea131095dcb03fc5a6459dee4762c0260d538436"",""settlement"":{""mode"":""x402_direct_split"",""rail"":""circle_gateway_x402"",""amount"":""0.00572"",""network"":""Arc Testnet"",""currency"":""USDC"",""decimals"":6,""token_address"":""0x3600000000000000000000000000000000000000"",""gateway_supported"":true},""amount_usdc"":""0.001144"",""provider_id"":""funding_memory"",""explorer_url"":""https://testnet.arcscan.app/tx/0xcb042087959a00822c0885d4884631391ed7b022e73795a95380cf2580c28022"",""payer_address"":""0x45667a97bcdd1f190eda978b567e32a7a8234a95"",""resource_type"":""qma_signal_report"",""settlement_id"":""06fae1de-af8f-4efa-861d-ebe679b3adf8"",""gateway_status"":""completed"",""seller_address"":""0x23e7c029a287a83d80b2e084e008211658dda11d"",""transaction_hash"":""0xcb042087959a00822c0885d4884631391ed7b022e73795a95380cf2580c28022"",""provider_owner_wallet"":""0xb40971a5d88f31c7b8d88bf93f7d044f1383bf01""}",2026-07-07 15:15:10.196308+00,2026-07-07 15:15:10.196308+00
0777da1a-7102-4eee-9f91-e7b3e2a15db3,inv_82dad0ac1914,0777da1a-7102-4eee-9f91-e7b3e2a15db3,0x7e712e24f64a27f5f437c3b5caee43b82d30cab9,BLUR,preview,funding_memory,0.000237,received,,,1783440514.08494,"{""tier"":""preview"",""query"":{""FDV"":44682780.1539,""price"":0.02293,""amount"":1132006.6349,""symbol"":""BLUR"",""fromATH"":-50,""circRatio"":0.65,""marketCap"":29788520.1026,""volume24h"":14894260.0513,""fundingRate"":-0.013608,""openInterest"":1132006.6349,""longShortRatio"":null,""openInterestChange24h"":null},""symbol"":""BLUR"",""paid_at"":1783440514.0849361,""pricing"":{""amount_usdc"":""0.000237""},""event_id"":""inv_82dad0ac1914:platform"",""split_leg"":{""role"":""platform"",""leg_id"":""platform"",""pay_to"":""0x23e7c029a287a83d80b2e084e008211658dda11d"",""amount_raw"":""237"",""amount_usdc"":""0.000237""},""accounting"":{""currency"":""USDC"",""amount_usdc"":""0.001186"",""creator_wallet"":""0xb40971a5d88f31c7b8d88bf93f7d044f1383bf01"",""settlement_mode"":""x402_direct_split"",""creator_share_bps"":8000,""platform_share_bps"":2000},""amount_raw"":""237"",""buyer_type"":""agent"",""invoice_id"":""inv_82dad0ac1914"",""query_hash"":""18378ce6eecf7e6dd01596eab59769b2c5b1b61d96a8d01305ea7512b70ab7d5"",""settlement"":{""mode"":""x402_direct_split"",""rail"":""circle_gateway_x402"",""amount"":""0.001186"",""network"":""Arc Testnet"",""currency"":""USDC"",""decimals"":6,""token_address"":""0x3600000000000000000000000000000000000000"",""gateway_supported"":true},""amount_usdc"":""0.000237"",""provider_id"":""funding_memory"",""explorer_url"":null,""payer_address"":""0x7e712e24f64a27f5f437c3b5caee43b82d30cab9"",""resource_type"":""qma_signal_report"",""settlement_id"":""0777da1a-7102-4eee-9f91-e7b3e2a15db3"",""gateway_status"":""received"",""seller_address"":""0x23e7c029a287a83d80b2e084e008211658dda11d"",""transaction_hash"":null,""provider_owner_wallet"":""0xb40971a5d88f31c7b8d88bf93f7d044f1383bf01""}",2026-07-07 16:08:36.568316+00,2026-07-07 16:08:36.568316+00
08f8a646-5fcf-467d-abed-dc3328565e9c,inv_a9e3b5c0e93d,08f8a646-5fcf-467d-abed-dc3328565e9c,0x9a6126cf24d565f6fd7ad3639f7bf11928c385df,SHLD,preview,funding_memory,0.001,completed,0x5bd4dd2b17b01ae633db11921052c00d702099c62463e34f69bc6fc3ad10f1b4,https://testnet.arcscan.app/tx/0x5bd4dd2b17b01ae633db11921052c00d702099c62463e34f69bc6fc3ad10f1b4,1782877984.19563,"{""tier"":""preview"",""query"":{""FDV"":8955000000,""amount"":7597839.9,""symbol"":""SHLD"",""fromATH"":-50,""circRatio"":0.666666666667,""marketCap"":5970000000,""volume24h"":1519567.9800000002,""fundingRate"":-0.00666},""symbol"":""SHLD"",""paid_at"":1782877984.1956277,""amount_raw"":""1000"",""buyer_type"":""agent"",""invoice_id"":""inv_a9e3b5c0e93d"",""query_hash"":""e9eee4f1b31b58accea5e9f1e147ac5150e229f9ceb5e25595601666e1154fc2"",""amount_usdc"":0.001,""provider_id"":""funding_memory"",""explorer_url"":""https://testnet.arcscan.app/tx/0x5bd4dd2b17b01ae633db11921052c00d702099c62463e34f69bc6fc3ad10f1b4"",""payer_address"":""0x9a6126cf24d565f6fd7ad3639f7bf11928c385df"",""resource_type"":""qma_signal_report"",""settlement_id"":""08f8a646-5fcf-467d-abed-dc3328565e9c"",""gateway_status"":""completed"",""seller_address"":""0x23e7c029a287a83d80b2e084e008211658dda11d"",""transaction_hash"":""0x5bd4dd2b17b01ae633db11921052c00d702099c62463e34f69bc6fc3ad10f1b4"",""provider_owner_wallet"":""0x23e7c029a287a83d80b2e084e008211658dda11d""}",2026-07-01 03:53:06.769229+00,2026-07-01 03:53:06.769229+00
0ae4e49f-0fed-43fc-831e-6f54732200ed,inv_d9dfea16193c,0ae4e49f-0fed-43fc-831e-6f54732200ed,0x65ffba942811cdb741583c9edcc178bb0f2a5a8d,BLUR,preview,funding_memory,0.000237,received,,,1783440594.08762,"{""tier"":""preview"",""query"":{""FDV"":44714451.5952,""price"":0.02309,""amount"":1145874.7305,""symbol"":""BLUR"",""fromATH"":-50,""circRatio"":0.65,""marketCap"":29809634.3968,""volume24h"":14904817.1984,""fundingRate"":-0.013608,""openInterest"":1145874.7305,""longShortRatio"":null,""openInterestChange24h"":null},""symbol"":""BLUR"",""paid_at"":1783440594.0876164,""pricing"":{""amount_usdc"":""0.000237""},""event_id"":""inv_d9dfea16193c:platform"",""split_leg"":{""role"":""platform"",""leg_id"":""platform"",""pay_to"":""0x23e7c029a287a83d80b2e084e008211658dda11d"",""amount_raw"":""237"",""amount_usdc"":""0.000237""},""accounting"":{""currency"":""USDC"",""amount_usdc"":""0.001186"",""creator_wallet"":""0xb40971a5d88f31c7b8d88bf93f7d044f1383bf01"",""settlement_mode"":""x402_direct_split"",""creator_share_bps"":8000,""platform_share_bps"":2000},""amount_raw"":""237"",""buyer_type"":""agent"",""invoice_id"":""inv_d9dfea16193c"",""query_hash"":""329c6c87ae311a87ef19559c123960a875d1b305ec1670b7f0006eb4a26d3ce6"",""settlement"":{""mode"":""x402_direct_split"",""rail"":""circle_gateway_x402"",""amount"":""0.001186"",""network"":""Arc Testnet"",""currency"":""USDC"",""decimals"":6,""token_address"":""0x3600000000000000000000000000000000000000"",""gateway_supported"":true},""amount_usdc"":""0.000237"",""provider_id"":""funding_memory"",""explorer_url"":null,""payer_address"":""0x65ffba942811cdb741583c9edcc178bb0f2a5a8d"",""resource_type"":""qma_signal_report"",""settlement_id"":""0ae4e49f-0fed-43fc-831e-6f54732200ed"",""gateway_status"":""received"",""seller_address"":""0x23e7c029a287a83d80b2e084e008211658dda11d"",""transaction_hash"":null,""provider_owner_wallet"":""0xb40971a5d88f31c7b8d88bf93f7d044f1383bf01""}",2026-07-07 16:09:56.700768+00,2026-07-07 16:09:56.700768+00
0af0769f-c449-466d-8cd5-57c4067eb089,inv_e25fcfedcc17,0af0769f-c449-466d-8cd5-57c4067eb089,0xbe6ee76916726d1d04155dde8923d58e720557a1,PHAROS,full,funding_memory,0.005,completed,0x5a64db06579bc748ef755ba8658fdd7f52d94c2f4149b2a9b98dbc3405e5f5d7,https://testnet.arcscan.app/tx/0x5a64db06579bc748ef755ba8658fdd7f52d94c2f4149b2a9b98dbc3405e5f5d7,1782702376.13492,"{""tier"":""full"",""query"":{""FDV"":71220000,""amount"":250045.8232,""symbol"":""PHAROS"",""fromATH"":-50,""circRatio"":0.67,""marketCap"":47480000,""volume24h"":50009,""fundingRate"":-0.0052},""symbol"":""PHAROS"",""paid_at"":1782702376.1349225,""amount_raw"":""5000"",""buyer_type"":""human"",""invoice_id"":""inv_e25fcfedcc17"",""query_hash"":""35868c9f8dbae0b68f161c89c25c311e7d6572f24c0feb0dacaffa68d647613f"",""amount_usdc"":0.005,""provider_id"":""funding_memory"",""explorer_url"":""https://testnet.arcscan.app/tx/0x5a64db06579bc748ef755ba8658fdd7f52d94c2f4149b2a9b98dbc3405e5f5d7"",""payer_address"":""0xbe6ee76916726d1d04155dde8923d58e720557a1"",""resource_type"":""qma_signal_report"",""settlement_id"":""0af0769f-c449-466d-8cd5-57c4067eb089"",""gateway_status"":""completed"",""seller_address"":""0x23e7c029a287a83d80b2e084e008211658dda11d"",""transaction_hash"":""0x5a64db06579bc748ef755ba8658fdd7f52d94c2f4149b2a9b98dbc3405e5f5d7"",""provider_owner_wallet"":""0x23e7c029a287a83d80b2e084e008211658dda11d""}",2026-06-29 03:06:19.238365+00,2026-06-29 03:06:19.238365+00
0b9484f8-003c-4024-9409-fde3c069db9d,inv_2943b4c0d4f3,0b9484f8-003c-4024-9409-fde3c069db9d,0xa397a50ad5729878c160e84ca1d8fd41880788ff,ID,full,funding_memory,0.005,completed,0x37292b84fcf65812f044ce1c3526fdd0be2164f4e5d4d9503a3006fcf36977f7,https://testnet.arcscan.app/tx/0x37292b84fcf65812f044ce1c3526fdd0be2164f4e5d4d9503a3006fcf36977f7,1782115411.82134,"{""tier"":""full"",""query"":{""FDV"":5734500,""amount"":null,""symbol"":""ID"",""fromATH"":-50,""circRatio"":0.67,""marketCap"":3823000,""volume24h"":8388,""fundingRate"":-0.0053},""symbol"":""ID"",""paid_at"":1782115411.8213415,""amount_raw"":""5000"",""buyer_type"":""human"",""invoice_id"":""inv_2943b4c0d4f3"",""query_hash"":""599992e0509e58254ff2f06c402f6082b1a94b03bea1d0e2d746a7d089d74982"",""amount_usdc"":0.005,""provider_id"":""funding_memory"",""explorer_url"":""https://testnet.arcscan.app/tx/0x37292b84fcf65812f044ce1c3526fdd0be2164f4e5d4d9503a3006fcf36977f7"",""payer_address"":""0xa397a50ad5729878c160e84ca1d8fd41880788ff"",""resource_type"":""qma_signal_report"",""settlement_id"":""0b9484f8-003c-4024-9409-fde3c069db9d"",""gateway_status"":""completed"",""seller_address"":""0x23e7c029a287a83d80b2e084e008211658dda11d"",""transaction_hash"":""0x37292b84fcf65812f044ce1c3526fdd0be2164f4e5d4d9503a3006fcf36977f7"",""provider_owner_wallet"":""0x23e7c029a287a83d80b2e084e008211658dda11d""}",2026-06-22 08:03:35.076153+00,2026-06-22 08:03:35.076153+00
0ba867b9-5a63-4cd4-8aa6-d7db9e1f5f53,inv_bc3e633de39d,0ba867b9-5a63-4cd4-8aa6-d7db9e1f5f53,0xd33682f74bb537f019ad4515cc5e93ae608b53f5,ES,full,funding_memory,0.005,completed,0xfa1dc02ca56d30645c6851a73d011ab672e5da70fef6a05b0f8d546f6cfc2a39,https://testnet.arcscan.app/tx/0xfa1dc02ca56d30645c6851a73d011ab672e5da70fef6a05b0f8d546f6cfc2a39,1782094603.53907,"{""tier"":""full"",""query"":{""FDV"":2575500,""amount"":null,""symbol"":""ES"",""fromATH"":-50,""circRatio"":0.67,""marketCap"":1717000,""volume24h"":10240,""fundingRate"":-0.0055},""symbol"":""ES"",""paid_at"":1782094603.539067,""amount_raw"":""5000"",""buyer_type"":""human"",""invoice_id"":""inv_bc3e633de39d"",""query_hash"":""ab8c1fce291b9304b14cd3f0ad4fedfc55cc80550be50c0ff89bfeb250bf6910"",""amount_usdc"":0.005,""provider_id"":""funding_memory"",""explorer_url"":""https://testnet.arcscan.app/tx/0xfa1dc02ca56d30645c6851a73d011ab672e5da70fef6a05b0f8d546f6cfc2a39"",""payer_address"":""0xd33682f74bb537f019ad4515cc5e93ae608b53f5"",""resource_type"":""qma_signal_report"",""settlement_id"":""0ba867b9-5a63-4cd4-8aa6-d7db9e1f5f53"",""gateway_status"":""completed"",""seller_address"":""0x23e7c029a287a83d80b2e084e008211658dda11d"",""transaction_hash"":""0xfa1dc02ca56d30645c6851a73d011ab672e5da70fef6a05b0f8d546f6cfc2a39"",""provider_owner_wallet"":""0x23e7c029a287a83d80b2e084e008211658dda11d""}",2026-06-22 02:16:45.392776+00,2026-06-22 02:16:45.392776+00
0c1a9051-663b-46e7-8fba-b288111ba3b8,inv_08b2a7a69860,0c1a9051-663b-46e7-8fba-b288111ba3b8,0xf5987818ebbee812eb730b6a395d66e664412cf5,H,preview,funding_memory,0.001,completed,0xfa1dc02ca56d30645c6851a73d011ab672e5da70fef6a05b0f8d546f6cfc2a39,https://testnet.arcscan.app/tx/0xfa1dc02ca56d30645c6851a73d011ab672e5da70fef6a05b0f8d546f6cfc2a39,1782094497.47972,"{""tier"":""preview"",""query"":{""FDV"":27588000,""amount"":5946613.81512,""symbol"":""H"",""fromATH"":-50,""circRatio"":0.666666666667,""marketCap"":18392000,""volume24h"":1189322.7630240002,""fundingRate"":-0.006707},""symbol"":""H"",""paid_at"":1782094497.4797213,""amount_raw"":""1000"",""buyer_type"":""agent"",""invoice_id"":""inv_08b2a7a69860"",""query_hash"":""c63730db8cdc3e0112ac3cdfcbec7d7e027c994b2e6927bd4de04f1c948c4b3b"",""amount_usdc"":0.001,""provider_id"":""funding_memory"",""explorer_url"":""https://testnet.arcscan.app/tx/0xfa1dc02ca56d30645c6851a73d011ab672e5da70fef6a05b0f8d546f6cfc2a39"",""payer_address"":""0xf5987818ebbee812eb730b6a395d66e664412cf5"",""resource_type"":""qma_signal_report"",""settlement_id"":""0c1a9051-663b-46e7-8fba-b288111ba3b8"",""gateway_status"":""completed"",""seller_address"":""0x23e7c029a287a83d80b2e084e008211658dda11d"",""transaction_hash"":""0xfa1dc02ca56d30645c6851a73d011ab672e5da70fef6a05b0f8d546f6cfc2a39"",""provider_owner_wallet"":""0x23e7c029a287a83d80b2e084e008211658dda11d""}",2026-06-22 02:14:59.361812+00,2026-06-22 02:14:59.361812+00
0d148f04-8213-4d61-ac2b-eadf58ce5d92,inv_ae078f3909d4,0d148f04-8213-4d61-ac2b-eadf58ce5d92,0x9a6126cf24d565f6fd7ad3639f7bf11928c385df,LAB,preview,funding_memory,0.001153,completed,0xfc3942c995d60f26edf253c6f3540690467e7e17c723419fed5d28717ba77c79,https://testnet.arcscan.app/tx/0xfc3942c995d60f26edf253c6f3540690467e7e17c723419fed5d28717ba77c79,1783391098.13855,"{""tier"":""preview"",""query"":{""FDV"":211834210,""price"":null,""amount"":7061140.300000001,""symbol"":""LAB"",""fromATH"":-50,""circRatio"":0.65,""marketCap"":141222807,""volume24h"":70611403,""fundingRate"":-0.0061,""openInterest"":null,""longShortRatio"":null,""openInterestChange24h"":null},""symbol"":""LAB"",""paid_at"":1783391098.1385546,""pricing"":{""amount_usdc"":""0.001153""},""accounting"":{""currency"":""USDC"",""amount_usdc"":""0.001153""},""amount_raw"":""1153"",""buyer_type"":""agent"",""invoice_id"":""inv_ae078f3909d4"",""query_hash"":""959f1a51e851b2296c7896adca2cd77667d4b82583fc6649cbcf2f4a7dbab184"",""settlement"":{""rail"":""circle_gateway_x402"",""amount"":""0.001153"",""network"":""Arc Testnet"",""currency"":""USDC"",""decimals"":6,""token_address"":""0x3600000000000000000000000000000000000000"",""gateway_supported"":true},""amount_usdc"":0.001153,""provider_id"":""funding_memory"",""explorer_url"":""https://testnet.arcscan.app/tx/0xfc3942c995d60f26edf253c6f3540690467e7e17c723419fed5d28717ba77c79"",""payer_address"":""0x9a6126cf24d565f6fd7ad3639f7bf11928c385df"",""resource_type"":""qma_signal_report"",""settlement_id"":""0d148f04-8213-4d61-ac2b-eadf58ce5d92"",""gateway_status"":""completed"",""seller_address"":""0x23e7c029a287a83d80b2e084e008211658dda11d"",""transaction_hash"":""0xfc3942c995d60f26edf253c6f3540690467e7e17c723419fed5d28717ba77c79"",""provider_owner_wallet"":""0xb40971a5d88f31c7b8d88bf93f7d044f1383bf01""}",2026-07-07 02:25:00.884618+00,2026-07-07 02:25:00.884618+00
0d4bff7d-21fd-45e0-b36a-283037c447fd,inv_0577179856c8,0d4bff7d-21fd-45e0-b36a-283037c447fd,0x2c03cd73ad36230a3c5be43d51d72fdca32f53d4,CVC,full,funding_memory,0.005088,completed,0xa77f85154f42ebbb31b3d04775de037b80339a0ba368fd5973a6a3b67b8e4f44,https://testnet.arcscan.app/tx/0xa77f85154f42ebbb31b3d04775de037b80339a0ba368fd5973a6a3b67b8e4f44,1789611822.76902,"{""tier"":""full"",""query"":{""FDV"":20000000,""price"":0.0263,""amount"":778561.9508,""symbol"":""CVC"",""fromATH"":-50,""circRatio"":0.65,""marketCap"":10000000,""volume24h"":817610.98415,""fundingRate"":-0.006509,""openInterest"":778561.9508,""longShortRatio"":null,""openInterestChange24h"":null},""symbol"":""CVC"",""paid_at"":1789611822.7690222,""pricing"":{""amount_usdc"":""0.005088""},""synthetic"":false,""accounting"":{""currency"":""USDC"",""amount_usdc"":""0.005088"",""creator_wallet"":""0xb40971a5d88f31c7b8d88bf93f7d044f1383bf01"",""settlement_mode"":""seller_wallet"",""creator_share_bps"":8000,""platform_share_bps"":2000},""amount_raw"":""5088"",""buyer_type"":""human"",""invoice_id"":""inv_0577179856c8"",""query_hash"":""280a8a724c8fa45196b222d545163110d75af7f1d7dfb4d89ca5274079fa4df3"",""run_source"":null,""settlement"":{""mode"":""seller_wallet"",""rail"":""circle_gateway_x402"",""amount"":""0.005088"",""network"":""Arc Testnet"",""currency"":""USDC"",""decimals"":6,""token_address"":""0x3600000000000000000000000000000000000000"",""gateway_supported"":true},""agent_label"":null,""amount_usdc"":0.005088,""provider_id"":""funding_memory"",""explorer_url"":""https://testnet.arcscan.app/tx/0xa77f85154f42ebbb31b3d04775de037b80339a0ba368fd5973a6a3b67b8e4f44"",""payer_address"":""0x2c03cd73ad36230a3c5be43d51d72fdca32f53d4"",""resource_type"":""qma_signal_report"",""settlement_id"":""0d4bff7d-21fd-45e0-b36a-283037c447fd"",""arc_settlement"":{""error"":""Circle treasury wallet address does not match the x402 seller"",""action"":""creator_payout"",""status"":""retryable"",""verdict"":""VALID"",""version"":1,""recipient"":""0xb40971a5d88f31c7b8d88bf93f7d044f1383bf01"",""created_at"":1789657514.7883878,""updated_at"":1789875372.5642593,""operation_id"":""arc-verdict:inv_0577179856c8:creator_payout:v1"",""total_amount_raw"":""5088"",""treasury_address"":""0x23e7c029a287a83d80b2e084e008211658dda11d"",""creator_share_bps"":8000,""creator_amount_raw"":""4070"",""platform_amount_raw"":""1018"",""transfer_amount_raw"":""4070"",""source_settlement_id"":""0d4bff7d-21fd-45e0-b36a-283037c447fd"",""source_gateway_status"":""received""},""gateway_status"":""completed"",""seller_address"":""0x23e7c029a287a83d80b2e084e008211658dda11d"",""transaction_hash"":""0xa77f85154f42ebbb31b3d04775de037b80339a0ba368fd5973a6a3b67b8e4f44"",""buyer_wallet_address"":""0x2c03cd73ad36230a3c5be43d51d72fdca32f53d4"",""provider_owner_wallet"":""0xb40971a5d88f31c7b8d88bf93f7d044f1383bf01""}",2026-09-17 15:00:58.475692+00,2026-09-17 15:00:58.475692+00
0dce9013-ea3f-402e-8694-f7031dd7f89a,inv_fdda53925534,0dce9013-ea3f-402e-8694-f7031dd7f89a,0xce05679737fbb009e0c9998e927364fb24bfc0e4,APDSTOCK,full,funding_memory,0.004325,completed,,,1783447337.29134,"{""tier"":""full"",""query"":{""FDV"":16560625.80075,""price"":304.97,""amount"":2208083.4401000002,""symbol"":""APDSTOCK"",""fromATH"":-50,""circRatio"":0.65,""marketCap"":11040417.2005,""volume24h"":97289.155,""fundingRate"":-0.003662,""openInterest"":2208083.4401000002,""longShortRatio"":null,""openInterestChange24h"":null},""symbol"":""APDSTOCK"",""paid_at"":1783447337.2913353,""pricing"":{""amount_usdc"":""0.004325""},""event_id"":""inv_fdda53925534:creator"",""split_leg"":{""role"":""creator"",""leg_id"":""creator"",""pay_to"":""0xb40971a5d88f31c7b8d88bf93f7d044f1383bf01"",""amount_raw"":""4325"",""amount_usdc"":""0.004325""},""accounting"":{""currency"":""USDC"",""amount_usdc"":""0.005406"",""creator_wallet"":""0xb40971a5d88f31c7b8d88bf93f7d044f1383bf01"",""settlement_mode"":""x402_direct_split"",""creator_share_bps"":8000,""platform_share_bps"":2000},""amount_raw"":""4325"",""buyer_type"":""agent"",""invoice_id"":""inv_fdda53925534"",""query_hash"":""c519e055e320def77d48e9ed4266145b0f2bbbbd5ed80170f49ff2d7549eeaa3"",""settlement"":{""mode"":""x402_direct_split"",""rail"":""circle_gateway_x402"",""amount"":""0.005406"",""network"":""Arc Testnet"",""currency"":""USDC"",""decimals"":6,""token_address"":""0x3600000000000000000000000000000000000000"",""gateway_supported"":true},""amount_usdc"":""0.004325"",""provider_id"":""funding_memory"",""explorer_url"":null,""payer_address"":""0xce05679737fbb009e0c9998e927364fb24bfc0e4"",""resource_type"":""qma_signal_report"",""settlement_id"":""0dce9013-ea3f-402e-8694-f7031dd7f89a"",""gateway_status"":""completed"",""seller_address"":""0xb40971a5d88f31c7b8d88bf93f7d044f1383bf01"",""transaction_hash"":null,""provider_owner_wallet"":""0xb40971a5d88f31c7b8d88bf93f7d044f1383bf01""}",2026-07-07 18:02:20.479928+00,2026-07-07 18:02:20.479928+00
0de81e72-55e8-4a25-8bf4-747a6950e49a,inv_5c09bd7951b4,0de81e72-55e8-4a25-8bf4-747a6950e49a,0x2c03cd73ad36230a3c5be43d51d72fdca32f53d4,AVA,full,funding_memory,0.005088,completed,0xa7c63401433112339a3d33f37ad301187f0c698f6ca03eede50def72f787a558,https://testnet.arcscan.app/tx/0xa7c63401433112339a3d33f37ad301187f0c698f6ca03eede50def72f787a558,1789642826.78964,"{""tier"":""full"",""query"":{""FDV"":20000000,""price"":0.2818,""amount"":742954.428,""symbol"":""AVA"",""fromATH"":-50,""circRatio"":0.65,""marketCap"":10000000,""volume24h"":2063368.684,""fundingRate"":-0.009225,""openInterest"":742954.428,""longShortRatio"":null,""openInterestChange24h"":null},""symbol"":""AVA"",""paid_at"":1789642826.7896426,""pricing"":{""amount_usdc"":""0.005088""},""synthetic"":false,""accounting"":{""currency"":""USDC"",""amount_usdc"":""0.005088"",""creator_wallet"":""0xb40971a5d88f31c7b8d88bf93f7d044f1383bf01"",""settlement_mode"":""seller_wallet"",""creator_share_bps"":8000,""platform_share_bps"":2000},""amount_raw"":""5088"",""buyer_type"":""human"",""invoice_id"":""inv_5c09bd7951b4"",""query_hash"":""0f6a76af3ecaf486f02a478799c98c0c68645855b6d9e5408d3fe714c1c833f1"",""run_source"":null,""settlement"":{""mode"":""seller_wallet"",""rail"":""circle_gateway_x402"",""amount"":""0.005088"",""network"":""Arc Testnet"",""currency"":""USDC"",""decimals"":6,""token_address"":""0x3600000000000000000000000000000000000000"",""gateway_supported"":true},""agent_label"":null,""amount_usdc"":0.005088,""provider_id"":""funding_memory"",""explorer_url"":""https://testnet.arcscan.app/tx/0xa7c63401433112339a3d33f37ad301187f0c698f6ca03eede50def72f787a558"",""payer_address"":""0x2c03cd73ad36230a3c5be43d51d72fdca32f53d4"",""resource_type"":""qma_signal_report"",""settlement_id"":""0de81e72-55e8-4a25-8bf4-747a6950e49a"",""arc_settlement"":{""error"":""Circle treasury wallet address does not match the x402 seller"",""action"":""creator_payout"",""status"":""retryable"",""verdict"":""VALID"",""version"":1,""recipient"":""0xb40971a5d88f31c7b8d88bf93f7d044f1383bf01"",""created_at"":1789657479.2754033,""updated_at"":1789957531.0242786,""operation_id"":""arc-verdict:inv_5c09bd7951b4:creator_payout:v1"",""total_amount_raw"":""5088"",""treasury_address"":""0x23e7c029a287a83d80b2e084e008211658dda11d"",""creator_share_bps"":8000,""creator_amount_raw"":""4070"",""platform_amount_raw"":""1018"",""transfer_amount_raw"":""4070"",""source_settlement_id"":""0de81e72-55e8-4a25-8bf4-747a6950e49a"",""source_gateway_status"":""received""},""gateway_status"":""completed"",""seller_address"":""0x23e7c029a287a83d80b2e084e008211658dda11d"",""transaction_hash"":""0xa7c63401433112339a3d33f37ad301187f0c698f6ca03eede50def72f787a558"",""buyer_wallet_address"":""0x2c03cd73ad36230a3c5be43d51d72fdca32f53d4"",""provider_owner_wallet"":""0xb40971a5d88f31c7b8d88bf93f7d044f1383bf01""}",2026-09-17 15:00:29.000043+00,2026-09-17 15:00:29.000043+00
0e2e60e1-cc4b-4cd9-a272-aff491725ab6,inv_939ff4689b93,0e2e60e1-cc4b-4cd9-a272-aff491725ab6,0xd9d0f678382a30cd3008b0839d22e7844553ccb7,SPELL,full,funding_memory,0.00458,received,,,1783442233.32929,"{""tier"":""full"",""query"":{""FDV"":15000000,""price"":0.0001126,""amount"":323293.21278,""symbol"":""SPELL"",""fromATH"":-50,""circRatio"":0.65,""marketCap"":10000000,""volume24h"":752129.55569,""fundingRate"":-0.014176,""openInterest"":323293.21278,""longShortRatio"":null,""openInterestChange24h"":null},""symbol"":""SPELL"",""paid_at"":1783442233.3292887,""pricing"":{""amount_usdc"":""0.00458""},""event_id"":""inv_939ff4689b93:creator"",""split_leg"":{""role"":""creator"",""leg_id"":""creator"",""pay_to"":""0xb40971a5d88f31c7b8d88bf93f7d044f1383bf01"",""amount_raw"":""4580"",""amount_usdc"":""0.00458""},""accounting"":{""currency"":""USDC"",""amount_usdc"":""0.005725"",""creator_wallet"":""0xb40971a5d88f31c7b8d88bf93f7d044f1383bf01"",""settlement_mode"":""x402_direct_split"",""creator_share_bps"":8000,""platform_share_bps"":2000},""amount_raw"":""4580"",""buyer_type"":""agent"",""invoice_id"":""inv_939ff4689b93"",""query_hash"":""336bbd885923ab0c2bf9aa6445f7d4f578bb22bb907dc36b98712da444320e7d"",""settlement"":{""mode"":""x402_direct_split"",""rail"":""circle_gateway_x402"",""amount"":""0.005725"",""network"":""Arc Testnet"",""currency"":""USDC"",""decimals"":6,""token_address"":""0x3600000000000000000000000000000000000000"",""gateway_supported"":true},""amount_usdc"":""0.00458"",""provider_id"":""funding_memory"",""explorer_url"":null,""payer_address"":""0xd9d0f678382a30cd3008b0839d22e7844553ccb7"",""resource_type"":""qma_signal_report"",""settlement_id"":""0e2e60e1-cc4b-4cd9-a272-aff491725ab6"",""gateway_status"":""received"",""seller_address"":""0xb40971a5d88f31c7b8d88bf93f7d044f1383bf01"",""transaction_hash"":null,""provider_owner_wallet"":""0xb40971a5d88f31c7b8d88bf93f7d044f1383bf01""}",2026-07-07 16:37:16.41388+00,2026-07-07 16:37:16.41388+00
0e5842e0-69b8-41ad-88c0-a7de67ab769d,inv_0cf89f767d9c,0e5842e0-69b8-41ad-88c0-a7de67ab769d,0x9a6126cf24d565f6fd7ad3639f7bf11928c385df,H,preview,funding_memory,0.001,completed,,,1781925759.04651,"{""tier"":""preview"",""query"":{""FDV"":31501500,""amount"":null,""symbol"":""H"",""fromATH"":-50,""circRatio"":0.67,""marketCap"":21001000,""volume24h"":1813619,""fundingRate"":-0.0042},""symbol"":""H"",""paid_at"":1781925759.046512,""amount_raw"":""1000"",""buyer_type"":""human"",""invoice_id"":""inv_0cf89f767d9c"",""query_hash"":""69d6cd58b8e976ac12c22dc7a1a0c5ad7319d57c02a699204d350b6f80b50ae1"",""amount_usdc"":0.001,""provider_id"":""funding_memory"",""explorer_url"":null,""payer_address"":""0x9a6126cf24d565f6fd7ad3639f7bf11928c385df"",""resource_type"":""qma_signal_report"",""settlement_id"":""0e5842e0-69b8-41ad-88c0-a7de67ab769d"",""tier_category"":""preview"",""gateway_status"":""completed"",""seller_address"":""0x23e7c029a287a83d80b2e084e008211658dda11d"",""transaction_hash"":null,""provider_owner_wallet"":""0x23e7c029a287a83d80b2e084e008211658dda11d""}",2026-06-20 03:22:40.644823+00,2026-06-20 03:22:40.644823+00
0f832131-f0bf-4a52-a9ae-5711f3c8b1f2,inv_f9dcc9229564,0f832131-f0bf-4a52-a9ae-5711f3c8b1f2,0x2c03cd73ad36230a3c5be43d51d72fdca32f53d4,SPELL,full,funding_memory,0.005779,completed,0x6757d1a5761e1abf123051f39142a9b0c82a29f8a26f68fa8dcdba8b7e9d1022,https://testnet.arcscan.app/tx/0x6757d1a5761e1abf123051f39142a9b0c82a29f8a26f68fa8dcdba8b7e9d1022,1783484789.10081,"{""tier"":""full"",""query"":{""FDV"":15450,""amount"":null,""symbol"":""SPELL"",""fromATH"":-50,""circRatio"":0.67,""marketCap"":10300,""volume24h"":616,""fundingRate"":-0.0176},""symbol"":""SPELL"",""paid_at"":1783484789.1008067,""amount_raw"":""5779"",""buyer_type"":""human"",""invoice_id"":""inv_f9dcc9229564"",""query_hash"":""8273355d04b9d52bb24e07c81245755dc45568011433f525a09d17d172624161"",""amount_usdc"":0.005779,""provider_id"":""funding_memory"",""explorer_url"":""https://testnet.arcscan.app/tx/0x6757d1a5761e1abf123051f39142a9b0c82a29f8a26f68fa8dcdba8b7e9d1022"",""payer_address"":""0x2c03cd73ad36230a3c5be43d51d72fdca32f53d4"",""resource_type"":""qma_signal_report"",""settlement_id"":""0f832131-f0bf-4a52-a9ae-5711f3c8b1f2"",""gateway_status"":""completed"",""seller_address"":""0x23e7c029a287a83d80b2e084e008211658dda11d"",""transaction_hash"":""0x6757d1a5761e1abf123051f39142a9b0c82a29f8a26f68fa8dcdba8b7e9d1022"",""provider_owner_wallet"":""0x23e7c029a287a83d80b2e084e008211658dda11d""}",2026-07-08 04:26:32.707231+00,2026-07-08 04:26:32.707231+00
0ff4f151-6914-4ec1-a6b9-1e88f0b67791,inv_020fb7218c42,0ff4f151-6914-4ec1-a6b9-1e88f0b67791,0x9a6126cf24d565f6fd7ad3639f7bf11928c385df,LAB,preview,funding_memory,0.001,completed,0x64658f8ad830a7179cac41e74d566fe44fab3976746b8472f724341df7e87fca,https://testnet.arcscan.app/tx/0x64658f8ad830a7179cac41e74d566fe44fab3976746b8472f724341df7e87fca,1782754005.80665,"{""tier"":""preview"",""query"":{""FDV"":2232300000,""amount"":445358.732,""symbol"":""LAB"",""fromATH"":-50,""circRatio"":0.666666666667,""marketCap"":1488200000,""volume24h"":89071.7464,""fundingRate"":-0.003395},""symbol"":""LAB"",""paid_at"":1782754005.8066516,""amount_raw"":""1000"",""buyer_type"":""agent"",""invoice_id"":""inv_020fb7218c42"",""query_hash"":""bb6b6ea1561b2625aa004bf7469af51b34d3f0f3512e8b28fd7096644e0ec183"",""amount_usdc"":0.001,""provider_id"":""funding_memory"",""explorer_url"":""https://testnet.arcscan.app/tx/0x64658f8ad830a7179cac41e74d566fe44fab3976746b8472f724341df7e87fca"",""payer_address"":""0x9a6126cf24d565f6fd7ad3639f7bf11928c385df"",""resource_type"":""qma_signal_report"",""settlement_id"":""0ff4f151-6914-4ec1-a6b9-1e88f0b67791"",""tier_category"":""preview"",""gateway_status"":""completed"",""seller_address"":""0x23e7c029a287a83d80b2e084e008211658dda11d"",""transaction_hash"":""0x64658f8ad830a7179cac41e74d566fe44fab3976746b8472f724341df7e87fca"",""provider_owner_wallet"":""0x23e7c029a287a83d80b2e084e008211658dda11d""}",2026-06-29 17:26:49.794942+00,2026-06-29 17:26:49.794942+00
14abac0c-2244-49d6-95b1-7652a42ac57a,inv_183f279cd453,14abac0c-2244-49d6-95b1-7652a42ac57a,0xf5987818ebbee812eb730b6a395d66e664412cf5,1000BTT,full,funding_memory,0.005,completed,0x7f239591c63f540530d71aec348ae7418e1adbdc48b1c2316fa4586a88b5a377,https://testnet.arcscan.app/tx/0x7f239591c63f540530d71aec348ae7418e1adbdc48b1c2316fa4586a88b5a377,1782273820.95715,"{""tier"":""full"",""query"":{""FDV"":41175,""amount"":null,""symbol"":""1000BTT"",""fromATH"":-50,""circRatio"":0.67,""marketCap"":27450,""volume24h"":4,""fundingRate"":-0.004},""symbol"":""1000BTT"",""paid_at"":1782273820.9571457,""amount_raw"":""5000"",""buyer_type"":""human"",""invoice_id"":""inv_183f279cd453"",""query_hash"":""679e6815216133c9ef4294a1997657101befac637dd11986dafcf58049e9a01a"",""amount_usdc"":0.005,""provider_id"":""funding_memory"",""explorer_url"":""https://testnet.arcscan.app/tx/0x7f239591c63f540530d71aec348ae7418e1adbdc48b1c2316fa4586a88b5a377"",""payer_address"":""0xf5987818ebbee812eb730b6a395d66e664412cf5"",""resource_type"":""qma_signal_report"",""settlement_id"":""14abac0c-2244-49d6-95b1-7652a42ac57a"",""gateway_status"":""completed"",""seller_address"":""0x23e7c029a287a83d80b2e084e008211658dda11d"",""transaction_hash"":""0x7f239591c63f540530d71aec348ae7418e1adbdc48b1c2316fa4586a88b5a377"",""provider_owner_wallet"":""0x23e7c029a287a83d80b2e084e008211658dda11d""}",2026-06-24 04:03:43.594737+00,2026-06-24 04:03:43.594737+00
14de740c-b529-466a-8777-2cea66f7265e,inv_52ec7979d587,14de740c-b529-466a-8777-2cea66f7265e,0x65d923ba4917ef8523687609b3641f3a0cbc3971,LAB,preview,funding_memory,0.000239,received,,,1783445112.91415,"{""tier"":""preview"",""query"":{""FDV"":297984033.65999997,""price"":5.404,""amount"":4322389.4,""symbol"":""LAB"",""fromATH"":-50,""circRatio"":0.65,""marketCap"":198656022.44,""volume24h"":99328011.22,""fundingRate"":-0.015605,""openInterest"":4322389.4,""longShortRatio"":null,""openInterestChange24h"":null},""symbol"":""LAB"",""paid_at"":1783445112.9141521,""pricing"":{""amount_usdc"":""0.000239""},""event_id"":""inv_52ec7979d587:platform"",""split_leg"":{""role"":""platform"",""leg_id"":""platform"",""pay_to"":""0x23e7c029a287a83d80b2e084e008211658dda11d"",""amount_raw"":""239"",""amount_usdc"":""0.000239""},""accounting"":{""currency"":""USDC"",""amount_usdc"":""0.001195"",""creator_wallet"":""0xb40971a5d88f31c7b8d88bf93f7d044f1383bf01"",""settlement_mode"":""x402_direct_split"",""creator_share_bps"":8000,""platform_share_bps"":2000},""amount_raw"":""239"",""buyer_type"":""agent"",""invoice_id"":""inv_52ec7979d587"",""query_hash"":""7513ce0fdea1f130eca15245189dce3228d9daadac66c32bc107a21b94417c90"",""settlement"":{""mode"":""x402_direct_split"",""rail"":""circle_gateway_x402"",""amount"":""0.001195"",""network"":""Arc Testnet"",""currency"":""USDC"",""decimals"":6,""token_address"":""0x3600000000000000000000000000000000000000"",""gateway_supported"":true},""amount_usdc"":""0.000239"",""provider_id"":""funding_memory"",""explorer_url"":null,""payer_address"":""0x65d923ba4917ef8523687609b3641f3a0cbc3971"",""resource_type"":""qma_signal_report"",""settlement_id"":""14de740c-b529-466a-8777-2cea66f7265e"",""gateway_status"":""received"",""seller_address"":""0x23e7c029a287a83d80b2e084e008211658dda11d"",""transaction_hash"":null,""provider_owner_wallet"":""0xb40971a5d88f31c7b8d88bf93f7d044f1383bf01""}",2026-07-07 17:25:15.848403+00,2026-07-07 17:25:15.848403+00
1503586c-e03c-4678-b1e2-77d95273d31d,inv_04bba6b099c4,1503586c-e03c-4678-b1e2-77d95273d31d,0x9a6126cf24d565f6fd7ad3639f7bf11928c385df,HYPE,full,funding_memory,0.004355,completed,,,1783590270.01188,"{""tier"":""full"",""query"":{""FDV"":500000000,""price"":null,""amount"":1500000,""symbol"":""HYPE"",""fromATH"":-35.2,""circRatio"":0.5,""marketCap"":250000000,""volume24h"":15000000,""fundingRate"":-0.005,""openInterest"":null,""longShortRatio"":null,""openInterestChange24h"":null},""symbol"":""HYPE"",""paid_at"":1783590270.0118766,""pricing"":{""amount_usdc"":""0.004355""},""event_id"":""inv_04bba6b099c4:creator"",""split_leg"":{""role"":""creator"",""leg_id"":""creator"",""pay_to"":""0xb40971a5d88f31c7b8d88bf93f7d044f1383bf01"",""amount_raw"":""4355"",""amount_usdc"":""0.004355""},""synthetic"":false,""accounting"":{""currency"":""USDC"",""amount_usdc"":""0.005444"",""creator_wallet"":""0xb40971a5d88f31c7b8d88bf93f7d044f1383bf01"",""settlement_mode"":""x402_direct_split"",""creator_share_bps"":8000,""platform_share_bps"":2000},""amount_raw"":""4355"",""buyer_type"":""human"",""invoice_id"":""inv_04bba6b099c4"",""query_hash"":""a7887f74a9ba0ac4d43c0c55fc5d62c2513d5020f2cdc2f98a7bb0bbd8f49ca9"",""run_source"":null,""settlement"":{""mode"":""x402_direct_split"",""rail"":""circle_gateway_x402"",""amount"":""0.005444"",""network"":""Arc Testnet"",""currency"":""USDC"",""decimals"":6,""token_address"":""0x3600000000000000000000000000000000000000"",""gateway_supported"":true},""agent_label"":null,""amount_usdc"":""0.004355"",""provider_id"":""funding_memory"",""explorer_url"":null,""payer_address"":""0x9a6126cf24d565f6fd7ad3639f7bf11928c385df"",""resource_type"":""qma_signal_report"",""settlement_id"":""1503586c-e03c-4678-b1e2-77d95273d31d"",""gateway_status"":""completed"",""seller_address"":""0xb40971a5d88f31c7b8d88bf93f7d044f1383bf01"",""transaction_hash"":null,""provider_owner_wallet"":""0xb40971a5d88f31c7b8d88bf93f7d044f1383bf01""}",2026-07-09 09:44:34.114974+00,2026-07-09 09:44:34.114974+00
16da6644-9f36-4073-8722-87f0883eaffa,inv_b8f9cd6e289a,16da6644-9f36-4073-8722-87f0883eaffa,0xbe6ee76916726d1d04155dde8923d58e720557a1,SYN,full,funding_memory,0.005,completed,0x2969409555e07ffdc4c7dbaf06fd9122e9360084f2ee862fdbefcada5b5f631d,https://testnet.arcscan.app/tx/0x2969409555e07ffdc4c7dbaf06fd9122e9360084f2ee862fdbefcada5b5f631d,1782147455.43631,"{""tier"":""full"",""query"":{""FDV"":40218000,""amount"":null,""symbol"":""SYN"",""fromATH"":-50,""circRatio"":0.67,""marketCap"":26812000,""volume24h"":539671,""fundingRate"":-0.0044},""symbol"":""SYN"",""paid_at"":1782147455.4363143,""amount_raw"":""5000"",""buyer_type"":""human"",""invoice_id"":""inv_b8f9cd6e289a"",""query_hash"":""bd8de12801fb09cb204cdcc08a68a150d66b948720944a42683d6ca50eece739"",""amount_usdc"":0.005,""provider_id"":""funding_memory"",""explorer_url"":""https://testnet.arcscan.app/tx/0x2969409555e07ffdc4c7dbaf06fd9122e9360084f2ee862fdbefcada5b5f631d"",""payer_address"":""0xbe6ee76916726d1d04155dde8923d58e720557a1"",""resource_type"":""qma_signal_report"",""settlement_id"":""16da6644-9f36-4073-8722-87f0883eaffa"",""gateway_status"":""completed"",""seller_address"":""0x23e7c029a287a83d80b2e084e008211658dda11d"",""transaction_hash"":""0x2969409555e07ffdc4c7dbaf06fd9122e9360084f2ee862fdbefcada5b5f631d"",""provider_owner_wallet"":""0x23e7c029a287a83d80b2e084e008211658dda11d""}",2026-06-22 16:57:39.443299+00,2026-06-22 16:57:39.443299+00
18232f4d-ab03-456e-9f37-36748a2f3941,inv_08da8b2574e9,18232f4d-ab03-456e-9f37-36748a2f3941,0x8b25339f488645dc01a5aacb1dd92d51dbff1bca,H,preview,funding_memory,0.001,completed,0x91e7be9ef63088a93c85f9e60275966629fa594b0cf188b1bf81c95183a86499,https://testnet.arcscan.app/tx/0x91e7be9ef63088a93c85f9e60275966629fa594b0cf188b1bf81c95183a86499,1782026665.13489,"{""tier"":""preview"",""query"":{""FDV"":28677000,""amount"":null,""symbol"":""H"",""fromATH"":-50,""circRatio"":0.67,""marketCap"":19118000,""volume24h"":1040085,""fundingRate"":-0.0113},""symbol"":""H"",""paid_at"":1782026665.1348884,""amount_raw"":""1000"",""buyer_type"":""human"",""invoice_id"":""inv_08da8b2574e9"",""query_hash"":""c59ba846de2eb455052a0cd2b7f63b6d0fdc9fc5c6ec2bd1c4d633945db4135a"",""amount_usdc"":0.001,""provider_id"":""funding_memory"",""explorer_url"":""https://testnet.arcscan.app/tx/0x91e7be9ef63088a93c85f9e60275966629fa594b0cf188b1bf81c95183a86499"",""payer_address"":""0x8b25339f488645dc01a5aacb1dd92d51dbff1bca"",""resource_type"":""qma_signal_report"",""settlement_id"":""18232f4d-ab03-456e-9f37-36748a2f3941"",""gateway_status"":""completed"",""seller_address"":""0x23e7c029a287a83d80b2e084e008211658dda11d"",""transaction_hash"":""0x91e7be9ef63088a93c85f9e60275966629fa594b0cf188b1bf81c95183a86499"",""provider_owner_wallet"":""0x23e7c029a287a83d80b2e084e008211658dda11d""}",2026-06-21 07:24:26.725058+00,2026-06-21 07:24:26.725058+00
18629122-9da8-4649-83bc-501108b087e2,inv_92fbf77d409c,18629122-9da8-4649-83bc-501108b087e2,0x5e4cf60110565e2904a7321571d76282f0b930db,SBUXSTOCK,preview,funding_memory,0.000204,completed,0x6763fbdd893a32459ec2300d478ee7282fb6d59f290a0a75b5ab3aa3518b0694,https://testnet.arcscan.app/tx/0x6763fbdd893a32459ec2300d478ee7282fb6d59f290a0a75b5ab3aa3518b0694,1788428163.01198,"{""tier"":""preview"",""query"":{""FDV"":15000000,""price"":106.14,""amount"":135408.105,""source"":""MEXC_FUTURES"",""symbol"":""SBUXSTOCK"",""fromATH"":-50,""exchange"":""MEXC"",""circRatio"":0.65,""marketCap"":10000000,""rawSymbol"":""SBUXSTOCK_USDT"",""volume24h"":68295.3591,""contractId"":1896,""fundingRate"":-0.002695,""candidate_id"":""QMA:FUNDING_MEMORY:SBUXSTOCK:13"",""contractSize"":0.01,""openInterest"":135408.105,""source_fields"":{""detailV2_cs"":0.01,""ticker_holdVol"":127575,""ticker_amount24"":68295.3591,""ticker_volume24"":64134},""longShortRatio"":null,""adapter_version"":""MEXC_FUTURES_V2"",""openInterestBase"":1275.75,""openInterestMethod"":""HOLDVOL * DETAILV2.CS * LASTPRICE"",""expected_price_usdc"":0.001018,""openInterestChange24h"":null,""openInterestContracts"":127575,""openInterestEstimated"":false},""symbol"":""SBUXSTOCK"",""paid_at"":1788428163.0119848,""pricing"":{""amount_usdc"":""0.000204""},""event_id"":""inv_92fbf77d409c:platform"",""split_leg"":{""role"":""platform"",""leg_id"":""platform"",""pay_to"":""0x23e7c029a287a83d80b2e084e008211658dda11d"",""amount_raw"":""204"",""amount_usdc"":""0.000204""},""synthetic"":false,""accounting"":{""currency"":""USDC"",""amount_usdc"":""0.001018"",""creator_wallet"":""0xb40971a5d88f31c7b8d88bf93f7d044f1383bf01"",""settlement_mode"":""x402_direct_split"",""creator_share_bps"":8000,""platform_share_bps"":2000},""amount_raw"":""204"",""buyer_type"":""agent"",""invoice_id"":""inv_92fbf77d409c"",""query_hash"":""a0d3da3ed6ae4e03a786ddc2d64e44b5fe9a4ad78f2ca6b7dc9230d8927c53fa"",""run_source"":""agent_session_3723dae7-4340-4377-ad59-60a85bde20bd"",""settlement"":{""mode"":""x402_direct_split"",""rail"":""circle_gateway_x402"",""amount"":""0.001018"",""network"":""Arc Testnet"",""currency"":""USDC"",""decimals"":6,""token_address"":""0x3600000000000000000000000000000000000000"",""gateway_supported"":true},""agent_label"":""qma-hosted-worker"",""amount_usdc"":""0.000204"",""provider_id"":""funding_memory"",""explorer_url"":""https://testnet.arcscan.app/tx/0x6763fbdd893a32459ec2300d478ee7282fb6d59f290a0a75b5ab3aa3518b0694"",""payer_address"":""0x5e4cf60110565e2904a7321571d76282f0b930db"",""resource_type"":""qma_signal_report"",""settlement_id"":""18629122-9da8-4649-83bc-501108b087e2"",""gateway_status"":""completed"",""seller_address"":""0x23e7c029a287a83d80b2e084e008211658dda11d"",""transaction_hash"":""0x6763fbdd893a32459ec2300d478ee7282fb6d59f290a0a75b5ab3aa3518b0694"",""buyer_wallet_address"":""0x2c03cd73ad36230a3c5be43d51d72fdca32f53d4"",""provider_owner_wallet"":""0xb40971a5d88f31c7b8d88bf93f7d044f1383bf01""}",2026-09-03 09:36:06.64675+00,2026-09-03 09:36:06.64675+00
1889dd8a-54db-4b2c-ad29-965c2055422b,inv_4aa0beaec6f5,1889dd8a-54db-4b2c-ad29-965c2055422b,0xbe6ee76916726d1d04155dde8923d58e720557a1,HYPE,preview,funding_memory,0.001,completed,0x7f239591c63f540530d71aec348ae7418e1adbdc48b1c2316fa4586a88b5a377,https://testnet.arcscan.app/tx/0x7f239591c63f540530d71aec348ae7418e1adbdc48b1c2316fa4586a88b5a377,1782273699.18299,"{""tier"":""preview"",""query"":{""FDV"":60000000,""amount"":null,""symbol"":""HYPE"",""fromATH"":-92,""circRatio"":0.15,""marketCap"":8000000,""volume24h"":5200000,""fundingRate"":-0.012},""symbol"":""HYPE"",""paid_at"":1782273699.1829863,""amount_raw"":""1000"",""buyer_type"":""human"",""invoice_id"":""inv_4aa0beaec6f5"",""query_hash"":""40493b6c7ea1eba4a7b65491eff43039eeac80db6e4b4d3e6b860f02793c9243"",""amount_usdc"":0.001,""provider_id"":""funding_memory"",""explorer_url"":""https://testnet.arcscan.app/tx/0x7f239591c63f540530d71aec348ae7418e1adbdc48b1c2316fa4586a88b5a377"",""payer_address"":""0xbe6ee76916726d1d04155dde8923d58e720557a1"",""resource_type"":""qma_signal_report"",""settlement_id"":""1889dd8a-54db-4b2c-ad29-965c2055422b"",""gateway_status"":""completed"",""seller_address"":""0x23e7c029a287a83d80b2e084e008211658dda11d"",""transaction_hash"":""0x7f239591c63f540530d71aec348ae7418e1adbdc48b1c2316fa4586a88b5a377"",""provider_owner_wallet"":""0x23e7c029a287a83d80b2e084e008211658dda11d""}",2026-06-24 04:01:42.129387+00,2026-06-24 04:01:42.129387+00
18ecf41e-f942-492c-9e97-8c360cb0da70,inv_171fa3efa05e,18ecf41e-f942-492c-9e97-8c360cb0da70,0xbfe354500fd7feb53a3ce9fbc0ee5078d295d23f,BLUR,preview,funding_memory,0.000239,received,,,1783437614.72166,"{""tier"":""preview"",""query"":{""FDV"":40105222.5384,""price"":0.02352,""amount"":1289084.3952,""symbol"":""BLUR"",""fromATH"":-50,""circRatio"":0.65,""marketCap"":26736815.0256,""volume24h"":13368407.5128,""fundingRate"":-0.015353,""openInterest"":1289084.3952,""longShortRatio"":null,""openInterestChange24h"":null},""symbol"":""BLUR"",""paid_at"":1783437614.7216635,""pricing"":{""amount_usdc"":""0.000239""},""event_id"":""inv_171fa3efa05e:platform"",""split_leg"":{""role"":""platform"",""leg_id"":""platform"",""pay_to"":""0x23e7c029a287a83d80b2e084e008211658dda11d"",""amount_raw"":""239"",""amount_usdc"":""0.000239""},""accounting"":{""currency"":""USDC"",""amount_usdc"":""0.001194"",""creator_wallet"":""0xb40971a5d88f31c7b8d88bf93f7d044f1383bf01"",""settlement_mode"":""x402_direct_split"",""creator_share_bps"":8000,""platform_share_bps"":2000},""amount_raw"":""239"",""buyer_type"":""agent"",""invoice_id"":""inv_171fa3efa05e"",""query_hash"":""dd48a9f9c382b4b51aedf04a583a634f8bafce6c1f78d5eecdfc6ce29acd7fe7"",""settlement"":{""mode"":""x402_direct_split"",""rail"":""circle_gateway_x402"",""amount"":""0.001194"",""network"":""Arc Testnet"",""currency"":""USDC"",""decimals"":6,""token_address"":""0x3600000000000000000000000000000000000000"",""gateway_supported"":true},""amount_usdc"":""0.000239"",""provider_id"":""funding_memory"",""explorer_url"":null,""payer_address"":""0xbfe354500fd7feb53a3ce9fbc0ee5078d295d23f"",""resource_type"":""qma_signal_report"",""settlement_id"":""18ecf41e-f942-492c-9e97-8c360cb0da70"",""gateway_status"":""received"",""seller_address"":""0x23e7c029a287a83d80b2e084e008211658dda11d"",""transaction_hash"":null,""provider_owner_wallet"":""0xb40971a5d88f31c7b8d88bf93f7d044f1383bf01""}",2026-07-07 15:20:17.474426+00,2026-07-07 15:20:17.474426+00
18f9c638-5db2-46c0-ab24-2d2b85ffa3c4,inv_59ed99b9b8dc,18f9c638-5db2-46c0-ab24-2d2b85ffa3c4,0xf5987818ebbee812eb730b6a395d66e664412cf5,OGN,full,funding_memory,0.005671,completed,0x6e09f9ba1e1a3029acf2a1abb0ba36b90012b80bbcd8a6a693b05f919a013bca,https://testnet.arcscan.app/tx/0x6e09f9ba1e1a3029acf2a1abb0ba36b90012b80bbcd8a6a693b05f919a013bca,1783172774.91437,"{""tier"":""full"",""query"":{""FDV"":3208500,""amount"":1093323.86115,""symbol"":""OGN"",""fromATH"":-50,""circRatio"":0.666666666667,""marketCap"":2139000,""volume24h"":218664.77223,""fundingRate"":-0.010469},""symbol"":""OGN"",""paid_at"":1783172774.9143705,""amount_raw"":""5671"",""buyer_type"":""agent"",""invoice_id"":""inv_59ed99b9b8dc"",""query_hash"":""063a753c4245c0fd9ff37b56edea2936fb56a59d0fb2375c9379dcd3d09b1841"",""amount_usdc"":0.005671,""provider_id"":""funding_memory"",""explorer_url"":""https://testnet.arcscan.app/tx/0x6e09f9ba1e1a3029acf2a1abb0ba36b90012b80bbcd8a6a693b05f919a013bca"",""payer_address"":""0xf5987818ebbee812eb730b6a395d66e664412cf5"",""resource_type"":""qma_signal_report"",""settlement_id"":""18f9c638-5db2-46c0-ab24-2d2b85ffa3c4"",""gateway_status"":""completed"",""seller_address"":""0x23e7c029a287a83d80b2e084e008211658dda11d"",""transaction_hash"":""0x6e09f9ba1e1a3029acf2a1abb0ba36b90012b80bbcd8a6a693b05f919a013bca"",""provider_owner_wallet"":""0x23e7c029a287a83d80b2e084e008211658dda11d""}",2026-07-04 13:46:16.233541+00,2026-07-04 13:46:16.233541+00
19a7dc2c-6e28-473f-9d1a-5b264698e1e2,inv_f1af67608080,19a7dc2c-6e28-473f-9d1a-5b264698e1e2,0xf5987818ebbee812eb730b6a395d66e664412cf5,NFP,preview,funding_memory,0.001,completed,0x8792ab300890ed9b65c062968b923b20ebfde0f0b86c764711b8b98342873046,https://testnet.arcscan.app/tx/0x8792ab300890ed9b65c062968b923b20ebfde0f0b86c764711b8b98342873046,1782901978.71586,"{""tier"":""preview"",""query"":{""FDV"":1094550,""amount"":45704.044394,""symbol"":""NFP"",""fromATH"":-50,""circRatio"":0.666666666667,""marketCap"":729700,""volume24h"":9140.8088788,""fundingRate"":-0.02},""symbol"":""NFP"",""paid_at"":1782901978.7158644,""amount_raw"":""1000"",""buyer_type"":""agent"",""invoice_id"":""inv_f1af67608080"",""query_hash"":""83cefe590b30c67d93d8a344baaa443f417adccba1320881d2edd157dbba31fe"",""amount_usdc"":0.001,""provider_id"":""funding_memory"",""explorer_url"":""https://testnet.arcscan.app/tx/0x8792ab300890ed9b65c062968b923b20ebfde0f0b86c764711b8b98342873046"",""payer_address"":""0xf5987818ebbee812eb730b6a395d66e664412cf5"",""resource_type"":""qma_signal_report"",""settlement_id"":""19a7dc2c-6e28-473f-9d1a-5b264698e1e2"",""gateway_status"":""completed"",""seller_address"":""0x23e7c029a287a83d80b2e084e008211658dda11d"",""transaction_hash"":""0x8792ab300890ed9b65c062968b923b20ebfde0f0b86c764711b8b98342873046"",""provider_owner_wallet"":""0x23e7c029a287a83d80b2e084e008211658dda11d""}",2026-07-01 10:33:00.900546+00,2026-07-01 10:33:00.900546+00
19ef90ba-6328-44fb-8c2e-1258cc3f83eb,inv_0e76fdadbea0,19ef90ba-6328-44fb-8c2e-1258cc3f83eb,0x2c03cd73ad36230a3c5be43d51d72fdca32f53d4,PRL,legacy,funding_memory,0.05,completed,0x7804cead4303e424bf3ff2ad38ac04896dae8c6acfcaa3ad371922cb2abf8046,https://testnet.arcscan.app/tx/0x7804cead4303e424bf3ff2ad38ac04896dae8c6acfcaa3ad371922cb2abf8046,1781715840.92432,"{""tier"":""legacy"",""symbol"":""PRL"",""paid_at"":1781715840.924319,""amount_raw"":""50000"",""invoice_id"":""inv_0e76fdadbea0"",""amount_usdc"":0.05,""explorer_url"":""https://testnet.arcscan.app/tx/0x7804cead4303e424bf3ff2ad38ac04896dae8c6acfcaa3ad371922cb2abf8046"",""payer_address"":""0x2c03cd73ad36230a3c5be43d51d72fdca32f53d4"",""settlement_id"":""19ef90ba-6328-44fb-8c2e-1258cc3f83eb"",""gateway_status"":""completed"",""seller_address"":""0x23e7c029a287a83d80b2e084e008211658dda11d"",""transaction_hash"":""0x7804cead4303e424bf3ff2ad38ac04896dae8c6acfcaa3ad371922cb2abf8046""}",2026-06-19 09:35:04.052192+00,2026-06-19 16:49:23.325599+00
1b844c02-a9d3-4ab9-a4d0-47650e42acef,inv_a7010b6afb68,1b844c02-a9d3-4ab9-a4d0-47650e42acef,0xb40971a5d88f31c7b8d88bf93f7d044f1383bf01,NFP,full,funding_memory,0.0204,completed,0xe7a26da44a521157574fab3e8cdf576ee320c853ae69db30e501467a8ffabd00,https://testnet.arcscan.app/tx/0xe7a26da44a521157574fab3e8cdf576ee320c853ae69db30e501467a8ffabd00,1782909683.64663,"{""tier"":""full"",""query"":{""FDV"":1381800,""amount"":null,""symbol"":""NFP"",""fromATH"":-50,""circRatio"":0.67,""marketCap"":921200,""volume24h"":9304,""fundingRate"":-0.02},""symbol"":""NFP"",""paid_at"":1782909683.6466303,""amount_raw"":""20400"",""buyer_type"":""agent"",""invoice_id"":""inv_a7010b6afb68"",""query_hash"":""5fb3a9113194d52a0de695d37aacd766e7e5880cb5ab4e5e1edaf2f0404017d6"",""amount_usdc"":0.0204,""provider_id"":""funding_memory"",""explorer_url"":""https://testnet.arcscan.app/tx/0xe7a26da44a521157574fab3e8cdf576ee320c853ae69db30e501467a8ffabd00"",""payer_address"":""0xb40971a5d88f31c7b8d88bf93f7d044f1383bf01"",""resource_type"":""qma_signal_report"",""settlement_id"":""1b844c02-a9d3-4ab9-a4d0-47650e42acef"",""gateway_status"":""completed"",""seller_address"":""0x23e7c029a287a83d80b2e084e008211658dda11d"",""transaction_hash"":""0xe7a26da44a521157574fab3e8cdf576ee320c853ae69db30e501467a8ffabd00"",""provider_owner_wallet"":""0x23e7c029a287a83d80b2e084e008211658dda11d""}",2026-07-01 12:41:26.603945+00,2026-07-01 12:41:26.603945+00
1cb26a9b-9895-4b8e-8f68-bd4dd4c150c9,inv_1f4db46f303f,1cb26a9b-9895-4b8e-8f68-bd4dd4c150c9,0xf9c43a6cd72f5b9d1443e3faa0fac022de0abb19,SPELL,preview,funding_memory,0.000958,completed,0x80b6fb1e68f19a6e50a420569c2e4b846d7a53b4554e95bcb8378160bd70acfe,https://testnet.arcscan.app/tx/0x80b6fb1e68f19a6e50a420569c2e4b846d7a53b4554e95bcb8378160bd70acfe,1783473847.48018,"{""tier"":""preview"",""query"":{""FDV"":15000000,""price"":0.0001077,""amount"":500357.24802,""symbol"":""SPELL"",""fromATH"":-50,""circRatio"":0.65,""marketCap"":10000000,""volume24h"":2966670.20247,""fundingRate"":-0.016097,""openInterest"":500357.24802,""longShortRatio"":null,""openInterestChange24h"":null},""symbol"":""SPELL"",""paid_at"":1783473847.4801834,""pricing"":{""amount_usdc"":""0.000958""},""event_id"":""inv_1f4db46f303f:creator"",""split_leg"":{""role"":""creator"",""leg_id"":""creator"",""pay_to"":""0xb40971a5d88f31c7b8d88bf93f7d044f1383bf01"",""amount_raw"":""958"",""amount_usdc"":""0.000958""},""accounting"":{""currency"":""USDC"",""amount_usdc"":""0.001197"",""creator_wallet"":""0xb40971a5d88f31c7b8d88bf93f7d044f1383bf01"",""settlement_mode"":""x402_direct_split"",""creator_share_bps"":8000,""platform_share_bps"":2000},""amount_raw"":""958"",""buyer_type"":""agent"",""invoice_id"":""inv_1f4db46f303f"",""query_hash"":""178994f1d1047f39d72d3666c743549acd7e7ac42bcac1168fc1d41173ce02b7"",""settlement"":{""mode"":""x402_direct_split"",""rail"":""circle_gateway_x402"",""amount"":""0.001197"",""network"":""Arc Testnet"",""currency"":""USDC"",""decimals"":6,""token_address"":""0x3600000000000000000000000000000000000000"",""gateway_supported"":true},""amount_usdc"":""0.000958"",""provider_id"":""funding_memory"",""explorer_url"":""https://testnet.arcscan.app/tx/0x80b6fb1e68f19a6e50a420569c2e4b846d7a53b4554e95bcb8378160bd70acfe"",""payer_address"":""0xf9c43a6cd72f5b9d1443e3faa0fac022de0abb19"",""resource_type"":""qma_signal_report"",""settlement_id"":""1cb26a9b-9895-4b8e-8f68-bd4dd4c150c9"",""gateway_status"":""completed"",""seller_address"":""0xb40971a5d88f31c7b8d88bf93f7d044f1383bf01"",""transaction_hash"":""0x80b6fb1e68f19a6e50a420569c2e4b846d7a53b4554e95bcb8378160bd70acfe"",""provider_owner_wallet"":""0xb40971a5d88f31c7b8d88bf93f7d044f1383bf01""}",2026-07-08 01:24:10.791693+00,2026-07-08 01:24:10.791693+00
1d770e83-9ca8-4a55-8b1c-0c85bd9a1eed,inv_0b9a5dfd6109,1d770e83-9ca8-4a55-8b1c-0c85bd9a1eed,0x2c03cd73ad36230a3c5be43d51d72fdca32f53d4,NEX,preview,funding_memory,0.001118,completed,0x8db32b94bd8086c17310524f795cabf9c8c3514561f50cc965e2ec2220e6ed2e,https://testnet.arcscan.app/tx/0x8db32b94bd8086c17310524f795cabf9c8c3514561f50cc965e2ec2220e6ed2e,1783171301.35328,"{""tier"":""preview"",""query"":{""FDV"":421.35,""amount"":2.029451938,""symbol"":""NEX"",""fromATH"":-50,""circRatio"":0.666666666667,""marketCap"":280.9,""volume24h"":0.4058903876,""fundingRate"":-0.012408},""symbol"":""NEX"",""paid_at"":1783171301.35328,""amount_raw"":""1118"",""buyer_type"":""human"",""invoice_id"":""inv_0b9a5dfd6109"",""query_hash"":""9b8c69e28f8c9b47415427ff60109d01a8aabd56d3d5c847fb625d443449969f"",""amount_usdc"":0.001118,""provider_id"":""funding_memory"",""explorer_url"":""https://testnet.arcscan.app/tx/0x8db32b94bd8086c17310524f795cabf9c8c3514561f50cc965e2ec2220e6ed2e"",""payer_address"":""0x2c03cd73ad36230a3c5be43d51d72fdca32f53d4"",""resource_type"":""qma_signal_report"",""settlement_id"":""1d770e83-9ca8-4a55-8b1c-0c85bd9a1eed"",""gateway_status"":""completed"",""seller_address"":""0x23e7c029a287a83d80b2e084e008211658dda11d"",""transaction_hash"":""0x8db32b94bd8086c17310524f795cabf9c8c3514561f50cc965e2ec2220e6ed2e"",""provider_owner_wallet"":""0x23e7c029a287a83d80b2e084e008211658dda11d""}",2026-07-04 13:21:42.822845+00,2026-07-04 13:21:42.822845+00
1e3ee929-8392-4669-953a-d91ffcd023d0,inv_934ef9945057,1e3ee929-8392-4669-953a-d91ffcd023d0,0x44e9e17293357e2c7cc995adfac376457a01ccc8,EPIC,full,funding_memory,0.004592,received,,,1783443837.6998,"{""tier"":""full"",""query"":{""FDV"":19381253.4714,""price"":0.3263,""amount"":217558.89349999998,""symbol"":""EPIC"",""fromATH"":-50,""circRatio"":0.65,""marketCap"":12920835.6476,""volume24h"":6460417.8238,""fundingRate"":-0.00509,""openInterest"":217558.89349999998,""longShortRatio"":null,""openInterestChange24h"":null},""symbol"":""EPIC"",""paid_at"":1783443837.6997962,""pricing"":{""amount_usdc"":""0.004592""},""event_id"":""inv_934ef9945057:creator"",""split_leg"":{""role"":""creator"",""leg_id"":""creator"",""pay_to"":""0xb40971a5d88f31c7b8d88bf93f7d044f1383bf01"",""amount_raw"":""4592"",""amount_usdc"":""0.004592""},""accounting"":{""currency"":""USDC"",""amount_usdc"":""0.00574"",""creator_wallet"":""0xb40971a5d88f31c7b8d88bf93f7d044f1383bf01"",""settlement_mode"":""x402_direct_split"",""creator_share_bps"":8000,""platform_share_bps"":2000},""amount_raw"":""4592"",""buyer_type"":""agent"",""invoice_id"":""inv_934ef9945057"",""query_hash"":""a6461c5918068e98627dbac6e852f68178f2fe92afaae7c1dc9575dd8ab5acde"",""settlement"":{""mode"":""x402_direct_split"",""rail"":""circle_gateway_x402"",""amount"":""0.00574"",""network"":""Arc Testnet"",""currency"":""USDC"",""decimals"":6,""token_address"":""0x3600000000000000000000000000000000000000"",""gateway_supported"":true},""amount_usdc"":""0.004592"",""provider_id"":""funding_memory"",""explorer_url"":null,""payer_address"":""0x44e9e17293357e2c7cc995adfac376457a01ccc8"",""resource_type"":""qma_signal_report"",""settlement_id"":""1e3ee929-8392-4669-953a-d91ffcd023d0"",""gateway_status"":""received"",""seller_address"":""0xb40971a5d88f31c7b8d88bf93f7d044f1383bf01"",""transaction_hash"":null,""provider_owner_wallet"":""0xb40971a5d88f31c7b8d88bf93f7d044f1383bf01""}",2026-07-07 17:04:00.974493+00,2026-07-07 17:04:00.974493+00
1eadc8c3-b1ce-444b-a733-92a8c09b46ea,inv_34e5d7f8c4fb,1eadc8c3-b1ce-444b-a733-92a8c09b46ea,0xf5fd2d051a2e966b2510f755272312ab92dd8ee4,BANANA,full,funding_memory,0.001116,received,,,1783445658.23039,"{""tier"":""full"",""query"":{""FDV"":15000000,""price"":3.3,""amount"":313224.45,""symbol"":""BANANA"",""fromATH"":-50,""circRatio"":0.65,""marketCap"":10000000,""volume24h"":1528901.4976,""fundingRate"":-0.003357,""openInterest"":313224.45,""longShortRatio"":null,""openInterestChange24h"":null},""symbol"":""BANANA"",""paid_at"":1783445658.2303941,""pricing"":{""amount_usdc"":""0.001116""},""event_id"":""inv_34e5d7f8c4fb:platform"",""split_leg"":{""role"":""platform"",""leg_id"":""platform"",""pay_to"":""0x23e7c029a287a83d80b2e084e008211658dda11d"",""amount_raw"":""1116"",""amount_usdc"":""0.001116""},""accounting"":{""currency"":""USDC"",""amount_usdc"":""0.005579"",""creator_wallet"":""0xb40971a5d88f31c7b8d88bf93f7d044f1383bf01"",""settlement_mode"":""x402_direct_split"",""creator_share_bps"":8000,""platform_share_bps"":2000},""amount_raw"":""1116"",""buyer_type"":""agent"",""invoice_id"":""inv_34e5d7f8c4fb"",""query_hash"":""26dbc0bcd6a978de1bcb4f6f48dcd0f62a3dd551cfe0afcca15b09d13bbf6c8a"",""settlement"":{""mode"":""x402_direct_split"",""rail"":""circle_gateway_x402"",""amount"":""0.005579"",""network"":""Arc Testnet"",""currency"":""USDC"",""decimals"":6,""token_address"":""0x3600000000000000000000000000000000000000"",""gateway_supported"":true},""amount_usdc"":""0.001116"",""provider_id"":""funding_memory"",""explorer_url"":null,""payer_address"":""0xf5fd2d051a2e966b2510f755272312ab92dd8ee4"",""resource_type"":""qma_signal_report"",""settlement_id"":""1eadc8c3-b1ce-444b-a733-92a8c09b46ea"",""gateway_status"":""received"",""seller_address"":""0x23e7c029a287a83d80b2e084e008211658dda11d"",""transaction_hash"":null,""provider_owner_wallet"":""0xb40971a5d88f31c7b8d88bf93f7d044f1383bf01""}",2026-07-07 17:34:20.790544+00,2026-07-07 17:34:20.790544+00
1ec781ca-0e97-49bf-b4c6-87470f1e9cc1,inv_568b920e5319,1ec781ca-0e97-49bf-b4c6-87470f1e9cc1,0x2c03cd73ad36230a3c5be43d51d72fdca32f53d4,AVA,full,funding_memory,0.005088,completed,0x61c4f79aa17dbf5cfcc611bd38b32e251343f226f9c5b56fa1d899d268065bd0,https://testnet.arcscan.app/tx/0x61c4f79aa17dbf5cfcc611bd38b32e251343f226f9c5b56fa1d899d268065bd0,1789738663.27118,"{""tier"":""full"",""query"":{""FDV"":20000000,""price"":0.2601,""amount"":530226.3348,""symbol"":""AVA"",""fromATH"":-50,""circRatio"":0.65,""marketCap"":10000000,""volume24h"":2424420.482,""fundingRate"":-0.006553,""openInterest"":530226.3348,""longShortRatio"":null,""openInterestChange24h"":null},""symbol"":""AVA"",""paid_at"":1789738663.271181,""pricing"":{""amount_usdc"":""0.005088""},""synthetic"":false,""accounting"":{""currency"":""USDC"",""amount_usdc"":""0.005088"",""creator_wallet"":""0xb40971a5d88f31c7b8d88bf93f7d044f1383bf01"",""settlement_mode"":""seller_wallet"",""creator_share_bps"":8000,""platform_share_bps"":2000},""amount_raw"":""5088"",""buyer_type"":""human"",""invoice_id"":""inv_568b920e5319"",""query_hash"":""1424b6c8fcee8aa3bf4936e26a1580160360419be8eef9269be4bf62e3527e8a"",""run_source"":null,""settlement"":{""mode"":""seller_wallet"",""rail"":""circle_gateway_x402"",""amount"":""0.005088"",""network"":""Arc Testnet"",""currency"":""USDC"",""decimals"":6,""token_address"":""0x3600000000000000000000000000000000000000"",""gateway_supported"":true},""agent_label"":null,""amount_usdc"":0.005088,""provider_id"":""funding_memory"",""explorer_url"":""https://testnet.arcscan.app/tx/0x61c4f79aa17dbf5cfcc611bd38b32e251343f226f9c5b56fa1d899d268065bd0"",""payer_address"":""0x2c03cd73ad36230a3c5be43d51d72fdca32f53d4"",""resource_type"":""qma_signal_report"",""settlement_id"":""1ec781ca-0e97-49bf-b4c6-87470f1e9cc1"",""arc_settlement"":{""error"":""Circle treasury wallet address does not match the x402 seller"",""action"":""creator_payout"",""status"":""retryable"",""verdict"":""VALID"",""version"":1,""recipient"":""0xb40971a5d88f31c7b8d88bf93f7d044f1383bf01"",""created_at"":1789738853.922271,""updated_at"":1789957513.55251,""operation_id"":""arc-verdict:inv_568b920e5319:creator_payout:v1"",""total_amount_raw"":""5088"",""treasury_address"":""0x23e7c029a287a83d80b2e084e008211658dda11d"",""creator_share_bps"":8000,""creator_amount_raw"":""4070"",""platform_amount_raw"":""1018"",""transfer_amount_raw"":""4070"",""source_settlement_id"":""1ec781ca-0e97-49bf-b4c6-87470f1e9cc1"",""source_gateway_status"":""received""},""gateway_status"":""completed"",""seller_address"":""0x23e7c029a287a83d80b2e084e008211658dda11d"",""transaction_hash"":""0x61c4f79aa17dbf5cfcc611bd38b32e251343f226f9c5b56fa1d899d268065bd0"",""buyer_wallet_address"":""0x2c03cd73ad36230a3c5be43d51d72fdca32f53d4"",""provider_owner_wallet"":""0xb40971a5d88f31c7b8d88bf93f7d044f1383bf01""}",2026-09-18 13:40:53.916683+00,2026-09-18 13:40:53.916683+00
21109312-25a7-459f-ac7a-a7134e5ffc94,inv_0b4709fef488,21109312-25a7-459f-ac7a-a7134e5ffc94,0x2c03cd73ad36230a3c5be43d51d72fdca32f53d4,B3,preview,funding_memory,0.001146,completed,0x7d8d803366fb71eb234a2d06d0031ad4cfdb2f1320159f855c77c79927a9ed16,https://testnet.arcscan.app/tx/0x7d8d803366fb71eb234a2d06d0031ad4cfdb2f1320159f855c77c79927a9ed16,1783759259.59541,"{""tier"":""preview"",""query"":{""FDV"":86009.99999999999,""amount"":2093.6944112,""symbol"":""B3"",""fromATH"":-50,""circRatio"":0.666666666667,""marketCap"":57339.99999999999,""volume24h"":418.73888224,""fundingRate"":-0.018299},""symbol"":""B3"",""paid_at"":1783759259.5954146,""amount_raw"":""1146"",""buyer_type"":""agent"",""invoice_id"":""inv_0b4709fef488"",""query_hash"":""0dae853f47bd8e60a499c3ab25fea97019b999038397d4442c7719058da72069"",""amount_usdc"":0.001146,""provider_id"":""funding_memory"",""explorer_url"":""https://testnet.arcscan.app/tx/0x7d8d803366fb71eb234a2d06d0031ad4cfdb2f1320159f855c77c79927a9ed16"",""payer_address"":""0x2c03cd73ad36230a3c5be43d51d72fdca32f53d4"",""resource_type"":""qma_signal_report"",""settlement_id"":""21109312-25a7-459f-ac7a-a7134e5ffc94"",""gateway_status"":""completed"",""seller_address"":""0x23e7c029a287a83d80b2e084e008211658dda11d"",""transaction_hash"":""0x7d8d803366fb71eb234a2d06d0031ad4cfdb2f1320159f855c77c79927a9ed16"",""provider_owner_wallet"":""0x23e7c029a287a83d80b2e084e008211658dda11d""}",2026-07-11 08:41:02.868854+00,2026-07-11 08:41:02.868854+00
211b811d-fb72-4c04-aa21-1e1731f524b0,inv_ae1ac59b303f,211b811d-fb72-4c04-aa21-1e1731f524b0,0x2c03cd73ad36230a3c5be43d51d72fdca32f53d4,B3,full,funding_memory,0.005,completed,0x8b7994b6c15b23f57fcc4ad1fe4f8989390781278da6287484edecf1deea26ab,https://testnet.arcscan.app/tx/0x8b7994b6c15b23f57fcc4ad1fe4f8989390781278da6287484edecf1deea26ab,1781831455.47077,"{""tier"":""full"",""query"":{""FDV"":59570000,""amount"":null,""symbol"":""B3"",""fromATH"":-96.87,""circRatio"":0.46,""marketCap"":27659294,""volume24h"":28503360,""fundingRate"":-0.0031},""symbol"":""B3"",""paid_at"":1781831455.4707737,""amount_raw"":""5000"",""invoice_id"":""inv_ae1ac59b303f"",""query_hash"":""df7196b419d8f74447156db3b56154af5a5c3ca27cf8721b9a0aba863c0e4b1a"",""amount_usdc"":0.005,""explorer_url"":""https://testnet.arcscan.app/tx/0x8b7994b6c15b23f57fcc4ad1fe4f8989390781278da6287484edecf1deea26ab"",""payer_address"":""0x2c03cd73ad36230a3c5be43d51d72fdca32f53d4"",""resource_type"":""qma_signal_report"",""settlement_id"":""211b811d-fb72-4c04-aa21-1e1731f524b0"",""gateway_status"":""completed"",""seller_address"":""0x23e7c029a287a83d80b2e084e008211658dda11d"",""transaction_hash"":""0x8b7994b6c15b23f57fcc4ad1fe4f8989390781278da6287484edecf1deea26ab""}",2026-06-19 09:35:04.052192+00,2026-06-19 09:35:04.052192+00
212f5977-9360-4ca6-bbea-477090728aae,inv_905d9be4e87f,212f5977-9360-4ca6-bbea-477090728aae,0x4dbc321e301c82b8f8e6a5193e47c6eca656d514,IOST,full,oi_memory,0.005,completed,0x1e6d6b5a77ab9732ba904aa69aa18ff504da3c8a85485ed86adf4f82a0ac6fc3,https://testnet.arcscan.app/tx/0x1e6d6b5a77ab9732ba904aa69aa18ff504da3c8a85485ed86adf4f82a0ac6fc3,1789645352.57856,"{""tier"":""full"",""query"":{""FDV"":15556947.99885,""price"":0.0008263,""amount"":2074259.73318,""source"":""MEXC_FUTURES"",""symbol"":""IOST"",""fromATH"":-50,""exchange"":""MEXC"",""circRatio"":0.65,""marketCap"":10371298.6659,""rawSymbol"":""IOST_USDT"",""volume24h"":3111481.69481,""contractId"":57,""fundingRate"":-0.003647,""contractSize"":100,""openInterest"":2074259.73318,""source_fields"":{""detailV2_cs"":100,""ticker_holdVol"":25102986,""ticker_amount24"":3111481.69481,""ticker_volume24"":36568296},""longShortRatio"":null,""adapter_version"":""MEXC_FUTURES_V2"",""openInterestBase"":2510298600,""openInterestMethod"":""HOLDVOL * DETAILV2.CS * LASTPRICE"",""openInterestChange24h"":null,""openInterestContracts"":25102986,""openInterestEstimated"":false},""symbol"":""IOST"",""paid_at"":1789645352.5785642,""pricing"":{""amount_usdc"":""0.005""},""synthetic"":false,""accounting"":{""currency"":""USDC"",""amount_usdc"":""0.005"",""creator_wallet"":""0xb40971a5d88f31c7b8d88bf93f7d044f1383bf01"",""settlement_mode"":""seller_wallet"",""creator_share_bps"":8000,""platform_share_bps"":2000},""amount_raw"":""5000"",""buyer_type"":""agent"",""invoice_id"":""inv_905d9be4e87f"",""query_hash"":""41ce9a27d6c72ed396bfced9f8ee70adcb1ca16c430037c4d195b091cb96a9f5"",""run_source"":""agent_session_mu5gmd0t"",""settlement"":{""mode"":""seller_wallet"",""rail"":""circle_gateway_x402"",""amount"":""0.005"",""network"":""Arc Testnet"",""currency"":""USDC"",""decimals"":6,""token_address"":""0x3600000000000000000000000000000000000000"",""gateway_supported"":true},""agent_label"":""autonomous-session"",""amount_usdc"":0.005,""provider_id"":""oi_memory"",""explorer_url"":""https://testnet.arcscan.app/tx/0x1e6d6b5a77ab9732ba904aa69aa18ff504da3c8a85485ed86adf4f82a0ac6fc3"",""payer_address"":""0x4dbc321e301c82b8f8e6a5193e47c6eca656d514"",""resource_type"":""qma_signal_report"",""settlement_id"":""212f5977-9360-4ca6-bbea-477090728aae"",""arc_settlement"":{""error"":""Circle treasury wallet address does not match the x402 seller"",""action"":""creator_payout"",""status"":""retryable"",""verdict"":""VALID"",""version"":1,""recipient"":""0xb40971a5d88f31c7b8d88bf93f7d044f1383bf01"",""created_at"":1789645447.886979,""updated_at"":1789957526.80321,""operation_id"":""arc-verdict:inv_905d9be4e87f:creator_payout:v1"",""total_amount_raw"":""5000"",""treasury_address"":""0x23e7c029a287a83d80b2e084e008211658dda11d"",""creator_share_bps"":8000,""creator_amount_raw"":""4000"",""platform_amount_raw"":""1000"",""transfer_amount_raw"":""4000"",""source_settlement_id"":""212f5977-9360-4ca6-bbea-477090728aae"",""source_gateway_status"":""received""},""gateway_status"":""completed"",""seller_address"":""0x23e7c029a287a83d80b2e084e008211658dda11d"",""transaction_hash"":""0x1e6d6b5a77ab9732ba904aa69aa18ff504da3c8a85485ed86adf4f82a0ac6fc3"",""buyer_wallet_address"":""0x4859d0d0babdcc8c4d8d2d116258fd0e5f7ff67d"",""provider_owner_wallet"":""0xb40971a5d88f31c7b8d88bf93f7d044f1383bf01""}",2026-09-17 11:44:11.494721+00,2026-09-17 11:44:11.494721+00
221fa5e7-1c3a-4ef3-8325-05d8a4a7aa5d,inv_da1188fd5c73,221fa5e7-1c3a-4ef3-8325-05d8a4a7aa5d,0x6a4ac02680fa244e77c4791e12d20c9e40e7fe19,TAC,full,funding_memory,0.004574,received,,,1783437727.33271,"{""tier"":""full"",""query"":{""FDV"":58993656.44646001,""price"":0.008755,""amount"":2017546.8505000002,""symbol"":""TAC"",""fromATH"":-50,""circRatio"":0.65,""marketCap"":39329104.29764,""volume24h"":19664552.14882,""fundingRate"":-0.004093,""openInterest"":2017546.8505000002,""longShortRatio"":null,""openInterestChange24h"":null},""symbol"":""TAC"",""paid_at"":1783437727.3327065,""pricing"":{""amount_usdc"":""0.004574""},""event_id"":""inv_da1188fd5c73:creator"",""split_leg"":{""role"":""creator"",""leg_id"":""creator"",""pay_to"":""0xb40971a5d88f31c7b8d88bf93f7d044f1383bf01"",""amount_raw"":""4574"",""amount_usdc"":""0.004574""},""accounting"":{""currency"":""USDC"",""amount_usdc"":""0.005717"",""creator_wallet"":""0xb40971a5d88f31c7b8d88bf93f7d044f1383bf01"",""settlement_mode"":""x402_direct_split"",""creator_share_bps"":8000,""platform_share_bps"":2000},""amount_raw"":""4574"",""buyer_type"":""agent"",""invoice_id"":""inv_da1188fd5c73"",""query_hash"":""b22fb7297a39045596d6ea037d1a33ecf8b2c4ad640226ac1fe44f9cbb4d2c23"",""settlement"":{""mode"":""x402_direct_split"",""rail"":""circle_gateway_x402"",""amount"":""0.005717"",""network"":""Arc Testnet"",""currency"":""USDC"",""decimals"":6,""token_address"":""0x3600000000000000000000000000000000000000"",""gateway_supported"":true},""amount_usdc"":""0.004574"",""provider_id"":""funding_memory"",""explorer_url"":null,""payer_address"":""0x6a4ac02680fa244e77c4791e12d20c9e40e7fe19"",""resource_type"":""qma_signal_report"",""settlement_id"":""221fa5e7-1c3a-4ef3-8325-05d8a4a7aa5d"",""gateway_status"":""received"",""seller_address"":""0xb40971a5d88f31c7b8d88bf93f7d044f1383bf01"",""transaction_hash"":null,""provider_owner_wallet"":""0xb40971a5d88f31c7b8d88bf93f7d044f1383bf01""}",2026-07-07 15:22:10.58506+00,2026-07-07 15:22:10.58506+00
22cc704f-8b3c-4fb2-984c-7c1ad58f86ce,inv_ddf7aa6ae80f,22cc704f-8b3c-4fb2-984c-7c1ad58f86ce,0xce05679737fbb009e0c9998e927364fb24bfc0e4,GWEI,full,funding_memory,0.001116,received,,,1783446179.22952,"{""tier"":""full"",""query"":{""FDV"":15000000,""price"":0.1098,""amount"":1268442.54,""symbol"":""GWEI"",""fromATH"":-50,""circRatio"":0.65,""marketCap"":10000000,""volume24h"":1066743.35,""fundingRate"":-0.005964,""openInterest"":1268442.54,""longShortRatio"":null,""openInterestChange24h"":null},""symbol"":""GWEI"",""paid_at"":1783446179.229518,""pricing"":{""amount_usdc"":""0.001116""},""event_id"":""inv_ddf7aa6ae80f:platform"",""split_leg"":{""role"":""platform"",""leg_id"":""platform"",""pay_to"":""0x23e7c029a287a83d80b2e084e008211658dda11d"",""amount_raw"":""1116"",""amount_usdc"":""0.001116""},""accounting"":{""currency"":""USDC"",""amount_usdc"":""0.00558"",""creator_wallet"":""0xb40971a5d88f31c7b8d88bf93f7d044f1383bf01"",""settlement_mode"":""x402_direct_split"",""creator_share_bps"":8000,""platform_share_bps"":2000},""amount_raw"":""1116"",""buyer_type"":""agent"",""invoice_id"":""inv_ddf7aa6ae80f"",""query_hash"":""99382f309bc8199a827fe6d2c546fade6dc7765618e6ededa87a1cc8a1f64cdc"",""settlement"":{""mode"":""x402_direct_split"",""rail"":""circle_gateway_x402"",""amount"":""0.00558"",""network"":""Arc Testnet"",""currency"":""USDC"",""decimals"":6,""token_address"":""0x3600000000000000000000000000000000000000"",""gateway_supported"":true},""amount_usdc"":""0.001116"",""provider_id"":""funding_memory"",""explorer_url"":null,""payer_address"":""0xce05679737fbb009e0c9998e927364fb24bfc0e4"",""resource_type"":""qma_signal_report"",""settlement_id"":""22cc704f-8b3c-4fb2-984c-7c1ad58f86ce"",""gateway_status"":""received"",""seller_address"":""0x23e7c029a287a83d80b2e084e008211658dda11d"",""transaction_hash"":null,""provider_owner_wallet"":""0xb40971a5d88f31c7b8d88bf93f7d044f1383bf01""}",2026-07-07 17:43:01.843065+00,2026-07-07 17:43:01.843065+00
2340b7da-967e-4943-b6c1-b5d0498bbc57,inv_4fefd729f2cd,2340b7da-967e-4943-b6c1-b5d0498bbc57,0x9a6126cf24d565f6fd7ad3639f7bf11928c385df,POWR,preview,funding_memory,0.001,completed,0xbe146e9201125a18ba67611d1ffe41e8958e492960941cd32b0f308744ef8000,https://testnet.arcscan.app/tx/0xbe146e9201125a18ba67611d1ffe41e8958e492960941cd32b0f308744ef8000,1782660973.4211,"{""tier"":""preview"",""query"":{""FDV"":7473000,""amount"":54729.91046000001,""symbol"":""POWR"",""fromATH"":-50,""circRatio"":0.67,""marketCap"":4982000,""volume24h"":10946,""fundingRate"":-0.01},""symbol"":""POWR"",""paid_at"":1782660973.4210975,""amount_raw"":""1000"",""buyer_type"":""human"",""invoice_id"":""inv_4fefd729f2cd"",""query_hash"":""b65d43530e4595f0dbdf203147889f0ffff807bfd54d9867884bc8affe5da6d9"",""amount_usdc"":0.001,""provider_id"":""funding_memory"",""explorer_url"":""https://testnet.arcscan.app/tx/0xbe146e9201125a18ba67611d1ffe41e8958e492960941cd32b0f308744ef8000"",""payer_address"":""0x9a6126cf24d565f6fd7ad3639f7bf11928c385df"",""resource_type"":""qma_signal_report"",""settlement_id"":""2340b7da-967e-4943-b6c1-b5d0498bbc57"",""tier_category"":""preview"",""gateway_status"":""completed"",""seller_address"":""0x23e7c029a287a83d80b2e084e008211658dda11d"",""transaction_hash"":""0xbe146e9201125a18ba67611d1ffe41e8958e492960941cd32b0f308744ef8000"",""provider_owner_wallet"":""0x23e7c029a287a83d80b2e084e008211658dda11d""}",2026-06-28 15:36:17.512999+00,2026-06-28 15:36:17.512999+00
23a89797-8bad-4486-bf09-e67133f5dfd1,inv_0876bdedb982,23a89797-8bad-4486-bf09-e67133f5dfd1,0x2b63768f695cf4624a861cfed7d06219d1af2a8c,EPIC,full,funding_memory,0.001154,received,,,1783444425.0186,"{""tier"":""full"",""query"":{""FDV"":19432234.7052,""price"":0.315,""amount"":207363.555,""symbol"":""EPIC"",""fromATH"":-50,""circRatio"":0.65,""marketCap"":12954823.1368,""volume24h"":6477411.5684,""fundingRate"":-0.006354,""openInterest"":207363.555,""longShortRatio"":null,""openInterestChange24h"":null},""symbol"":""EPIC"",""paid_at"":1783444425.0185957,""pricing"":{""amount_usdc"":""0.001154""},""event_id"":""inv_0876bdedb982:platform"",""split_leg"":{""role"":""platform"",""leg_id"":""platform"",""pay_to"":""0x23e7c029a287a83d80b2e084e008211658dda11d"",""amount_raw"":""1154"",""amount_usdc"":""0.001154""},""accounting"":{""currency"":""USDC"",""amount_usdc"":""0.005768"",""creator_wallet"":""0xb40971a5d88f31c7b8d88bf93f7d044f1383bf01"",""settlement_mode"":""x402_direct_split"",""creator_share_bps"":8000,""platform_share_bps"":2000},""amount_raw"":""1154"",""buyer_type"":""agent"",""invoice_id"":""inv_0876bdedb982"",""query_hash"":""9434af4f56e61811bd7994c5696bcfa3aba9ee96debea1b6a286e372dc56585f"",""settlement"":{""mode"":""x402_direct_split"",""rail"":""circle_gateway_x402"",""amount"":""0.005768"",""network"":""Arc Testnet"",""currency"":""USDC"",""decimals"":6,""token_address"":""0x3600000000000000000000000000000000000000"",""gateway_supported"":true},""amount_usdc"":""0.001154"",""provider_id"":""funding_memory"",""explorer_url"":null,""payer_address"":""0x2b63768f695cf4624a861cfed7d06219d1af2a8c"",""resource_type"":""qma_signal_report"",""settlement_id"":""23a89797-8bad-4486-bf09-e67133f5dfd1"",""gateway_status"":""received"",""seller_address"":""0x23e7c029a287a83d80b2e084e008211658dda11d"",""transaction_hash"":null,""provider_owner_wallet"":""0xb40971a5d88f31c7b8d88bf93f7d044f1383bf01""}",2026-07-07 17:13:47.567818+00,2026-07-07 17:13:47.567818+00
2567f86f-7cdb-4121-abb1-312359336874,inv_debb035d1bf8,2567f86f-7cdb-4121-abb1-312359336874,0x45667a97bcdd1f190eda978b567e32a7a8234a95,LAB,full,funding_memory,0.004609,received,,,1783439044.00772,"{""tier"":""full"",""query"":{""FDV"":310419003,""price"":6.933,""amount"":4653568.26,""symbol"":""LAB"",""fromATH"":-50,""circRatio"":0.65,""marketCap"":206946002,""volume24h"":103473001,""fundingRate"":-0.006043,""openInterest"":4653568.26,""longShortRatio"":null,""openInterestChange24h"":null},""symbol"":""LAB"",""paid_at"":1783439044.0077171,""pricing"":{""amount_usdc"":""0.004609""},""event_id"":""inv_debb035d1bf8:creator"",""split_leg"":{""role"":""creator"",""leg_id"":""creator"",""pay_to"":""0xb40971a5d88f31c7b8d88bf93f7d044f1383bf01"",""amount_raw"":""4609"",""amount_usdc"":""0.004609""},""accounting"":{""currency"":""USDC"",""amount_usdc"":""0.005761"",""creator_wallet"":""0xb40971a5d88f31c7b8d88bf93f7d044f1383bf01"",""settlement_mode"":""x402_direct_split"",""creator_share_bps"":8000,""platform_share_bps"":2000},""amount_raw"":""4609"",""buyer_type"":""agent"",""invoice_id"":""inv_debb035d1bf8"",""query_hash"":""6f1519d943c95f4a1f077a9e593ce86006471973180a81a5e4c1e8407ea5b646"",""settlement"":{""mode"":""x402_direct_split"",""rail"":""circle_gateway_x402"",""amount"":""0.005761"",""network"":""Arc Testnet"",""currency"":""USDC"",""decimals"":6,""token_address"":""0x3600000000000000000000000000000000000000"",""gateway_supported"":true},""amount_usdc"":""0.004609"",""provider_id"":""funding_memory"",""explorer_url"":null,""payer_address"":""0x45667a97bcdd1f190eda978b567e32a7a8234a95"",""resource_type"":""qma_signal_report"",""settlement_id"":""2567f86f-7cdb-4121-abb1-312359336874"",""gateway_status"":""received"",""seller_address"":""0xb40971a5d88f31c7b8d88bf93f7d044f1383bf01"",""transaction_hash"":null,""provider_owner_wallet"":""0xb40971a5d88f31c7b8d88bf93f7d044f1383bf01""}",2026-07-07 15:44:07.167577+00,2026-07-07 15:44:07.167577+00
258c8509-cacc-498b-ac40-b3ed71223db8,inv_628d775bd26c,258c8509-cacc-498b-ac40-b3ed71223db8,0x9a6126cf24d565f6fd7ad3639f7bf11928c385df,APDSTOCK,preview,oi_memory,0.000944,completed,,,1783590463.19153,"{""tier"":""preview"",""query"":{""FDV"":15677857.42875,""price"":297.55,""amount"":2090380.9905000003,""symbol"":""APDSTOCK"",""fromATH"":-50,""circRatio"":0.65,""marketCap"":10451904.9525,""volume24h"":97825.7306,""fundingRate"":-0.01055,""openInterest"":2090380.9905000003,""longShortRatio"":null,""openInterestChange24h"":null},""symbol"":""APDSTOCK"",""paid_at"":1783590463.1915288,""pricing"":{""amount_usdc"":""0.000944""},""event_id"":""inv_628d775bd26c:creator"",""split_leg"":{""role"":""creator"",""leg_id"":""creator"",""pay_to"":""0x2222222222222222222222222222222222222222"",""amount_raw"":""944"",""amount_usdc"":""0.000944""},""synthetic"":true,""accounting"":{""currency"":""USDC"",""amount_usdc"":""0.00118"",""creator_wallet"":""0x2222222222222222222222222222222222222222"",""settlement_mode"":""x402_direct_split"",""creator_share_bps"":8000,""platform_share_bps"":2000},""amount_raw"":""944"",""buyer_type"":""agent"",""invoice_id"":""inv_628d775bd26c"",""query_hash"":""b84ace31a2bdf8cec69e26c875ff32339e41782c42fa0159bf9a80a9cc79270c"",""run_source"":null,""settlement"":{""mode"":""x402_direct_split"",""rail"":""circle_gateway_x402"",""amount"":""0.00118"",""network"":""Arc Testnet"",""currency"":""USDC"",""decimals"":6,""token_address"":""0x3600000000000000000000000000000000000000"",""gateway_supported"":true},""agent_label"":""copilot"",""amount_usdc"":""0.000944"",""provider_id"":""oi_memory"",""explorer_url"":null,""payer_address"":""0x9a6126cf24d565f6fd7ad3639f7bf11928c385df"",""resource_type"":""qma_signal_report"",""settlement_id"":""258c8509-cacc-498b-ac40-b3ed71223db8"",""gateway_status"":""completed"",""seller_address"":""0x2222222222222222222222222222222222222222"",""transaction_hash"":null,""provider_owner_wallet"":""0x2222222222222222222222222222222222222222""}",2026-07-09 09:47:46.928449+00,2026-07-09 09:47:46.928449+00
25fdd015-7b41-4428-9b6c-5460e63ece59,inv_9a32814836c0,25fdd015-7b41-4428-9b6c-5460e63ece59,0xa397a50ad5729878c160e84ca1d8fd41880788ff,SHLD,full,funding_memory,0.005,completed,0xb2b0d12a840252115aa785eae9f8b72b3dfb7bd7b22c79a35ead66abb6249208,https://testnet.arcscan.app/tx/0xb2b0d12a840252115aa785eae9f8b72b3dfb7bd7b22c79a35ead66abb6249208,1782115939.75784,"{""tier"":""full"",""query"":{""FDV"":9103500000,""amount"":null,""symbol"":""SHLD"",""fromATH"":-50,""circRatio"":0.67,""marketCap"":6069000000,""volume24h"":2844443,""fundingRate"":-0.0051},""symbol"":""SHLD"",""paid_at"":1782115939.7578418,""amount_raw"":""5000"",""buyer_type"":""human"",""invoice_id"":""inv_9a32814836c0"",""query_hash"":""53481d9d8a964bf0a68bca8309fbc637a9eb692a76877d42e93d08bc5366a0ba"",""amount_usdc"":0.005,""provider_id"":""funding_memory"",""explorer_url"":""https://testnet.arcscan.app/tx/0xb2b0d12a840252115aa785eae9f8b72b3dfb7bd7b22c79a35ead66abb6249208"",""payer_address"":""0xa397a50ad5729878c160e84ca1d8fd41880788ff"",""resource_type"":""qma_signal_report"",""settlement_id"":""25fdd015-7b41-4428-9b6c-5460e63ece59"",""gateway_status"":""completed"",""seller_address"":""0x23e7c029a287a83d80b2e084e008211658dda11d"",""transaction_hash"":""0xb2b0d12a840252115aa785eae9f8b72b3dfb7bd7b22c79a35ead66abb6249208"",""provider_owner_wallet"":""0x23e7c029a287a83d80b2e084e008211658dda11d""}",2026-06-22 08:12:22.576748+00,2026-06-22 08:12:22.576748+00
264f46df-4545-47c4-ad96-4d33f152c29d,inv_fdda53925534,264f46df-4545-47c4-ad96-4d33f152c29d,0xce05679737fbb009e0c9998e927364fb24bfc0e4,APDSTOCK,full,funding_memory,0.001081,completed,,,1783447337.89984,"{""tier"":""full"",""query"":{""FDV"":16560625.80075,""price"":304.97,""amount"":2208083.4401000002,""symbol"":""APDSTOCK"",""fromATH"":-50,""circRatio"":0.65,""marketCap"":11040417.2005,""volume24h"":97289.155,""fundingRate"":-0.003662,""openInterest"":2208083.4401000002,""longShortRatio"":null,""openInterestChange24h"":null},""symbol"":""APDSTOCK"",""paid_at"":1783447337.8998368,""pricing"":{""amount_usdc"":""0.001081""},""event_id"":""inv_fdda53925534:platform"",""split_leg"":{""role"":""platform"",""leg_id"":""platform"",""pay_to"":""0x23e7c029a287a83d80b2e084e008211658dda11d"",""amount_raw"":""1081"",""amount_usdc"":""0.001081""},""accounting"":{""currency"":""USDC"",""amount_usdc"":""0.005406"",""creator_wallet"":""0xb40971a5d88f31c7b8d88bf93f7d044f1383bf01"",""settlement_mode"":""x402_direct_split"",""creator_share_bps"":8000,""platform_share_bps"":2000},""amount_raw"":""1081"",""buyer_type"":""agent"",""invoice_id"":""inv_fdda53925534"",""query_hash"":""c519e055e320def77d48e9ed4266145b0f2bbbbd5ed80170f49ff2d7549eeaa3"",""settlement"":{""mode"":""x402_direct_split"",""rail"":""circle_gateway_x402"",""amount"":""0.005406"",""network"":""Arc Testnet"",""currency"":""USDC"",""decimals"":6,""token_address"":""0x3600000000000000000000000000000000000000"",""gateway_supported"":true},""amount_usdc"":""0.001081"",""provider_id"":""funding_memory"",""explorer_url"":null,""payer_address"":""0xce05679737fbb009e0c9998e927364fb24bfc0e4"",""resource_type"":""qma_signal_report"",""settlement_id"":""264f46df-4545-47c4-ad96-4d33f152c29d"",""gateway_status"":""completed"",""seller_address"":""0x23e7c029a287a83d80b2e084e008211658dda11d"",""transaction_hash"":null,""provider_owner_wallet"":""0xb40971a5d88f31c7b8d88bf93f7d044f1383bf01""}",2026-07-07 18:02:20.479928+00,2026-07-07 18:02:20.479928+00
26618ea3-f5f5-4e02-9e17-ddff38fae765,inv_e6f3a3c3a7be,26618ea3-f5f5-4e02-9e17-ddff38fae765,0x9a6126cf24d565f6fd7ad3639f7bf11928c385df,POWR,full,funding_memory,0.005,completed,0x02a1d20487ed196e4f51e4b375216880ada948149569ae421038277cfe0c794c,https://testnet.arcscan.app/tx/0x02a1d20487ed196e4f51e4b375216880ada948149569ae421038277cfe0c794c,1782702851.78753,"{""tier"":""full"",""query"":{""FDV"":8878500,""amount"":null,""symbol"":""POWR"",""fromATH"":-50,""circRatio"":0.67,""marketCap"":5919000,""volume24h"":23172,""fundingRate"":-0.0169},""symbol"":""POWR"",""paid_at"":1782702851.7875295,""amount_raw"":""5000"",""buyer_type"":""human"",""invoice_id"":""inv_e6f3a3c3a7be"",""query_hash"":""b59ca4886b3d7a70febd0dbc1d5cf39fa753a5a750a111fac16fba121ee77597"",""amount_usdc"":0.005,""provider_id"":""funding_memory"",""explorer_url"":""https://testnet.arcscan.app/tx/0x02a1d20487ed196e4f51e4b375216880ada948149569ae421038277cfe0c794c"",""payer_address"":""0x9a6126cf24d565f6fd7ad3639f7bf11928c385df"",""resource_type"":""qma_signal_report"",""settlement_id"":""26618ea3-f5f5-4e02-9e17-ddff38fae765"",""tier_category"":""full"",""gateway_status"":""completed"",""seller_address"":""0x23e7c029a287a83d80b2e084e008211658dda11d"",""transaction_hash"":""0x02a1d20487ed196e4f51e4b375216880ada948149569ae421038277cfe0c794c"",""provider_owner_wallet"":""0x23e7c029a287a83d80b2e084e008211658dda11d""}",2026-06-29 03:14:15.095975+00,2026-06-29 03:14:15.095975+00
268ad734-8df1-43b9-8bcb-cf26deef85a5,inv_76a7951360e0,268ad734-8df1-43b9-8bcb-cf26deef85a5,0xa0bf98fdf36aca7fb06ecfbaaabbd744fe75269e,GWEI,full,funding_memory,0.001116,received,,,1783445904.1297,"{""tier"":""full"",""query"":{""FDV"":15000000,""price"":0.1085,""amount"":1251775.35,""symbol"":""GWEI"",""fromATH"":-50,""circRatio"":0.65,""marketCap"":10000000,""volume24h"":1061305.53,""fundingRate"":-0.005943,""openInterest"":1251775.35,""longShortRatio"":null,""openInterestChange24h"":null},""symbol"":""GWEI"",""paid_at"":1783445904.1297004,""pricing"":{""amount_usdc"":""0.001116""},""event_id"":""inv_76a7951360e0:platform"",""split_leg"":{""role"":""platform"",""leg_id"":""platform"",""pay_to"":""0x23e7c029a287a83d80b2e084e008211658dda11d"",""amount_raw"":""1116"",""amount_usdc"":""0.001116""},""accounting"":{""currency"":""USDC"",""amount_usdc"":""0.005579"",""creator_wallet"":""0xb40971a5d88f31c7b8d88bf93f7d044f1383bf01"",""settlement_mode"":""x402_direct_split"",""creator_share_bps"":8000,""platform_share_bps"":2000},""amount_raw"":""1116"",""buyer_type"":""agent"",""invoice_id"":""inv_76a7951360e0"",""query_hash"":""b2c3bd42395b4db42af3ab8ad8dccd7dcbffa343b762d618ce64b944acc750b1"",""settlement"":{""mode"":""x402_direct_split"",""rail"":""circle_gateway_x402"",""amount"":""0.005579"",""network"":""Arc Testnet"",""currency"":""USDC"",""decimals"":6,""token_address"":""0x3600000000000000000000000000000000000000"",""gateway_supported"":true},""amount_usdc"":""0.001116"",""provider_id"":""funding_memory"",""explorer_url"":null,""payer_address"":""0xa0bf98fdf36aca7fb06ecfbaaabbd744fe75269e"",""resource_type"":""qma_signal_report"",""settlement_id"":""268ad734-8df1-43b9-8bcb-cf26deef85a5"",""gateway_status"":""received"",""seller_address"":""0x23e7c029a287a83d80b2e084e008211658dda11d"",""transaction_hash"":null,""provider_owner_wallet"":""0xb40971a5d88f31c7b8d88bf93f7d044f1383bf01""}",2026-07-07 17:38:26.973488+00,2026-07-07 17:38:26.973488+00
2696117f-b7c2-4769-b2fc-f644fb7ae61d,inv_eac1f25dfd51,2696117f-b7c2-4769-b2fc-f644fb7ae61d,0xf5987818ebbee812eb730b6a395d66e664412cf5,H,preview,funding_memory,0.001,completed,0xe0b698f9d6c9ac0c3184876fded35eb5c66c70cebd901ca9805c07b429a3d6a7,https://testnet.arcscan.app/tx/0xe0b698f9d6c9ac0c3184876fded35eb5c66c70cebd901ca9805c07b429a3d6a7,1781924924.13595,"{""tier"":""preview"",""query"":{""FDV"":31530000,""amount"":9074221.7532,""symbol"":""H"",""fromATH"":-50,""circRatio"":0.666666666667,""marketCap"":21020000,""volume24h"":1814844.35064,""fundingRate"":-0.004263},""symbol"":""H"",""paid_at"":1781924924.135954,""amount_raw"":""1000"",""buyer_type"":""agent"",""invoice_id"":""inv_eac1f25dfd51"",""query_hash"":""87a56a6db28fe848121b020e66d8079483aa0dcd8d1836d6b700e8564710a218"",""amount_usdc"":0.001,""provider_id"":""funding_memory"",""explorer_url"":""https://testnet.arcscan.app/tx/0xe0b698f9d6c9ac0c3184876fded35eb5c66c70cebd901ca9805c07b429a3d6a7"",""payer_address"":""0xf5987818ebbee812eb730b6a395d66e664412cf5"",""resource_type"":""qma_signal_report"",""settlement_id"":""2696117f-b7c2-4769-b2fc-f644fb7ae61d"",""gateway_status"":""completed"",""seller_address"":""0x23e7c029a287a83d80b2e084e008211658dda11d"",""transaction_hash"":""0xe0b698f9d6c9ac0c3184876fded35eb5c66c70cebd901ca9805c07b429a3d6a7"",""provider_owner_wallet"":""0x23e7c029a287a83d80b2e084e008211658dda11d""}",2026-06-20 03:08:45.577933+00,2026-06-20 03:08:45.577933+00
274d1bb9-1d83-45f7-b53a-68a9d8ddd09a,inv_11c512ae26d1,274d1bb9-1d83-45f7-b53a-68a9d8ddd09a,0xd14f332e28260eba4dfe9f9bdc5a0c8428b5947c,WAVES,legacy,funding_memory,0.05,completed,0x34aa0c1876c05d3322d34c7aaf7a542624e809d772d200b77c89f788b6d3b4ee,https://testnet.arcscan.app/tx/0x34aa0c1876c05d3322d34c7aaf7a542624e809d772d200b77c89f788b6d3b4ee,1781717146.91482,"{""tier"":""legacy"",""symbol"":""WAVES"",""paid_at"":1781717146.914819,""amount_raw"":""50000"",""invoice_id"":""inv_11c512ae26d1"",""amount_usdc"":0.05,""explorer_url"":""https://testnet.arcscan.app/tx/0x34aa0c1876c05d3322d34c7aaf7a542624e809d772d200b77c89f788b6d3b4ee"",""payer_address"":""0xd14f332e28260eba4dfe9f9bdc5a0c8428b5947c"",""settlement_id"":""274d1bb9-1d83-45f7-b53a-68a9d8ddd09a"",""gateway_status"":""completed"",""seller_address"":""0x23e7c029a287a83d80b2e084e008211658dda11d"",""transaction_hash"":""0x34aa0c1876c05d3322d34c7aaf7a542624e809d772d200b77c89f788b6d3b4ee""}",2026-06-19 09:35:04.052192+00,2026-06-19 16:49:23.325599+00
27674468-6bfc-4f39-bb3a-c79f2d80fb47,inv_ba41a64aa316,27674468-6bfc-4f39-bb3a-c79f2d80fb47,0x2c03cd73ad36230a3c5be43d51d72fdca32f53d4,SPELL,full,funding_memory,0.001197,completed,0x80b6fb1e68f19a6e50a420569c2e4b846d7a53b4554e95bcb8378160bd70acfe,https://testnet.arcscan.app/tx/0x80b6fb1e68f19a6e50a420569c2e4b846d7a53b4554e95bcb8378160bd70acfe,1783473605.21937,"{""tier"":""full"",""query"":{""FDV"":15000000,""price"":0.0001096,""amount"":541372.2030399999,""symbol"":""SPELL"",""fromATH"":-50,""circRatio"":0.65,""marketCap"":10000000,""volume24h"":2948075,""fundingRate"":-0.0161,""openInterest"":541372.2030399999,""longShortRatio"":null,""openInterestChange24h"":null},""symbol"":""SPELL"",""paid_at"":1783473605.219372,""pricing"":{""amount_usdc"":""0.001197""},""event_id"":""inv_ba41a64aa316:platform"",""split_leg"":{""role"":""platform"",""leg_id"":""platform"",""pay_to"":""0x23e7c029a287a83d80b2e084e008211658dda11d"",""amount_raw"":""1197"",""amount_usdc"":""0.001197""},""accounting"":{""currency"":""USDC"",""amount_usdc"":""0.005987"",""creator_wallet"":""0xb40971a5d88f31c7b8d88bf93f7d044f1383bf01"",""settlement_mode"":""x402_direct_split"",""creator_share_bps"":8000,""platform_share_bps"":2000},""amount_raw"":""1197"",""buyer_type"":""human"",""invoice_id"":""inv_ba41a64aa316"",""query_hash"":""d3536d97d1d58291ffc79efb81c87de54c0728f360a9ea28b460e1ed5019aa68"",""settlement"":{""mode"":""x402_direct_split"",""rail"":""circle_gateway_x402"",""amount"":""0.005987"",""network"":""Arc Testnet"",""currency"":""USDC"",""decimals"":6,""token_address"":""0x3600000000000000000000000000000000000000"",""gateway_supported"":true},""amount_usdc"":""0.001197"",""provider_id"":""funding_memory"",""explorer_url"":""https://testnet.arcscan.app/tx/0x80b6fb1e68f19a6e50a420569c2e4b846d7a53b4554e95bcb8378160bd70acfe"",""payer_address"":""0x2c03cd73ad36230a3c5be43d51d72fdca32f53d4"",""resource_type"":""qma_signal_report"",""settlement_id"":""27674468-6bfc-4f39-bb3a-c79f2d80fb47"",""gateway_status"":""completed"",""seller_address"":""0x23e7c029a287a83d80b2e084e008211658dda11d"",""transaction_hash"":""0x80b6fb1e68f19a6e50a420569c2e4b846d7a53b4554e95bcb8378160bd70acfe"",""provider_owner_wallet"":""0xb40971a5d88f31c7b8d88bf93f7d044f1383bf01""}",2026-07-08 01:20:08.472387+00,2026-07-08 01:20:08.472387+00
2778639b-34eb-46a1-ac0f-bf1c69c4232f,inv_1999ee91e853,2778639b-34eb-46a1-ac0f-bf1c69c4232f,0x5e4cf60110565e2904a7321571d76282f0b930db,SOFTBANKSTOCK,preview,funding_memory,0.001018,completed,0x25fc09d16b547bbc6e4e5e07ff61a0c19aa0af3055ea9a366f782ff5ffac0f03,https://testnet.arcscan.app/tx/0x25fc09d16b547bbc6e4e5e07ff61a0c19aa0af3055ea9a366f782ff5ffac0f03,1789616821.5475,"{""tier"":""preview"",""query"":{""FDV"":15000000,""price"":40.024,""amount"":1914876.2368000003,""source"":""MEXC_FUTURES"",""symbol"":""SOFTBANKSTOCK"",""fromATH"":-50,""exchange"":""MEXC"",""circRatio"":0.65,""marketCap"":10000000,""rawSymbol"":""SOFTBANKSTOCK_USDT"",""volume24h"":1077474.871,""contractId"":2253,""fundingRate"":-0.003326,""candidate_id"":""QMA:FUNDING_MEMORY:SOFTBANKSTOCK:7"",""contractSize"":0.01,""openInterest"":1914876.2368000003,""source_fields"":{""detailV2_cs"":0.01,""ticker_holdVol"":4784320,""ticker_amount24"":1077474.871,""ticker_volume24"":2692772},""longShortRatio"":null,""adapter_version"":""MEXC_FUTURES_V2"",""openInterestBase"":47843.200000000004,""openInterestMethod"":""HOLDVOL * DETAILV2.CS * LASTPRICE"",""expected_price_usdc"":0.001018,""openInterestChange24h"":null,""openInterestContracts"":4784320,""openInterestEstimated"":false},""symbol"":""SOFTBANKSTOCK"",""paid_at"":1789616821.547497,""pricing"":{""amount_usdc"":""0.001018""},""synthetic"":false,""accounting"":{""currency"":""USDC"",""amount_usdc"":""0.001018"",""creator_wallet"":""0xb40971a5d88f31c7b8d88bf93f7d044f1383bf01"",""settlement_mode"":""seller_wallet"",""creator_share_bps"":8000,""platform_share_bps"":2000},""amount_raw"":""1018"",""buyer_type"":""agent"",""invoice_id"":""inv_1999ee91e853"",""query_hash"":""e3a1aa9e0da21635e19f5f7e3873faf24cfbfa32b5adf511248173083db7b94f"",""run_source"":""agent_session_dc97bb04-3d4b-45e4-a579-e7311bac9eb2"",""settlement"":{""mode"":""seller_wallet"",""rail"":""circle_gateway_x402"",""amount"":""0.001018"",""network"":""Arc Testnet"",""currency"":""USDC"",""decimals"":6,""token_address"":""0x3600000000000000000000000000000000000000"",""gateway_supported"":true},""agent_label"":""qma-hosted-worker"",""amount_usdc"":0.001018,""provider_id"":""funding_memory"",""explorer_url"":""https://testnet.arcscan.app/tx/0x25fc09d16b547bbc6e4e5e07ff61a0c19aa0af3055ea9a366f782ff5ffac0f03"",""payer_address"":""0x5e4cf60110565e2904a7321571d76282f0b930db"",""resource_type"":""qma_signal_report"",""settlement_id"":""2778639b-34eb-46a1-ac0f-bf1c69c4232f"",""arc_settlement"":{""error"":""Circle treasury wallet address does not match the x402 seller"",""action"":""creator_payout"",""status"":""retryable"",""verdict"":""VALID"",""version"":1,""recipient"":""0xb40971a5d88f31c7b8d88bf93f7d044f1383bf01"",""created_at"":1789616878.4963424,""updated_at"":1789957468.0520012,""operation_id"":""arc-verdict:inv_1999ee91e853:creator_payout:v1"",""total_amount_raw"":""1018"",""treasury_address"":""0x23e7c029a287a83d80b2e084e008211658dda11d"",""creator_share_bps"":8000,""creator_amount_raw"":""814"",""platform_amount_raw"":""204"",""transfer_amount_raw"":""814"",""source_settlement_id"":""2778639b-34eb-46a1-ac0f-bf1c69c4232f"",""source_gateway_status"":""received""},""gateway_status"":""completed"",""seller_address"":""0x23e7c029a287a83d80b2e084e008211658dda11d"",""transaction_hash"":""0x25fc09d16b547bbc6e4e5e07ff61a0c19aa0af3055ea9a366f782ff5ffac0f03"",""buyer_wallet_address"":""0x2c03cd73ad36230a3c5be43d51d72fdca32f53d4"",""provider_owner_wallet"":""0xb40971a5d88f31c7b8d88bf93f7d044f1383bf01""}",2026-09-17 03:48:00.0388+00,2026-09-17 03:48:00.0388+00
27c66b39-a6f2-4aef-961a-7ab7aa66fd6a,inv_0cf5394ad247,27c66b39-a6f2-4aef-961a-7ab7aa66fd6a,0xbe6ee76916726d1d04155dde8923d58e720557a1,ALICE,full,funding_memory,0.005,completed,0x2e5ac0b245604c7050af9dcbcda33233255727001b5623a2ebdbea737e293366,https://testnet.arcscan.app/tx/0x2e5ac0b245604c7050af9dcbcda33233255727001b5623a2ebdbea737e293366,1782294825.76142,"{""tier"":""full"",""query"":{""FDV"":21105000,""amount"":null,""symbol"":""ALICE"",""fromATH"":-50,""circRatio"":0.67,""marketCap"":14070000,""volume24h"":726748,""fundingRate"":-0.0077},""symbol"":""ALICE"",""paid_at"":1782294825.7614229,""amount_raw"":""5000"",""buyer_type"":""human"",""invoice_id"":""inv_0cf5394ad247"",""query_hash"":""d599a7f1b555f0c41eecd1ef0a286183afdd6c108e0b61462d091ac208d5af86"",""amount_usdc"":0.005,""provider_id"":""funding_memory"",""explorer_url"":""https://testnet.arcscan.app/tx/0x2e5ac0b245604c7050af9dcbcda33233255727001b5623a2ebdbea737e293366"",""payer_address"":""0xbe6ee76916726d1d04155dde8923d58e720557a1"",""resource_type"":""qma_signal_report"",""settlement_id"":""27c66b39-a6f2-4aef-961a-7ab7aa66fd6a"",""gateway_status"":""completed"",""seller_address"":""0x23e7c029a287a83d80b2e084e008211658dda11d"",""transaction_hash"":""0x2e5ac0b245604c7050af9dcbcda33233255727001b5623a2ebdbea737e293366"",""provider_owner_wallet"":""0x23e7c029a287a83d80b2e084e008211658dda11d""}",2026-06-24 09:53:48.417839+00,2026-06-24 09:53:48.417839+00
27ebc152-6497-4062-bb3c-f9e06b833a05,inv_f4a4f8bf29fa,27ebc152-6497-4062-bb3c-f9e06b833a05,0x9a6126cf24d565f6fd7ad3639f7bf11928c385df,APDSTOCK,full,funding_memory,0.005485,completed,0xdb1d5940d4983757d756a73174aab058b3f0357e91d5b6de8d1e4b1c43ae81cb,https://testnet.arcscan.app/tx/0xdb1d5940d4983757d756a73174aab058b3f0357e91d5b6de8d1e4b1c43ae81cb,1783567852.14082,"{""tier"":""full"",""query"":{""FDV"":43912500000,""amount"":205663022.75,""symbol"":""APDSTOCK"",""fromATH"":-50,""circRatio"":0.67,""marketCap"":29275000000,""volume24h"":41132605,""fundingRate"":-0.0078},""symbol"":""APDSTOCK"",""paid_at"":1783567852.1408153,""amount_raw"":""5485"",""buyer_type"":""human"",""invoice_id"":""inv_f4a4f8bf29fa"",""query_hash"":""9cc4ff0c4c43ac5886ba5c42b61d478e62285b65b1a961f094cc2adca81efeaa"",""amount_usdc"":0.005485,""provider_id"":""funding_memory"",""explorer_url"":""https://testnet.arcscan.app/tx/0xdb1d5940d4983757d756a73174aab058b3f0357e91d5b6de8d1e4b1c43ae81cb"",""payer_address"":""0x9a6126cf24d565f6fd7ad3639f7bf11928c385df"",""resource_type"":""qma_signal_report"",""settlement_id"":""27ebc152-6497-4062-bb3c-f9e06b833a05"",""gateway_status"":""completed"",""seller_address"":""0x23e7c029a287a83d80b2e084e008211658dda11d"",""transaction_hash"":""0xdb1d5940d4983757d756a73174aab058b3f0357e91d5b6de8d1e4b1c43ae81cb"",""provider_owner_wallet"":""0x23e7c029a287a83d80b2e084e008211658dda11d""}",2026-07-09 03:30:54.071133+00,2026-07-09 03:30:54.071133+00
27f100bb-d127-4fef-8a65-06be23831aaf,inv_0f31a63a516f,27f100bb-d127-4fef-8a65-06be23831aaf,0x2c03cd73ad36230a3c5be43d51d72fdca32f53d4,PRL,legacy,funding_memory,0.05,completed,0x003a678f44ffeddae57021bf1ae87b4a8b5eedfb180d99615de5c2a21cd86c7d,https://testnet.arcscan.app/tx/0x003a678f44ffeddae57021bf1ae87b4a8b5eedfb180d99615de5c2a21cd86c7d,1781769222.28565,"{""tier"":""legacy"",""symbol"":""PRL"",""paid_at"":1781769222.2856452,""amount_raw"":""50000"",""invoice_id"":""inv_0f31a63a516f"",""amount_usdc"":0.05,""explorer_url"":""https://testnet.arcscan.app/tx/0x003a678f44ffeddae57021bf1ae87b4a8b5eedfb180d99615de5c2a21cd86c7d"",""payer_address"":""0x2c03cd73ad36230a3c5be43d51d72fdca32f53d4"",""settlement_id"":""27f100bb-d127-4fef-8a65-06be23831aaf"",""gateway_status"":""completed"",""seller_address"":""0x23e7c029a287a83d80b2e084e008211658dda11d"",""transaction_hash"":""0x003a678f44ffeddae57021bf1ae87b4a8b5eedfb180d99615de5c2a21cd86c7d""}",2026-06-19 09:35:04.052192+00,2026-06-19 16:49:23.325599+00
282457a0-8994-4df9-a5cc-9268d5e3effb,inv_d750410d6c65,282457a0-8994-4df9-a5cc-9268d5e3effb,0xd0d414146bbdb37f75e088a93fcbf036c9b188e3,RE,preview,funding_memory,0.001,completed,0xbef8821327a947ed937680597a1275f04b29a0c75ac5e16d36b91c453b25313c,https://testnet.arcscan.app/tx/0xbef8821327a947ed937680597a1275f04b29a0c75ac5e16d36b91c453b25313c,1782091850.24259,"{""tier"":""preview"",""query"":{""FDV"":140850000,""amount"":null,""symbol"":""RE"",""fromATH"":-50,""circRatio"":0.67,""marketCap"":93900000,""volume24h"":72337,""fundingRate"":-0.0033},""symbol"":""RE"",""paid_at"":1782091850.2425861,""amount_raw"":""1000"",""buyer_type"":""human"",""invoice_id"":""inv_d750410d6c65"",""query_hash"":""1fb680d19a757bf0cc74291142512b94aec7a8c59b03acc8e6ee295f6b4d8c90"",""amount_usdc"":0.001,""provider_id"":""funding_memory"",""explorer_url"":""https://testnet.arcscan.app/tx/0xbef8821327a947ed937680597a1275f04b29a0c75ac5e16d36b91c453b25313c"",""payer_address"":""0xd0d414146bbdb37f75e088a93fcbf036c9b188e3"",""resource_type"":""qma_signal_report"",""settlement_id"":""282457a0-8994-4df9-a5cc-9268d5e3effb"",""gateway_status"":""completed"",""seller_address"":""0x23e7c029a287a83d80b2e084e008211658dda11d"",""transaction_hash"":""0xbef8821327a947ed937680597a1275f04b29a0c75ac5e16d36b91c453b25313c"",""provider_owner_wallet"":""0x23e7c029a287a83d80b2e084e008211658dda11d""}",2026-06-22 01:30:53.127172+00,2026-06-22 01:30:53.127172+00
29928c42-8d59-4b73-90ba-07dc34ef9e1a,inv_b20085da3f42,29928c42-8d59-4b73-90ba-07dc34ef9e1a,0xd21c95dc4cc1b8f3c889c388b566a35941f5252b,LAB,preview,funding_memory,0.000953,received,,,1783444316.25584,"{""tier"":""preview"",""query"":{""FDV"":296879859,""price"":5.569,""amount"":4410091.1,""symbol"":""LAB"",""fromATH"":-50,""circRatio"":0.65,""marketCap"":197919906,""volume24h"":98959953,""fundingRate"":-0.014667,""openInterest"":4410091.1,""longShortRatio"":null,""openInterestChange24h"":null},""symbol"":""LAB"",""paid_at"":1783444316.255843,""pricing"":{""amount_usdc"":""0.000953""},""event_id"":""inv_b20085da3f42:creator"",""split_leg"":{""role"":""creator"",""leg_id"":""creator"",""pay_to"":""0xb40971a5d88f31c7b8d88bf93f7d044f1383bf01"",""amount_raw"":""953"",""amount_usdc"":""0.000953""},""accounting"":{""currency"":""USDC"",""amount_usdc"":""0.001191"",""creator_wallet"":""0xb40971a5d88f31c7b8d88bf93f7d044f1383bf01"",""settlement_mode"":""x402_direct_split"",""creator_share_bps"":8000,""platform_share_bps"":2000},""amount_raw"":""953"",""buyer_type"":""agent"",""invoice_id"":""inv_b20085da3f42"",""query_hash"":""b2a29924ddb7c17abc4cfad2e1ee82f415bfad9868ebd26ddcf5193c1e29db46"",""settlement"":{""mode"":""x402_direct_split"",""rail"":""circle_gateway_x402"",""amount"":""0.001191"",""network"":""Arc Testnet"",""currency"":""USDC"",""decimals"":6,""token_address"":""0x3600000000000000000000000000000000000000"",""gateway_supported"":true},""amount_usdc"":""0.000953"",""provider_id"":""funding_memory"",""explorer_url"":null,""payer_address"":""0xd21c95dc4cc1b8f3c889c388b566a35941f5252b"",""resource_type"":""qma_signal_report"",""settlement_id"":""29928c42-8d59-4b73-90ba-07dc34ef9e1a"",""gateway_status"":""received"",""seller_address"":""0xb40971a5d88f31c7b8d88bf93f7d044f1383bf01"",""transaction_hash"":null,""provider_owner_wallet"":""0xb40971a5d88f31c7b8d88bf93f7d044f1383bf01""}",2026-07-07 17:11:59.345462+00,2026-07-07 17:11:59.345462+00
2b364c70-0c4e-45b3-a0b2-fbf6e59f096d,inv_8c66e39b14ee,2b364c70-0c4e-45b3-a0b2-fbf6e59f096d,0x087448914bfaa7e8faabbd3290887380ec179f93,KORU,full,funding_memory,0.005,completed,0xcaf9fe0a9a563792bc4fc76840af2884357c40f5ef1443c3ea04c9cef98e3d4a,https://testnet.arcscan.app/tx/0xcaf9fe0a9a563792bc4fc76840af2884357c40f5ef1443c3ea04c9cef98e3d4a,1782208293.75142,"{""tier"":""full"",""query"":{""FDV"":113860500000,""amount"":623165348.13,""symbol"":""KORU"",""fromATH"":-50,""circRatio"":0.67,""marketCap"":75907000000,""volume24h"":124633070,""fundingRate"":-0.0042},""symbol"":""KORU"",""paid_at"":1782208293.7514188,""amount_raw"":""5000"",""buyer_type"":""human"",""invoice_id"":""inv_8c66e39b14ee"",""query_hash"":""ccc803cb2b4af2cfc7b7b5de20bbf679813b6b08d4f9e6bd96249382833872c8"",""amount_usdc"":0.005,""provider_id"":""funding_memory"",""explorer_url"":""https://testnet.arcscan.app/tx/0xcaf9fe0a9a563792bc4fc76840af2884357c40f5ef1443c3ea04c9cef98e3d4a"",""payer_address"":""0x087448914bfaa7e8faabbd3290887380ec179f93"",""resource_type"":""qma_signal_report"",""settlement_id"":""2b364c70-0c4e-45b3-a0b2-fbf6e59f096d"",""gateway_status"":""completed"",""seller_address"":""0x23e7c029a287a83d80b2e084e008211658dda11d"",""transaction_hash"":""0xcaf9fe0a9a563792bc4fc76840af2884357c40f5ef1443c3ea04c9cef98e3d4a"",""provider_owner_wallet"":""0x23e7c029a287a83d80b2e084e008211658dda11d""}",2026-06-23 09:51:37.254146+00,2026-06-23 09:51:37.254146+00
2b8b8cbb-13d7-4ec0-acc4-1c7c6c35b2bd,inv_b9aadfacff5f,2b8b8cbb-13d7-4ec0-acc4-1c7c6c35b2bd,0x2c03cd73ad36230a3c5be43d51d72fdca32f53d4,PRL,legacy,funding_memory,0.05,completed,0x45117e4126b0c3d872cb2759778b22bf218082c21f49303ea69798c4d86652d0,https://testnet.arcscan.app/tx/0x45117e4126b0c3d872cb2759778b22bf218082c21f49303ea69798c4d86652d0,1781713761.55175,"{""tier"":""legacy"",""symbol"":""PRL"",""paid_at"":1781713761.5517468,""amount_raw"":""50000"",""invoice_id"":""inv_b9aadfacff5f"",""amount_usdc"":0.05,""explorer_url"":""https://testnet.arcscan.app/tx/0x45117e4126b0c3d872cb2759778b22bf218082c21f49303ea69798c4d86652d0"",""payer_address"":""0x2c03cd73ad36230a3c5be43d51d72fdca32f53d4"",""settlement_id"":""2b8b8cbb-13d7-4ec0-acc4-1c7c6c35b2bd"",""gateway_status"":""completed"",""seller_address"":""0x23e7c029a287a83d80b2e084e008211658dda11d"",""transaction_hash"":""0x45117e4126b0c3d872cb2759778b22bf218082c21f49303ea69798c4d86652d0""}",2026-06-19 09:35:04.052192+00,2026-06-19 16:49:23.325599+00
2be09993-e9a1-40ee-83f2-a463034e72da,inv_13d1fb0ddbcf,2be09993-e9a1-40ee-83f2-a463034e72da,0x98e2a5b68c1b785e2b90d68d73d7a678440a5a41,BLUR,preview,funding_memory,0.000237,received,,,1783441336.21315,"{""tier"":""preview"",""query"":{""FDV"":45170498.8749,""price"":0.02208,""amount"":992331.7248,""symbol"":""BLUR"",""fromATH"":-50,""circRatio"":0.65,""marketCap"":30113665.9166,""volume24h"":15056832.9583,""fundingRate"":-0.013425,""openInterest"":992331.7248,""longShortRatio"":null,""openInterestChange24h"":null},""symbol"":""BLUR"",""paid_at"":1783441336.2131503,""pricing"":{""amount_usdc"":""0.000237""},""event_id"":""inv_13d1fb0ddbcf:platform"",""split_leg"":{""role"":""platform"",""leg_id"":""platform"",""pay_to"":""0x23e7c029a287a83d80b2e084e008211658dda11d"",""amount_raw"":""237"",""amount_usdc"":""0.000237""},""accounting"":{""currency"":""USDC"",""amount_usdc"":""0.001185"",""creator_wallet"":""0xb40971a5d88f31c7b8d88bf93f7d044f1383bf01"",""settlement_mode"":""x402_direct_split"",""creator_share_bps"":8000,""platform_share_bps"":2000},""amount_raw"":""237"",""buyer_type"":""agent"",""invoice_id"":""inv_13d1fb0ddbcf"",""query_hash"":""29e9a9f034f4562c5dc6e6d34a8ac44aff0959d4884ca5a3f02e41e919b96a2e"",""settlement"":{""mode"":""x402_direct_split"",""rail"":""circle_gateway_x402"",""amount"":""0.001185"",""network"":""Arc Testnet"",""currency"":""USDC"",""decimals"":6,""token_address"":""0x3600000000000000000000000000000000000000"",""gateway_supported"":true},""amount_usdc"":""0.000237"",""provider_id"":""funding_memory"",""explorer_url"":null,""payer_address"":""0x98e2a5b68c1b785e2b90d68d73d7a678440a5a41"",""resource_type"":""qma_signal_report"",""settlement_id"":""2be09993-e9a1-40ee-83f2-a463034e72da"",""gateway_status"":""received"",""seller_address"":""0x23e7c029a287a83d80b2e084e008211658dda11d"",""transaction_hash"":null,""provider_owner_wallet"":""0xb40971a5d88f31c7b8d88bf93f7d044f1383bf01""}",2026-07-07 16:22:18.596755+00,2026-07-07 16:22:18.596755+00
2dc4b7d2-b931-4c24-ad4e-cfe333cf0db2,inv_7ea51a978338,2dc4b7d2-b931-4c24-ad4e-cfe333cf0db2,0x7e712e24f64a27f5f437c3b5caee43b82d30cab9,LAB,preview,funding_memory,0.000951,received,,,1783444086.46551,"{""tier"":""preview"",""query"":{""FDV"":296552860.32,""price"":5.626,""amount"":4391318.04,""symbol"":""LAB"",""fromATH"":-50,""circRatio"":0.65,""marketCap"":197701906.88,""volume24h"":98850953.44,""fundingRate"":-0.014219,""openInterest"":4391318.04,""longShortRatio"":null,""openInterestChange24h"":null},""symbol"":""LAB"",""paid_at"":1783444086.4655056,""pricing"":{""amount_usdc"":""0.000951""},""event_id"":""inv_7ea51a978338:creator"",""split_leg"":{""role"":""creator"",""leg_id"":""creator"",""pay_to"":""0xb40971a5d88f31c7b8d88bf93f7d044f1383bf01"",""amount_raw"":""951"",""amount_usdc"":""0.000951""},""accounting"":{""currency"":""USDC"",""amount_usdc"":""0.001189"",""creator_wallet"":""0xb40971a5d88f31c7b8d88bf93f7d044f1383bf01"",""settlement_mode"":""x402_direct_split"",""creator_share_bps"":8000,""platform_share_bps"":2000},""amount_raw"":""951"",""buyer_type"":""agent"",""invoice_id"":""inv_7ea51a978338"",""query_hash"":""b8299397892cfbcbb5c8d9cb1a85a7ca944425b32174ea7a9fe0c2a298c13acc"",""settlement"":{""mode"":""x402_direct_split"",""rail"":""circle_gateway_x402"",""amount"":""0.001189"",""network"":""Arc Testnet"",""currency"":""USDC"",""decimals"":6,""token_address"":""0x3600000000000000000000000000000000000000"",""gateway_supported"":true},""amount_usdc"":""0.000951"",""provider_id"":""funding_memory"",""explorer_url"":null,""payer_address"":""0x7e712e24f64a27f5f437c3b5caee43b82d30cab9"",""resource_type"":""qma_signal_report"",""settlement_id"":""2dc4b7d2-b931-4c24-ad4e-cfe333cf0db2"",""gateway_status"":""received"",""seller_address"":""0xb40971a5d88f31c7b8d88bf93f7d044f1383bf01"",""transaction_hash"":null,""provider_owner_wallet"":""0xb40971a5d88f31c7b8d88bf93f7d044f1383bf01""}",2026-07-07 17:08:09.479515+00,2026-07-07 17:08:09.479515+00
2e00d1be-ca82-4a6d-9d39-c6164bf84f15,inv_fda9403b145c,2e00d1be-ca82-4a6d-9d39-c6164bf84f15,0xbe6ee76916726d1d04155dde8923d58e720557a1,1000BTT,preview,funding_memory,0.001,completed,0xb9e7cdf4e6b69ee6a6e8a5cf8989d763c67a95efd64e621845006cd94828636f,https://testnet.arcscan.app/tx/0xb9e7cdf4e6b69ee6a6e8a5cf8989d763c67a95efd64e621845006cd94828636f,1782184875.63673,"{""tier"":""preview"",""query"":{""FDV"":40755,""amount"":null,""symbol"":""1000BTT"",""fromATH"":-50,""circRatio"":0.67,""marketCap"":27170,""volume24h"":4,""fundingRate"":-0.0117},""symbol"":""1000BTT"",""paid_at"":1782184875.6367314,""amount_raw"":""1000"",""buyer_type"":""human"",""invoice_id"":""inv_fda9403b145c"",""query_hash"":""4df1fe679bba70f120be5576ff611ca663dc4c175c91e085162d234314b4bcca"",""amount_usdc"":0.001,""provider_id"":""funding_memory"",""explorer_url"":""https://testnet.arcscan.app/tx/0xb9e7cdf4e6b69ee6a6e8a5cf8989d763c67a95efd64e621845006cd94828636f"",""payer_address"":""0xbe6ee76916726d1d04155dde8923d58e720557a1"",""resource_type"":""qma_signal_report"",""settlement_id"":""2e00d1be-ca82-4a6d-9d39-c6164bf84f15"",""gateway_status"":""completed"",""seller_address"":""0x23e7c029a287a83d80b2e084e008211658dda11d"",""transaction_hash"":""0xb9e7cdf4e6b69ee6a6e8a5cf8989d763c67a95efd64e621845006cd94828636f"",""provider_owner_wallet"":""0x23e7c029a287a83d80b2e084e008211658dda11d""}",2026-06-23 03:21:20.015758+00,2026-06-23 03:21:20.015758+00
2e13eff6-8db2-4342-a288-2447813138bb,inv_6da152d3f289,2e13eff6-8db2-4342-a288-2447813138bb,0x9a6126cf24d565f6fd7ad3639f7bf11928c385df,ALICE,full,funding_memory,0.005,completed,0xdc3018542cbb71d89e346e2627c8bbc15714470eb3897be9464a2bf3838f68e5,https://testnet.arcscan.app/tx/0xdc3018542cbb71d89e346e2627c8bbc15714470eb3897be9464a2bf3838f68e5,1781975266.34711,"{""tier"":""full"",""query"":{""FDV"":20460000,""amount"":null,""symbol"":""ALICE"",""fromATH"":-50,""circRatio"":0.67,""marketCap"":13640000,""volume24h"":689503,""fundingRate"":-0.0036},""symbol"":""ALICE"",""paid_at"":1781975266.3471098,""amount_raw"":""5000"",""buyer_type"":""human"",""invoice_id"":""inv_6da152d3f289"",""query_hash"":""2712548fcf4632414914fbf6709d105b29df80cd0de65342b280916788ae9ddf"",""amount_usdc"":0.005,""provider_id"":""funding_memory"",""explorer_url"":""https://testnet.arcscan.app/tx/0xdc3018542cbb71d89e346e2627c8bbc15714470eb3897be9464a2bf3838f68e5"",""payer_address"":""0x9a6126cf24d565f6fd7ad3639f7bf11928c385df"",""resource_type"":""qma_signal_report"",""settlement_id"":""2e13eff6-8db2-4342-a288-2447813138bb"",""tier_category"":""full"",""gateway_status"":""completed"",""seller_address"":""0x23e7c029a287a83d80b2e084e008211658dda11d"",""transaction_hash"":""0xdc3018542cbb71d89e346e2627c8bbc15714470eb3897be9464a2bf3838f68e5"",""provider_owner_wallet"":""0x23e7c029a287a83d80b2e084e008211658dda11d""}",2026-06-20 17:07:49.362408+00,2026-06-20 17:07:49.362408+00
2e3c65e0-8030-4a89-af14-5f6f47c9284c,inv_4ba453236716,2e3c65e0-8030-4a89-af14-5f6f47c9284c,0x6a4ac02680fa244e77c4791e12d20c9e40e7fe19,BLUR,preview,funding_memory,0.000949,received,,,1783441152.66424,"{""tier"":""preview"",""query"":{""FDV"":45101134.3557,""price"":0.02208,""amount"":992620.3104,""symbol"":""BLUR"",""fromATH"":-50,""circRatio"":0.65,""marketCap"":30067422.9038,""volume24h"":15033711.4519,""fundingRate"":-0.013482,""openInterest"":992620.3104,""longShortRatio"":null,""openInterestChange24h"":null},""symbol"":""BLUR"",""paid_at"":1783441152.664244,""pricing"":{""amount_usdc"":""0.000949""},""event_id"":""inv_4ba453236716:creator"",""split_leg"":{""role"":""creator"",""leg_id"":""creator"",""pay_to"":""0xb40971a5d88f31c7b8d88bf93f7d044f1383bf01"",""amount_raw"":""949"",""amount_usdc"":""0.000949""},""accounting"":{""currency"":""USDC"",""amount_usdc"":""0.001186"",""creator_wallet"":""0xb40971a5d88f31c7b8d88bf93f7d044f1383bf01"",""settlement_mode"":""x402_direct_split"",""creator_share_bps"":8000,""platform_share_bps"":2000},""amount_raw"":""949"",""buyer_type"":""agent"",""invoice_id"":""inv_4ba453236716"",""query_hash"":""53e39b63c79d7587632f2b4f3858add348a7ac20e1e3796a5406a3accb3a44e2"",""settlement"":{""mode"":""x402_direct_split"",""rail"":""circle_gateway_x402"",""amount"":""0.001186"",""network"":""Arc Testnet"",""currency"":""USDC"",""decimals"":6,""token_address"":""0x3600000000000000000000000000000000000000"",""gateway_supported"":true},""amount_usdc"":""0.000949"",""provider_id"":""funding_memory"",""explorer_url"":null,""payer_address"":""0x6a4ac02680fa244e77c4791e12d20c9e40e7fe19"",""resource_type"":""qma_signal_report"",""settlement_id"":""2e3c65e0-8030-4a89-af14-5f6f47c9284c"",""gateway_status"":""received"",""seller_address"":""0xb40971a5d88f31c7b8d88bf93f7d044f1383bf01"",""transaction_hash"":null,""provider_owner_wallet"":""0xb40971a5d88f31c7b8d88bf93f7d044f1383bf01""}",2026-07-07 16:19:16.065776+00,2026-07-07 16:19:16.065776+00
2ecef6fe-9c68-453a-b408-e51eddf506c7,inv_378937b06c19,2ecef6fe-9c68-453a-b408-e51eddf506c7,0x9a6126cf24d565f6fd7ad3639f7bf11928c385df,APDSTOCK,full,oi_memory,0.00472,completed,,,1783591555.04991,"{""tier"":""full"",""query"":{""FDV"":15658362.193500001,""price"":297.18,""amount"":2087781.6258000003,""symbol"":""APDSTOCK"",""fromATH"":-50,""circRatio"":0.65,""marketCap"":10438908.129,""volume24h"":91439.6011,""fundingRate"":-0.010494,""openInterest"":2087781.6258000003,""longShortRatio"":null,""openInterestChange24h"":null},""symbol"":""APDSTOCK"",""paid_at"":1783591555.0499141,""pricing"":{""amount_usdc"":""0.00472""},""event_id"":""inv_378937b06c19:creator"",""split_leg"":{""role"":""creator"",""leg_id"":""creator"",""pay_to"":""0x2222222222222222222222222222222222222222"",""amount_raw"":""4720"",""amount_usdc"":""0.00472""},""synthetic"":true,""accounting"":{""currency"":""USDC"",""amount_usdc"":""0.0059"",""creator_wallet"":""0x2222222222222222222222222222222222222222"",""settlement_mode"":""x402_direct_split"",""creator_share_bps"":8000,""platform_share_bps"":2000},""amount_raw"":""4720"",""buyer_type"":""agent"",""invoice_id"":""inv_378937b06c19"",""query_hash"":""e7e71fb9262e1e654993709c23076f84b5145edac94ae12bf296631ea04270e8"",""run_source"":null,""settlement"":{""mode"":""x402_direct_split"",""rail"":""circle_gateway_x402"",""amount"":""0.0059"",""network"":""Arc Testnet"",""currency"":""USDC"",""decimals"":6,""token_address"":""0x3600000000000000000000000000000000000000"",""gateway_supported"":true},""agent_label"":""copilot"",""amount_usdc"":""0.00472"",""provider_id"":""oi_memory"",""explorer_url"":null,""payer_address"":""0x9a6126cf24d565f6fd7ad3639f7bf11928c385df"",""resource_type"":""qma_signal_report"",""settlement_id"":""2ecef6fe-9c68-453a-b408-e51eddf506c7"",""gateway_status"":""completed"",""seller_address"":""0x2222222222222222222222222222222222222222"",""transaction_hash"":null,""provider_owner_wallet"":""0x2222222222222222222222222222222222222222""}",2026-07-09 10:05:59.207416+00,2026-07-09 10:05:59.207416+00
2f819140-cac9-4c73-8efb-3580d2586ee7,inv_98adf05e06a1,2f819140-cac9-4c73-8efb-3580d2586ee7,0x2c03cd73ad36230a3c5be43d51d72fdca32f53d4,ACE,full,funding_memory,0.001143,completed,0xcdc6694b2f49fe19bd3ae8b0a2683e8395732f97da802212ba79687bcb6f4a76,https://testnet.arcscan.app/tx/0xcdc6694b2f49fe19bd3ae8b0a2683e8395732f97da802212ba79687bcb6f4a76,1784556505.61111,"{""tier"":""full"",""query"":{""FDV"":106451394.458204,""price"":0.12168,""amount"":6570078.332688,""symbol"":""ACE"",""fromATH"":-50,""circRatio"":0.65,""marketCap"":53225697.229102,""volume24h"":26612848.614551,""fundingRate"":-0.004138,""openInterest"":6570078.332688,""longShortRatio"":null,""openInterestChange24h"":null},""symbol"":""ACE"",""paid_at"":1784556505.6111143,""pricing"":{""amount_usdc"":""0.001143""},""event_id"":""inv_98adf05e06a1:platform"",""split_leg"":{""role"":""platform"",""leg_id"":""platform"",""pay_to"":""0x23e7c029a287a83d80b2e084e008211658dda11d"",""amount_raw"":""1143"",""amount_usdc"":""0.001143""},""synthetic"":false,""accounting"":{""currency"":""USDC"",""amount_usdc"":""0.005717"",""creator_wallet"":""0xb40971a5d88f31c7b8d88bf93f7d044f1383bf01"",""settlement_mode"":""x402_direct_split"",""creator_share_bps"":8000,""platform_share_bps"":2000},""amount_raw"":""1143"",""buyer_type"":""human"",""invoice_id"":""inv_98adf05e06a1"",""query_hash"":""c20620c9e1c5da91a786d5491f541643aba7a66dc143612e3e32c9a1b6469a12"",""run_source"":null,""settlement"":{""mode"":""x402_direct_split"",""rail"":""circle_gateway_x402"",""amount"":""0.005717"",""network"":""Arc Testnet"",""currency"":""USDC"",""decimals"":6,""token_address"":""0x3600000000000000000000000000000000000000"",""gateway_supported"":true},""agent_label"":null,""amount_usdc"":""0.001143"",""provider_id"":""funding_memory"",""explorer_url"":""https://testnet.arcscan.app/tx/0xcdc6694b2f49fe19bd3ae8b0a2683e8395732f97da802212ba79687bcb6f4a76"",""payer_address"":""0x2c03cd73ad36230a3c5be43d51d72fdca32f53d4"",""resource_type"":""qma_signal_report"",""settlement_id"":""2f819140-cac9-4c73-8efb-3580d2586ee7"",""gateway_status"":""completed"",""seller_address"":""0x23e7c029a287a83d80b2e084e008211658dda11d"",""transaction_hash"":""0xcdc6694b2f49fe19bd3ae8b0a2683e8395732f97da802212ba79687bcb6f4a76"",""buyer_wallet_address"":""0x2c03cd73ad36230a3c5be43d51d72fdca32f53d4"",""provider_owner_wallet"":""0xb40971a5d88f31c7b8d88bf93f7d044f1383bf01""}",2026-07-20 14:08:39.267035+00,2026-07-20 14:08:39.267035+00
2fac8957-bf21-4656-8c56-ac45e5702eab,inv_04bba6b099c4,2fac8957-bf21-4656-8c56-ac45e5702eab,0x9a6126cf24d565f6fd7ad3639f7bf11928c385df,HYPE,full,funding_memory,0.001089,completed,,,1783590270.66257,"{""tier"":""full"",""query"":{""FDV"":500000000,""price"":null,""amount"":1500000,""symbol"":""HYPE"",""fromATH"":-35.2,""circRatio"":0.5,""marketCap"":250000000,""volume24h"":15000000,""fundingRate"":-0.005,""openInterest"":null,""longShortRatio"":null,""openInterestChange24h"":null},""symbol"":""HYPE"",""paid_at"":1783590270.6625695,""pricing"":{""amount_usdc"":""0.001089""},""event_id"":""inv_04bba6b099c4:platform"",""split_leg"":{""role"":""platform"",""leg_id"":""platform"",""pay_to"":""0x23e7c029a287a83d80b2e084e008211658dda11d"",""amount_raw"":""1089"",""amount_usdc"":""0.001089""},""synthetic"":false,""accounting"":{""currency"":""USDC"",""amount_usdc"":""0.005444"",""creator_wallet"":""0xb40971a5d88f31c7b8d88bf93f7d044f1383bf01"",""settlement_mode"":""x402_direct_split"",""creator_share_bps"":8000,""platform_share_bps"":2000},""amount_raw"":""1089"",""buyer_type"":""human"",""invoice_id"":""inv_04bba6b099c4"",""query_hash"":""a7887f74a9ba0ac4d43c0c55fc5d62c2513d5020f2cdc2f98a7bb0bbd8f49ca9"",""run_source"":null,""settlement"":{""mode"":""x402_direct_split"",""rail"":""circle_gateway_x402"",""amount"":""0.005444"",""network"":""Arc Testnet"",""currency"":""USDC"",""decimals"":6,""token_address"":""0x3600000000000000000000000000000000000000"",""gateway_supported"":true},""agent_label"":null,""amount_usdc"":""0.001089"",""provider_id"":""funding_memory"",""explorer_url"":null,""payer_address"":""0x9a6126cf24d565f6fd7ad3639f7bf11928c385df"",""resource_type"":""qma_signal_report"",""settlement_id"":""2fac8957-bf21-4656-8c56-ac45e5702eab"",""gateway_status"":""completed"",""seller_address"":""0x23e7c029a287a83d80b2e084e008211658dda11d"",""transaction_hash"":null,""provider_owner_wallet"":""0xb40971a5d88f31c7b8d88bf93f7d044f1383bf01""}",2026-07-09 09:44:34.114974+00,2026-07-09 09:44:34.114974+00
2fc5eeb0-10fc-4de1-bca3-df636bfc69c8,inv_4b737c70c765,2fc5eeb0-10fc-4de1-bca3-df636bfc69c8,0x2c03cd73ad36230a3c5be43d51d72fdca32f53d4,BLAST,full,funding_memory,0.005501,completed,0xf847e335500fb2ee4cb42e823623f83fa9607d4f3998b1d25c7b5380e87e7067,https://testnet.arcscan.app/tx/0xf847e335500fb2ee4cb42e823623f83fa9607d4f3998b1d25c7b5380e87e7067,1783162989.79647,"{""tier"":""full"",""query"":{""FDV"":47250,""amount"":null,""symbol"":""BLAST"",""fromATH"":-50,""circRatio"":0.67,""marketCap"":31500,""volume24h"":186,""fundingRate"":-0.0083},""symbol"":""BLAST"",""paid_at"":1783162989.796471,""amount_raw"":""5501"",""buyer_type"":""agent"",""invoice_id"":""inv_4b737c70c765"",""query_hash"":""70ade26ba3ef915e7181fc00d6ab5a17cd19da138c94f689f865cfff8f5438c1"",""amount_usdc"":0.005501,""provider_id"":""funding_memory"",""explorer_url"":""https://testnet.arcscan.app/tx/0xf847e335500fb2ee4cb42e823623f83fa9607d4f3998b1d25c7b5380e87e7067"",""payer_address"":""0x2c03cd73ad36230a3c5be43d51d72fdca32f53d4"",""resource_type"":""qma_signal_report"",""settlement_id"":""2fc5eeb0-10fc-4de1-bca3-df636bfc69c8"",""gateway_status"":""completed"",""seller_address"":""0x23e7c029a287a83d80b2e084e008211658dda11d"",""transaction_hash"":""0xf847e335500fb2ee4cb42e823623f83fa9607d4f3998b1d25c7b5380e87e7067"",""provider_owner_wallet"":""0x23e7c029a287a83d80b2e084e008211658dda11d""}",2026-07-04 11:03:12.971779+00,2026-07-04 11:03:12.971779+00
2ffde595-eeee-4568-abf6-64a7b96860ac,inv_fe74fd405543,2ffde595-eeee-4568-abf6-64a7b96860ac,0xb40971a5d88f31c7b8d88bf93f7d044f1383bf01,GUA,preview,funding_memory,0.001607,completed,0x73e2e5fcceb5622274d48fac701e757e177757332837a16f9fdbba4b42a4f716,https://testnet.arcscan.app/tx/0x73e2e5fcceb5622274d48fac701e757e177757332837a16f9fdbba4b42a4f716,1782964950.30513,"{""tier"":""preview"",""query"":{""FDV"":20340000,""amount"":36751.1256,""symbol"":""GUA"",""fromATH"":-50,""circRatio"":0.666666666667,""marketCap"":13560000,""volume24h"":7350.22512,""fundingRate"":-0.02},""symbol"":""GUA"",""paid_at"":1782964950.3051274,""amount_raw"":""1607"",""buyer_type"":""agent"",""invoice_id"":""inv_fe74fd405543"",""query_hash"":""869633c25a2fd3628003e43eba43837d5a8ad73db6976ede6230337943e810d3"",""amount_usdc"":0.001607,""provider_id"":""funding_memory"",""explorer_url"":""https://testnet.arcscan.app/tx/0x73e2e5fcceb5622274d48fac701e757e177757332837a16f9fdbba4b42a4f716"",""payer_address"":""0xb40971a5d88f31c7b8d88bf93f7d044f1383bf01"",""resource_type"":""qma_signal_report"",""settlement_id"":""2ffde595-eeee-4568-abf6-64a7b96860ac"",""gateway_status"":""completed"",""seller_address"":""0x23e7c029a287a83d80b2e084e008211658dda11d"",""transaction_hash"":""0x73e2e5fcceb5622274d48fac701e757e177757332837a16f9fdbba4b42a4f716"",""provider_owner_wallet"":""0x23e7c029a287a83d80b2e084e008211658dda11d""}",2026-07-02 04:02:33.297606+00,2026-07-02 04:02:33.297606+00
3064dd17-d498-4c70-b431-60a0aead18c2,inv_2024632be67a,3064dd17-d498-4c70-b431-60a0aead18c2,0x45667a97bcdd1f190eda978b567e32a7a8234a95,OPG,full,funding_memory,0.004576,completed,0xcb042087959a00822c0885d4884631391ed7b022e73795a95380cf2580c28022,https://testnet.arcscan.app/tx/0xcb042087959a00822c0885d4884631391ed7b022e73795a95380cf2580c28022,1783437306.91591,"{""tier"":""full"",""query"":{""FDV"":15000000,""price"":0.1292,""amount"":987418.7520000001,""symbol"":""OPG"",""fromATH"":-50,""circRatio"":0.65,""marketCap"":10000000,""volume24h"":4034417.916,""fundingRate"":-0.004219,""openInterest"":987418.7520000001,""longShortRatio"":null,""openInterestChange24h"":null},""symbol"":""OPG"",""paid_at"":1783437306.9159105,""pricing"":{""amount_usdc"":""0.004576""},""event_id"":""inv_2024632be67a:creator"",""split_leg"":{""role"":""creator"",""leg_id"":""creator"",""pay_to"":""0xb40971a5d88f31c7b8d88bf93f7d044f1383bf01"",""amount_raw"":""4576"",""amount_usdc"":""0.004576""},""accounting"":{""currency"":""USDC"",""amount_usdc"":""0.00572"",""creator_wallet"":""0xb40971a5d88f31c7b8d88bf93f7d044f1383bf01"",""settlement_mode"":""x402_direct_split"",""creator_share_bps"":8000,""platform_share_bps"":2000},""amount_raw"":""4576"",""buyer_type"":""agent"",""invoice_id"":""inv_2024632be67a"",""query_hash"":""ac3993607f48b4f9dd7fecfdea131095dcb03fc5a6459dee4762c0260d538436"",""settlement"":{""mode"":""x402_direct_split"",""rail"":""circle_gateway_x402"",""amount"":""0.00572"",""network"":""Arc Testnet"",""currency"":""USDC"",""decimals"":6,""token_address"":""0x3600000000000000000000000000000000000000"",""gateway_supported"":true},""amount_usdc"":""0.004576"",""provider_id"":""funding_memory"",""explorer_url"":""https://testnet.arcscan.app/tx/0xcb042087959a00822c0885d4884631391ed7b022e73795a95380cf2580c28022"",""payer_address"":""0x45667a97bcdd1f190eda978b567e32a7a8234a95"",""resource_type"":""qma_signal_report"",""settlement_id"":""3064dd17-d498-4c70-b431-60a0aead18c2"",""gateway_status"":""completed"",""seller_address"":""0xb40971a5d88f31c7b8d88bf93f7d044f1383bf01"",""transaction_hash"":""0xcb042087959a00822c0885d4884631391ed7b022e73795a95380cf2580c28022"",""provider_owner_wallet"":""0xb40971a5d88f31c7b8d88bf93f7d044f1383bf01""}",2026-07-07 15:15:10.196308+00,2026-07-07 15:15:10.196308+00
312728f3-2268-49d7-a1c7-0d7837ee9c5d,inv_ce352cb785d9,312728f3-2268-49d7-a1c7-0d7837ee9c5d,0x2c03cd73ad36230a3c5be43d51d72fdca32f53d4,HYPE,legacy,funding_memory,0.05,completed,0x45117e4126b0c3d872cb2759778b22bf218082c21f49303ea69798c4d86652d0,https://testnet.arcscan.app/tx/0x45117e4126b0c3d872cb2759778b22bf218082c21f49303ea69798c4d86652d0,1781714351.48683,"{""tier"":""legacy"",""symbol"":""HYPE"",""paid_at"":1781714351.4868317,""amount_raw"":""50000"",""invoice_id"":""inv_ce352cb785d9"",""amount_usdc"":0.05,""explorer_url"":""https://testnet.arcscan.app/tx/0x45117e4126b0c3d872cb2759778b22bf218082c21f49303ea69798c4d86652d0"",""payer_address"":""0x2c03cd73ad36230a3c5be43d51d72fdca32f53d4"",""settlement_id"":""312728f3-2268-49d7-a1c7-0d7837ee9c5d"",""gateway_status"":""completed"",""seller_address"":""0x23e7c029a287a83d80b2e084e008211658dda11d"",""transaction_hash"":""0x45117e4126b0c3d872cb2759778b22bf218082c21f49303ea69798c4d86652d0""}",2026-06-19 09:35:04.052192+00,2026-06-19 16:49:23.325599+00
32343f50-544e-41ac-9054-30f7bc3eeafc,inv_efe524e7e36d,32343f50-544e-41ac-9054-30f7bc3eeafc,0x9a6126cf24d565f6fd7ad3639f7bf11928c385df,APDSTOCK,full,oi_memory,0.001171,completed,0x2f7b0f3a407a23c2b161cd8a95a5a1670ce5643a80c40a2d4f4532b9a994c9fa,https://testnet.arcscan.app/tx/0x2f7b0f3a407a23c2b161cd8a95a5a1670ce5643a80c40a2d4f4532b9a994c9fa,1783482654.10466,"{""tier"":""full"",""query"":{""FDV"":15939148.445999999,""price"":302.64,""amount"":2125219.7928,""symbol"":""APDSTOCK"",""fromATH"":-50,""circRatio"":0.65,""marketCap"":10626098.964,""volume24h"":104162.3739,""fundingRate"":-0.004752,""openInterest"":2125219.7928,""longShortRatio"":null,""openInterestChange24h"":null},""symbol"":""APDSTOCK"",""paid_at"":1783482654.104662,""pricing"":{""amount_usdc"":""0.001171""},""event_id"":""inv_efe524e7e36d:platform"",""split_leg"":{""role"":""platform"",""leg_id"":""platform"",""pay_to"":""0x23e7c029a287a83d80b2e084e008211658dda11d"",""amount_raw"":""1171"",""amount_usdc"":""0.001171""},""synthetic"":false,""accounting"":{""currency"":""USDC"",""amount_usdc"":""0.005857"",""creator_wallet"":""0x2222222222222222222222222222222222222222"",""settlement_mode"":""x402_direct_split"",""creator_share_bps"":8000,""platform_share_bps"":2000},""amount_raw"":""1171"",""buyer_type"":""human"",""invoice_id"":""inv_efe524e7e36d"",""query_hash"":""7da040e9038f74701814dc6602f9ff4d83983a825fa7d6e2ab0ceb680b7100c3"",""run_source"":null,""settlement"":{""mode"":""x402_direct_split"",""rail"":""circle_gateway_x402"",""amount"":""0.005857"",""network"":""Arc Testnet"",""currency"":""USDC"",""decimals"":6,""token_address"":""0x3600000000000000000000000000000000000000"",""gateway_supported"":true},""agent_label"":null,""amount_usdc"":""0.001171"",""provider_id"":""oi_memory"",""explorer_url"":""https://testnet.arcscan.app/tx/0x2f7b0f3a407a23c2b161cd8a95a5a1670ce5643a80c40a2d4f4532b9a994c9fa"",""payer_address"":""0x9a6126cf24d565f6fd7ad3639f7bf11928c385df"",""resource_type"":""qma_signal_report"",""settlement_id"":""32343f50-544e-41ac-9054-30f7bc3eeafc"",""gateway_status"":""completed"",""seller_address"":""0x23e7c029a287a83d80b2e084e008211658dda11d"",""transaction_hash"":""0x2f7b0f3a407a23c2b161cd8a95a5a1670ce5643a80c40a2d4f4532b9a994c9fa"",""provider_owner_wallet"":""0x2222222222222222222222222222222222222222""}",2026-07-08 03:50:57.181389+00,2026-07-08 03:50:57.181389+00
34354b5a-d9a0-41cc-a489-a5d974060bd4,inv_2ac417b1db68,34354b5a-d9a0-41cc-a489-a5d974060bd4,0x65d923ba4917ef8523687609b3641f3a0cbc3971,BANANA,full,funding_memory,0.004465,received,,,1783445512.00566,"{""tier"":""full"",""query"":{""FDV"":15000000,""price"":3.344,""amount"":326713.4816,""symbol"":""BANANA"",""fromATH"":-50,""circRatio"":0.65,""marketCap"":10000000,""volume24h"":1523144.7954,""fundingRate"":-0.003476,""openInterest"":326713.4816,""longShortRatio"":null,""openInterestChange24h"":null},""symbol"":""BANANA"",""paid_at"":1783445512.005662,""pricing"":{""amount_usdc"":""0.004465""},""event_id"":""inv_2ac417b1db68:creator"",""split_leg"":{""role"":""creator"",""leg_id"":""creator"",""pay_to"":""0xb40971a5d88f31c7b8d88bf93f7d044f1383bf01"",""amount_raw"":""4465"",""amount_usdc"":""0.004465""},""accounting"":{""currency"":""USDC"",""amount_usdc"":""0.005581"",""creator_wallet"":""0xb40971a5d88f31c7b8d88bf93f7d044f1383bf01"",""settlement_mode"":""x402_direct_split"",""creator_share_bps"":8000,""platform_share_bps"":2000},""amount_raw"":""4465"",""buyer_type"":""agent"",""invoice_id"":""inv_2ac417b1db68"",""query_hash"":""2aaa2b9f84467c9bf83abd3cbbe3ac72e5cb4c850c0f7ba4b572852e7623b550"",""settlement"":{""mode"":""x402_direct_split"",""rail"":""circle_gateway_x402"",""amount"":""0.005581"",""network"":""Arc Testnet"",""currency"":""USDC"",""decimals"":6,""token_address"":""0x3600000000000000000000000000000000000000"",""gateway_supported"":true},""amount_usdc"":""0.004465"",""provider_id"":""funding_memory"",""explorer_url"":null,""payer_address"":""0x65d923ba4917ef8523687609b3641f3a0cbc3971"",""resource_type"":""qma_signal_report"",""settlement_id"":""34354b5a-d9a0-41cc-a489-a5d974060bd4"",""gateway_status"":""received"",""seller_address"":""0xb40971a5d88f31c7b8d88bf93f7d044f1383bf01"",""transaction_hash"":null,""provider_owner_wallet"":""0xb40971a5d88f31c7b8d88bf93f7d044f1383bf01""}",2026-07-07 17:31:55.314863+00,2026-07-07 17:31:55.314863+00
34f0ec8f-7a84-4652-a2fb-d8c2fd9e9a4b,inv_3f4f6aa7cf0f,34f0ec8f-7a84-4652-a2fb-d8c2fd9e9a4b,0xd21c95dc4cc1b8f3c889c388b566a35941f5252b,EPIC,full,funding_memory,0.004566,received,,,1783442795.81357,"{""tier"":""full"",""query"":{""FDV"":19398173.7561,""price"":0.3359,""amount"":231917.11649999997,""symbol"":""EPIC"",""fromATH"":-50,""circRatio"":0.65,""marketCap"":12932115.8374,""volume24h"":6466057.9187,""fundingRate"":-0.003693,""openInterest"":231917.11649999997,""longShortRatio"":null,""openInterestChange24h"":null},""symbol"":""EPIC"",""paid_at"":1783442795.8135734,""pricing"":{""amount_usdc"":""0.004566""},""event_id"":""inv_3f4f6aa7cf0f:creator"",""split_leg"":{""role"":""creator"",""leg_id"":""creator"",""pay_to"":""0xb40971a5d88f31c7b8d88bf93f7d044f1383bf01"",""amount_raw"":""4566"",""amount_usdc"":""0.004566""},""accounting"":{""currency"":""USDC"",""amount_usdc"":""0.005707"",""creator_wallet"":""0xb40971a5d88f31c7b8d88bf93f7d044f1383bf01"",""settlement_mode"":""x402_direct_split"",""creator_share_bps"":8000,""platform_share_bps"":2000},""amount_raw"":""4566"",""buyer_type"":""agent"",""invoice_id"":""inv_3f4f6aa7cf0f"",""query_hash"":""63d5e19156582e5fdf7adb310f5432fccb84d516f516d7955a4a47cbb9e28aa2"",""settlement"":{""mode"":""x402_direct_split"",""rail"":""circle_gateway_x402"",""amount"":""0.005707"",""network"":""Arc Testnet"",""currency"":""USDC"",""decimals"":6,""token_address"":""0x3600000000000000000000000000000000000000"",""gateway_supported"":true},""amount_usdc"":""0.004566"",""provider_id"":""funding_memory"",""explorer_url"":null,""payer_address"":""0xd21c95dc4cc1b8f3c889c388b566a35941f5252b"",""resource_type"":""qma_signal_report"",""settlement_id"":""34f0ec8f-7a84-4652-a2fb-d8c2fd9e9a4b"",""gateway_status"":""received"",""seller_address"":""0xb40971a5d88f31c7b8d88bf93f7d044f1383bf01"",""transaction_hash"":null,""provider_owner_wallet"":""0xb40971a5d88f31c7b8d88bf93f7d044f1383bf01""}",2026-07-07 16:46:39.04737+00,2026-07-07 16:46:39.04737+00
350013c7-30d4-4b81-9e89-222ca2f9375d,inv_a824942b9f55,350013c7-30d4-4b81-9e89-222ca2f9375d,0x9a6126cf24d565f6fd7ad3639f7bf11928c385df,IN,full,funding_memory,0.005,completed,,,1782837674.08624,"{""tier"":""full"",""event"":{""tier"":""full"",""query"":{""FDV"":35766000,""amount"":null,""symbol"":""IN"",""fromATH"":-50,""circRatio"":0.67,""marketCap"":23844000,""volume24h"":118836,""fundingRate"":-0.02},""symbol"":""IN"",""paid_at"":1782837674.0862365,""amount_raw"":""5000"",""buyer_type"":""agent"",""invoice_id"":""inv_a824942b9f55"",""query_hash"":""04a5f61689c83cad72a83e18ff37bf8a251ca1df00e5e66b686fac750f0c7254"",""amount_usdc"":0.005,""provider_id"":""funding_memory"",""explorer_url"":null,""payer_address"":""0x9a6126cf24d565f6fd7ad3639f7bf11928c385df"",""resource_type"":""qma_signal_report"",""settlement_id"":""350013c7-30d4-4b81-9e89-222ca2f9375d"",""gateway_status"":""received"",""seller_address"":""0x23e7c029a287a83d80b2e084e008211658dda11d"",""transaction_hash"":null,""provider_owner_wallet"":""0x23e7c029a287a83d80b2e084e008211658dda11d""},""query"":{""FDV"":35766000,""amount"":null,""symbol"":""IN"",""fromATH"":-50,""circRatio"":0.67,""marketCap"":23844000,""volume24h"":118836,""fundingRate"":-0.02},""symbol"":""IN"",""paid_at"":1782837674.08624,""event_id"":""350013c7-30d4-4b81-9e89-222ca2f9375d"",""amount_raw"":""5000"",""buyer_type"":""agent"",""invoice_id"":""inv_a824942b9f55"",""query_hash"":""04a5f61689c83cad72a83e18ff37bf8a251ca1df00e5e66b686fac750f0c7254"",""updated_at"":""2026-06-30T16:41:16.967043+00:00"",""amount_usdc"":0.005,""inserted_at"":""2026-06-30T16:41:16.967043+00:00"",""provider_id"":""funding_memory"",""payer_address"":""0x9a6126cf24d565f6fd7ad3639f7bf11928c385df"",""resource_type"":""qma_signal_report"",""settlement_id"":""350013c7-30d4-4b81-9e89-222ca2f9375d"",""gateway_status"":""completed"",""seller_address"":""0x23e7c029a287a83d80b2e084e008211658dda11d"",""provider_owner_wallet"":""0x23e7c029a287a83d80b2e084e008211658dda11d""}",2026-06-30 16:41:16.967043+00,2026-06-30 16:41:16.967043+00
363101ac-096d-48f7-992c-9fcfef8679fb,inv_899580f8a7ba,363101ac-096d-48f7-992c-9fcfef8679fb,0xa99b2a4dd131b0aead78ff1d23add2537354eede,LAB,preview,funding_memory,0.000239,received,,,1783444807.34976,"{""tier"":""preview"",""query"":{""FDV"":297375310.04999995,""price"":5.377,""amount"":4300793.45,""symbol"":""LAB"",""fromATH"":-50,""circRatio"":0.65,""marketCap"":198250206.7,""volume24h"":99125103.35,""fundingRate"":-0.015498,""openInterest"":4300793.45,""longShortRatio"":null,""openInterestChange24h"":null},""symbol"":""LAB"",""paid_at"":1783444807.3497648,""pricing"":{""amount_usdc"":""0.000239""},""event_id"":""inv_899580f8a7ba:platform"",""split_leg"":{""role"":""platform"",""leg_id"":""platform"",""pay_to"":""0x23e7c029a287a83d80b2e084e008211658dda11d"",""amount_raw"":""239"",""amount_usdc"":""0.000239""},""accounting"":{""currency"":""USDC"",""amount_usdc"":""0.001195"",""creator_wallet"":""0xb40971a5d88f31c7b8d88bf93f7d044f1383bf01"",""settlement_mode"":""x402_direct_split"",""creator_share_bps"":8000,""platform_share_bps"":2000},""amount_raw"":""239"",""buyer_type"":""agent"",""invoice_id"":""inv_899580f8a7ba"",""query_hash"":""e1ef8bba0f1bcaf15584b922e268a0164c1e8043f32af3a3baffc3dd7ba179e7"",""settlement"":{""mode"":""x402_direct_split"",""rail"":""circle_gateway_x402"",""amount"":""0.001195"",""network"":""Arc Testnet"",""currency"":""USDC"",""decimals"":6,""token_address"":""0x3600000000000000000000000000000000000000"",""gateway_supported"":true},""amount_usdc"":""0.000239"",""provider_id"":""funding_memory"",""explorer_url"":null,""payer_address"":""0xa99b2a4dd131b0aead78ff1d23add2537354eede"",""resource_type"":""qma_signal_report"",""settlement_id"":""363101ac-096d-48f7-992c-9fcfef8679fb"",""gateway_status"":""received"",""seller_address"":""0x23e7c029a287a83d80b2e084e008211658dda11d"",""transaction_hash"":null,""provider_owner_wallet"":""0xb40971a5d88f31c7b8d88bf93f7d044f1383bf01""}",2026-07-07 17:20:09.733423+00,2026-07-07 17:20:09.733423+00
373239f9-3f5e-4f65-b2da-1b2b404e91c9,inv_7e80b743341c,373239f9-3f5e-4f65-b2da-1b2b404e91c9,0xb40971a5d88f31c7b8d88bf93f7d044f1383bf01,SYN,full,funding_memory,0.005,completed,0x685c1389e8ce5b82012c8ae1cd42f4f30d9c3fa442a3eceaf46e750cc76e7019,https://testnet.arcscan.app/tx/0x685c1389e8ce5b82012c8ae1cd42f4f30d9c3fa442a3eceaf46e750cc76e7019,1782123435.20422,"{""tier"":""full"",""query"":{""FDV"":42409500,""amount"":null,""symbol"":""SYN"",""fromATH"":-50,""circRatio"":0.67,""marketCap"":28273000,""volume24h"":683532,""fundingRate"":-0.0028},""symbol"":""SYN"",""paid_at"":1782123435.2042174,""amount_raw"":""5000"",""buyer_type"":""human"",""invoice_id"":""inv_7e80b743341c"",""query_hash"":""f07dd53be815bc566f7d4324affeecce62f56ddef2a207c9f564822967a831d5"",""amount_usdc"":0.005,""provider_id"":""funding_memory"",""explorer_url"":""https://testnet.arcscan.app/tx/0x685c1389e8ce5b82012c8ae1cd42f4f30d9c3fa442a3eceaf46e750cc76e7019"",""payer_address"":""0xb40971a5d88f31c7b8d88bf93f7d044f1383bf01"",""resource_type"":""qma_signal_report"",""settlement_id"":""373239f9-3f5e-4f65-b2da-1b2b404e91c9"",""gateway_status"":""completed"",""seller_address"":""0x23e7c029a287a83d80b2e084e008211658dda11d"",""transaction_hash"":""0x685c1389e8ce5b82012c8ae1cd42f4f30d9c3fa442a3eceaf46e750cc76e7019"",""provider_owner_wallet"":""0x23e7c029a287a83d80b2e084e008211658dda11d""}",2026-06-22 10:17:18.396353+00,2026-06-22 10:17:18.396353+00
3808c19b-265e-4560-902d-0d70e1f411a0,inv_1b416cd2ea6f,3808c19b-265e-4560-902d-0d70e1f411a0,0xbe6ee76916726d1d04155dde8923d58e720557a1,NFP,preview,funding_memory,0.001,completed,0x13f51a2e208da98754326d89686a728f117c222773264195cb557b08bc911f6e,https://testnet.arcscan.app/tx/0x13f51a2e208da98754326d89686a728f117c222773264195cb557b08bc911f6e,1782879709.23242,"{""tier"":""preview"",""query"":{""FDV"":863550,""amount"":null,""symbol"":""NFP"",""fromATH"":-50,""circRatio"":0.67,""marketCap"":575700,""volume24h"":8747,""fundingRate"":-0.0065},""symbol"":""NFP"",""paid_at"":1782879709.232425,""amount_raw"":""1000"",""buyer_type"":""agent"",""invoice_id"":""inv_1b416cd2ea6f"",""query_hash"":""c9c37239c9d004141c0f8a5b76a5004e828b521d5a94d3c004fa009938673ecd"",""amount_usdc"":0.001,""provider_id"":""funding_memory"",""explorer_url"":""https://testnet.arcscan.app/tx/0x13f51a2e208da98754326d89686a728f117c222773264195cb557b08bc911f6e"",""payer_address"":""0xbe6ee76916726d1d04155dde8923d58e720557a1"",""resource_type"":""qma_signal_report"",""settlement_id"":""3808c19b-265e-4560-902d-0d70e1f411a0"",""gateway_status"":""completed"",""seller_address"":""0x23e7c029a287a83d80b2e084e008211658dda11d"",""transaction_hash"":""0x13f51a2e208da98754326d89686a728f117c222773264195cb557b08bc911f6e"",""provider_owner_wallet"":""0x23e7c029a287a83d80b2e084e008211658dda11d""}",2026-07-01 04:21:50.988494+00,2026-07-01 04:21:50.988494+00
382b30d2-9617-42b9-a2c9-2243d915707a,inv_82dad0ac1914,382b30d2-9617-42b9-a2c9-2243d915707a,0x7e712e24f64a27f5f437c3b5caee43b82d30cab9,BLUR,preview,funding_memory,0.000949,received,,,1783440513.46284,"{""tier"":""preview"",""query"":{""FDV"":44682780.1539,""price"":0.02293,""amount"":1132006.6349,""symbol"":""BLUR"",""fromATH"":-50,""circRatio"":0.65,""marketCap"":29788520.1026,""volume24h"":14894260.0513,""fundingRate"":-0.013608,""openInterest"":1132006.6349,""longShortRatio"":null,""openInterestChange24h"":null},""symbol"":""BLUR"",""paid_at"":1783440513.4628367,""pricing"":{""amount_usdc"":""0.000949""},""event_id"":""inv_82dad0ac1914:creator"",""split_leg"":{""role"":""creator"",""leg_id"":""creator"",""pay_to"":""0xb40971a5d88f31c7b8d88bf93f7d044f1383bf01"",""amount_raw"":""949"",""amount_usdc"":""0.000949""},""accounting"":{""currency"":""USDC"",""amount_usdc"":""0.001186"",""creator_wallet"":""0xb40971a5d88f31c7b8d88bf93f7d044f1383bf01"",""settlement_mode"":""x402_direct_split"",""creator_share_bps"":8000,""platform_share_bps"":2000},""amount_raw"":""949"",""buyer_type"":""agent"",""invoice_id"":""inv_82dad0ac1914"",""query_hash"":""18378ce6eecf7e6dd01596eab59769b2c5b1b61d96a8d01305ea7512b70ab7d5"",""settlement"":{""mode"":""x402_direct_split"",""rail"":""circle_gateway_x402"",""amount"":""0.001186"",""network"":""Arc Testnet"",""currency"":""USDC"",""decimals"":6,""token_address"":""0x3600000000000000000000000000000000000000"",""gateway_supported"":true},""amount_usdc"":""0.000949"",""provider_id"":""funding_memory"",""explorer_url"":null,""payer_address"":""0x7e712e24f64a27f5f437c3b5caee43b82d30cab9"",""resource_type"":""qma_signal_report"",""settlement_id"":""382b30d2-9617-42b9-a2c9-2243d915707a"",""gateway_status"":""received"",""seller_address"":""0xb40971a5d88f31c7b8d88bf93f7d044f1383bf01"",""transaction_hash"":null,""provider_owner_wallet"":""0xb40971a5d88f31c7b8d88bf93f7d044f1383bf01""}",2026-07-07 16:08:36.568316+00,2026-07-07 16:08:36.568316+00
387aca58-330f-4a30-bf50-fd38018859e6,inv_34e5d7f8c4fb,387aca58-330f-4a30-bf50-fd38018859e6,0xf5fd2d051a2e966b2510f755272312ab92dd8ee4,BANANA,full,funding_memory,0.004463,received,,,1783445657.43233,"{""tier"":""full"",""query"":{""FDV"":15000000,""price"":3.3,""amount"":313224.45,""symbol"":""BANANA"",""fromATH"":-50,""circRatio"":0.65,""marketCap"":10000000,""volume24h"":1528901.4976,""fundingRate"":-0.003357,""openInterest"":313224.45,""longShortRatio"":null,""openInterestChange24h"":null},""symbol"":""BANANA"",""paid_at"":1783445657.4323292,""pricing"":{""amount_usdc"":""0.004463""},""event_id"":""inv_34e5d7f8c4fb:creator"",""split_leg"":{""role"":""creator"",""leg_id"":""creator"",""pay_to"":""0xb40971a5d88f31c7b8d88bf93f7d044f1383bf01"",""amount_raw"":""4463"",""amount_usdc"":""0.004463""},""accounting"":{""currency"":""USDC"",""amount_usdc"":""0.005579"",""creator_wallet"":""0xb40971a5d88f31c7b8d88bf93f7d044f1383bf01"",""settlement_mode"":""x402_direct_split"",""creator_share_bps"":8000,""platform_share_bps"":2000},""amount_raw"":""4463"",""buyer_type"":""agent"",""invoice_id"":""inv_34e5d7f8c4fb"",""query_hash"":""26dbc0bcd6a978de1bcb4f6f48dcd0f62a3dd551cfe0afcca15b09d13bbf6c8a"",""settlement"":{""mode"":""x402_direct_split"",""rail"":""circle_gateway_x402"",""amount"":""0.005579"",""network"":""Arc Testnet"",""currency"":""USDC"",""decimals"":6,""token_address"":""0x3600000000000000000000000000000000000000"",""gateway_supported"":true},""amount_usdc"":""0.004463"",""provider_id"":""funding_memory"",""explorer_url"":null,""payer_address"":""0xf5fd2d051a2e966b2510f755272312ab92dd8ee4"",""resource_type"":""qma_signal_report"",""settlement_id"":""387aca58-330f-4a30-bf50-fd38018859e6"",""gateway_status"":""received"",""seller_address"":""0xb40971a5d88f31c7b8d88bf93f7d044f1383bf01"",""transaction_hash"":null,""provider_owner_wallet"":""0xb40971a5d88f31c7b8d88bf93f7d044f1383bf01""}",2026-07-07 17:34:20.790544+00,2026-07-07 17:34:20.790544+00
3a61c271-fbaf-4775-8c78-4b4ad9cbae3a,inv_92fbf77d409c,3a61c271-fbaf-4775-8c78-4b4ad9cbae3a,0x5e4cf60110565e2904a7321571d76282f0b930db,SBUXSTOCK,preview,funding_memory,0.000814,completed,0x14bb1609e49dbdb03d3be84e6653d6af3ae954f36074fd39102007504d2f1d28,https://testnet.arcscan.app/tx/0x14bb1609e49dbdb03d3be84e6653d6af3ae954f36074fd39102007504d2f1d28,1788428159.3485,"{""tier"":""preview"",""query"":{""FDV"":15000000,""price"":106.14,""amount"":135408.105,""source"":""MEXC_FUTURES"",""symbol"":""SBUXSTOCK"",""fromATH"":-50,""exchange"":""MEXC"",""circRatio"":0.65,""marketCap"":10000000,""rawSymbol"":""SBUXSTOCK_USDT"",""volume24h"":68295.3591,""contractId"":1896,""fundingRate"":-0.002695,""candidate_id"":""QMA:FUNDING_MEMORY:SBUXSTOCK:13"",""contractSize"":0.01,""openInterest"":135408.105,""source_fields"":{""detailV2_cs"":0.01,""ticker_holdVol"":127575,""ticker_amount24"":68295.3591,""ticker_volume24"":64134},""longShortRatio"":null,""adapter_version"":""MEXC_FUTURES_V2"",""openInterestBase"":1275.75,""openInterestMethod"":""HOLDVOL * DETAILV2.CS * LASTPRICE"",""expected_price_usdc"":0.001018,""openInterestChange24h"":null,""openInterestContracts"":127575,""openInterestEstimated"":false},""symbol"":""SBUXSTOCK"",""paid_at"":1788428159.348496,""pricing"":{""amount_usdc"":""0.000814""},""event_id"":""inv_92fbf77d409c:creator"",""split_leg"":{""role"":""creator"",""leg_id"":""creator"",""pay_to"":""0xb40971a5d88f31c7b8d88bf93f7d044f1383bf01"",""amount_raw"":""814"",""amount_usdc"":""0.000814""},""synthetic"":false,""accounting"":{""currency"":""USDC"",""amount_usdc"":""0.001018"",""creator_wallet"":""0xb40971a5d88f31c7b8d88bf93f7d044f1383bf01"",""settlement_mode"":""x402_direct_split"",""creator_share_bps"":8000,""platform_share_bps"":2000},""amount_raw"":""814"",""buyer_type"":""agent"",""invoice_id"":""inv_92fbf77d409c"",""query_hash"":""a0d3da3ed6ae4e03a786ddc2d64e44b5fe9a4ad78f2ca6b7dc9230d8927c53fa"",""run_source"":""agent_session_3723dae7-4340-4377-ad59-60a85bde20bd"",""settlement"":{""mode"":""x402_direct_split"",""rail"":""circle_gateway_x402"",""amount"":""0.001018"",""network"":""Arc Testnet"",""currency"":""USDC"",""decimals"":6,""token_address"":""0x3600000000000000000000000000000000000000"",""gateway_supported"":true},""agent_label"":""qma-hosted-worker"",""amount_usdc"":""0.000814"",""provider_id"":""funding_memory"",""explorer_url"":""https://testnet.arcscan.app/tx/0x14bb1609e49dbdb03d3be84e6653d6af3ae954f36074fd39102007504d2f1d28"",""payer_address"":""0x5e4cf60110565e2904a7321571d76282f0b930db"",""resource_type"":""qma_signal_report"",""settlement_id"":""3a61c271-fbaf-4775-8c78-4b4ad9cbae3a"",""gateway_status"":""completed"",""seller_address"":""0xb40971a5d88f31c7b8d88bf93f7d044f1383bf01"",""transaction_hash"":""0x14bb1609e49dbdb03d3be84e6653d6af3ae954f36074fd39102007504d2f1d28"",""buyer_wallet_address"":""0x2c03cd73ad36230a3c5be43d51d72fdca32f53d4"",""provider_owner_wallet"":""0xb40971a5d88f31c7b8d88bf93f7d044f1383bf01""}",2026-09-03 09:36:06.64675+00,2026-09-03 09:36:06.64675+00
3be72ebc-1c92-455c-8069-6c26f6fa9066,inv_dcffb511cbc9,3be72ebc-1c92-455c-8069-6c26f6fa9066,0x5e4cf60110565e2904a7321571d76282f0b930db,ONG,full,funding_memory,0.005088,received,,,1789877908.85008,"{""tier"":""full"",""query"":{""FDV"":70039555.55025,""price"":0.08723,""amount"":9338607.4067,""source"":""MEXC_FUTURES"",""symbol"":""ONG"",""fromATH"":-50,""exchange"":""MEXC"",""circRatio"":0.65,""marketCap"":46693037.0335,""rawSymbol"":""ONG_USDT"",""volume24h"":515718.6611,""contractId"":504,""fundingRate"":-0.010643,""candidate_id"":""QMA:FUNDING_MEMORY:ONG:2"",""contractSize"":10,""openInterest"":9338607.4067,""source_fields"":{""detailV2_cs"":10,""ticker_holdVol"":10705729,""ticker_amount24"":515718.6611,""ticker_volume24"":613156},""longShortRatio"":null,""adapter_version"":""MEXC_FUTURES_V2"",""openInterestBase"":107057290,""openInterestMethod"":""HOLDVOL * DETAILV2.CS * LASTPRICE"",""expected_price_usdc"":0.005088,""openInterestChange24h"":null,""openInterestContracts"":10705729,""openInterestEstimated"":false},""symbol"":""ONG"",""paid_at"":1789877908.8500798,""pricing"":{""amount_usdc"":""0.005088""},""synthetic"":false,""accounting"":{""currency"":""USDC"",""amount_usdc"":""0.005088"",""creator_wallet"":""0xb40971a5d88f31c7b8d88bf93f7d044f1383bf01"",""settlement_mode"":""seller_wallet"",""creator_share_bps"":8000,""platform_share_bps"":2000},""amount_raw"":""5088"",""buyer_type"":""agent"",""invoice_id"":""inv_dcffb511cbc9"",""query_hash"":""c0a52d63f527bf61ef7be4fd9eb9355a6fb45ac81f3c462f96715ceadc28c76a"",""run_source"":""agent_session_8d0545a2-1a8d-42b1-91c2-d860bd08db07"",""settlement"":{""mode"":""seller_wallet"",""rail"":""circle_gateway_x402"",""amount"":""0.005088"",""network"":""Arc Testnet"",""currency"":""USDC"",""decimals"":6,""token_address"":""0x3600000000000000000000000000000000000000"",""gateway_supported"":true},""agent_label"":""qma-hosted-worker"",""amount_usdc"":0.005088,""provider_id"":""funding_memory"",""explorer_url"":null,""payer_address"":""0x5e4cf60110565e2904a7321571d76282f0b930db"",""resource_type"":""qma_signal_report"",""settlement_id"":""3be72ebc-1c92-455c-8069-6c26f6fa9066"",""arc_settlement"":{""error"":""Circle treasury wallet address does not match the x402 seller"",""action"":""creator_payout"",""status"":""retryable"",""verdict"":""VALID"",""version"":1,""recipient"":""0xb40971a5d88f31c7b8d88bf93f7d044f1383bf01"",""created_at"":1789878006.4460516,""updated_at"":1789957504.6760197,""operation_id"":""arc-verdict:inv_dcffb511cbc9:creator_payout:v1"",""total_amount_raw"":""5088"",""treasury_address"":""0x23e7c029a287a83d80b2e084e008211658dda11d"",""creator_share_bps"":8000,""creator_amount_raw"":""4070"",""platform_amount_raw"":""1018"",""transfer_amount_raw"":""4070"",""source_settlement_id"":""3be72ebc-1c92-455c-8069-6c26f6fa9066"",""source_gateway_status"":""received""},""gateway_status"":""received"",""seller_address"":""0x23e7c029a287a83d80b2e084e008211658dda11d"",""transaction_hash"":null,""buyer_wallet_address"":""0x2c03cd73ad36230a3c5be43d51d72fdca32f53d4"",""provider_owner_wallet"":""0xb40971a5d88f31c7b8d88bf93f7d044f1383bf01""}",2026-09-20 04:20:06.440855+00,2026-09-20 04:20:06.440855+00
3e80eb9d-d007-49a2-b694-aeb18fdce138,inv_db96be26b888,3e80eb9d-d007-49a2-b694-aeb18fdce138,0x2c03cd73ad36230a3c5be43d51d72fdca32f53d4,HYPE,full,funding_memory,0.004355,completed,0x97605c86141121d1613ce3a8500ee036b73206afb6e1318cc9aa9c4c95784828,https://testnet.arcscan.app/tx/0x97605c86141121d1613ce3a8500ee036b73206afb6e1318cc9aa9c4c95784828,1783744341.01308,"{""tier"":""full"",""query"":{""FDV"":500000000,""price"":null,""amount"":1500000,""symbol"":""HYPE"",""fromATH"":-35.2,""circRatio"":0.5,""marketCap"":250000000,""volume24h"":15000000,""fundingRate"":-0.005,""openInterest"":null,""longShortRatio"":null,""openInterestChange24h"":null},""symbol"":""HYPE"",""paid_at"":1783744341.0130837,""pricing"":{""amount_usdc"":""0.004355""},""event_id"":""inv_db96be26b888:creator"",""split_leg"":{""role"":""creator"",""leg_id"":""creator"",""pay_to"":""0xb40971a5d88f31c7b8d88bf93f7d044f1383bf01"",""amount_raw"":""4355"",""amount_usdc"":""0.004355""},""synthetic"":false,""accounting"":{""currency"":""USDC"",""amount_usdc"":""0.005444"",""creator_wallet"":""0xb40971a5d88f31c7b8d88bf93f7d044f1383bf01"",""settlement_mode"":""x402_direct_split"",""creator_share_bps"":8000,""platform_share_bps"":2000},""amount_raw"":""4355"",""buyer_type"":""human"",""invoice_id"":""inv_db96be26b888"",""query_hash"":""a7887f74a9ba0ac4d43c0c55fc5d62c2513d5020f2cdc2f98a7bb0bbd8f49ca9"",""run_source"":null,""settlement"":{""mode"":""x402_direct_split"",""rail"":""circle_gateway_x402"",""amount"":""0.005444"",""network"":""Arc Testnet"",""currency"":""USDC"",""decimals"":6,""token_address"":""0x3600000000000000000000000000000000000000"",""gateway_supported"":true},""agent_label"":null,""amount_usdc"":""0.004355"",""provider_id"":""funding_memory"",""explorer_url"":""https://testnet.arcscan.app/tx/0x97605c86141121d1613ce3a8500ee036b73206afb6e1318cc9aa9c4c95784828"",""payer_address"":""0x2c03cd73ad36230a3c5be43d51d72fdca32f53d4"",""resource_type"":""qma_signal_report"",""settlement_id"":""3e80eb9d-d007-49a2-b694-aeb18fdce138"",""gateway_status"":""completed"",""seller_address"":""0xb40971a5d88f31c7b8d88bf93f7d044f1383bf01"",""transaction_hash"":""0x97605c86141121d1613ce3a8500ee036b73206afb6e1318cc9aa9c4c95784828"",""provider_owner_wallet"":""0xb40971a5d88f31c7b8d88bf93f7d044f1383bf01""}",2026-07-11 04:36:31.958312+00,2026-07-11 04:36:31.958312+00
3fa78fcb-4b64-4cb1-9cf3-9b6884f4bcea,inv_f7ced54259de,3fa78fcb-4b64-4cb1-9cf3-9b6884f4bcea,0x2c03cd73ad36230a3c5be43d51d72fdca32f53d4,OGN,preview,funding_memory,0.001131,completed,0x8db32b94bd8086c17310524f795cabf9c8c3514561f50cc965e2ec2220e6ed2e,https://testnet.arcscan.app/tx/0x8db32b94bd8086c17310524f795cabf9c8c3514561f50cc965e2ec2220e6ed2e,1783171417.58121,"{""tier"":""preview"",""query"":{""FDV"":3187500,""amount"":1094337.15375,""symbol"":""OGN"",""fromATH"":-50,""circRatio"":0.666666666667,""marketCap"":2125000,""volume24h"":218867.43075000003,""fundingRate"":-0.009697},""symbol"":""OGN"",""paid_at"":1783171417.581206,""amount_raw"":""1131"",""buyer_type"":""human"",""invoice_id"":""inv_f7ced54259de"",""query_hash"":""a1863b207841f45b2a1a7f5d1fb5593f451d8cd60182d2c097a84628b7dd1a90"",""amount_usdc"":0.001131,""provider_id"":""funding_memory"",""explorer_url"":""https://testnet.arcscan.app/tx/0x8db32b94bd8086c17310524f795cabf9c8c3514561f50cc965e2ec2220e6ed2e"",""payer_address"":""0x2c03cd73ad36230a3c5be43d51d72fdca32f53d4"",""resource_type"":""qma_signal_report"",""settlement_id"":""3fa78fcb-4b64-4cb1-9cf3-9b6884f4bcea"",""gateway_status"":""completed"",""seller_address"":""0x23e7c029a287a83d80b2e084e008211658dda11d"",""transaction_hash"":""0x8db32b94bd8086c17310524f795cabf9c8c3514561f50cc965e2ec2220e6ed2e"",""provider_owner_wallet"":""0x23e7c029a287a83d80b2e084e008211658dda11d""}",2026-07-04 13:23:40.75288+00,2026-07-04 13:23:40.75288+00
40adbc6d-9e41-4f75-98d0-2e1bb1d5e921,inv_1f39f5834e6a,40adbc6d-9e41-4f75-98d0-2e1bb1d5e921,0x2c03cd73ad36230a3c5be43d51d72fdca32f53d4,OPG,full,funding_memory,0.001151,completed,0x9d406ffc29f94ef48e016a407f4b6a8fdbcb33529ff974e7944dbbdbeb49f4d4,https://testnet.arcscan.app/tx/0x9d406ffc29f94ef48e016a407f4b6a8fdbcb33529ff974e7944dbbdbeb49f4d4,1783418028.74178,"{""tier"":""full"",""query"":{""FDV"":15000000,""price"":null,""amount"":373501.5,""symbol"":""OPG"",""fromATH"":-50,""circRatio"":0.65,""marketCap"":10000000,""volume24h"":3735015,""fundingRate"":-0.0059,""openInterest"":null,""longShortRatio"":null,""openInterestChange24h"":null},""symbol"":""OPG"",""paid_at"":1783418028.7417774,""pricing"":{""amount_usdc"":""0.001151""},""event_id"":""inv_1f39f5834e6a:platform"",""split_leg"":{""role"":""platform"",""leg_id"":""platform"",""pay_to"":""0x23e7c029a287a83d80b2e084e008211658dda11d"",""amount_raw"":""1151"",""amount_usdc"":""0.001151""},""accounting"":{""currency"":""USDC"",""amount_usdc"":""0.005757"",""creator_wallet"":""0xb40971a5d88f31c7b8d88bf93f7d044f1383bf01"",""settlement_mode"":""x402_direct_split"",""creator_share_bps"":8000,""platform_share_bps"":2000},""amount_raw"":""1151"",""buyer_type"":""human"",""invoice_id"":""inv_1f39f5834e6a"",""query_hash"":""000e495d94ec9e34dce30a5641a3d7a563e10e721dee2c2a2ae5c52f117a5707"",""settlement"":{""mode"":""x402_direct_split"",""rail"":""circle_gateway_x402"",""amount"":""0.005757"",""network"":""Arc Testnet"",""currency"":""USDC"",""decimals"":6,""token_address"":""0x3600000000000000000000000000000000000000"",""gateway_supported"":true},""amount_usdc"":""0.001151"",""provider_id"":""funding_memory"",""explorer_url"":""https://testnet.arcscan.app/tx/0x9d406ffc29f94ef48e016a407f4b6a8fdbcb33529ff974e7944dbbdbeb49f4d4"",""payer_address"":""0x2c03cd73ad36230a3c5be43d51d72fdca32f53d4"",""resource_type"":""qma_signal_report"",""settlement_id"":""40adbc6d-9e41-4f75-98d0-2e1bb1d5e921"",""gateway_status"":""completed"",""seller_address"":""0x23e7c029a287a83d80b2e084e008211658dda11d"",""transaction_hash"":""0x9d406ffc29f94ef48e016a407f4b6a8fdbcb33529ff974e7944dbbdbeb49f4d4"",""provider_owner_wallet"":""0xb40971a5d88f31c7b8d88bf93f7d044f1383bf01""}",2026-07-07 09:53:51.532025+00,2026-07-07 09:53:51.532025+00
41320b8e-30e1-454e-b513-16f33b984be2,inv_03a829f2238d,41320b8e-30e1-454e-b513-16f33b984be2,0x9a6126cf24d565f6fd7ad3639f7bf11928c385df,H,full,funding_memory,0.005,completed,0xe135129be9b487ad9e82317bf3c6e9e9a62f60c6322ffb3dea7e21832ea01d20,https://testnet.arcscan.app/tx/0xe135129be9b487ad9e82317bf3c6e9e9a62f60c6322ffb3dea7e21832ea01d20,1782144103.39213,"{""tier"":""full"",""query"":{""FDV"":20613000,""amount"":null,""symbol"":""H"",""fromATH"":-50,""circRatio"":0.67,""marketCap"":13742000,""volume24h"":1808121,""fundingRate"":-0.0086},""symbol"":""H"",""paid_at"":1782144103.3921318,""amount_raw"":""5000"",""buyer_type"":""human"",""invoice_id"":""inv_03a829f2238d"",""query_hash"":""64155d3bfba6dff4151a5cf0d30c5a9e46b4732d1a341e3ec8e5a7b7d4fc30f3"",""amount_usdc"":0.005,""provider_id"":""funding_memory"",""explorer_url"":""https://testnet.arcscan.app/tx/0xe135129be9b487ad9e82317bf3c6e9e9a62f60c6322ffb3dea7e21832ea01d20"",""payer_address"":""0x9a6126cf24d565f6fd7ad3639f7bf11928c385df"",""resource_type"":""qma_signal_report"",""settlement_id"":""41320b8e-30e1-454e-b513-16f33b984be2"",""tier_category"":""full"",""gateway_status"":""completed"",""seller_address"":""0x23e7c029a287a83d80b2e084e008211658dda11d"",""transaction_hash"":""0xe135129be9b487ad9e82317bf3c6e9e9a62f60c6322ffb3dea7e21832ea01d20"",""provider_owner_wallet"":""0x23e7c029a287a83d80b2e084e008211658dda11d""}",2026-06-22 16:01:46.935927+00,2026-06-22 16:01:46.935927+00
41af1043-525f-42f2-9d2e-7148b91cb62b,inv_ca6464be8933,41af1043-525f-42f2-9d2e-7148b91cb62b,0x91bf578f5d75c2d8e69dce61129042795e00bffa,BANANA,full,funding_memory,0.004468,received,,,1783445245.36975,"{""tier"":""full"",""query"":{""FDV"":15000000,""price"":3.384,""amount"":353964.36960000003,""symbol"":""BANANA"",""fromATH"":-50,""circRatio"":0.65,""marketCap"":10000000,""volume24h"":1510556.8311,""fundingRate"":-0.003709,""openInterest"":353964.36960000003,""longShortRatio"":null,""openInterestChange24h"":null},""symbol"":""BANANA"",""paid_at"":1783445245.3697488,""pricing"":{""amount_usdc"":""0.004468""},""event_id"":""inv_ca6464be8933:creator"",""split_leg"":{""role"":""creator"",""leg_id"":""creator"",""pay_to"":""0xb40971a5d88f31c7b8d88bf93f7d044f1383bf01"",""amount_raw"":""4468"",""amount_usdc"":""0.004468""},""accounting"":{""currency"":""USDC"",""amount_usdc"":""0.005585"",""creator_wallet"":""0xb40971a5d88f31c7b8d88bf93f7d044f1383bf01"",""settlement_mode"":""x402_direct_split"",""creator_share_bps"":8000,""platform_share_bps"":2000},""amount_raw"":""4468"",""buyer_type"":""agent"",""invoice_id"":""inv_ca6464be8933"",""query_hash"":""3b7d0a4e32ace6f9536b838830b00b194020a14133ce14df58e90aaf4b2aaa2f"",""settlement"":{""mode"":""x402_direct_split"",""rail"":""circle_gateway_x402"",""amount"":""0.005585"",""network"":""Arc Testnet"",""currency"":""USDC"",""decimals"":6,""token_address"":""0x3600000000000000000000000000000000000000"",""gateway_supported"":true},""amount_usdc"":""0.004468"",""provider_id"":""funding_memory"",""explorer_url"":null,""payer_address"":""0x91bf578f5d75c2d8e69dce61129042795e00bffa"",""resource_type"":""qma_signal_report"",""settlement_id"":""41af1043-525f-42f2-9d2e-7148b91cb62b"",""gateway_status"":""received"",""seller_address"":""0xb40971a5d88f31c7b8d88bf93f7d044f1383bf01"",""transaction_hash"":null,""provider_owner_wallet"":""0xb40971a5d88f31c7b8d88bf93f7d044f1383bf01""}",2026-07-07 17:27:28.628314+00,2026-07-07 17:27:28.628314+00
41de8664-6187-46e9-a780-d8aa968a6d18,inv_e6a9c94961ad,41de8664-6187-46e9-a780-d8aa968a6d18,0x7a6f04c9ea0003d8fe010835975c499fdd8ea89c,LAB,full,funding_memory,0.00461,received,,,1783439700.94568,"{""tier"":""full"",""query"":{""FDV"":311319529.44,""price"":6.704,""amount"":4596061.28,""symbol"":""LAB"",""fromATH"":-50,""circRatio"":0.65,""marketCap"":207546352.96,""volume24h"":103773176.48,""fundingRate"":-0.006118,""openInterest"":4596061.28,""longShortRatio"":null,""openInterestChange24h"":null},""symbol"":""LAB"",""paid_at"":1783439700.9456825,""pricing"":{""amount_usdc"":""0.00461""},""event_id"":""inv_e6a9c94961ad:creator"",""split_leg"":{""role"":""creator"",""leg_id"":""creator"",""pay_to"":""0xb40971a5d88f31c7b8d88bf93f7d044f1383bf01"",""amount_raw"":""4610"",""amount_usdc"":""0.00461""},""accounting"":{""currency"":""USDC"",""amount_usdc"":""0.005763"",""creator_wallet"":""0xb40971a5d88f31c7b8d88bf93f7d044f1383bf01"",""settlement_mode"":""x402_direct_split"",""creator_share_bps"":8000,""platform_share_bps"":2000},""amount_raw"":""4610"",""buyer_type"":""agent"",""invoice_id"":""inv_e6a9c94961ad"",""query_hash"":""cd977d561874ace58d3888391f60a164cc1d22259ca43c10ca882d8d3d526c36"",""settlement"":{""mode"":""x402_direct_split"",""rail"":""circle_gateway_x402"",""amount"":""0.005763"",""network"":""Arc Testnet"",""currency"":""USDC"",""decimals"":6,""token_address"":""0x3600000000000000000000000000000000000000"",""gateway_supported"":true},""amount_usdc"":""0.00461"",""provider_id"":""funding_memory"",""explorer_url"":null,""payer_address"":""0x7a6f04c9ea0003d8fe010835975c499fdd8ea89c"",""resource_type"":""qma_signal_report"",""settlement_id"":""41de8664-6187-46e9-a780-d8aa968a6d18"",""gateway_status"":""received"",""seller_address"":""0xb40971a5d88f31c7b8d88bf93f7d044f1383bf01"",""transaction_hash"":null,""provider_owner_wallet"":""0xb40971a5d88f31c7b8d88bf93f7d044f1383bf01""}",2026-07-07 15:55:04.06681+00,2026-07-07 15:55:04.06681+00
42c2840a-a40c-4867-92ce-fd3c958ba9db,inv_b9d389d722bb,42c2840a-a40c-4867-92ce-fd3c958ba9db,0xd0d414146bbdb37f75e088a93fcbf036c9b188e3,TNSR,full,funding_memory,0.005,completed,0x91e7be9ef63088a93c85f9e60275966629fa594b0cf188b1bf81c95183a86499,https://testnet.arcscan.app/tx/0x91e7be9ef63088a93c85f9e60275966629fa594b0cf188b1bf81c95183a86499,1782026915.42606,"{""tier"":""full"",""query"":{""FDV"":7521000,""amount"":null,""symbol"":""TNSR"",""fromATH"":-50,""circRatio"":0.67,""marketCap"":5014000,""volume24h"":202967,""fundingRate"":-0.005},""symbol"":""TNSR"",""paid_at"":1782026915.4260633,""amount_raw"":""5000"",""buyer_type"":""human"",""invoice_id"":""inv_b9d389d722bb"",""query_hash"":""34f835ffd9aeb295b45920595e8402b5bd21000de7e5604cd7c6a8e238b08074"",""amount_usdc"":0.005,""provider_id"":""funding_memory"",""explorer_url"":""https://testnet.arcscan.app/tx/0x91e7be9ef63088a93c85f9e60275966629fa594b0cf188b1bf81c95183a86499"",""payer_address"":""0xd0d414146bbdb37f75e088a93fcbf036c9b188e3"",""resource_type"":""qma_signal_report"",""settlement_id"":""42c2840a-a40c-4867-92ce-fd3c958ba9db"",""gateway_status"":""completed"",""seller_address"":""0x23e7c029a287a83d80b2e084e008211658dda11d"",""transaction_hash"":""0x91e7be9ef63088a93c85f9e60275966629fa594b0cf188b1bf81c95183a86499"",""provider_owner_wallet"":""0x23e7c029a287a83d80b2e084e008211658dda11d""}",2026-06-21 07:28:38.289301+00,2026-06-21 07:28:38.289301+00
43278af5-3539-4ead-a055-ba8fb6e52f59,inv_d5dc222ec062,43278af5-3539-4ead-a055-ba8fb6e52f59,0xb40971a5d88f31c7b8d88bf93f7d044f1383bf01,H_USDC,full,funding_memory,0.005,completed,0xc01724b6b0593db575598abc04c84ae61465edbe7360e59f1347a33d3677956a,https://testnet.arcscan.app/tx/0xc01724b6b0593db575598abc04c84ae61465edbe7360e59f1347a33d3677956a,1782137331.12768,"{""tier"":""full"",""query"":{""FDV"":21354000,""amount"":null,""symbol"":""H_USDC"",""fromATH"":-50,""circRatio"":0.67,""marketCap"":14236000,""volume24h"":36644,""fundingRate"":-0.0114},""symbol"":""H_USDC"",""paid_at"":1782137331.127677,""amount_raw"":""5000"",""buyer_type"":""human"",""invoice_id"":""inv_d5dc222ec062"",""query_hash"":""79e170e8a664fd08eafe084afe59ccf1f6273863587a1372789515ee43e420f8"",""amount_usdc"":0.005,""provider_id"":""funding_memory"",""explorer_url"":""https://testnet.arcscan.app/tx/0xc01724b6b0593db575598abc04c84ae61465edbe7360e59f1347a33d3677956a"",""payer_address"":""0xb40971a5d88f31c7b8d88bf93f7d044f1383bf01"",""resource_type"":""qma_signal_report"",""settlement_id"":""43278af5-3539-4ead-a055-ba8fb6e52f59"",""gateway_status"":""completed"",""seller_address"":""0x23e7c029a287a83d80b2e084e008211658dda11d"",""transaction_hash"":""0xc01724b6b0593db575598abc04c84ae61465edbe7360e59f1347a33d3677956a"",""provider_owner_wallet"":""0x23e7c029a287a83d80b2e084e008211658dda11d""}",2026-06-22 14:08:54.364361+00,2026-06-22 14:08:54.364361+00
448df6fe-8b0d-4cd2-810d-38552d3885c9,inv_9cf3631f3c3b,448df6fe-8b0d-4cd2-810d-38552d3885c9,0x65d923ba4917ef8523687609b3641f3a0cbc3971,SPELL,preview,funding_memory,0.000945,received,,,1783445322.59652,"{""tier"":""preview"",""query"":{""FDV"":15000000,""price"":0.0001068,""amount"":326836.7826,""symbol"":""SPELL"",""fromATH"":-50,""circRatio"":0.65,""marketCap"":10000000,""volume24h"":1128428.40762,""fundingRate"":-0.02,""openInterest"":326836.7826,""longShortRatio"":null,""openInterestChange24h"":null},""symbol"":""SPELL"",""paid_at"":1783445322.5965216,""pricing"":{""amount_usdc"":""0.000945""},""event_id"":""inv_9cf3631f3c3b:creator"",""split_leg"":{""role"":""creator"",""leg_id"":""creator"",""pay_to"":""0xb40971a5d88f31c7b8d88bf93f7d044f1383bf01"",""amount_raw"":""945"",""amount_usdc"":""0.000945""},""accounting"":{""currency"":""USDC"",""amount_usdc"":""0.001181"",""creator_wallet"":""0xb40971a5d88f31c7b8d88bf93f7d044f1383bf01"",""settlement_mode"":""x402_direct_split"",""creator_share_bps"":8000,""platform_share_bps"":2000},""amount_raw"":""945"",""buyer_type"":""agent"",""invoice_id"":""inv_9cf3631f3c3b"",""query_hash"":""179f8536c84b5a22640b251972702dade369e94540a375aa9ee155a4593afeac"",""settlement"":{""mode"":""x402_direct_split"",""rail"":""circle_gateway_x402"",""amount"":""0.001181"",""network"":""Arc Testnet"",""currency"":""USDC"",""decimals"":6,""token_address"":""0x3600000000000000000000000000000000000000"",""gateway_supported"":true},""amount_usdc"":""0.000945"",""provider_id"":""funding_memory"",""explorer_url"":null,""payer_address"":""0x65d923ba4917ef8523687609b3641f3a0cbc3971"",""resource_type"":""qma_signal_report"",""settlement_id"":""448df6fe-8b0d-4cd2-810d-38552d3885c9"",""gateway_status"":""received"",""seller_address"":""0xb40971a5d88f31c7b8d88bf93f7d044f1383bf01"",""transaction_hash"":null,""provider_owner_wallet"":""0xb40971a5d88f31c7b8d88bf93f7d044f1383bf01""}",2026-07-07 17:28:45.70962+00,2026-07-07 17:28:45.70962+00
45b2faff-2b1c-4015-8a89-0b975ce5baaa,inv_956469ae23fe,45b2faff-2b1c-4015-8a89-0b975ce5baaa,0x6a4ac02680fa244e77c4791e12d20c9e40e7fe19,LAB,full,funding_memory,0.001155,received,,,1783438739.01143,"{""tier"":""full"",""query"":{""FDV"":310037646.87,""price"":6.735,""amount"":4461061.95,""symbol"":""LAB"",""fromATH"":-50,""circRatio"":0.65,""marketCap"":206691764.58,""volume24h"":103345882.29,""fundingRate"":-0.006745,""openInterest"":4461061.95,""longShortRatio"":null,""openInterestChange24h"":null},""symbol"":""LAB"",""paid_at"":1783438739.011432,""pricing"":{""amount_usdc"":""0.001155""},""event_id"":""inv_956469ae23fe:platform"",""split_leg"":{""role"":""platform"",""leg_id"":""platform"",""pay_to"":""0x23e7c029a287a83d80b2e084e008211658dda11d"",""amount_raw"":""1155"",""amount_usdc"":""0.001155""},""accounting"":{""currency"":""USDC"",""amount_usdc"":""0.005776"",""creator_wallet"":""0xb40971a5d88f31c7b8d88bf93f7d044f1383bf01"",""settlement_mode"":""x402_direct_split"",""creator_share_bps"":8000,""platform_share_bps"":2000},""amount_raw"":""1155"",""buyer_type"":""agent"",""invoice_id"":""inv_956469ae23fe"",""query_hash"":""1d79bb3c0b06b60ae3561034c5c240e4cf6e1ae2558d10768a96431afbeb1f1f"",""settlement"":{""mode"":""x402_direct_split"",""rail"":""circle_gateway_x402"",""amount"":""0.005776"",""network"":""Arc Testnet"",""currency"":""USDC"",""decimals"":6,""token_address"":""0x3600000000000000000000000000000000000000"",""gateway_supported"":true},""amount_usdc"":""0.001155"",""provider_id"":""funding_memory"",""explorer_url"":null,""payer_address"":""0x6a4ac02680fa244e77c4791e12d20c9e40e7fe19"",""resource_type"":""qma_signal_report"",""settlement_id"":""45b2faff-2b1c-4015-8a89-0b975ce5baaa"",""gateway_status"":""received"",""seller_address"":""0x23e7c029a287a83d80b2e084e008211658dda11d"",""transaction_hash"":null,""provider_owner_wallet"":""0xb40971a5d88f31c7b8d88bf93f7d044f1383bf01""}",2026-07-07 15:39:01.496228+00,2026-07-07 15:39:01.496228+00
46262ada-10c3-4362-8ed3-6e58074c974c,inv_751d7cac7e2f,46262ada-10c3-4362-8ed3-6e58074c974c,0xb40971a5d88f31c7b8d88bf93f7d044f1383bf01,NFP,preview,funding_memory,0.001,completed,0x8792ab300890ed9b65c062968b923b20ebfde0f0b86c764711b8b98342873046,https://testnet.arcscan.app/tx/0x8792ab300890ed9b65c062968b923b20ebfde0f0b86c764711b8b98342873046,1782902012.03439,"{""tier"":""preview"",""query"":{""FDV"":1083900,""amount"":45259.342852,""symbol"":""NFP"",""fromATH"":-50,""circRatio"":0.666666666667,""marketCap"":722600,""volume24h"":9051.8685704,""fundingRate"":-0.02},""symbol"":""NFP"",""paid_at"":1782902012.0343935,""amount_raw"":""1000"",""buyer_type"":""agent"",""invoice_id"":""inv_751d7cac7e2f"",""query_hash"":""5d04778c0eeea2f024490d05cb92fc4a3826148e568e5239e92249b71194f1a3"",""amount_usdc"":0.001,""provider_id"":""funding_memory"",""explorer_url"":""https://testnet.arcscan.app/tx/0x8792ab300890ed9b65c062968b923b20ebfde0f0b86c764711b8b98342873046"",""payer_address"":""0xb40971a5d88f31c7b8d88bf93f7d044f1383bf01"",""resource_type"":""qma_signal_report"",""settlement_id"":""46262ada-10c3-4362-8ed3-6e58074c974c"",""gateway_status"":""completed"",""seller_address"":""0x23e7c029a287a83d80b2e084e008211658dda11d"",""transaction_hash"":""0x8792ab300890ed9b65c062968b923b20ebfde0f0b86c764711b8b98342873046"",""provider_owner_wallet"":""0x23e7c029a287a83d80b2e084e008211658dda11d""}",2026-07-01 10:33:35.348232+00,2026-07-01 10:33:35.348232+00
46e23894-53f8-4f8b-8de5-207f7ef6cba6,inv_9d71619ba05e,46e23894-53f8-4f8b-8de5-207f7ef6cba6,0x087448914bfaa7e8faabbd3290887380ec179f93,AMCSTOCK,full,funding_memory,0.005,completed,0xcaf9fe0a9a563792bc4fc76840af2884357c40f5ef1443c3ea04c9cef98e3d4a,https://testnet.arcscan.app/tx/0xcaf9fe0a9a563792bc4fc76840af2884357c40f5ef1443c3ea04c9cef98e3d4a,1782208256.42264,"{""tier"":""full"",""query"":{""FDV"":395505000,""amount"":3152562.4449,""symbol"":""AMCSTOCK"",""fromATH"":-50,""circRatio"":0.67,""marketCap"":263670000,""volume24h"":630512,""fundingRate"":-0.005},""symbol"":""AMCSTOCK"",""paid_at"":1782208256.4226422,""amount_raw"":""5000"",""buyer_type"":""human"",""invoice_id"":""inv_9d71619ba05e"",""query_hash"":""204a9f6a78aa1803b89a62daeea56daaf181cd86fdda1141c92ac15559682d0a"",""amount_usdc"":0.005,""provider_id"":""funding_memory"",""explorer_url"":""https://testnet.arcscan.app/tx/0xcaf9fe0a9a563792bc4fc76840af2884357c40f5ef1443c3ea04c9cef98e3d4a"",""payer_address"":""0x087448914bfaa7e8faabbd3290887380ec179f93"",""resource_type"":""qma_signal_report"",""settlement_id"":""46e23894-53f8-4f8b-8de5-207f7ef6cba6"",""gateway_status"":""completed"",""seller_address"":""0x23e7c029a287a83d80b2e084e008211658dda11d"",""transaction_hash"":""0xcaf9fe0a9a563792bc4fc76840af2884357c40f5ef1443c3ea04c9cef98e3d4a"",""provider_owner_wallet"":""0x23e7c029a287a83d80b2e084e008211658dda11d""}",2026-06-23 09:51:01.220499+00,2026-06-23 09:51:01.220499+00
47077731-6b1e-4b91-99bf-4a06bc4d64ae,inv_ac719b767067,47077731-6b1e-4b91-99bf-4a06bc4d64ae,0xa99b2a4dd131b0aead78ff1d23add2537354eede,BLUR,preview,funding_memory,0.000946,received,,,1783442029.58892,"{""tier"":""preview"",""query"":{""FDV"":45484915.7427,""price"":0.02204,""amount"":909329.626,""symbol"":""BLUR"",""fromATH"":-50,""circRatio"":0.65,""marketCap"":30323277.1618,""volume24h"":15161638.5809,""fundingRate"":-0.012879,""openInterest"":909329.626,""longShortRatio"":null,""openInterestChange24h"":null},""symbol"":""BLUR"",""paid_at"":1783442029.588917,""pricing"":{""amount_usdc"":""0.000946""},""event_id"":""inv_ac719b767067:creator"",""split_leg"":{""role"":""creator"",""leg_id"":""creator"",""pay_to"":""0xb40971a5d88f31c7b8d88bf93f7d044f1383bf01"",""amount_raw"":""946"",""amount_usdc"":""0.000946""},""accounting"":{""currency"":""USDC"",""amount_usdc"":""0.001183"",""creator_wallet"":""0xb40971a5d88f31c7b8d88bf93f7d044f1383bf01"",""settlement_mode"":""x402_direct_split"",""creator_share_bps"":8000,""platform_share_bps"":2000},""amount_raw"":""946"",""buyer_type"":""agent"",""invoice_id"":""inv_ac719b767067"",""query_hash"":""eebd7249dab05b9b0db226b8fdabb1e2943c901fa5c40550bc663b9923621627"",""settlement"":{""mode"":""x402_direct_split"",""rail"":""circle_gateway_x402"",""amount"":""0.001183"",""network"":""Arc Testnet"",""currency"":""USDC"",""decimals"":6,""token_address"":""0x3600000000000000000000000000000000000000"",""gateway_supported"":true},""amount_usdc"":""0.000946"",""provider_id"":""funding_memory"",""explorer_url"":null,""payer_address"":""0xa99b2a4dd131b0aead78ff1d23add2537354eede"",""resource_type"":""qma_signal_report"",""settlement_id"":""47077731-6b1e-4b91-99bf-4a06bc4d64ae"",""gateway_status"":""received"",""seller_address"":""0xb40971a5d88f31c7b8d88bf93f7d044f1383bf01"",""transaction_hash"":null,""provider_owner_wallet"":""0xb40971a5d88f31c7b8d88bf93f7d044f1383bf01""}",2026-07-07 16:33:53.114007+00,2026-07-07 16:33:53.114007+00
478e177b-375c-4dfe-a683-081030ce24db,inv_f6919d928e59,478e177b-375c-4dfe-a683-081030ce24db,0xce05679737fbb009e0c9998e927364fb24bfc0e4,SPELL,full,funding_memory,0.004633,received,,,1783442633.95309,"{""tier"":""full"",""query"":{""FDV"":15000000,""price"":0.0001135,""amount"":314244.63519999996,""symbol"":""SPELL"",""fromATH"":-50,""circRatio"":0.65,""marketCap"":10000000,""volume24h"":848804.98667,""fundingRate"":-0.01658,""openInterest"":314244.63519999996,""longShortRatio"":null,""openInterestChange24h"":null},""symbol"":""SPELL"",""paid_at"":1783442633.9530926,""pricing"":{""amount_usdc"":""0.004633""},""event_id"":""inv_f6919d928e59:creator"",""split_leg"":{""role"":""creator"",""leg_id"":""creator"",""pay_to"":""0xb40971a5d88f31c7b8d88bf93f7d044f1383bf01"",""amount_raw"":""4633"",""amount_usdc"":""0.004633""},""accounting"":{""currency"":""USDC"",""amount_usdc"":""0.005791"",""creator_wallet"":""0xb40971a5d88f31c7b8d88bf93f7d044f1383bf01"",""settlement_mode"":""x402_direct_split"",""creator_share_bps"":8000,""platform_share_bps"":2000},""amount_raw"":""4633"",""buyer_type"":""agent"",""invoice_id"":""inv_f6919d928e59"",""query_hash"":""d4058a63579bbba0b60e81d24e82ed17c37d6b20c3488640e9f395ac705bb6f4"",""settlement"":{""mode"":""x402_direct_split"",""rail"":""circle_gateway_x402"",""amount"":""0.005791"",""network"":""Arc Testnet"",""currency"":""USDC"",""decimals"":6,""token_address"":""0x3600000000000000000000000000000000000000"",""gateway_supported"":true},""amount_usdc"":""0.004633"",""provider_id"":""funding_memory"",""explorer_url"":null,""payer_address"":""0xce05679737fbb009e0c9998e927364fb24bfc0e4"",""resource_type"":""qma_signal_report"",""settlement_id"":""478e177b-375c-4dfe-a683-081030ce24db"",""gateway_status"":""received"",""seller_address"":""0xb40971a5d88f31c7b8d88bf93f7d044f1383bf01"",""transaction_hash"":null,""provider_owner_wallet"":""0xb40971a5d88f31c7b8d88bf93f7d044f1383bf01""}",2026-07-07 16:43:57.417573+00,2026-07-07 16:43:57.417573+00
4957dcae-312d-48db-bc1b-4508532d3251,inv_233d3ab7beff,4957dcae-312d-48db-bc1b-4508532d3251,0xa0bf98fdf36aca7fb06ecfbaaabbd744fe75269e,EPIC,full,funding_memory,0.001144,received,,,1783443176.67256,"{""tier"":""full"",""query"":{""FDV"":19412829.2352,""price"":0.3374,""amount"":236348.69999999998,""symbol"":""EPIC"",""fromATH"":-50,""circRatio"":0.65,""marketCap"":12941886.1568,""volume24h"":6470943.0784,""fundingRate"":-0.004152,""openInterest"":236348.69999999998,""longShortRatio"":null,""openInterestChange24h"":null},""symbol"":""EPIC"",""paid_at"":1783443176.6725626,""pricing"":{""amount_usdc"":""0.001144""},""event_id"":""inv_233d3ab7beff:platform"",""split_leg"":{""role"":""platform"",""leg_id"":""platform"",""pay_to"":""0x23e7c029a287a83d80b2e084e008211658dda11d"",""amount_raw"":""1144"",""amount_usdc"":""0.001144""},""accounting"":{""currency"":""USDC"",""amount_usdc"":""0.005719"",""creator_wallet"":""0xb40971a5d88f31c7b8d88bf93f7d044f1383bf01"",""settlement_mode"":""x402_direct_split"",""creator_share_bps"":8000,""platform_share_bps"":2000},""amount_raw"":""1144"",""buyer_type"":""agent"",""invoice_id"":""inv_233d3ab7beff"",""query_hash"":""01cd82245417ee6af55f4d9e04c4bef44dd640333382bf19d85fe73db56456b2"",""settlement"":{""mode"":""x402_direct_split"",""rail"":""circle_gateway_x402"",""amount"":""0.005719"",""network"":""Arc Testnet"",""currency"":""USDC"",""decimals"":6,""token_address"":""0x3600000000000000000000000000000000000000"",""gateway_supported"":true},""amount_usdc"":""0.001144"",""provider_id"":""funding_memory"",""explorer_url"":null,""payer_address"":""0xa0bf98fdf36aca7fb06ecfbaaabbd744fe75269e"",""resource_type"":""qma_signal_report"",""settlement_id"":""4957dcae-312d-48db-bc1b-4508532d3251"",""gateway_status"":""received"",""seller_address"":""0x23e7c029a287a83d80b2e084e008211658dda11d"",""transaction_hash"":null,""provider_owner_wallet"":""0xb40971a5d88f31c7b8d88bf93f7d044f1383bf01""}",2026-07-07 16:52:59.135516+00,2026-07-07 16:52:59.135516+00
4ae432e8-5a26-447b-a0ed-b2fff4fc225d,inv_5c0334345b57,4ae432e8-5a26-447b-a0ed-b2fff4fc225d,0xb40971a5d88f31c7b8d88bf93f7d044f1383bf01,GUA,full,funding_memory,0.00795,completed,0xc2a2d14cab725b59b92418294b776057189ab18cb81bd19e6f6cdcbcc43c92dd,https://testnet.arcscan.app/tx/0xc2a2d14cab725b59b92418294b776057189ab18cb81bd19e6f6cdcbcc43c92dd,1782968153.42391,"{""tier"":""full"",""query"":{""FDV"":20370000,""amount"":36101.751000000004,""symbol"":""GUA"",""fromATH"":-50,""circRatio"":0.666666666667,""marketCap"":13580000,""volume24h"":7220.350200000001,""fundingRate"":-0.019038},""symbol"":""GUA"",""paid_at"":1782968153.423915,""amount_raw"":""7950"",""buyer_type"":""agent"",""invoice_id"":""inv_5c0334345b57"",""query_hash"":""7a14dab7575971adc84a9f2fcdcf067a1fcdeb93fcd36e35c699c2bce67becf1"",""amount_usdc"":0.00795,""provider_id"":""funding_memory"",""explorer_url"":""https://testnet.arcscan.app/tx/0xc2a2d14cab725b59b92418294b776057189ab18cb81bd19e6f6cdcbcc43c92dd"",""payer_address"":""0xb40971a5d88f31c7b8d88bf93f7d044f1383bf01"",""resource_type"":""qma_signal_report"",""settlement_id"":""4ae432e8-5a26-447b-a0ed-b2fff4fc225d"",""gateway_status"":""completed"",""seller_address"":""0x23e7c029a287a83d80b2e084e008211658dda11d"",""transaction_hash"":""0xc2a2d14cab725b59b92418294b776057189ab18cb81bd19e6f6cdcbcc43c92dd"",""provider_owner_wallet"":""0x23e7c029a287a83d80b2e084e008211658dda11d""}",2026-07-02 04:55:56.277996+00,2026-07-02 04:55:56.277996+00
4b3882a2-354a-4688-a420-46bc575c91c5,inv_309aff694a80,4b3882a2-354a-4688-a420-46bc575c91c5,0xf5987818ebbee812eb730b6a395d66e664412cf5,TNSR,full,funding_memory,0.005,completed,0xe5c5b779c3f87a12397e71ae5abcb8dfbb01b25698bf910e280e6a9c1dd534f7,https://testnet.arcscan.app/tx/0xe5c5b779c3f87a12397e71ae5abcb8dfbb01b25698bf910e280e6a9c1dd534f7,1782122329.58685,"{""tier"":""full"",""query"":{""FDV"":6307500,""amount"":null,""symbol"":""TNSR"",""fromATH"":-50,""circRatio"":0.67,""marketCap"":4205000,""volume24h"":127462,""fundingRate"":-0.0052},""symbol"":""TNSR"",""paid_at"":1782122329.5868487,""amount_raw"":""5000"",""buyer_type"":""human"",""invoice_id"":""inv_309aff694a80"",""query_hash"":""8f50b9e6c0287fab36270ac7b176eaea98d03339bd9725d3d54fc169b41c1c4d"",""amount_usdc"":0.005,""provider_id"":""funding_memory"",""explorer_url"":""https://testnet.arcscan.app/tx/0xe5c5b779c3f87a12397e71ae5abcb8dfbb01b25698bf910e280e6a9c1dd534f7"",""payer_address"":""0xf5987818ebbee812eb730b6a395d66e664412cf5"",""resource_type"":""qma_signal_report"",""settlement_id"":""4b3882a2-354a-4688-a420-46bc575c91c5"",""gateway_status"":""completed"",""seller_address"":""0x23e7c029a287a83d80b2e084e008211658dda11d"",""transaction_hash"":""0xe5c5b779c3f87a12397e71ae5abcb8dfbb01b25698bf910e280e6a9c1dd534f7"",""provider_owner_wallet"":""0x23e7c029a287a83d80b2e084e008211658dda11d""}",2026-06-22 09:58:54.473296+00,2026-06-22 09:58:54.473296+00
4b669251-e7ba-4626-8eb6-b073d2213cf7,inv_1f4db46f303f,4b669251-e7ba-4626-8eb6-b073d2213cf7,0xf9c43a6cd72f5b9d1443e3faa0fac022de0abb19,SPELL,preview,funding_memory,0.000239,completed,0x80b6fb1e68f19a6e50a420569c2e4b846d7a53b4554e95bcb8378160bd70acfe,https://testnet.arcscan.app/tx/0x80b6fb1e68f19a6e50a420569c2e4b846d7a53b4554e95bcb8378160bd70acfe,1783473848.09506,"{""tier"":""preview"",""query"":{""FDV"":15000000,""price"":0.0001077,""amount"":500357.24802,""symbol"":""SPELL"",""fromATH"":-50,""circRatio"":0.65,""marketCap"":10000000,""volume24h"":2966670.20247,""fundingRate"":-0.016097,""openInterest"":500357.24802,""longShortRatio"":null,""openInterestChange24h"":null},""symbol"":""SPELL"",""paid_at"":1783473848.0950587,""pricing"":{""amount_usdc"":""0.000239""},""event_id"":""inv_1f4db46f303f:platform"",""split_leg"":{""role"":""platform"",""leg_id"":""platform"",""pay_to"":""0x23e7c029a287a83d80b2e084e008211658dda11d"",""amount_raw"":""239"",""amount_usdc"":""0.000239""},""accounting"":{""currency"":""USDC"",""amount_usdc"":""0.001197"",""creator_wallet"":""0xb40971a5d88f31c7b8d88bf93f7d044f1383bf01"",""settlement_mode"":""x402_direct_split"",""creator_share_bps"":8000,""platform_share_bps"":2000},""amount_raw"":""239"",""buyer_type"":""agent"",""invoice_id"":""inv_1f4db46f303f"",""query_hash"":""178994f1d1047f39d72d3666c743549acd7e7ac42bcac1168fc1d41173ce02b7"",""settlement"":{""mode"":""x402_direct_split"",""rail"":""circle_gateway_x402"",""amount"":""0.001197"",""network"":""Arc Testnet"",""currency"":""USDC"",""decimals"":6,""token_address"":""0x3600000000000000000000000000000000000000"",""gateway_supported"":true},""amount_usdc"":""0.000239"",""provider_id"":""funding_memory"",""explorer_url"":""https://testnet.arcscan.app/tx/0x80b6fb1e68f19a6e50a420569c2e4b846d7a53b4554e95bcb8378160bd70acfe"",""payer_address"":""0xf9c43a6cd72f5b9d1443e3faa0fac022de0abb19"",""resource_type"":""qma_signal_report"",""settlement_id"":""4b669251-e7ba-4626-8eb6-b073d2213cf7"",""gateway_status"":""completed"",""seller_address"":""0x23e7c029a287a83d80b2e084e008211658dda11d"",""transaction_hash"":""0x80b6fb1e68f19a6e50a420569c2e4b846d7a53b4554e95bcb8378160bd70acfe"",""provider_owner_wallet"":""0xb40971a5d88f31c7b8d88bf93f7d044f1383bf01""}",2026-07-08 01:24:10.791693+00,2026-07-08 01:24:10.791693+00
4b79c3d8-742f-4158-be97-72ade1514f9c,inv_533054614a7d,4b79c3d8-742f-4158-be97-72ade1514f9c,0x5e4cf60110565e2904a7321571d76282f0b930db,CVC,full,oi_memory,0.005607,completed,0xa1b3d1e16bdb822c53b156cec336634ff28363d80de6430beb369aacdc72048a,https://testnet.arcscan.app/tx/0xa1b3d1e16bdb822c53b156cec336634ff28363d80de6430beb369aacdc72048a,1789621244.15791,"{""tier"":""full"",""query"":{""FDV"":15000000,""price"":0.02626,""amount"":841861.90842,""source"":""MEXC_FUTURES"",""symbol"":""CVC"",""fromATH"":-50,""exchange"":""MEXC"",""circRatio"":0.65,""marketCap"":10000000,""rawSymbol"":""CVC_USDT"",""volume24h"":762266.51034,""contractId"":70,""fundingRate"":-0.004328,""candidate_id"":""QMA:OI_MEMORY:CVC:5"",""contractSize"":1,""openInterest"":841861.90842,""source_fields"":{""detailV2_cs"":1,""ticker_holdVol"":32058717,""ticker_amount24"":762266.51034,""ticker_volume24"":28541344},""longShortRatio"":null,""adapter_version"":""MEXC_FUTURES_V2"",""openInterestBase"":32058717,""openInterestMethod"":""HOLDVOL * DETAILV2.CS * LASTPRICE"",""expected_price_usdc"":0.005607,""openInterestChange24h"":null,""openInterestContracts"":32058717,""openInterestEstimated"":false},""symbol"":""CVC"",""paid_at"":1789621244.1579094,""pricing"":{""amount_usdc"":""0.005607""},""synthetic"":false,""accounting"":{""currency"":""USDC"",""amount_usdc"":""0.005607"",""creator_wallet"":""0x2222222222222222222222222222222222222222"",""settlement_mode"":""seller_wallet"",""creator_share_bps"":8000,""platform_share_bps"":2000},""amount_raw"":""5607"",""buyer_type"":""agent"",""invoice_id"":""inv_533054614a7d"",""query_hash"":""cdf75e5ca7097f83c589420202992cc33e0451450f1e37fcb89c96cb768d4623"",""run_source"":""agent_session_f86fed99-c94c-4b8e-91d5-b3cede8ae3ad"",""settlement"":{""mode"":""seller_wallet"",""rail"":""circle_gateway_x402"",""amount"":""0.005607"",""network"":""Arc Testnet"",""currency"":""USDC"",""decimals"":6,""token_address"":""0x3600000000000000000000000000000000000000"",""gateway_supported"":true},""agent_label"":""qma-hosted-worker"",""amount_usdc"":0.005607,""provider_id"":""oi_memory"",""explorer_url"":""https://testnet.arcscan.app/tx/0xa1b3d1e16bdb822c53b156cec336634ff28363d80de6430beb369aacdc72048a"",""payer_address"":""0x5e4cf60110565e2904a7321571d76282f0b930db"",""resource_type"":""qma_signal_report"",""settlement_id"":""4b79c3d8-742f-4158-be97-72ade1514f9c"",""arc_settlement"":{""error"":""Circle treasury wallet address does not match the x402 seller"",""action"":""creator_payout"",""status"":""retryable"",""verdict"":""VALID"",""version"":1,""recipient"":""0x2222222222222222222222222222222222222222"",""created_at"":1789621318.1528587,""updated_at"":1789957462.9425182,""operation_id"":""arc-verdict:inv_533054614a7d:creator_payout:v1"",""total_amount_raw"":""5607"",""treasury_address"":""0x23e7c029a287a83d80b2e084e008211658dda11d"",""creator_share_bps"":8000,""creator_amount_raw"":""4485"",""platform_amount_raw"":""1122"",""transfer_amount_raw"":""4485"",""source_settlement_id"":""4b79c3d8-742f-4158-be97-72ade1514f9c"",""source_gateway_status"":""received""},""gateway_status"":""completed"",""seller_address"":""0x23e7c029a287a83d80b2e084e008211658dda11d"",""transaction_hash"":""0xa1b3d1e16bdb822c53b156cec336634ff28363d80de6430beb369aacdc72048a"",""buyer_wallet_address"":""0x2c03cd73ad36230a3c5be43d51d72fdca32f53d4"",""provider_owner_wallet"":""0x2222222222222222222222222222222222222222""}",2026-09-17 05:02:05.111839+00,2026-09-17 05:02:05.111839+00
4bdcd096-1724-4076-9415-4b9e7c7166c5,inv_d37ca78c02ac,4bdcd096-1724-4076-9415-4b9e7c7166c5,0x5e4cf60110565e2904a7321571d76282f0b930db,FOXASTOCK,preview,funding_memory,0.001018,completed,0x25fc09d16b547bbc6e4e5e07ff61a0c19aa0af3055ea9a366f782ff5ffac0f03,https://testnet.arcscan.app/tx/0x25fc09d16b547bbc6e4e5e07ff61a0c19aa0af3055ea9a366f782ff5ffac0f03,1789616900.25257,"{""tier"":""preview"",""query"":{""FDV"":15000000,""price"":65.32,""amount"":262780.4004,""source"":""MEXC_FUTURES"",""symbol"":""FOXASTOCK"",""fromATH"":-50,""exchange"":""MEXC"",""circRatio"":0.65,""marketCap"":10000000,""rawSymbol"":""FOXASTOCK_USDT"",""volume24h"":190228.764,""contractId"":1986,""fundingRate"":-0.007339,""candidate_id"":""QMA:FUNDING_MEMORY:FOXASTOCK:9"",""contractSize"":0.01,""openInterest"":262780.4004,""source_fields"":{""detailV2_cs"":0.01,""ticker_holdVol"":402297,""ticker_amount24"":190228.764,""ticker_volume24"":284456},""longShortRatio"":null,""adapter_version"":""MEXC_FUTURES_V2"",""openInterestBase"":4022.97,""openInterestMethod"":""HOLDVOL * DETAILV2.CS * LASTPRICE"",""expected_price_usdc"":0.001018,""openInterestChange24h"":null,""openInterestContracts"":402297,""openInterestEstimated"":false},""symbol"":""FOXASTOCK"",""paid_at"":1789616900.2525685,""pricing"":{""amount_usdc"":""0.001018""},""synthetic"":false,""accounting"":{""currency"":""USDC"",""amount_usdc"":""0.001018"",""creator_wallet"":""0xb40971a5d88f31c7b8d88bf93f7d044f1383bf01"",""settlement_mode"":""seller_wallet"",""creator_share_bps"":8000,""platform_share_bps"":2000},""amount_raw"":""1018"",""buyer_type"":""agent"",""invoice_id"":""inv_d37ca78c02ac"",""query_hash"":""237e5b955bf6e873a08294841da07099bf6b460522c48611f64fcfac6f14ee87"",""run_source"":""agent_session_dc97bb04-3d4b-45e4-a579-e7311bac9eb2"",""settlement"":{""mode"":""seller_wallet"",""rail"":""circle_gateway_x402"",""amount"":""0.001018"",""network"":""Arc Testnet"",""currency"":""USDC"",""decimals"":6,""token_address"":""0x3600000000000000000000000000000000000000"",""gateway_supported"":true},""agent_label"":""qma-hosted-worker"",""amount_usdc"":0.001018,""provider_id"":""funding_memory"",""explorer_url"":""https://testnet.arcscan.app/tx/0x25fc09d16b547bbc6e4e5e07ff61a0c19aa0af3055ea9a366f782ff5ffac0f03"",""payer_address"":""0x5e4cf60110565e2904a7321571d76282f0b930db"",""resource_type"":""qma_signal_report"",""settlement_id"":""4bdcd096-1724-4076-9415-4b9e7c7166c5"",""arc_settlement"":{""error"":""Circle treasury wallet address does not match the x402 seller"",""action"":""creator_payout"",""status"":""retryable"",""verdict"":""VALID"",""version"":1,""recipient"":""0xb40971a5d88f31c7b8d88bf93f7d044f1383bf01"",""created_at"":1789616960.3505661,""updated_at"":1789957465.1306705,""operation_id"":""arc-verdict:inv_d37ca78c02ac:creator_payout:v1"",""total_amount_raw"":""1018"",""treasury_address"":""0x23e7c029a287a83d80b2e084e008211658dda11d"",""creator_share_bps"":8000,""creator_amount_raw"":""814"",""platform_amount_raw"":""204"",""transfer_amount_raw"":""814"",""source_settlement_id"":""4bdcd096-1724-4076-9415-4b9e7c7166c5"",""source_gateway_status"":""received""},""gateway_status"":""completed"",""seller_address"":""0x23e7c029a287a83d80b2e084e008211658dda11d"",""transaction_hash"":""0x25fc09d16b547bbc6e4e5e07ff61a0c19aa0af3055ea9a366f782ff5ffac0f03"",""buyer_wallet_address"":""0x2c03cd73ad36230a3c5be43d51d72fdca32f53d4"",""provider_owner_wallet"":""0xb40971a5d88f31c7b8d88bf93f7d044f1383bf01""}",2026-09-17 03:49:21.854076+00,2026-09-17 03:49:21.854076+00
4c348035-3c84-478e-8056-e79c4a601da3,inv_2da909ae93de,4c348035-3c84-478e-8056-e79c4a601da3,0xf5987818ebbee812eb730b6a395d66e664412cf5,ETH-USDT,preview,funding_memory,0.000814,completed,,,1789012329.71997,"{""tier"":""preview"",""query"":{""FDV"":null,""price"":null,""amount"":null,""symbol"":""ETH-USDT"",""fromATH"":null,""circRatio"":null,""marketCap"":null,""volume24h"":null,""fundingRate"":0,""openInterest"":null,""longShortRatio"":null,""openInterestChange24h"":null},""symbol"":""ETH-USDT"",""paid_at"":1789012329.7199707,""pricing"":{""amount_usdc"":""0.000814""},""event_id"":""inv_2da909ae93de:creator"",""split_leg"":{""role"":""creator"",""leg_id"":""creator"",""pay_to"":""0xb40971a5d88f31c7b8d88bf93f7d044f1383bf01"",""amount_raw"":""814"",""amount_usdc"":""0.000814""},""synthetic"":false,""accounting"":{""currency"":""USDC"",""amount_usdc"":""0.001018"",""creator_wallet"":""0xb40971a5d88f31c7b8d88bf93f7d044f1383bf01"",""settlement_mode"":""x402_direct_split"",""creator_share_bps"":8000,""platform_share_bps"":2000},""amount_raw"":""814"",""buyer_type"":""agent"",""invoice_id"":""inv_2da909ae93de"",""query_hash"":""778d8c304a06b66ffad3920906f18613198402b729d1c5fee8d7d3ad555ac35a"",""run_source"":null,""settlement"":{""mode"":""x402_direct_split"",""rail"":""circle_gateway_x402"",""amount"":""0.001018"",""network"":""Arc Testnet"",""currency"":""USDC"",""decimals"":6,""token_address"":""0x3600000000000000000000000000000000000000"",""gateway_supported"":true},""agent_label"":null,""amount_usdc"":""0.000814"",""provider_id"":""funding_memory"",""explorer_url"":null,""payer_address"":""0xf5987818ebbee812eb730b6a395d66e664412cf5"",""resource_type"":""qma_signal_report"",""settlement_id"":""4c348035-3c84-478e-8056-e79c4a601da3"",""gateway_status"":""completed"",""seller_address"":""0xb40971a5d88f31c7b8d88bf93f7d044f1383bf01"",""transaction_hash"":null,""buyer_wallet_address"":""0xf5987818ebbee812eb730b6a395d66e664412cf5"",""provider_owner_wallet"":""0xb40971a5d88f31c7b8d88bf93f7d044f1383bf01""}",2026-09-10 03:52:13.662081+00,2026-09-10 03:52:13.662081+00
4d2acf09-0f37-4d62-9617-d822fbf86e8a,inv_98d617c5dde7,4d2acf09-0f37-4d62-9617-d822fbf86e8a,0x087448914bfaa7e8faabbd3290887380ec179f93,ARX,full,funding_memory,0.005,completed,0xcaf9fe0a9a563792bc4fc76840af2884357c40f5ef1443c3ea04c9cef98e3d4a,https://testnet.arcscan.app/tx/0xcaf9fe0a9a563792bc4fc76840af2884357c40f5ef1443c3ea04c9cef98e3d4a,1782208065.04119,"{""tier"":""full"",""query"":{""FDV"":56700000,""amount"":1008573.93,""symbol"":""ARX"",""fromATH"":-50,""circRatio"":0.666666666667,""marketCap"":37800000,""volume24h"":201714.78600000002,""fundingRate"":-0.010917},""symbol"":""ARX"",""paid_at"":1782208065.041188,""amount_raw"":""5000"",""buyer_type"":""human"",""invoice_id"":""inv_98d617c5dde7"",""query_hash"":""88268b4b21f41d344b201bbb557055d2f174c9989af824c0b3ab752f1d30c214"",""amount_usdc"":0.005,""provider_id"":""funding_memory"",""explorer_url"":""https://testnet.arcscan.app/tx/0xcaf9fe0a9a563792bc4fc76840af2884357c40f5ef1443c3ea04c9cef98e3d4a"",""payer_address"":""0x087448914bfaa7e8faabbd3290887380ec179f93"",""resource_type"":""qma_signal_report"",""settlement_id"":""4d2acf09-0f37-4d62-9617-d822fbf86e8a"",""gateway_status"":""completed"",""seller_address"":""0x23e7c029a287a83d80b2e084e008211658dda11d"",""transaction_hash"":""0xcaf9fe0a9a563792bc4fc76840af2884357c40f5ef1443c3ea04c9cef98e3d4a"",""provider_owner_wallet"":""0x23e7c029a287a83d80b2e084e008211658dda11d""}",2026-06-23 09:47:47.709014+00,2026-06-23 09:47:47.709014+00
4de42ee5-8b0a-4329-b845-83d9bb9c9941,inv_2a9990f5c628,4de42ee5-8b0a-4329-b845-83d9bb9c9941,0xf5987818ebbee812eb730b6a395d66e664412cf5,H,full,funding_memory,0.005,completed,0xfa1dc02ca56d30645c6851a73d011ab672e5da70fef6a05b0f8d546f6cfc2a39,https://testnet.arcscan.app/tx/0xfa1dc02ca56d30645c6851a73d011ab672e5da70fef6a05b0f8d546f6cfc2a39,1782094533.15559,"{""tier"":""full"",""query"":{""FDV"":27645000,""amount"":5958780.228,""symbol"":""H"",""fromATH"":-50,""circRatio"":0.666666666667,""marketCap"":18430000,""volume24h"":1191756.0456,""fundingRate"":-0.006698},""symbol"":""H"",""paid_at"":1782094533.1555874,""amount_raw"":""5000"",""buyer_type"":""agent"",""invoice_id"":""inv_2a9990f5c628"",""query_hash"":""1bb6b872d5093aefff8ade5cb139a73ad4bdf80bf967541ebd22ae332b465c11"",""amount_usdc"":0.005,""provider_id"":""funding_memory"",""explorer_url"":""https://testnet.arcscan.app/tx/0xfa1dc02ca56d30645c6851a73d011ab672e5da70fef6a05b0f8d546f6cfc2a39"",""payer_address"":""0xf5987818ebbee812eb730b6a395d66e664412cf5"",""resource_type"":""qma_signal_report"",""settlement_id"":""4de42ee5-8b0a-4329-b845-83d9bb9c9941"",""gateway_status"":""completed"",""seller_address"":""0x23e7c029a287a83d80b2e084e008211658dda11d"",""transaction_hash"":""0xfa1dc02ca56d30645c6851a73d011ab672e5da70fef6a05b0f8d546f6cfc2a39"",""provider_owner_wallet"":""0x23e7c029a287a83d80b2e084e008211658dda11d""}",2026-06-22 02:15:35.023367+00,2026-06-22 02:15:35.023367+00
4e585841-801e-4b24-af09-69c07db94aa6,inv_6244a1873220,4e585841-801e-4b24-af09-69c07db94aa6,0xf5987818ebbee812eb730b6a395d66e664412cf5,POWR,full,funding_memory,0.005,completed,0xd9e604677c32fd846880eb1b7c0ded71e08539b8a0d395bcb37af22b0123afbf,https://testnet.arcscan.app/tx/0xd9e604677c32fd846880eb1b7c0ded71e08539b8a0d395bcb37af22b0123afbf,1782781971.8608,"{""tier"":""full"",""query"":{""FDV"":7573500,""amount"":39204.82863,""symbol"":""POWR"",""fromATH"":-50,""circRatio"":0.666666666667,""marketCap"":5049000,""volume24h"":7840.965726000001,""fundingRate"":-0.00969},""symbol"":""POWR"",""paid_at"":1782781971.8607967,""amount_raw"":""5000"",""buyer_type"":""agent"",""invoice_id"":""inv_6244a1873220"",""query_hash"":""c4f4e82cbd2664f8dbcd85c2f46c9f0d09b7df5dc037dd8739c59937beb25175"",""amount_usdc"":0.005,""provider_id"":""funding_memory"",""explorer_url"":""https://testnet.arcscan.app/tx/0xd9e604677c32fd846880eb1b7c0ded71e08539b8a0d395bcb37af22b0123afbf"",""payer_address"":""0xf5987818ebbee812eb730b6a395d66e664412cf5"",""resource_type"":""qma_signal_report"",""settlement_id"":""4e585841-801e-4b24-af09-69c07db94aa6"",""gateway_status"":""completed"",""seller_address"":""0x23e7c029a287a83d80b2e084e008211658dda11d"",""transaction_hash"":""0xd9e604677c32fd846880eb1b7c0ded71e08539b8a0d395bcb37af22b0123afbf"",""provider_owner_wallet"":""0x23e7c029a287a83d80b2e084e008211658dda11d""}",2026-06-30 01:12:54.725195+00,2026-06-30 01:12:54.725195+00
4f7b8965-03c1-4d77-84c7-da817f23d202,inv_e6a9c94961ad,4f7b8965-03c1-4d77-84c7-da817f23d202,0x7a6f04c9ea0003d8fe010835975c499fdd8ea89c,LAB,full,funding_memory,0.001153,received,,,1783439701.59758,"{""tier"":""full"",""query"":{""FDV"":311319529.44,""price"":6.704,""amount"":4596061.28,""symbol"":""LAB"",""fromATH"":-50,""circRatio"":0.65,""marketCap"":207546352.96,""volume24h"":103773176.48,""fundingRate"":-0.006118,""openInterest"":4596061.28,""longShortRatio"":null,""openInterestChange24h"":null},""symbol"":""LAB"",""paid_at"":1783439701.597583,""pricing"":{""amount_usdc"":""0.001153""},""event_id"":""inv_e6a9c94961ad:platform"",""split_leg"":{""role"":""platform"",""leg_id"":""platform"",""pay_to"":""0x23e7c029a287a83d80b2e084e008211658dda11d"",""amount_raw"":""1153"",""amount_usdc"":""0.001153""},""accounting"":{""currency"":""USDC"",""amount_usdc"":""0.005763"",""creator_wallet"":""0xb40971a5d88f31c7b8d88bf93f7d044f1383bf01"",""settlement_mode"":""x402_direct_split"",""creator_share_bps"":8000,""platform_share_bps"":2000},""amount_raw"":""1153"",""buyer_type"":""agent"",""invoice_id"":""inv_e6a9c94961ad"",""query_hash"":""cd977d561874ace58d3888391f60a164cc1d22259ca43c10ca882d8d3d526c36"",""settlement"":{""mode"":""x402_direct_split"",""rail"":""circle_gateway_x402"",""amount"":""0.005763"",""network"":""Arc Testnet"",""currency"":""USDC"",""decimals"":6,""token_address"":""0x3600000000000000000000000000000000000000"",""gateway_supported"":true},""amount_usdc"":""0.001153"",""provider_id"":""funding_memory"",""explorer_url"":null,""payer_address"":""0x7a6f04c9ea0003d8fe010835975c499fdd8ea89c"",""resource_type"":""qma_signal_report"",""settlement_id"":""4f7b8965-03c1-4d77-84c7-da817f23d202"",""gateway_status"":""received"",""seller_address"":""0x23e7c029a287a83d80b2e084e008211658dda11d"",""transaction_hash"":null,""provider_owner_wallet"":""0xb40971a5d88f31c7b8d88bf93f7d044f1383bf01""}",2026-07-07 15:55:04.06681+00,2026-07-07 15:55:04.06681+00
503973ea-fba0-4513-84b4-e40ce28d8c05,inv_2f1933175f15,503973ea-fba0-4513-84b4-e40ce28d8c05,0xd33682f74bb537f019ad4515cc5e93ae608b53f5,MBOX,legacy,funding_memory,0.05,completed,0xb9f3870510d7144506ac7c567b5e92fe6bab0a05dc14cb8d91d83a93bddbe1d8,https://testnet.arcscan.app/tx/0xb9f3870510d7144506ac7c567b5e92fe6bab0a05dc14cb8d91d83a93bddbe1d8,1781756282.54751,"{""tier"":""legacy"",""symbol"":""MBOX"",""paid_at"":1781756282.5475118,""amount_raw"":""50000"",""invoice_id"":""inv_2f1933175f15"",""amount_usdc"":0.05,""explorer_url"":""https://testnet.arcscan.app/tx/0xb9f3870510d7144506ac7c567b5e92fe6bab0a05dc14cb8d91d83a93bddbe1d8"",""payer_address"":""0xd33682f74bb537f019ad4515cc5e93ae608b53f5"",""settlement_id"":""503973ea-fba0-4513-84b4-e40ce28d8c05"",""gateway_status"":""completed"",""seller_address"":""0x23e7c029a287a83d80b2e084e008211658dda11d"",""transaction_hash"":""0xb9f3870510d7144506ac7c567b5e92fe6bab0a05dc14cb8d91d83a93bddbe1d8""}",2026-06-19 09:35:04.052192+00,2026-06-19 16:49:23.325599+00
5060fb95-6065-4596-85cd-b4782797ec5f,inv_9cf3631f3c3b,5060fb95-6065-4596-85cd-b4782797ec5f,0x65d923ba4917ef8523687609b3641f3a0cbc3971,SPELL,preview,funding_memory,0.000236,received,,,1783445323.22786,"{""tier"":""preview"",""query"":{""FDV"":15000000,""price"":0.0001068,""amount"":326836.7826,""symbol"":""SPELL"",""fromATH"":-50,""circRatio"":0.65,""marketCap"":10000000,""volume24h"":1128428.40762,""fundingRate"":-0.02,""openInterest"":326836.7826,""longShortRatio"":null,""openInterestChange24h"":null},""symbol"":""SPELL"",""paid_at"":1783445323.2278624,""pricing"":{""amount_usdc"":""0.000236""},""event_id"":""inv_9cf3631f3c3b:platform"",""split_leg"":{""role"":""platform"",""leg_id"":""platform"",""pay_to"":""0x23e7c029a287a83d80b2e084e008211658dda11d"",""amount_raw"":""236"",""amount_usdc"":""0.000236""},""accounting"":{""currency"":""USDC"",""amount_usdc"":""0.001181"",""creator_wallet"":""0xb40971a5d88f31c7b8d88bf93f7d044f1383bf01"",""settlement_mode"":""x402_direct_split"",""creator_share_bps"":8000,""platform_share_bps"":2000},""amount_raw"":""236"",""buyer_type"":""agent"",""invoice_id"":""inv_9cf3631f3c3b"",""query_hash"":""179f8536c84b5a22640b251972702dade369e94540a375aa9ee155a4593afeac"",""settlement"":{""mode"":""x402_direct_split"",""rail"":""circle_gateway_x402"",""amount"":""0.001181"",""network"":""Arc Testnet"",""currency"":""USDC"",""decimals"":6,""token_address"":""0x3600000000000000000000000000000000000000"",""gateway_supported"":true},""amount_usdc"":""0.000236"",""provider_id"":""funding_memory"",""explorer_url"":null,""payer_address"":""0x65d923ba4917ef8523687609b3641f3a0cbc3971"",""resource_type"":""qma_signal_report"",""settlement_id"":""5060fb95-6065-4596-85cd-b4782797ec5f"",""gateway_status"":""received"",""seller_address"":""0x23e7c029a287a83d80b2e084e008211658dda11d"",""transaction_hash"":null,""provider_owner_wallet"":""0xb40971a5d88f31c7b8d88bf93f7d044f1383bf01""}",2026-07-07 17:28:45.70962+00,2026-07-07 17:28:45.70962+00
50aba0f4-2012-43dd-9acc-2322a48d6785,inv_a4e6845b2613,50aba0f4-2012-43dd-9acc-2322a48d6785,0x5e4cf60110565e2904a7321571d76282f0b930db,INFQSTOCK,preview,funding_memory,0.001018,received,,,1789880757.59705,"{""tier"":""preview"",""query"":{""FDV"":80409901.34100002,""price"":13.018,""amount"":10721320.178800002,""source"":""MEXC_FUTURES"",""symbol"":""INFQSTOCK"",""fromATH"":-50,""exchange"":""MEXC"",""circRatio"":0.65,""marketCap"":53606600.89400001,""rawSymbol"":""INFQSTOCK_USDT"",""volume24h"":81541.1029,""contractId"":1936,""fundingRate"":-0.005109,""candidate_id"":""QMA:FUNDING_MEMORY:INFQSTOCK:10"",""contractSize"":0.1,""openInterest"":10721320.178800002,""source_fields"":{""detailV2_cs"":0.1,""ticker_holdVol"":8235766,""ticker_amount24"":81541.1029,""ticker_volume24"":62172},""longShortRatio"":null,""adapter_version"":""MEXC_FUTURES_V2"",""openInterestBase"":823576.6000000001,""openInterestMethod"":""HOLDVOL * DETAILV2.CS * LASTPRICE"",""expected_price_usdc"":0.001018,""openInterestChange24h"":null,""openInterestContracts"":8235766,""openInterestEstimated"":false},""symbol"":""INFQSTOCK"",""paid_at"":1789880757.5970483,""pricing"":{""amount_usdc"":""0.001018""},""synthetic"":false,""accounting"":{""currency"":""USDC"",""amount_usdc"":""0.001018"",""creator_wallet"":""0xb40971a5d88f31c7b8d88bf93f7d044f1383bf01"",""settlement_mode"":""seller_wallet"",""creator_share_bps"":8000,""platform_share_bps"":2000},""amount_raw"":""1018"",""buyer_type"":""agent"",""invoice_id"":""inv_a4e6845b2613"",""query_hash"":""61aeecb5fd03339b3bc37799c527c92caaaa8555ac31edf6bbdb71df049efdf7"",""run_source"":""agent_session_9b8bb0ee-98f7-43f9-a7a5-0650ead6fe53"",""settlement"":{""mode"":""seller_wallet"",""rail"":""circle_gateway_x402"",""amount"":""0.001018"",""network"":""Arc Testnet"",""currency"":""USDC"",""decimals"":6,""token_address"":""0x3600000000000000000000000000000000000000"",""gateway_supported"":true},""agent_label"":""qma-hosted-worker"",""amount_usdc"":0.001018,""provider_id"":""funding_memory"",""explorer_url"":null,""payer_address"":""0x5e4cf60110565e2904a7321571d76282f0b930db"",""resource_type"":""qma_signal_report"",""settlement_id"":""50aba0f4-2012-43dd-9acc-2322a48d6785"",""arc_settlement"":{""error"":""Circle treasury wallet address does not match the x402 seller"",""action"":""creator_payout"",""status"":""retryable"",""verdict"":""VALID"",""version"":1,""recipient"":""0xb40971a5d88f31c7b8d88bf93f7d044f1383bf01"",""created_at"":1789880798.7500658,""updated_at"":1789957500.1944292,""operation_id"":""arc-verdict:inv_a4e6845b2613:creator_payout:v1"",""total_amount_raw"":""1018"",""treasury_address"":""0x23e7c029a287a83d80b2e084e008211658dda11d"",""creator_share_bps"":8000,""creator_amount_raw"":""814"",""platform_amount_raw"":""204"",""transfer_amount_raw"":""814"",""source_settlement_id"":""50aba0f4-2012-43dd-9acc-2322a48d6785"",""source_gateway_status"":""received""},""gateway_status"":""received"",""seller_address"":""0x23e7c029a287a83d80b2e084e008211658dda11d"",""transaction_hash"":null,""buyer_wallet_address"":""0x2c03cd73ad36230a3c5be43d51d72fdca32f53d4"",""provider_owner_wallet"":""0xb40971a5d88f31c7b8d88bf93f7d044f1383bf01""}",2026-09-20 05:06:38.677627+00,2026-09-20 05:06:38.677627+00
5113129c-1dc4-4588-aa88-358b8cb37ab8,inv_956469ae23fe,5113129c-1dc4-4588-aa88-358b8cb37ab8,0x6a4ac02680fa244e77c4791e12d20c9e40e7fe19,LAB,full,funding_memory,0.004621,received,,,1783438738.32091,"{""tier"":""full"",""query"":{""FDV"":310037646.87,""price"":6.735,""amount"":4461061.95,""symbol"":""LAB"",""fromATH"":-50,""circRatio"":0.65,""marketCap"":206691764.58,""volume24h"":103345882.29,""fundingRate"":-0.006745,""openInterest"":4461061.95,""longShortRatio"":null,""openInterestChange24h"":null},""symbol"":""LAB"",""paid_at"":1783438738.3209112,""pricing"":{""amount_usdc"":""0.004621""},""event_id"":""inv_956469ae23fe:creator"",""split_leg"":{""role"":""creator"",""leg_id"":""creator"",""pay_to"":""0xb40971a5d88f31c7b8d88bf93f7d044f1383bf01"",""amount_raw"":""4621"",""amount_usdc"":""0.004621""},""accounting"":{""currency"":""USDC"",""amount_usdc"":""0.005776"",""creator_wallet"":""0xb40971a5d88f31c7b8d88bf93f7d044f1383bf01"",""settlement_mode"":""x402_direct_split"",""creator_share_bps"":8000,""platform_share_bps"":2000},""amount_raw"":""4621"",""buyer_type"":""agent"",""invoice_id"":""inv_956469ae23fe"",""query_hash"":""1d79bb3c0b06b60ae3561034c5c240e4cf6e1ae2558d10768a96431afbeb1f1f"",""settlement"":{""mode"":""x402_direct_split"",""rail"":""circle_gateway_x402"",""amount"":""0.005776"",""network"":""Arc Testnet"",""currency"":""USDC"",""decimals"":6,""token_address"":""0x3600000000000000000000000000000000000000"",""gateway_supported"":true},""amount_usdc"":""0.004621"",""provider_id"":""funding_memory"",""explorer_url"":null,""payer_address"":""0x6a4ac02680fa244e77c4791e12d20c9e40e7fe19"",""resource_type"":""qma_signal_report"",""settlement_id"":""5113129c-1dc4-4588-aa88-358b8cb37ab8"",""gateway_status"":""received"",""seller_address"":""0xb40971a5d88f31c7b8d88bf93f7d044f1383bf01"",""transaction_hash"":null,""provider_owner_wallet"":""0xb40971a5d88f31c7b8d88bf93f7d044f1383bf01""}",2026-07-07 15:39:01.496228+00,2026-07-07 15:39:01.496228+00
51e2c72a-e179-42b6-a4ce-d8fab4ce4bfc,inv_e328573570ce,51e2c72a-e179-42b6-a4ce-d8fab4ce4bfc,0x65ffba942811cdb741583c9edcc178bb0f2a5a8d,BLUR,full,funding_memory,0.004581,completed,0x80b6fb1e68f19a6e50a420569c2e4b846d7a53b4554e95bcb8378160bd70acfe,https://testnet.arcscan.app/tx/0x80b6fb1e68f19a6e50a420569c2e4b846d7a53b4554e95bcb8378160bd70acfe,1783473536.78149,"{""tier"":""full"",""query"":{""FDV"":33849376.551300004,""price"":0.01961,""amount"":505597.96259999997,""symbol"":""BLUR"",""fromATH"":-50,""circRatio"":0.65,""marketCap"":22566251.0342,""volume24h"":11283125.5171,""fundingRate"":-0.004486,""openInterest"":505597.96259999997,""longShortRatio"":null,""openInterestChange24h"":null},""symbol"":""BLUR"",""paid_at"":1783473536.781493,""pricing"":{""amount_usdc"":""0.004581""},""event_id"":""inv_e328573570ce:creator"",""split_leg"":{""role"":""creator"",""leg_id"":""creator"",""pay_to"":""0xb40971a5d88f31c7b8d88bf93f7d044f1383bf01"",""amount_raw"":""4581"",""amount_usdc"":""0.004581""},""accounting"":{""currency"":""USDC"",""amount_usdc"":""0.005726"",""creator_wallet"":""0xb40971a5d88f31c7b8d88bf93f7d044f1383bf01"",""settlement_mode"":""x402_direct_split"",""creator_share_bps"":8000,""platform_share_bps"":2000},""amount_raw"":""4581"",""buyer_type"":""agent"",""invoice_id"":""inv_e328573570ce"",""query_hash"":""5d8b8065a736da92250d6d74def1472ad5dd94760c6fbc0d0d48a09cdc388bfc"",""settlement"":{""mode"":""x402_direct_split"",""rail"":""circle_gateway_x402"",""amount"":""0.005726"",""network"":""Arc Testnet"",""currency"":""USDC"",""decimals"":6,""token_address"":""0x3600000000000000000000000000000000000000"",""gateway_supported"":true},""amount_usdc"":""0.004581"",""provider_id"":""funding_memory"",""explorer_url"":""https://testnet.arcscan.app/tx/0x80b6fb1e68f19a6e50a420569c2e4b846d7a53b4554e95bcb8378160bd70acfe"",""payer_address"":""0x65ffba942811cdb741583c9edcc178bb0f2a5a8d"",""resource_type"":""qma_signal_report"",""settlement_id"":""51e2c72a-e179-42b6-a4ce-d8fab4ce4bfc"",""gateway_status"":""completed"",""seller_address"":""0xb40971a5d88f31c7b8d88bf93f7d044f1383bf01"",""transaction_hash"":""0x80b6fb1e68f19a6e50a420569c2e4b846d7a53b4554e95bcb8378160bd70acfe"",""provider_owner_wallet"":""0xb40971a5d88f31c7b8d88bf93f7d044f1383bf01""}",2026-07-08 01:19:00.044666+00,2026-07-08 01:19:00.044666+00
5244a5ac-5f28-40c7-bece-8fe659d12837,inv_dcca9c69447d,5244a5ac-5f28-40c7-bece-8fe659d12837,0xb40971a5d88f31c7b8d88bf93f7d044f1383bf01,TAIKO,full,oi_memory,0.00708,completed,0xf4683abb120c9f3c32b9fbc70c748b3bd8f527e874aad2fcbec7fd9467fdc811,https://testnet.arcscan.app/tx/0xf4683abb120c9f3c32b9fbc70c748b3bd8f527e874aad2fcbec7fd9467fdc811,1782919460.02251,"{""tier"":""full"",""query"":{""FDV"":19710000,""amount"":null,""symbol"":""TAIKO"",""fromATH"":-50,""circRatio"":0.67,""marketCap"":13140000,""volume24h"":220678,""fundingRate"":-0.0085},""symbol"":""TAIKO"",""paid_at"":1782919460.0225124,""amount_raw"":""7080"",""buyer_type"":""human"",""invoice_id"":""inv_dcca9c69447d"",""query_hash"":""7e335dabefbdee188d1b4de9d78c8fe3babaf5460faf82c5d2372af7093a424f"",""amount_usdc"":0.00708,""provider_id"":""oi_memory"",""explorer_url"":""https://testnet.arcscan.app/tx/0xf4683abb120c9f3c32b9fbc70c748b3bd8f527e874aad2fcbec7fd9467fdc811"",""payer_address"":""0xb40971a5d88f31c7b8d88bf93f7d044f1383bf01"",""resource_type"":""qma_signal_report"",""settlement_id"":""5244a5ac-5f28-40c7-bece-8fe659d12837"",""gateway_status"":""completed"",""seller_address"":""0x23e7c029a287a83d80b2e084e008211658dda11d"",""transaction_hash"":""0xf4683abb120c9f3c32b9fbc70c748b3bd8f527e874aad2fcbec7fd9467fdc811"",""provider_owner_wallet"":""0x23e7c029a287a83d80b2e084e008211658dda11d""}",2026-07-01 15:24:23.072952+00,2026-07-01 15:24:23.072952+00
52ddd623-ab4f-42d8-a27d-73aeddc6e8b3,inv_2d946e5565a6,52ddd623-ab4f-42d8-a27d-73aeddc6e8b3,0xf5987818ebbee812eb730b6a395d66e664412cf5,ACE,preview,funding_memory,0.001,completed,0x4b4c6a6cc12e5be2dce8a8e9cf6d9c94458eed319c3839d5489852a0487bcace,https://testnet.arcscan.app/tx/0x4b4c6a6cc12e5be2dce8a8e9cf6d9c94458eed319c3839d5489852a0487bcace,1782018683.38471,"{""tier"":""preview"",""query"":{""FDV"":15103361.4201,""amount"":5412334.4478,""symbol"":""ACE"",""fromATH"":-99.42486802876,""circRatio"":0.69536295621,""marketCap"":10502318.04579,""volume24h"":2748253.30309665,""fundingRate"":-0.005139},""symbol"":""ACE"",""paid_at"":1782018683.3847115,""amount_raw"":""1000"",""buyer_type"":""agent"",""invoice_id"":""inv_2d946e5565a6"",""query_hash"":""c2ab15dc01f7111db8a436cac42a9d371f46c3b03f234a015e57074fe95ddf8f"",""amount_usdc"":0.001,""provider_id"":""funding_memory"",""explorer_url"":""https://testnet.arcscan.app/tx/0x4b4c6a6cc12e5be2dce8a8e9cf6d9c94458eed319c3839d5489852a0487bcace"",""payer_address"":""0xf5987818ebbee812eb730b6a395d66e664412cf5"",""resource_type"":""qma_signal_report"",""settlement_id"":""52ddd623-ab4f-42d8-a27d-73aeddc6e8b3"",""gateway_status"":""completed"",""seller_address"":""0x23e7c029a287a83d80b2e084e008211658dda11d"",""transaction_hash"":""0x4b4c6a6cc12e5be2dce8a8e9cf6d9c94458eed319c3839d5489852a0487bcace"",""provider_owner_wallet"":""0x23e7c029a287a83d80b2e084e008211658dda11d""}",2026-06-21 05:11:26.28057+00,2026-06-21 05:11:26.28057+00
53d77155-7023-4a72-833f-d9554aa606e4,inv_a24faae5fcba,53d77155-7023-4a72-833f-d9554aa606e4,0xf5987818ebbee812eb730b6a395d66e664412cf5,ETH-USDT,preview,funding_memory,0.000814,completed,,,1789012461.77979,"{""tier"":""preview"",""query"":{""FDV"":null,""price"":null,""amount"":null,""symbol"":""ETH-USDT"",""fromATH"":null,""circRatio"":null,""marketCap"":null,""volume24h"":null,""fundingRate"":0,""openInterest"":null,""longShortRatio"":null,""openInterestChange24h"":null},""symbol"":""ETH-USDT"",""paid_at"":1789012461.779791,""pricing"":{""amount_usdc"":""0.000814""},""event_id"":""inv_a24faae5fcba:creator"",""split_leg"":{""role"":""creator"",""leg_id"":""creator"",""pay_to"":""0xb40971a5d88f31c7b8d88bf93f7d044f1383bf01"",""amount_raw"":""814"",""amount_usdc"":""0.000814""},""synthetic"":false,""accounting"":{""currency"":""USDC"",""amount_usdc"":""0.001018"",""creator_wallet"":""0xb40971a5d88f31c7b8d88bf93f7d044f1383bf01"",""settlement_mode"":""x402_direct_split"",""creator_share_bps"":8000,""platform_share_bps"":2000},""amount_raw"":""814"",""buyer_type"":""agent"",""invoice_id"":""inv_a24faae5fcba"",""query_hash"":""778d8c304a06b66ffad3920906f18613198402b729d1c5fee8d7d3ad555ac35a"",""run_source"":null,""settlement"":{""mode"":""x402_direct_split"",""rail"":""circle_gateway_x402"",""amount"":""0.001018"",""network"":""Arc Testnet"",""currency"":""USDC"",""decimals"":6,""token_address"":""0x3600000000000000000000000000000000000000"",""gateway_supported"":true},""agent_label"":null,""amount_usdc"":""0.000814"",""provider_id"":""funding_memory"",""explorer_url"":null,""payer_address"":""0xf5987818ebbee812eb730b6a395d66e664412cf5"",""resource_type"":""qma_signal_report"",""settlement_id"":""53d77155-7023-4a72-833f-d9554aa606e4"",""gateway_status"":""completed"",""seller_address"":""0xb40971a5d88f31c7b8d88bf93f7d044f1383bf01"",""transaction_hash"":null,""buyer_wallet_address"":""0xf5987818ebbee812eb730b6a395d66e664412cf5"",""provider_owner_wallet"":""0xb40971a5d88f31c7b8d88bf93f7d044f1383bf01""}",2026-09-10 03:54:25.666588+00,2026-09-10 03:54:25.666588+00
5450523c-ac0b-498c-ab9f-f9a46b6f6c4f,inv_cfc9bed0be62,5450523c-ac0b-498c-ab9f-f9a46b6f6c4f,0xf5fd2d051a2e966b2510f755272312ab92dd8ee4,LAB,preview,funding_memory,0.000954,received,,,1783444536.67634,"{""tier"":""preview"",""query"":{""FDV"":297055861.77,""price"":5.412,""amount"":4280188.4399999995,""symbol"":""LAB"",""fromATH"":-50,""circRatio"":0.65,""marketCap"":198037241.18,""volume24h"":99018620.59,""fundingRate"":-0.015015,""openInterest"":4280188.4399999995,""longShortRatio"":null,""openInterestChange24h"":null},""symbol"":""LAB"",""paid_at"":1783444536.6763422,""pricing"":{""amount_usdc"":""0.000954""},""event_id"":""inv_cfc9bed0be62:creator"",""split_leg"":{""role"":""creator"",""leg_id"":""creator"",""pay_to"":""0xb40971a5d88f31c7b8d88bf93f7d044f1383bf01"",""amount_raw"":""954"",""amount_usdc"":""0.000954""},""accounting"":{""currency"":""USDC"",""amount_usdc"":""0.001192"",""creator_wallet"":""0xb40971a5d88f31c7b8d88bf93f7d044f1383bf01"",""settlement_mode"":""x402_direct_split"",""creator_share_bps"":8000,""platform_share_bps"":2000},""amount_raw"":""954"",""buyer_type"":""agent"",""invoice_id"":""inv_cfc9bed0be62"",""query_hash"":""e9be77f86149d5851c25ae5e965b062b82559890f147d35d7ba12472fed35875"",""settlement"":{""mode"":""x402_direct_split"",""rail"":""circle_gateway_x402"",""amount"":""0.001192"",""network"":""Arc Testnet"",""currency"":""USDC"",""decimals"":6,""token_address"":""0x3600000000000000000000000000000000000000"",""gateway_supported"":true},""amount_usdc"":""0.000954"",""provider_id"":""funding_memory"",""explorer_url"":null,""payer_address"":""0xf5fd2d051a2e966b2510f755272312ab92dd8ee4"",""resource_type"":""qma_signal_report"",""settlement_id"":""5450523c-ac0b-498c-ab9f-f9a46b6f6c4f"",""gateway_status"":""received"",""seller_address"":""0xb40971a5d88f31c7b8d88bf93f7d044f1383bf01"",""transaction_hash"":null,""provider_owner_wallet"":""0xb40971a5d88f31c7b8d88bf93f7d044f1383bf01""}",2026-07-07 17:15:39.782268+00,2026-07-07 17:15:39.782268+00
54eed232-72d9-4f52-a95b-d1e12f4aae77,inv_f0faf10b1f3a,54eed232-72d9-4f52-a95b-d1e12f4aae77,0x65ffba942811cdb741583c9edcc178bb0f2a5a8d,LAB,full,funding_memory,0.004626,received,,,1783440222.18284,"{""tier"":""full"",""query"":{""FDV"":306227069.64,""price"":6.455,""amount"":4268820.6,""symbol"":""LAB"",""fromATH"":-50,""circRatio"":0.65,""marketCap"":204151379.76,""volume24h"":102075689.88,""fundingRate"":-0.006978,""openInterest"":4268820.6,""longShortRatio"":null,""openInterestChange24h"":null},""symbol"":""LAB"",""paid_at"":1783440222.1828415,""pricing"":{""amount_usdc"":""0.004626""},""event_id"":""inv_f0faf10b1f3a:creator"",""split_leg"":{""role"":""creator"",""leg_id"":""creator"",""pay_to"":""0xb40971a5d88f31c7b8d88bf93f7d044f1383bf01"",""amount_raw"":""4626"",""amount_usdc"":""0.004626""},""accounting"":{""currency"":""USDC"",""amount_usdc"":""0.005783"",""creator_wallet"":""0xb40971a5d88f31c7b8d88bf93f7d044f1383bf01"",""settlement_mode"":""x402_direct_split"",""creator_share_bps"":8000,""platform_share_bps"":2000},""amount_raw"":""4626"",""buyer_type"":""agent"",""invoice_id"":""inv_f0faf10b1f3a"",""query_hash"":""d0dfcf1fb6777eeb1dd7db8efa8d5b7731ae981f52ec20eb879d68f8718dc951"",""settlement"":{""mode"":""x402_direct_split"",""rail"":""circle_gateway_x402"",""amount"":""0.005783"",""network"":""Arc Testnet"",""currency"":""USDC"",""decimals"":6,""token_address"":""0x3600000000000000000000000000000000000000"",""gateway_supported"":true},""amount_usdc"":""0.004626"",""provider_id"":""funding_memory"",""explorer_url"":null,""payer_address"":""0x65ffba942811cdb741583c9edcc178bb0f2a5a8d"",""resource_type"":""qma_signal_report"",""settlement_id"":""54eed232-72d9-4f52-a95b-d1e12f4aae77"",""gateway_status"":""received"",""seller_address"":""0xb40971a5d88f31c7b8d88bf93f7d044f1383bf01"",""transaction_hash"":null,""provider_owner_wallet"":""0xb40971a5d88f31c7b8d88bf93f7d044f1383bf01""}",2026-07-07 16:03:45.874814+00,2026-07-07 16:03:45.874814+00
558ae696-5fdf-46fb-b657-32e269519c70,inv_49d6607ef9c5,558ae696-5fdf-46fb-b657-32e269519c70,0xf5987818ebbee812eb730b6a395d66e664412cf5,NEX,preview,funding_memory,0.001124,completed,0x6e09f9ba1e1a3029acf2a1abb0ba36b90012b80bbcd8a6a693b05f919a013bca,https://testnet.arcscan.app/tx/0x6e09f9ba1e1a3029acf2a1abb0ba36b90012b80bbcd8a6a693b05f919a013bca,1783172758.3297,"{""tier"":""preview"",""query"":{""FDV"":421.65,""amount"":2.016220671,""symbol"":""NEX"",""fromATH"":-50,""circRatio"":0.666666666667,""marketCap"":281.1,""volume24h"":0.4032441342,""fundingRate"":-0.013718},""symbol"":""NEX"",""paid_at"":1783172758.329704,""amount_raw"":""1124"",""buyer_type"":""agent"",""invoice_id"":""inv_49d6607ef9c5"",""query_hash"":""27f2ddaad74f87d764a84786f3a87bd4fb9b70e5a81f439fd5e1e276b1f162ac"",""amount_usdc"":0.001124,""provider_id"":""funding_memory"",""explorer_url"":""https://testnet.arcscan.app/tx/0x6e09f9ba1e1a3029acf2a1abb0ba36b90012b80bbcd8a6a693b05f919a013bca"",""payer_address"":""0xf5987818ebbee812eb730b6a395d66e664412cf5"",""resource_type"":""qma_signal_report"",""settlement_id"":""558ae696-5fdf-46fb-b657-32e269519c70"",""gateway_status"":""completed"",""seller_address"":""0x23e7c029a287a83d80b2e084e008211658dda11d"",""transaction_hash"":""0x6e09f9ba1e1a3029acf2a1abb0ba36b90012b80bbcd8a6a693b05f919a013bca"",""provider_owner_wallet"":""0x23e7c029a287a83d80b2e084e008211658dda11d""}",2026-07-04 13:45:59.606192+00,2026-07-04 13:45:59.606192+00
558e9825-8b4b-4615-94ce-92dd96d958c6,inv_8edc08806150,558e9825-8b4b-4615-94ce-92dd96d958c6,0x44e9e17293357e2c7cc995adfac376457a01ccc8,BLUR,preview,funding_memory,0.000952,received,,,1783438572.4082,"{""tier"":""preview"",""query"":{""FDV"":40585450.5885,""price"":0.02362,""amount"":1326648.7145999998,""symbol"":""BLUR"",""fromATH"":-50,""circRatio"":0.65,""marketCap"":27056967.059,""volume24h"":13528483.5295,""fundingRate"":-0.014317,""openInterest"":1326648.7145999998,""longShortRatio"":null,""openInterestChange24h"":null},""symbol"":""BLUR"",""paid_at"":1783438572.4082031,""pricing"":{""amount_usdc"":""0.000952""},""event_id"":""inv_8edc08806150:creator"",""split_leg"":{""role"":""creator"",""leg_id"":""creator"",""pay_to"":""0xb40971a5d88f31c7b8d88bf93f7d044f1383bf01"",""amount_raw"":""952"",""amount_usdc"":""0.000952""},""accounting"":{""currency"":""USDC"",""amount_usdc"":""0.00119"",""creator_wallet"":""0xb40971a5d88f31c7b8d88bf93f7d044f1383bf01"",""settlement_mode"":""x402_direct_split"",""creator_share_bps"":8000,""platform_share_bps"":2000},""amount_raw"":""952"",""buyer_type"":""agent"",""invoice_id"":""inv_8edc08806150"",""query_hash"":""8f00ab3f6240bbe4043f8d9f7b6847f428dd7c549d68b8ced2840311b8ea7ff5"",""settlement"":{""mode"":""x402_direct_split"",""rail"":""circle_gateway_x402"",""amount"":""0.00119"",""network"":""Arc Testnet"",""currency"":""USDC"",""decimals"":6,""token_address"":""0x3600000000000000000000000000000000000000"",""gateway_supported"":true},""amount_usdc"":""0.000952"",""provider_id"":""funding_memory"",""explorer_url"":null,""payer_address"":""0x44e9e17293357e2c7cc995adfac376457a01ccc8"",""resource_type"":""qma_signal_report"",""settlement_id"":""558e9825-8b4b-4615-94ce-92dd96d958c6"",""gateway_status"":""received"",""seller_address"":""0xb40971a5d88f31c7b8d88bf93f7d044f1383bf01"",""transaction_hash"":null,""provider_owner_wallet"":""0xb40971a5d88f31c7b8d88bf93f7d044f1383bf01""}",2026-07-07 15:36:15.797006+00,2026-07-07 15:36:15.797006+00
55f3460e-cf82-499d-9f18-88ac33cd357f,inv_0876bdedb982,55f3460e-cf82-499d-9f18-88ac33cd357f,0x2b63768f695cf4624a861cfed7d06219d1af2a8c,EPIC,full,funding_memory,0.004614,received,,,1783444424.35494,"{""tier"":""full"",""query"":{""FDV"":19432234.7052,""price"":0.315,""amount"":207363.555,""symbol"":""EPIC"",""fromATH"":-50,""circRatio"":0.65,""marketCap"":12954823.1368,""volume24h"":6477411.5684,""fundingRate"":-0.006354,""openInterest"":207363.555,""longShortRatio"":null,""openInterestChange24h"":null},""symbol"":""EPIC"",""paid_at"":1783444424.354945,""pricing"":{""amount_usdc"":""0.004614""},""event_id"":""inv_0876bdedb982:creator"",""split_leg"":{""role"":""creator"",""leg_id"":""creator"",""pay_to"":""0xb40971a5d88f31c7b8d88bf93f7d044f1383bf01"",""amount_raw"":""4614"",""amount_usdc"":""0.004614""},""accounting"":{""currency"":""USDC"",""amount_usdc"":""0.005768"",""creator_wallet"":""0xb40971a5d88f31c7b8d88bf93f7d044f1383bf01"",""settlement_mode"":""x402_direct_split"",""creator_share_bps"":8000,""platform_share_bps"":2000},""amount_raw"":""4614"",""buyer_type"":""agent"",""invoice_id"":""inv_0876bdedb982"",""query_hash"":""9434af4f56e61811bd7994c5696bcfa3aba9ee96debea1b6a286e372dc56585f"",""settlement"":{""mode"":""x402_direct_split"",""rail"":""circle_gateway_x402"",""amount"":""0.005768"",""network"":""Arc Testnet"",""currency"":""USDC"",""decimals"":6,""token_address"":""0x3600000000000000000000000000000000000000"",""gateway_supported"":true},""amount_usdc"":""0.004614"",""provider_id"":""funding_memory"",""explorer_url"":null,""payer_address"":""0x2b63768f695cf4624a861cfed7d06219d1af2a8c"",""resource_type"":""qma_signal_report"",""settlement_id"":""55f3460e-cf82-499d-9f18-88ac33cd357f"",""gateway_status"":""received"",""seller_address"":""0xb40971a5d88f31c7b8d88bf93f7d044f1383bf01"",""transaction_hash"":null,""provider_owner_wallet"":""0xb40971a5d88f31c7b8d88bf93f7d044f1383bf01""}",2026-07-07 17:13:47.567818+00,2026-07-07 17:13:47.567818+00
55ff4c89-1e2c-4272-ace4-584e8c5d887a,inv_f0faf10b1f3a,55ff4c89-1e2c-4272-ace4-584e8c5d887a,0x65ffba942811cdb741583c9edcc178bb0f2a5a8d,LAB,full,funding_memory,0.001157,received,,,1783440222.93537,"{""tier"":""full"",""query"":{""FDV"":306227069.64,""price"":6.455,""amount"":4268820.6,""symbol"":""LAB"",""fromATH"":-50,""circRatio"":0.65,""marketCap"":204151379.76,""volume24h"":102075689.88,""fundingRate"":-0.006978,""openInterest"":4268820.6,""longShortRatio"":null,""openInterestChange24h"":null},""symbol"":""LAB"",""paid_at"":1783440222.9353724,""pricing"":{""amount_usdc"":""0.001157""},""event_id"":""inv_f0faf10b1f3a:platform"",""split_leg"":{""role"":""platform"",""leg_id"":""platform"",""pay_to"":""0x23e7c029a287a83d80b2e084e008211658dda11d"",""amount_raw"":""1157"",""amount_usdc"":""0.001157""},""accounting"":{""currency"":""USDC"",""amount_usdc"":""0.005783"",""creator_wallet"":""0xb40971a5d88f31c7b8d88bf93f7d044f1383bf01"",""settlement_mode"":""x402_direct_split"",""creator_share_bps"":8000,""platform_share_bps"":2000},""amount_raw"":""1157"",""buyer_type"":""agent"",""invoice_id"":""inv_f0faf10b1f3a"",""query_hash"":""d0dfcf1fb6777eeb1dd7db8efa8d5b7731ae981f52ec20eb879d68f8718dc951"",""settlement"":{""mode"":""x402_direct_split"",""rail"":""circle_gateway_x402"",""amount"":""0.005783"",""network"":""Arc Testnet"",""currency"":""USDC"",""decimals"":6,""token_address"":""0x3600000000000000000000000000000000000000"",""gateway_supported"":true},""amount_usdc"":""0.001157"",""provider_id"":""funding_memory"",""explorer_url"":null,""payer_address"":""0x65ffba942811cdb741583c9edcc178bb0f2a5a8d"",""resource_type"":""qma_signal_report"",""settlement_id"":""55ff4c89-1e2c-4272-ace4-584e8c5d887a"",""gateway_status"":""received"",""seller_address"":""0x23e7c029a287a83d80b2e084e008211658dda11d"",""transaction_hash"":null,""provider_owner_wallet"":""0xb40971a5d88f31c7b8d88bf93f7d044f1383bf01""}",2026-07-07 16:03:45.874814+00,2026-07-07 16:03:45.874814+00
58edf601-a36c-4892-abfb-3b2fbbe7cc03,inv_171fa3efa05e,58edf601-a36c-4892-abfb-3b2fbbe7cc03,0xbfe354500fd7feb53a3ce9fbc0ee5078d295d23f,BLUR,preview,funding_memory,0.000955,received,,,1783437614.10266,"{""tier"":""preview"",""query"":{""FDV"":40105222.5384,""price"":0.02352,""amount"":1289084.3952,""symbol"":""BLUR"",""fromATH"":-50,""circRatio"":0.65,""marketCap"":26736815.0256,""volume24h"":13368407.5128,""fundingRate"":-0.015353,""openInterest"":1289084.3952,""longShortRatio"":null,""openInterestChange24h"":null},""symbol"":""BLUR"",""paid_at"":1783437614.1026573,""pricing"":{""amount_usdc"":""0.000955""},""event_id"":""inv_171fa3efa05e:creator"",""split_leg"":{""role"":""creator"",""leg_id"":""creator"",""pay_to"":""0xb40971a5d88f31c7b8d88bf93f7d044f1383bf01"",""amount_raw"":""955"",""amount_usdc"":""0.000955""},""accounting"":{""currency"":""USDC"",""amount_usdc"":""0.001194"",""creator_wallet"":""0xb40971a5d88f31c7b8d88bf93f7d044f1383bf01"",""settlement_mode"":""x402_direct_split"",""creator_share_bps"":8000,""platform_share_bps"":2000},""amount_raw"":""955"",""buyer_type"":""agent"",""invoice_id"":""inv_171fa3efa05e"",""query_hash"":""dd48a9f9c382b4b51aedf04a583a634f8bafce6c1f78d5eecdfc6ce29acd7fe7"",""settlement"":{""mode"":""x402_direct_split"",""rail"":""circle_gateway_x402"",""amount"":""0.001194"",""network"":""Arc Testnet"",""currency"":""USDC"",""decimals"":6,""token_address"":""0x3600000000000000000000000000000000000000"",""gateway_supported"":true},""amount_usdc"":""0.000955"",""provider_id"":""funding_memory"",""explorer_url"":null,""payer_address"":""0xbfe354500fd7feb53a3ce9fbc0ee5078d295d23f"",""resource_type"":""qma_signal_report"",""settlement_id"":""58edf601-a36c-4892-abfb-3b2fbbe7cc03"",""gateway_status"":""received"",""seller_address"":""0xb40971a5d88f31c7b8d88bf93f7d044f1383bf01"",""transaction_hash"":null,""provider_owner_wallet"":""0xb40971a5d88f31c7b8d88bf93f7d044f1383bf01""}",2026-07-07 15:20:17.474426+00,2026-07-07 15:20:17.474426+00
595529bb-c3aa-4828-ada0-0347ba72c01b,inv_17d4cb28d898,595529bb-c3aa-4828-ada0-0347ba72c01b,0xf5987818ebbee812eb730b6a395d66e664412cf5,H,preview,funding_memory,0.001,completed,0xeff449f94f4ad9db8b4c031ab1334a3f389c4c3b1a09b6303b18f70bbc8eefaa,https://testnet.arcscan.app/tx/0xeff449f94f4ad9db8b4c031ab1334a3f389c4c3b1a09b6303b18f70bbc8eefaa,1782092502.16441,"{""tier"":""preview"",""query"":{""FDV"":27897000,""amount"":6007607.0472800005,""symbol"":""H"",""fromATH"":-50,""circRatio"":0.666666666667,""marketCap"":18598000,""volume24h"":1201521.4094560002,""fundingRate"":-0.007493},""symbol"":""H"",""paid_at"":1782092502.164414,""amount_raw"":""1000"",""buyer_type"":""agent"",""invoice_id"":""inv_17d4cb28d898"",""query_hash"":""9525375929cbb12ee937f522a524a92c9cb5552aaece5a945617a531574ee76a"",""amount_usdc"":0.001,""provider_id"":""funding_memory"",""explorer_url"":""https://testnet.arcscan.app/tx/0xeff449f94f4ad9db8b4c031ab1334a3f389c4c3b1a09b6303b18f70bbc8eefaa"",""payer_address"":""0xf5987818ebbee812eb730b6a395d66e664412cf5"",""resource_type"":""qma_signal_report"",""settlement_id"":""595529bb-c3aa-4828-ada0-0347ba72c01b"",""gateway_status"":""completed"",""seller_address"":""0x23e7c029a287a83d80b2e084e008211658dda11d"",""transaction_hash"":""0xeff449f94f4ad9db8b4c031ab1334a3f389c4c3b1a09b6303b18f70bbc8eefaa"",""provider_owner_wallet"":""0x23e7c029a287a83d80b2e084e008211658dda11d""}",2026-06-22 01:41:43.804261+00,2026-06-22 01:41:43.804261+00
598da3d4-f78a-4301-bbd5-b52b68c42c7a,inv_934ef9945057,598da3d4-f78a-4301-bbd5-b52b68c42c7a,0x44e9e17293357e2c7cc995adfac376457a01ccc8,EPIC,full,funding_memory,0.001148,received,,,1783443838.33659,"{""tier"":""full"",""query"":{""FDV"":19381253.4714,""price"":0.3263,""amount"":217558.89349999998,""symbol"":""EPIC"",""fromATH"":-50,""circRatio"":0.65,""marketCap"":12920835.6476,""volume24h"":6460417.8238,""fundingRate"":-0.00509,""openInterest"":217558.89349999998,""longShortRatio"":null,""openInterestChange24h"":null},""symbol"":""EPIC"",""paid_at"":1783443838.3365858,""pricing"":{""amount_usdc"":""0.001148""},""event_id"":""inv_934ef9945057:platform"",""split_leg"":{""role"":""platform"",""leg_id"":""platform"",""pay_to"":""0x23e7c029a287a83d80b2e084e008211658dda11d"",""amount_raw"":""1148"",""amount_usdc"":""0.001148""},""accounting"":{""currency"":""USDC"",""amount_usdc"":""0.00574"",""creator_wallet"":""0xb40971a5d88f31c7b8d88bf93f7d044f1383bf01"",""settlement_mode"":""x402_direct_split"",""creator_share_bps"":8000,""platform_share_bps"":2000},""amount_raw"":""1148"",""buyer_type"":""agent"",""invoice_id"":""inv_934ef9945057"",""query_hash"":""a6461c5918068e98627dbac6e852f68178f2fe92afaae7c1dc9575dd8ab5acde"",""settlement"":{""mode"":""x402_direct_split"",""rail"":""circle_gateway_x402"",""amount"":""0.00574"",""network"":""Arc Testnet"",""currency"":""USDC"",""decimals"":6,""token_address"":""0x3600000000000000000000000000000000000000"",""gateway_supported"":true},""amount_usdc"":""0.001148"",""provider_id"":""funding_memory"",""explorer_url"":null,""payer_address"":""0x44e9e17293357e2c7cc995adfac376457a01ccc8"",""resource_type"":""qma_signal_report"",""settlement_id"":""598da3d4-f78a-4301-bbd5-b52b68c42c7a"",""gateway_status"":""received"",""seller_address"":""0x23e7c029a287a83d80b2e084e008211658dda11d"",""transaction_hash"":null,""provider_owner_wallet"":""0xb40971a5d88f31c7b8d88bf93f7d044f1383bf01""}",2026-07-07 17:04:00.974493+00,2026-07-07 17:04:00.974493+00
59c1a672-d5c6-484c-a26e-b603ee5cab75,inv_332c49e916de,59c1a672-d5c6-484c-a26e-b603ee5cab75,0xa10f99f38fbe038d8d06616f27c751329e8cd7fd,BLUR,preview,funding_memory,0.000949,received,,,1783440016.94435,"{""tier"":""preview"",""query"":{""FDV"":42925022.276999995,""price"":0.0234,""amount"":2110901.364,""symbol"":""BLUR"",""fromATH"":-50,""circRatio"":0.65,""marketCap"":28616681.518,""volume24h"":14308340.759,""fundingRate"":-0.013596,""openInterest"":2110901.364,""longShortRatio"":null,""openInterestChange24h"":null},""symbol"":""BLUR"",""paid_at"":1783440016.9443521,""pricing"":{""amount_usdc"":""0.000949""},""event_id"":""inv_332c49e916de:creator"",""split_leg"":{""role"":""creator"",""leg_id"":""creator"",""pay_to"":""0xb40971a5d88f31c7b8d88bf93f7d044f1383bf01"",""amount_raw"":""949"",""amount_usdc"":""0.000949""},""accounting"":{""currency"":""USDC"",""amount_usdc"":""0.001186"",""creator_wallet"":""0xb40971a5d88f31c7b8d88bf93f7d044f1383bf01"",""settlement_mode"":""x402_direct_split"",""creator_share_bps"":8000,""platform_share_bps"":2000},""amount_raw"":""949"",""buyer_type"":""agent"",""invoice_id"":""inv_332c49e916de"",""query_hash"":""87422a051bce5bb51518b8863a88732e0933a196dc343ae25dd2c0ae7be35bca"",""settlement"":{""mode"":""x402_direct_split"",""rail"":""circle_gateway_x402"",""amount"":""0.001186"",""network"":""Arc Testnet"",""currency"":""USDC"",""decimals"":6,""token_address"":""0x3600000000000000000000000000000000000000"",""gateway_supported"":true},""amount_usdc"":""0.000949"",""provider_id"":""funding_memory"",""explorer_url"":null,""payer_address"":""0xa10f99f38fbe038d8d06616f27c751329e8cd7fd"",""resource_type"":""qma_signal_report"",""settlement_id"":""59c1a672-d5c6-484c-a26e-b603ee5cab75"",""gateway_status"":""received"",""seller_address"":""0xb40971a5d88f31c7b8d88bf93f7d044f1383bf01"",""transaction_hash"":null,""provider_owner_wallet"":""0xb40971a5d88f31c7b8d88bf93f7d044f1383bf01""}",2026-07-07 16:00:20.081103+00,2026-07-07 16:00:20.081103+00
5aef9b05-dd53-4a31-8e99-f4673dd234ed,inv_9ad0aa2f229a,5aef9b05-dd53-4a31-8e99-f4673dd234ed,0x2b63768f695cf4624a861cfed7d06219d1af2a8c,LAB,full,funding_memory,0.004639,received,,,1783441045.70843,"{""tier"":""full"",""query"":{""FDV"":308237747.90999997,""price"":5.998,""amount"":4131242.46,""symbol"":""LAB"",""fromATH"":-50,""circRatio"":0.65,""marketCap"":205491831.94,""volume24h"":102745915.97,""fundingRate"":-0.007721,""openInterest"":4131242.46,""longShortRatio"":null,""openInterestChange24h"":null},""symbol"":""LAB"",""paid_at"":1783441045.7084253,""pricing"":{""amount_usdc"":""0.004639""},""event_id"":""inv_9ad0aa2f229a:creator"",""split_leg"":{""role"":""creator"",""leg_id"":""creator"",""pay_to"":""0xb40971a5d88f31c7b8d88bf93f7d044f1383bf01"",""amount_raw"":""4639"",""amount_usdc"":""0.004639""},""accounting"":{""currency"":""USDC"",""amount_usdc"":""0.005799"",""creator_wallet"":""0xb40971a5d88f31c7b8d88bf93f7d044f1383bf01"",""settlement_mode"":""x402_direct_split"",""creator_share_bps"":8000,""platform_share_bps"":2000},""amount_raw"":""4639"",""buyer_type"":""agent"",""invoice_id"":""inv_9ad0aa2f229a"",""query_hash"":""a3deb15ff7e2658c082debf1914c2c3b77bef96a136443e91d57e5611b2c53ca"",""settlement"":{""mode"":""x402_direct_split"",""rail"":""circle_gateway_x402"",""amount"":""0.005799"",""network"":""Arc Testnet"",""currency"":""USDC"",""decimals"":6,""token_address"":""0x3600000000000000000000000000000000000000"",""gateway_supported"":true},""amount_usdc"":""0.004639"",""provider_id"":""funding_memory"",""explorer_url"":null,""payer_address"":""0x2b63768f695cf4624a861cfed7d06219d1af2a8c"",""resource_type"":""qma_signal_report"",""settlement_id"":""5aef9b05-dd53-4a31-8e99-f4673dd234ed"",""gateway_status"":""received"",""seller_address"":""0xb40971a5d88f31c7b8d88bf93f7d044f1383bf01"",""transaction_hash"":null,""provider_owner_wallet"":""0xb40971a5d88f31c7b8d88bf93f7d044f1383bf01""}",2026-07-07 16:17:28.896887+00,2026-07-07 16:17:28.896887+00
5b134cbf-786d-4a40-b138-155491ebc2e2,inv_c6459b383752,5b134cbf-786d-4a40-b138-155491ebc2e2,0xd9d0f678382a30cd3008b0839d22e7844553ccb7,BLUR,preview,funding_memory,0.000236,received,,,1783442533.87487,"{""tier"":""preview"",""query"":{""FDV"":45716930.1168,""price"":0.02132,""amount"":888283.7287999999,""symbol"":""BLUR"",""fromATH"":-50,""circRatio"":0.65,""marketCap"":30477953.4112,""volume24h"":15238976.7056,""fundingRate"":-0.012534,""openInterest"":888283.7287999999,""longShortRatio"":null,""openInterestChange24h"":null},""symbol"":""BLUR"",""paid_at"":1783442533.8748713,""pricing"":{""amount_usdc"":""0.000236""},""event_id"":""inv_c6459b383752:platform"",""split_leg"":{""role"":""platform"",""leg_id"":""platform"",""pay_to"":""0x23e7c029a287a83d80b2e084e008211658dda11d"",""amount_raw"":""236"",""amount_usdc"":""0.000236""},""accounting"":{""currency"":""USDC"",""amount_usdc"":""0.001182"",""creator_wallet"":""0xb40971a5d88f31c7b8d88bf93f7d044f1383bf01"",""settlement_mode"":""x402_direct_split"",""creator_share_bps"":8000,""platform_share_bps"":2000},""amount_raw"":""236"",""buyer_type"":""agent"",""invoice_id"":""inv_c6459b383752"",""query_hash"":""e2a77572874c1aa06c2b7bdc2c08790b36840f8151f46aaa115dbdd7b9d811f9"",""settlement"":{""mode"":""x402_direct_split"",""rail"":""circle_gateway_x402"",""amount"":""0.001182"",""network"":""Arc Testnet"",""currency"":""USDC"",""decimals"":6,""token_address"":""0x3600000000000000000000000000000000000000"",""gateway_supported"":true},""amount_usdc"":""0.000236"",""provider_id"":""funding_memory"",""explorer_url"":null,""payer_address"":""0xd9d0f678382a30cd3008b0839d22e7844553ccb7"",""resource_type"":""qma_signal_report"",""settlement_id"":""5b134cbf-786d-4a40-b138-155491ebc2e2"",""gateway_status"":""received"",""seller_address"":""0x23e7c029a287a83d80b2e084e008211658dda11d"",""transaction_hash"":null,""provider_owner_wallet"":""0xb40971a5d88f31c7b8d88bf93f7d044f1383bf01""}",2026-07-07 16:42:16.480075+00,2026-07-07 16:42:16.480075+00
5bb91047-3262-4514-9890-f992e83bec50,inv_ac719b767067,5bb91047-3262-4514-9890-f992e83bec50,0xa99b2a4dd131b0aead78ff1d23add2537354eede,BLUR,preview,funding_memory,0.000237,received,,,1783442030.26391,"{""tier"":""preview"",""query"":{""FDV"":45484915.7427,""price"":0.02204,""amount"":909329.626,""symbol"":""BLUR"",""fromATH"":-50,""circRatio"":0.65,""marketCap"":30323277.1618,""volume24h"":15161638.5809,""fundingRate"":-0.012879,""openInterest"":909329.626,""longShortRatio"":null,""openInterestChange24h"":null},""symbol"":""BLUR"",""paid_at"":1783442030.2639117,""pricing"":{""amount_usdc"":""0.000237""},""event_id"":""inv_ac719b767067:platform"",""split_leg"":{""role"":""platform"",""leg_id"":""platform"",""pay_to"":""0x23e7c029a287a83d80b2e084e008211658dda11d"",""amount_raw"":""237"",""amount_usdc"":""0.000237""},""accounting"":{""currency"":""USDC"",""amount_usdc"":""0.001183"",""creator_wallet"":""0xb40971a5d88f31c7b8d88bf93f7d044f1383bf01"",""settlement_mode"":""x402_direct_split"",""creator_share_bps"":8000,""platform_share_bps"":2000},""amount_raw"":""237"",""buyer_type"":""agent"",""invoice_id"":""inv_ac719b767067"",""query_hash"":""eebd7249dab05b9b0db226b8fdabb1e2943c901fa5c40550bc663b9923621627"",""settlement"":{""mode"":""x402_direct_split"",""rail"":""circle_gateway_x402"",""amount"":""0.001183"",""network"":""Arc Testnet"",""currency"":""USDC"",""decimals"":6,""token_address"":""0x3600000000000000000000000000000000000000"",""gateway_supported"":true},""amount_usdc"":""0.000237"",""provider_id"":""funding_memory"",""explorer_url"":null,""payer_address"":""0xa99b2a4dd131b0aead78ff1d23add2537354eede"",""resource_type"":""qma_signal_report"",""settlement_id"":""5bb91047-3262-4514-9890-f992e83bec50"",""gateway_status"":""received"",""seller_address"":""0x23e7c029a287a83d80b2e084e008211658dda11d"",""transaction_hash"":null,""provider_owner_wallet"":""0xb40971a5d88f31c7b8d88bf93f7d044f1383bf01""}",2026-07-07 16:33:53.114007+00,2026-07-07 16:33:53.114007+00
5d04305b-a1ad-498a-ac83-d69a82ed3ce6,inv_11cd7030540f,5d04305b-a1ad-498a-ac83-d69a82ed3ce6,0xd9d0f678382a30cd3008b0839d22e7844553ccb7,LAB,preview,funding_memory,0.000243,received,,,1783446770.35052,"{""tier"":""preview"",""query"":{""FDV"":306301127.28000003,""price"":4.4,""amount"":3174336.0000000005,""symbol"":""LAB"",""fromATH"":-50,""circRatio"":0.65,""marketCap"":204200751.52,""volume24h"":102100375.76,""fundingRate"":-0.019577,""openInterest"":3174336.0000000005,""longShortRatio"":null,""openInterestChange24h"":null},""symbol"":""LAB"",""paid_at"":1783446770.3505216,""pricing"":{""amount_usdc"":""0.000243""},""event_id"":""inv_11cd7030540f:platform"",""split_leg"":{""role"":""platform"",""leg_id"":""platform"",""pay_to"":""0x23e7c029a287a83d80b2e084e008211658dda11d"",""amount_raw"":""243"",""amount_usdc"":""0.000243""},""accounting"":{""currency"":""USDC"",""amount_usdc"":""0.001213"",""creator_wallet"":""0xb40971a5d88f31c7b8d88bf93f7d044f1383bf01"",""settlement_mode"":""x402_direct_split"",""creator_share_bps"":8000,""platform_share_bps"":2000},""amount_raw"":""243"",""buyer_type"":""agent"",""invoice_id"":""inv_11cd7030540f"",""query_hash"":""0c64551a8002eac8a8d4becb51e3ad4110ef04fe699dba6314a65618eb04d7f4"",""settlement"":{""mode"":""x402_direct_split"",""rail"":""circle_gateway_x402"",""amount"":""0.001213"",""network"":""Arc Testnet"",""currency"":""USDC"",""decimals"":6,""token_address"":""0x3600000000000000000000000000000000000000"",""gateway_supported"":true},""amount_usdc"":""0.000243"",""provider_id"":""funding_memory"",""explorer_url"":null,""payer_address"":""0xd9d0f678382a30cd3008b0839d22e7844553ccb7"",""resource_type"":""qma_signal_report"",""settlement_id"":""5d04305b-a1ad-498a-ac83-d69a82ed3ce6"",""gateway_status"":""received"",""seller_address"":""0x23e7c029a287a83d80b2e084e008211658dda11d"",""transaction_hash"":null,""provider_owner_wallet"":""0xb40971a5d88f31c7b8d88bf93f7d044f1383bf01""}",2026-07-07 17:52:52.900375+00,2026-07-07 17:52:52.900375+00
5d6383c8-814f-46d6-b2cd-6f52f52fbbd8,inv_11cd7030540f,5d6383c8-814f-46d6-b2cd-6f52f52fbbd8,0xd9d0f678382a30cd3008b0839d22e7844553ccb7,LAB,preview,funding_memory,0.00097,received,,,1783446769.74548,"{""tier"":""preview"",""query"":{""FDV"":306301127.28000003,""price"":4.4,""amount"":3174336.0000000005,""symbol"":""LAB"",""fromATH"":-50,""circRatio"":0.65,""marketCap"":204200751.52,""volume24h"":102100375.76,""fundingRate"":-0.019577,""openInterest"":3174336.0000000005,""longShortRatio"":null,""openInterestChange24h"":null},""symbol"":""LAB"",""paid_at"":1783446769.7454772,""pricing"":{""amount_usdc"":""0.00097""},""event_id"":""inv_11cd7030540f:creator"",""split_leg"":{""role"":""creator"",""leg_id"":""creator"",""pay_to"":""0xb40971a5d88f31c7b8d88bf93f7d044f1383bf01"",""amount_raw"":""970"",""amount_usdc"":""0.00097""},""accounting"":{""currency"":""USDC"",""amount_usdc"":""0.001213"",""creator_wallet"":""0xb40971a5d88f31c7b8d88bf93f7d044f1383bf01"",""settlement_mode"":""x402_direct_split"",""creator_share_bps"":8000,""platform_share_bps"":2000},""amount_raw"":""970"",""buyer_type"":""agent"",""invoice_id"":""inv_11cd7030540f"",""query_hash"":""0c64551a8002eac8a8d4becb51e3ad4110ef04fe699dba6314a65618eb04d7f4"",""settlement"":{""mode"":""x402_direct_split"",""rail"":""circle_gateway_x402"",""amount"":""0.001213"",""network"":""Arc Testnet"",""currency"":""USDC"",""decimals"":6,""token_address"":""0x3600000000000000000000000000000000000000"",""gateway_supported"":true},""amount_usdc"":""0.00097"",""provider_id"":""funding_memory"",""explorer_url"":null,""payer_address"":""0xd9d0f678382a30cd3008b0839d22e7844553ccb7"",""resource_type"":""qma_signal_report"",""settlement_id"":""5d6383c8-814f-46d6-b2cd-6f52f52fbbd8"",""gateway_status"":""received"",""seller_address"":""0xb40971a5d88f31c7b8d88bf93f7d044f1383bf01"",""transaction_hash"":null,""provider_owner_wallet"":""0xb40971a5d88f31c7b8d88bf93f7d044f1383bf01""}",2026-07-07 17:52:52.900375+00,2026-07-07 17:52:52.900375+00
5e065467-2d01-4681-a251-1b8526213aed,inv_2dd292485d21,5e065467-2d01-4681-a251-1b8526213aed,0x9a6126cf24d565f6fd7ad3639f7bf11928c385df,ONG,preview,funding_memory,0.001,completed,0x5bd4dd2b17b01ae633db11921052c00d702099c62463e34f69bc6fc3ad10f1b4,https://testnet.arcscan.app/tx/0x5bd4dd2b17b01ae633db11921052c00d702099c62463e34f69bc6fc3ad10f1b4,1782877867.44186,"{""tier"":""preview"",""query"":{""FDV"":6712500,""amount"":33378.44325,""symbol"":""ONG"",""fromATH"":-50,""circRatio"":0.666666666667,""marketCap"":4475000,""volume24h"":6675.68865,""fundingRate"":-0.006807},""symbol"":""ONG"",""paid_at"":1782877867.4418643,""amount_raw"":""1000"",""buyer_type"":""agent"",""invoice_id"":""inv_2dd292485d21"",""query_hash"":""50c9552cbef948ddcc15d32774ac793c512a85ca54b4f37b3078ba4d47192271"",""amount_usdc"":0.001,""provider_id"":""funding_memory"",""explorer_url"":""https://testnet.arcscan.app/tx/0x5bd4dd2b17b01ae633db11921052c00d702099c62463e34f69bc6fc3ad10f1b4"",""payer_address"":""0x9a6126cf24d565f6fd7ad3639f7bf11928c385df"",""resource_type"":""qma_signal_report"",""settlement_id"":""5e065467-2d01-4681-a251-1b8526213aed"",""gateway_status"":""completed"",""seller_address"":""0x23e7c029a287a83d80b2e084e008211658dda11d"",""transaction_hash"":""0x5bd4dd2b17b01ae633db11921052c00d702099c62463e34f69bc6fc3ad10f1b4"",""provider_owner_wallet"":""0x23e7c029a287a83d80b2e084e008211658dda11d""}",2026-07-01 03:51:10.053079+00,2026-07-01 03:51:10.053079+00
5e5a5d55-0435-43bc-b0a6-43ecdff80263,inv_8d6a74932961,5e5a5d55-0435-43bc-b0a6-43ecdff80263,0x2c03cd73ad36230a3c5be43d51d72fdca32f53d4,IN,preview,funding_memory,0.001,completed,0x9b9f183c487b71f19684a6204000aefb13d91f37cfbd5b09dd3063587110c290,https://testnet.arcscan.app/tx/0x9b9f183c487b71f19684a6204000aefb13d91f37cfbd5b09dd3063587110c290,1782835313.84786,"{""tier"":""preview"",""query"":{""FDV"":37434000,""amount"":null,""symbol"":""IN"",""fromATH"":-50,""circRatio"":0.67,""marketCap"":24956000,""volume24h"":96447,""fundingRate"":-0.02},""symbol"":""IN"",""paid_at"":1782835313.8478606,""amount_raw"":""1000"",""buyer_type"":""agent"",""invoice_id"":""inv_8d6a74932961"",""query_hash"":""390947216d005b9821ba8e34a06e11c83ad814cd080be62f42fea8be37f284c8"",""amount_usdc"":0.001,""provider_id"":""funding_memory"",""explorer_url"":""https://testnet.arcscan.app/tx/0x9b9f183c487b71f19684a6204000aefb13d91f37cfbd5b09dd3063587110c290"",""payer_address"":""0x2c03cd73ad36230a3c5be43d51d72fdca32f53d4"",""resource_type"":""qma_signal_report"",""settlement_id"":""5e5a5d55-0435-43bc-b0a6-43ecdff80263"",""gateway_status"":""completed"",""seller_address"":""0x23e7c029a287a83d80b2e084e008211658dda11d"",""transaction_hash"":""0x9b9f183c487b71f19684a6204000aefb13d91f37cfbd5b09dd3063587110c290"",""provider_owner_wallet"":""0x23e7c029a287a83d80b2e084e008211658dda11d""}",2026-06-30 16:01:56.734812+00,2026-06-30 16:01:56.734812+00
5f129141-a951-4c90-917c-8668320a61ce,inv_55e953b65ac0,5f129141-a951-4c90-917c-8668320a61ce,0xf10240a13427c73f53d795f7d8d3c397f896d4ae,H,full,funding_memory,0.005,completed,0x357f6a221fe6b2ce88a1efb6a0717fb7a9312c32cef6b85acdee40992dd02db4,https://testnet.arcscan.app/tx/0x357f6a221fe6b2ce88a1efb6a0717fb7a9312c32cef6b85acdee40992dd02db4,1782143517.62079,"{""tier"":""full"",""query"":{""FDV"":21127500,""amount"":null,""symbol"":""H"",""fromATH"":-50,""circRatio"":0.67,""marketCap"":14085000,""volume24h"":1576250,""fundingRate"":-0.009},""symbol"":""H"",""paid_at"":1782143517.6207933,""amount_raw"":""5000"",""buyer_type"":""human"",""invoice_id"":""inv_55e953b65ac0"",""query_hash"":""5138788060284e71254eb4b10acb4c7bb2096f9cf2c98b3978c0c1fb6319b7c9"",""amount_usdc"":0.005,""provider_id"":""funding_memory"",""explorer_url"":""https://testnet.arcscan.app/tx/0x357f6a221fe6b2ce88a1efb6a0717fb7a9312c32cef6b85acdee40992dd02db4"",""payer_address"":""0xf10240a13427c73f53d795f7d8d3c397f896d4ae"",""resource_type"":""qma_signal_report"",""settlement_id"":""5f129141-a951-4c90-917c-8668320a61ce"",""gateway_status"":""completed"",""seller_address"":""0x23e7c029a287a83d80b2e084e008211658dda11d"",""transaction_hash"":""0x357f6a221fe6b2ce88a1efb6a0717fb7a9312c32cef6b85acdee40992dd02db4"",""provider_owner_wallet"":""0x23e7c029a287a83d80b2e084e008211658dda11d""}",2026-06-22 15:52:00.317398+00,2026-06-22 15:52:00.317398+00
5f361c61-c2fe-4272-9160-f53941a5719a,inv_97b7967a588e,5f361c61-c2fe-4272-9160-f53941a5719a,0xf9c43a6cd72f5b9d1443e3faa0fac022de0abb19,EPIC,full,funding_memory,0.004585,received,,,1783443579.92794,"{""tier"":""full"",""query"":{""FDV"":19435706.0853,""price"":0.3342,""amount"":232271.00519999999,""symbol"":""EPIC"",""fromATH"":-50,""circRatio"":0.65,""marketCap"":12957137.3902,""volume24h"":6478568.6951,""fundingRate"":-0.004723,""openInterest"":232271.00519999999,""longShortRatio"":null,""openInterestChange24h"":null},""symbol"":""EPIC"",""paid_at"":1783443579.9279356,""pricing"":{""amount_usdc"":""0.004585""},""event_id"":""inv_97b7967a588e:creator"",""split_leg"":{""role"":""creator"",""leg_id"":""creator"",""pay_to"":""0xb40971a5d88f31c7b8d88bf93f7d044f1383bf01"",""amount_raw"":""4585"",""amount_usdc"":""0.004585""},""accounting"":{""currency"":""USDC"",""amount_usdc"":""0.005731"",""creator_wallet"":""0xb40971a5d88f31c7b8d88bf93f7d044f1383bf01"",""settlement_mode"":""x402_direct_split"",""creator_share_bps"":8000,""platform_share_bps"":2000},""amount_raw"":""4585"",""buyer_type"":""agent"",""invoice_id"":""inv_97b7967a588e"",""query_hash"":""244fe37d178a6fc9c603582b42f6fbe484b26d1177291a9f058ef9b1d75a9304"",""settlement"":{""mode"":""x402_direct_split"",""rail"":""circle_gateway_x402"",""amount"":""0.005731"",""network"":""Arc Testnet"",""currency"":""USDC"",""decimals"":6,""token_address"":""0x3600000000000000000000000000000000000000"",""gateway_supported"":true},""amount_usdc"":""0.004585"",""provider_id"":""funding_memory"",""explorer_url"":null,""payer_address"":""0xf9c43a6cd72f5b9d1443e3faa0fac022de0abb19"",""resource_type"":""qma_signal_report"",""settlement_id"":""5f361c61-c2fe-4272-9160-f53941a5719a"",""gateway_status"":""received"",""seller_address"":""0xb40971a5d88f31c7b8d88bf93f7d044f1383bf01"",""transaction_hash"":null,""provider_owner_wallet"":""0xb40971a5d88f31c7b8d88bf93f7d044f1383bf01""}",2026-07-07 16:59:42.853718+00,2026-07-07 16:59:42.853718+00
5f7612f4-d1a5-4d9b-b8e5-bfc681181f97,inv_3161f24b8864,5f7612f4-d1a5-4d9b-b8e5-bfc681181f97,0xf5987818ebbee812eb730b6a395d66e664412cf5,AVA,full,funding_memory,0.005,completed,0x080e70aef0090f994b17ed1eb3ed57667aa14044d6997fe515b7b5cf787e4af2,https://testnet.arcscan.app/tx/0x080e70aef0090f994b17ed1eb3ed57667aa14044d6997fe515b7b5cf787e4af2,1789644510.3277,"{""tier"":""full"",""query"":{""FDV"":15000000,""price"":0.2839,""amount"":855737.058,""source"":""MEXC_FUTURES"",""symbol"":""AVA"",""fromATH"":-50,""exchange"":""MEXC"",""circRatio"":0.65,""marketCap"":10000000,""rawSymbol"":""AVA_USDT"",""volume24h"":2255111.5181,""contractId"":838,""fundingRate"":-0.008912,""contractSize"":1,""openInterest"":855737.058,""source_fields"":{""detailV2_cs"":1,""ticker_holdVol"":3014220,""ticker_amount24"":2255111.5181,""ticker_volume24"":9396108},""longShortRatio"":null,""adapter_version"":""MEXC_FUTURES_V2"",""openInterestBase"":3014220,""openInterestMethod"":""HOLDVOL * DETAILV2.CS * LASTPRICE"",""openInterestChange24h"":null,""openInterestContracts"":3014220,""openInterestEstimated"":false},""symbol"":""AVA"",""paid_at"":1789644510.327705,""pricing"":{""amount_usdc"":""0.005""},""synthetic"":false,""accounting"":{""currency"":""USDC"",""amount_usdc"":""0.005"",""creator_wallet"":""0xb40971a5d88f31c7b8d88bf93f7d044f1383bf01"",""settlement_mode"":""seller_wallet"",""creator_share_bps"":8000,""platform_share_bps"":2000},""amount_raw"":""5000"",""buyer_type"":""agent"",""invoice_id"":""inv_3161f24b8864"",""query_hash"":""79ee8ff3d031c62a143fad11b50cd7778ef27f4e3e259d288b486bc1e706e740"",""run_source"":null,""settlement"":{""mode"":""seller_wallet"",""rail"":""circle_gateway_x402"",""amount"":""0.005"",""network"":""Arc Testnet"",""currency"":""USDC"",""decimals"":6,""token_address"":""0x3600000000000000000000000000000000000000"",""gateway_supported"":true},""agent_label"":null,""amount_usdc"":0.005,""provider_id"":""funding_memory"",""explorer_url"":""https://testnet.arcscan.app/tx/0x080e70aef0090f994b17ed1eb3ed57667aa14044d6997fe515b7b5cf787e4af2"",""payer_address"":""0xf5987818ebbee812eb730b6a395d66e664412cf5"",""resource_type"":""qma_signal_report"",""settlement_id"":""5f7612f4-d1a5-4d9b-b8e5-bfc681181f97"",""arc_settlement"":{""error"":""Circle treasury wallet address does not match the x402 seller"",""action"":""creator_payout"",""status"":""retryable"",""verdict"":""VALID"",""version"":1,""recipient"":""0xb40971a5d88f31c7b8d88bf93f7d044f1383bf01"",""created_at"":1789644586.5400565,""updated_at"":1789957528.9926083,""operation_id"":""arc-verdict:inv_3161f24b8864:creator_payout:v1"",""total_amount_raw"":""5000"",""treasury_address"":""0x23e7c029a287a83d80b2e084e008211658dda11d"",""creator_share_bps"":8000,""creator_amount_raw"":""4000"",""platform_amount_raw"":""1000"",""transfer_amount_raw"":""4000"",""source_settlement_id"":""5f7612f4-d1a5-4d9b-b8e5-bfc681181f97"",""source_gateway_status"":""received""},""gateway_status"":""completed"",""seller_address"":""0x23e7c029a287a83d80b2e084e008211658dda11d"",""transaction_hash"":""0x080e70aef0090f994b17ed1eb3ed57667aa14044d6997fe515b7b5cf787e4af2"",""buyer_wallet_address"":""0xf5987818ebbee812eb730b6a395d66e664412cf5"",""provider_owner_wallet"":""0xb40971a5d88f31c7b8d88bf93f7d044f1383bf01""}",2026-09-17 11:29:51.074695+00,2026-09-17 11:29:51.074695+00
6028f296-3822-455f-9407-09ef160cf7df,inv_919e113d2601,6028f296-3822-455f-9407-09ef160cf7df,0x2c03cd73ad36230a3c5be43d51d72fdca32f53d4,H,full,funding_memory,0.005,completed,0xbdf801c82d8374b5b972910bb6a5118fcbe9423997865cf73c159390eaabc1f6,https://testnet.arcscan.app/tx/0xbdf801c82d8374b5b972910bb6a5118fcbe9423997865cf73c159390eaabc1f6,1781887128.72701,"{""tier"":""full"",""query"":{""FDV"":32344500,""amount"":null,""symbol"":""H"",""fromATH"":-50,""circRatio"":0.67,""marketCap"":21563000,""volume24h"":1343520,""fundingRate"":-0.0087},""symbol"":""H"",""paid_at"":1781887128.7270062,""amount_raw"":""5000"",""buyer_type"":""human"",""invoice_id"":""inv_919e113d2601"",""query_hash"":""78724ff7080cfa396e8477b5e991ecc27469e1610689680c87d7850ea00df007"",""amount_usdc"":0.005,""provider_id"":""funding_memory"",""explorer_url"":""https://testnet.arcscan.app/tx/0xbdf801c82d8374b5b972910bb6a5118fcbe9423997865cf73c159390eaabc1f6"",""payer_address"":""0x2c03cd73ad36230a3c5be43d51d72fdca32f53d4"",""resource_type"":""qma_signal_report"",""settlement_id"":""6028f296-3822-455f-9407-09ef160cf7df"",""gateway_status"":""completed"",""seller_address"":""0x23e7c029a287a83d80b2e084e008211658dda11d"",""transaction_hash"":""0xbdf801c82d8374b5b972910bb6a5118fcbe9423997865cf73c159390eaabc1f6"",""provider_owner_wallet"":""0x23e7c029a287a83d80b2e084e008211658dda11d""}",2026-06-19 16:38:50.559247+00,2026-06-19 16:38:50.559247+00
60304ed3-dafe-44f5-aa01-7665dc5a7540,inv_a41d25aa0abe,60304ed3-dafe-44f5-aa01-7665dc5a7540,0x45667a97bcdd1f190eda978b567e32a7a8234a95,BLUR,preview,funding_memory,0.00095,received,,,1783439436.2462,"{""tier"":""preview"",""query"":{""FDV"":41363086.390200004,""price"":0.02409,""amount"":1281284.9478,""symbol"":""BLUR"",""fromATH"":-50,""circRatio"":0.65,""marketCap"":27575390.9268,""volume24h"":13787695.4634,""fundingRate"":-0.013828,""openInterest"":1281284.9478,""longShortRatio"":null,""openInterestChange24h"":null},""symbol"":""BLUR"",""paid_at"":1783439436.2462027,""pricing"":{""amount_usdc"":""0.00095""},""event_id"":""inv_a41d25aa0abe:creator"",""split_leg"":{""role"":""creator"",""leg_id"":""creator"",""pay_to"":""0xb40971a5d88f31c7b8d88bf93f7d044f1383bf01"",""amount_raw"":""950"",""amount_usdc"":""0.00095""},""accounting"":{""currency"":""USDC"",""amount_usdc"":""0.001187"",""creator_wallet"":""0xb40971a5d88f31c7b8d88bf93f7d044f1383bf01"",""settlement_mode"":""x402_direct_split"",""creator_share_bps"":8000,""platform_share_bps"":2000},""amount_raw"":""950"",""buyer_type"":""agent"",""invoice_id"":""inv_a41d25aa0abe"",""query_hash"":""186e43935c8a266474eee3619df3c11f162e38646276e082414467e2317ac14a"",""settlement"":{""mode"":""x402_direct_split"",""rail"":""circle_gateway_x402"",""amount"":""0.001187"",""network"":""Arc Testnet"",""currency"":""USDC"",""decimals"":6,""token_address"":""0x3600000000000000000000000000000000000000"",""gateway_supported"":true},""amount_usdc"":""0.00095"",""provider_id"":""funding_memory"",""explorer_url"":null,""payer_address"":""0x45667a97bcdd1f190eda978b567e32a7a8234a95"",""resource_type"":""qma_signal_report"",""settlement_id"":""60304ed3-dafe-44f5-aa01-7665dc5a7540"",""gateway_status"":""received"",""seller_address"":""0xb40971a5d88f31c7b8d88bf93f7d044f1383bf01"",""transaction_hash"":null,""provider_owner_wallet"":""0xb40971a5d88f31c7b8d88bf93f7d044f1383bf01""}",2026-07-07 15:50:39.534448+00,2026-07-07 15:50:39.534448+00
6127dbc9-fda6-40c0-8bc9-5602270e62fc,inv_573cfca5b4b1,6127dbc9-fda6-40c0-8bc9-5602270e62fc,0x2c03cd73ad36230a3c5be43d51d72fdca32f53d4,WAVES,legacy,funding_memory,0.05,completed,0x7804cead4303e424bf3ff2ad38ac04896dae8c6acfcaa3ad371922cb2abf8046,https://testnet.arcscan.app/tx/0x7804cead4303e424bf3ff2ad38ac04896dae8c6acfcaa3ad371922cb2abf8046,1781716398.7468,"{""tier"":""legacy"",""symbol"":""WAVES"",""paid_at"":1781716398.746798,""amount_raw"":""50000"",""invoice_id"":""inv_573cfca5b4b1"",""amount_usdc"":0.05,""explorer_url"":""https://testnet.arcscan.app/tx/0x7804cead4303e424bf3ff2ad38ac04896dae8c6acfcaa3ad371922cb2abf8046"",""payer_address"":""0x2c03cd73ad36230a3c5be43d51d72fdca32f53d4"",""settlement_id"":""6127dbc9-fda6-40c0-8bc9-5602270e62fc"",""gateway_status"":""completed"",""seller_address"":""0x23e7c029a287a83d80b2e084e008211658dda11d"",""transaction_hash"":""0x7804cead4303e424bf3ff2ad38ac04896dae8c6acfcaa3ad371922cb2abf8046""}",2026-06-19 09:35:04.052192+00,2026-06-19 16:49:23.325599+00
6261fc9c-1501-4013-83de-33a3ee04405f,inv_0a45b2b95ebd,6261fc9c-1501-4013-83de-33a3ee04405f,0x6a4ac02680fa244e77c4791e12d20c9e40e7fe19,EPIC,preview,funding_memory,0.000916,received,,,1783443271.48154,"{""tier"":""preview"",""query"":{""FDV"":19417505.0349,""price"":0.3369,""amount"":233760.7602,""symbol"":""EPIC"",""fromATH"":-50,""circRatio"":0.65,""marketCap"":12945003.3566,""volume24h"":6472501.6783,""fundingRate"":-0.004368,""openInterest"":233760.7602,""longShortRatio"":null,""openInterestChange24h"":null},""symbol"":""EPIC"",""paid_at"":1783443271.4815419,""pricing"":{""amount_usdc"":""0.000916""},""event_id"":""inv_0a45b2b95ebd:creator"",""split_leg"":{""role"":""creator"",""leg_id"":""creator"",""pay_to"":""0xb40971a5d88f31c7b8d88bf93f7d044f1383bf01"",""amount_raw"":""916"",""amount_usdc"":""0.000916""},""accounting"":{""currency"":""USDC"",""amount_usdc"":""0.001145"",""creator_wallet"":""0xb40971a5d88f31c7b8d88bf93f7d044f1383bf01"",""settlement_mode"":""x402_direct_split"",""creator_share_bps"":8000,""platform_share_bps"":2000},""amount_raw"":""916"",""buyer_type"":""agent"",""invoice_id"":""inv_0a45b2b95ebd"",""query_hash"":""fdfb9c8e06865aa9d00b1191fe6bce78243d105f1d49e2f9a2453bda9cff1efa"",""settlement"":{""mode"":""x402_direct_split"",""rail"":""circle_gateway_x402"",""amount"":""0.001145"",""network"":""Arc Testnet"",""currency"":""USDC"",""decimals"":6,""token_address"":""0x3600000000000000000000000000000000000000"",""gateway_supported"":true},""amount_usdc"":""0.000916"",""provider_id"":""funding_memory"",""explorer_url"":null,""payer_address"":""0x6a4ac02680fa244e77c4791e12d20c9e40e7fe19"",""resource_type"":""qma_signal_report"",""settlement_id"":""6261fc9c-1501-4013-83de-33a3ee04405f"",""gateway_status"":""received"",""seller_address"":""0xb40971a5d88f31c7b8d88bf93f7d044f1383bf01"",""transaction_hash"":null,""provider_owner_wallet"":""0xb40971a5d88f31c7b8d88bf93f7d044f1383bf01""}",2026-07-07 16:54:34.786419+00,2026-07-07 16:54:34.786419+00
628f2e8a-9b7a-462d-8353-920485d4e393,inv_904b403e3841,628f2e8a-9b7a-462d-8353-920485d4e393,0xb40971a5d88f31c7b8d88bf93f7d044f1383bf01,TAIKO,full,funding_memory,0.005,completed,0x41bfc5757ef7b31038715ec5073eeeabd06630b80c5a3120045ea600ae7b56d9,https://testnet.arcscan.app/tx/0x41bfc5757ef7b31038715ec5073eeeabd06630b80c5a3120045ea600ae7b56d9,1782902743.9592,"{""tier"":""full"",""query"":{""FDV"":17280000,""amount"":634942.8864,""symbol"":""TAIKO"",""fromATH"":-50,""circRatio"":0.67,""marketCap"":11520000,""volume24h"":126989,""fundingRate"":-0.0131},""symbol"":""TAIKO"",""paid_at"":1782902743.9592,""amount_raw"":""5000"",""buyer_type"":""human"",""invoice_id"":""inv_904b403e3841"",""query_hash"":""1102a1811ee544a06056b39323be388c7d7c46cb47bd2e3b101a76f19048bec8"",""amount_usdc"":0.005,""provider_id"":""funding_memory"",""explorer_url"":""https://testnet.arcscan.app/tx/0x41bfc5757ef7b31038715ec5073eeeabd06630b80c5a3120045ea600ae7b56d9"",""payer_address"":""0xb40971a5d88f31c7b8d88bf93f7d044f1383bf01"",""resource_type"":""qma_signal_report"",""settlement_id"":""628f2e8a-9b7a-462d-8353-920485d4e393"",""gateway_status"":""completed"",""seller_address"":""0x23e7c029a287a83d80b2e084e008211658dda11d"",""transaction_hash"":""0x41bfc5757ef7b31038715ec5073eeeabd06630b80c5a3120045ea600ae7b56d9"",""provider_owner_wallet"":""0x23e7c029a287a83d80b2e084e008211658dda11d""}",2026-07-01 10:45:46.047744+00,2026-07-01 10:45:46.047744+00
63386a73-d8dd-41a5-b228-ab26b4fe89e7,inv_dd42c89d8b43,63386a73-d8dd-41a5-b228-ab26b4fe89e7,0x6a4ac02680fa244e77c4791e12d20c9e40e7fe19,SPELL,preview,funding_memory,0.000233,received,,,1783442971.38516,"{""tier"":""preview"",""query"":{""FDV"":15000000,""price"":0.0001094,""amount"":312696.89318,""symbol"":""SPELL"",""fromATH"":-50,""circRatio"":0.65,""marketCap"":10000000,""volume24h"":921355.14128,""fundingRate"":-0.018055,""openInterest"":312696.89318,""longShortRatio"":null,""openInterestChange24h"":null},""symbol"":""SPELL"",""paid_at"":1783442971.3851626,""pricing"":{""amount_usdc"":""0.000233""},""event_id"":""inv_dd42c89d8b43:platform"",""split_leg"":{""role"":""platform"",""leg_id"":""platform"",""pay_to"":""0x23e7c029a287a83d80b2e084e008211658dda11d"",""amount_raw"":""233"",""amount_usdc"":""0.000233""},""accounting"":{""currency"":""USDC"",""amount_usdc"":""0.001167"",""creator_wallet"":""0xb40971a5d88f31c7b8d88bf93f7d044f1383bf01"",""settlement_mode"":""x402_direct_split"",""creator_share_bps"":8000,""platform_share_bps"":2000},""amount_raw"":""233"",""buyer_type"":""agent"",""invoice_id"":""inv_dd42c89d8b43"",""query_hash"":""9502ded5e6e0c0da6e95b9e14114500e0bcebfecf746b320abb386d5dde83ff7"",""settlement"":{""mode"":""x402_direct_split"",""rail"":""circle_gateway_x402"",""amount"":""0.001167"",""network"":""Arc Testnet"",""currency"":""USDC"",""decimals"":6,""token_address"":""0x3600000000000000000000000000000000000000"",""gateway_supported"":true},""amount_usdc"":""0.000233"",""provider_id"":""funding_memory"",""explorer_url"":null,""payer_address"":""0x6a4ac02680fa244e77c4791e12d20c9e40e7fe19"",""resource_type"":""qma_signal_report"",""settlement_id"":""63386a73-d8dd-41a5-b228-ab26b4fe89e7"",""gateway_status"":""received"",""seller_address"":""0x23e7c029a287a83d80b2e084e008211658dda11d"",""transaction_hash"":null,""provider_owner_wallet"":""0xb40971a5d88f31c7b8d88bf93f7d044f1383bf01""}",2026-07-07 16:49:34.000643+00,2026-07-07 16:49:34.000643+00
637bb0e7-f199-4bbf-8d0b-e21be9fc1f3a,inv_631c7f409261,637bb0e7-f199-4bbf-8d0b-e21be9fc1f3a,0x9a6126cf24d565f6fd7ad3639f7bf11928c385df,APDSTOCK,full,oi_memory,0.00472,completed,,,1783591103.06632,"{""tier"":""full"",""query"":{""FDV"":15666265.66725,""price"":297.33,""amount"":2088835.4223,""symbol"":""APDSTOCK"",""fromATH"":-50,""circRatio"":0.65,""marketCap"":10444177.1115,""volume24h"":98575.1998,""fundingRate"":-0.010426,""openInterest"":2088835.4223,""longShortRatio"":null,""openInterestChange24h"":null},""symbol"":""APDSTOCK"",""paid_at"":1783591103.0663183,""pricing"":{""amount_usdc"":""0.00472""},""event_id"":""inv_631c7f409261:creator"",""split_leg"":{""role"":""creator"",""leg_id"":""creator"",""pay_to"":""0x2222222222222222222222222222222222222222"",""amount_raw"":""4720"",""amount_usdc"":""0.00472""},""synthetic"":true,""accounting"":{""currency"":""USDC"",""amount_usdc"":""0.0059"",""creator_wallet"":""0x2222222222222222222222222222222222222222"",""settlement_mode"":""x402_direct_split"",""creator_share_bps"":8000,""platform_share_bps"":2000},""amount_raw"":""4720"",""buyer_type"":""agent"",""invoice_id"":""inv_631c7f409261"",""query_hash"":""574a3fac451b132959d0fd6f18109f8d265596dfd81391b5aabf85e7458b6f3d"",""run_source"":null,""settlement"":{""mode"":""x402_direct_split"",""rail"":""circle_gateway_x402"",""amount"":""0.0059"",""network"":""Arc Testnet"",""currency"":""USDC"",""decimals"":6,""token_address"":""0x3600000000000000000000000000000000000000"",""gateway_supported"":true},""agent_label"":""copilot"",""amount_usdc"":""0.00472"",""provider_id"":""oi_memory"",""explorer_url"":null,""payer_address"":""0x9a6126cf24d565f6fd7ad3639f7bf11928c385df"",""resource_type"":""qma_signal_report"",""settlement_id"":""637bb0e7-f199-4bbf-8d0b-e21be9fc1f3a"",""gateway_status"":""completed"",""seller_address"":""0x2222222222222222222222222222222222222222"",""transaction_hash"":null,""provider_owner_wallet"":""0x2222222222222222222222222222222222222222""}",2026-07-09 09:58:26.597191+00,2026-07-09 09:58:26.597191+00
6581166c-e0d9-41df-b3a1-3418f093998c,inv_095285699413,6581166c-e0d9-41df-b3a1-3418f093998c,0xf5987818ebbee812eb730b6a395d66e664412cf5,H,full,funding_memory,0.005,completed,0xe0b698f9d6c9ac0c3184876fded35eb5c66c70cebd901ca9805c07b429a3d6a7,https://testnet.arcscan.app/tx/0xe0b698f9d6c9ac0c3184876fded35eb5c66c70cebd901ca9805c07b429a3d6a7,1781924941.5329,"{""tier"":""full"",""query"":{""FDV"":31530000,""amount"":9074221.7532,""symbol"":""H"",""fromATH"":-50,""circRatio"":0.666666666667,""marketCap"":21020000,""volume24h"":1814844.35064,""fundingRate"":-0.004263},""symbol"":""H"",""paid_at"":1781924941.532902,""amount_raw"":""5000"",""buyer_type"":""agent"",""invoice_id"":""inv_095285699413"",""query_hash"":""87a56a6db28fe848121b020e66d8079483aa0dcd8d1836d6b700e8564710a218"",""amount_usdc"":0.005,""provider_id"":""funding_memory"",""explorer_url"":""https://testnet.arcscan.app/tx/0xe0b698f9d6c9ac0c3184876fded35eb5c66c70cebd901ca9805c07b429a3d6a7"",""payer_address"":""0xf5987818ebbee812eb730b6a395d66e664412cf5"",""resource_type"":""qma_signal_report"",""settlement_id"":""6581166c-e0d9-41df-b3a1-3418f093998c"",""gateway_status"":""completed"",""seller_address"":""0x23e7c029a287a83d80b2e084e008211658dda11d"",""transaction_hash"":""0xe0b698f9d6c9ac0c3184876fded35eb5c66c70cebd901ca9805c07b429a3d6a7"",""provider_owner_wallet"":""0x23e7c029a287a83d80b2e084e008211658dda11d""}",2026-06-20 03:09:02.856111+00,2026-06-20 03:09:02.856111+00
65e77e44-1044-4274-823e-50b884bb1f73,inv_8bb53d61f9b3,65e77e44-1044-4274-823e-50b884bb1f73,0xa397a50ad5729878c160e84ca1d8fd41880788ff,H_USDC,preview,funding_memory,0.001,completed,0x106931f05408433a4a42ced0888562ac1e454843088a9e38fd5f8c0db1b80dba,https://testnet.arcscan.app/tx/0x106931f05408433a4a42ced0888562ac1e454843088a9e38fd5f8c0db1b80dba,1782117813.14849,"{""tier"":""preview"",""query"":{""FDV"":23796000,""amount"":null,""symbol"":""H_USDC"",""fromATH"":-50,""circRatio"":0.67,""marketCap"":15864000,""volume24h"":39980,""fundingRate"":-0.0041},""symbol"":""H_USDC"",""paid_at"":1782117813.14849,""amount_raw"":""1000"",""buyer_type"":""human"",""invoice_id"":""inv_8bb53d61f9b3"",""query_hash"":""ad685a408a3a4b565eb941cac2e319e8dd660af4ff81e91bc10e17f2f1e0d2d9"",""amount_usdc"":0.001,""provider_id"":""funding_memory"",""explorer_url"":""https://testnet.arcscan.app/tx/0x106931f05408433a4a42ced0888562ac1e454843088a9e38fd5f8c0db1b80dba"",""payer_address"":""0xa397a50ad5729878c160e84ca1d8fd41880788ff"",""resource_type"":""qma_signal_report"",""settlement_id"":""65e77e44-1044-4274-823e-50b884bb1f73"",""gateway_status"":""completed"",""seller_address"":""0x23e7c029a287a83d80b2e084e008211658dda11d"",""transaction_hash"":""0x106931f05408433a4a42ced0888562ac1e454843088a9e38fd5f8c0db1b80dba"",""provider_owner_wallet"":""0x23e7c029a287a83d80b2e084e008211658dda11d""}",2026-06-22 08:43:35.903683+00,2026-06-22 08:43:35.903683+00
67d9dde2-9eb2-4639-b950-68a79714a019,inv_f6919d928e59,67d9dde2-9eb2-4639-b950-68a79714a019,0xce05679737fbb009e0c9998e927364fb24bfc0e4,SPELL,full,funding_memory,0.001158,received,,,1783442634.62313,"{""tier"":""full"",""query"":{""FDV"":15000000,""price"":0.0001135,""amount"":314244.63519999996,""symbol"":""SPELL"",""fromATH"":-50,""circRatio"":0.65,""marketCap"":10000000,""volume24h"":848804.98667,""fundingRate"":-0.01658,""openInterest"":314244.63519999996,""longShortRatio"":null,""openInterestChange24h"":null},""symbol"":""SPELL"",""paid_at"":1783442634.623131,""pricing"":{""amount_usdc"":""0.001158""},""event_id"":""inv_f6919d928e59:platform"",""split_leg"":{""role"":""platform"",""leg_id"":""platform"",""pay_to"":""0x23e7c029a287a83d80b2e084e008211658dda11d"",""amount_raw"":""1158"",""amount_usdc"":""0.001158""},""accounting"":{""currency"":""USDC"",""amount_usdc"":""0.005791"",""creator_wallet"":""0xb40971a5d88f31c7b8d88bf93f7d044f1383bf01"",""settlement_mode"":""x402_direct_split"",""creator_share_bps"":8000,""platform_share_bps"":2000},""amount_raw"":""1158"",""buyer_type"":""agent"",""invoice_id"":""inv_f6919d928e59"",""query_hash"":""d4058a63579bbba0b60e81d24e82ed17c37d6b20c3488640e9f395ac705bb6f4"",""settlement"":{""mode"":""x402_direct_split"",""rail"":""circle_gateway_x402"",""amount"":""0.005791"",""network"":""Arc Testnet"",""currency"":""USDC"",""decimals"":6,""token_address"":""0x3600000000000000000000000000000000000000"",""gateway_supported"":true},""amount_usdc"":""0.001158"",""provider_id"":""funding_memory"",""explorer_url"":null,""payer_address"":""0xce05679737fbb009e0c9998e927364fb24bfc0e4"",""resource_type"":""qma_signal_report"",""settlement_id"":""67d9dde2-9eb2-4639-b950-68a79714a019"",""gateway_status"":""received"",""seller_address"":""0x23e7c029a287a83d80b2e084e008211658dda11d"",""transaction_hash"":null,""provider_owner_wallet"":""0xb40971a5d88f31c7b8d88bf93f7d044f1383bf01""}",2026-07-07 16:43:57.417573+00,2026-07-07 16:43:57.417573+00
68757d05-e1ca-4838-b613-ce772e4a0881,inv_5f2563eeeaf0,68757d05-e1ca-4838-b613-ce772e4a0881,0x2c03cd73ad36230a3c5be43d51d72fdca32f53d4,ID,legacy,funding_memory,0.05,completed,0x6f9eb475b8b77bf5c4adc2751a5d3d023ee644e74bdfe6435273cec6a2de1ff1,https://testnet.arcscan.app/tx/0x6f9eb475b8b77bf5c4adc2751a5d3d023ee644e74bdfe6435273cec6a2de1ff1,1781746439.12051,"{""tier"":""legacy"",""symbol"":""ID"",""paid_at"":1781746439.120506,""amount_raw"":""50000"",""invoice_id"":""inv_5f2563eeeaf0"",""amount_usdc"":0.05,""explorer_url"":""https://testnet.arcscan.app/tx/0x6f9eb475b8b77bf5c4adc2751a5d3d023ee644e74bdfe6435273cec6a2de1ff1"",""payer_address"":""0x2c03cd73ad36230a3c5be43d51d72fdca32f53d4"",""settlement_id"":""68757d05-e1ca-4838-b613-ce772e4a0881"",""gateway_status"":""completed"",""seller_address"":""0x23e7c029a287a83d80b2e084e008211658dda11d"",""transaction_hash"":""0x6f9eb475b8b77bf5c4adc2751a5d3d023ee644e74bdfe6435273cec6a2de1ff1""}",2026-06-19 09:35:04.052192+00,2026-06-19 16:49:23.325599+00
68d27234-80ed-4ff7-8fb5-4cf3b88add9c,inv_a47c4c807c77,68d27234-80ed-4ff7-8fb5-4cf3b88add9c,0xf5987818ebbee812eb730b6a395d66e664412cf5,IOST,preview,oi_memory,0.000226,completed,,,1789012497.2461,"{""tier"":""preview"",""query"":{""FDV"":144248087.6658,""price"":0.0011816,""amount"":1635289.3810400001,""source"":""MEXC_FUTURES"",""symbol"":""IOST"",""fromATH"":-50,""exchange"":""MEXC"",""circRatio"":0.65,""marketCap"":96165391.7772,""rawSymbol"":""IOST_USDT"",""volume24h"":48082695.8886,""contractId"":57,""fundingRate"":-0.019089,""contractSize"":100,""openInterest"":1635289.3810400001,""source_fields"":{""detailV2_cs"":100,""ticker_holdVol"":13839619,""ticker_amount24"":48082695.8886,""ticker_volume24"":293725544},""longShortRatio"":null,""adapter_version"":""MEXC_FUTURES_V2"",""openInterestBase"":1383961900,""openInterestMethod"":""HOLDVOL * DETAILV2.CS * LASTPRICE"",""openInterestChange24h"":null,""openInterestContracts"":13839619,""openInterestEstimated"":false},""symbol"":""IOST"",""paid_at"":1789012497.2460997,""pricing"":{""amount_usdc"":""0.000226""},""event_id"":""inv_a47c4c807c77:platform"",""split_leg"":{""role"":""platform"",""leg_id"":""platform"",""pay_to"":""0x23e7c029a287a83d80b2e084e008211658dda11d"",""amount_raw"":""226"",""amount_usdc"":""0.000226""},""synthetic"":false,""accounting"":{""currency"":""USDC"",""amount_usdc"":""0.001129"",""creator_wallet"":""0x2222222222222222222222222222222222222222"",""settlement_mode"":""x402_direct_split"",""creator_share_bps"":8000,""platform_share_bps"":2000},""amount_raw"":""226"",""buyer_type"":""agent"",""invoice_id"":""inv_a47c4c807c77"",""query_hash"":""1a75e8dc1f5f53f92f092b661e7118f0de92146bd9e6da2c74913e61bf61b9b8"",""run_source"":""agent_session_mtuzufxl"",""settlement"":{""mode"":""x402_direct_split"",""rail"":""circle_gateway_x402"",""amount"":""0.001129"",""network"":""Arc Testnet"",""currency"":""USDC"",""decimals"":6,""token_address"":""0x3600000000000000000000000000000000000000"",""gateway_supported"":true},""agent_label"":""autonomous-session"",""amount_usdc"":""0.000226"",""provider_id"":""oi_memory"",""explorer_url"":null,""payer_address"":""0xf5987818ebbee812eb730b6a395d66e664412cf5"",""resource_type"":""qma_signal_report"",""settlement_id"":""68d27234-80ed-4ff7-8fb5-4cf3b88add9c"",""gateway_status"":""completed"",""seller_address"":""0x23e7c029a287a83d80b2e084e008211658dda11d"",""transaction_hash"":null,""buyer_wallet_address"":""0xf5987818ebbee812eb730b6a395d66e664412cf5"",""provider_owner_wallet"":""0x2222222222222222222222222222222222222222""}",2026-09-10 03:54:59.341323+00,2026-09-10 03:54:59.341323+00
69958423-443e-4e86-90ee-ad5898bab3fa,inv_f66dd802a1b2,69958423-443e-4e86-90ee-ad5898bab3fa,0xf10240a13427c73f53d795f7d8d3c397f896d4ae,H_USDC,full,funding_memory,0.005,completed,0x357f6a221fe6b2ce88a1efb6a0717fb7a9312c32cef6b85acdee40992dd02db4,https://testnet.arcscan.app/tx/0x357f6a221fe6b2ce88a1efb6a0717fb7a9312c32cef6b85acdee40992dd02db4,1782143689.30402,"{""tier"":""full"",""query"":{""FDV"":21102000,""amount"":null,""symbol"":""H_USDC"",""fromATH"":-50,""circRatio"":0.67,""marketCap"":14068000,""volume24h"":36211,""fundingRate"":-0.009},""symbol"":""H_USDC"",""paid_at"":1782143689.3040187,""amount_raw"":""5000"",""buyer_type"":""human"",""invoice_id"":""inv_f66dd802a1b2"",""query_hash"":""ea1b0d9a8ba12021c770d6bb83b9a14d7f14da4dd92b5e1b8768ad440cb1b143"",""amount_usdc"":0.005,""provider_id"":""funding_memory"",""explorer_url"":""https://testnet.arcscan.app/tx/0x357f6a221fe6b2ce88a1efb6a0717fb7a9312c32cef6b85acdee40992dd02db4"",""payer_address"":""0xf10240a13427c73f53d795f7d8d3c397f896d4ae"",""resource_type"":""qma_signal_report"",""settlement_id"":""69958423-443e-4e86-90ee-ad5898bab3fa"",""gateway_status"":""completed"",""seller_address"":""0x23e7c029a287a83d80b2e084e008211658dda11d"",""transaction_hash"":""0x357f6a221fe6b2ce88a1efb6a0717fb7a9312c32cef6b85acdee40992dd02db4"",""provider_owner_wallet"":""0x23e7c029a287a83d80b2e084e008211658dda11d""}",2026-06-22 15:54:53.009706+00,2026-06-22 15:54:53.009706+00
69edf5f3-8999-42e4-80af-0f164142fd70,inv_48b4c0eda8e8,69edf5f3-8999-42e4-80af-0f164142fd70,0x8b25339f488645dc01a5aacb1dd92d51dbff1bca,H_USDC,preview,funding_memory,0.001,completed,0x91e7be9ef63088a93c85f9e60275966629fa594b0cf188b1bf81c95183a86499,https://testnet.arcscan.app/tx/0x91e7be9ef63088a93c85f9e60275966629fa594b0cf188b1bf81c95183a86499,1782026805.13708,"{""tier"":""preview"",""query"":{""FDV"":28638000,""amount"":null,""symbol"":""H_USDC"",""fromATH"":-50,""circRatio"":0.67,""marketCap"":19092000,""volume24h"":47269,""fundingRate"":-0.0113},""symbol"":""H_USDC"",""paid_at"":1782026805.1370819,""amount_raw"":""1000"",""buyer_type"":""human"",""invoice_id"":""inv_48b4c0eda8e8"",""query_hash"":""5a47d8a41c6bd609d749cae24b5f7b9c9779b93a44c9eca964389c628c99ee50"",""amount_usdc"":0.001,""provider_id"":""funding_memory"",""explorer_url"":""https://testnet.arcscan.app/tx/0x91e7be9ef63088a93c85f9e60275966629fa594b0cf188b1bf81c95183a86499"",""payer_address"":""0x8b25339f488645dc01a5aacb1dd92d51dbff1bca"",""resource_type"":""qma_signal_report"",""settlement_id"":""69edf5f3-8999-42e4-80af-0f164142fd70"",""gateway_status"":""completed"",""seller_address"":""0x23e7c029a287a83d80b2e084e008211658dda11d"",""transaction_hash"":""0x91e7be9ef63088a93c85f9e60275966629fa594b0cf188b1bf81c95183a86499"",""provider_owner_wallet"":""0x23e7c029a287a83d80b2e084e008211658dda11d""}",2026-06-21 07:26:46.803081+00,2026-06-21 07:26:46.803081+00
6a93aa96-13a1-42cd-884e-037d931675a8,inv_21bddd629de5,6a93aa96-13a1-42cd-884e-037d931675a8,0x65d923ba4917ef8523687609b3641f3a0cbc3971,EPIC,full,funding_memory,0.001145,received,,,1783443388.36559,"{""tier"":""full"",""query"":{""FDV"":19421343.2847,""price"":0.3353,""amount"":231888.1152,""symbol"":""EPIC"",""fromATH"":-50,""circRatio"":0.65,""marketCap"":12947562.1898,""volume24h"":6473781.0949,""fundingRate"":-0.004485,""openInterest"":231888.1152,""longShortRatio"":null,""openInterestChange24h"":null},""symbol"":""EPIC"",""paid_at"":1783443388.3655865,""pricing"":{""amount_usdc"":""0.001145""},""event_id"":""inv_21bddd629de5:platform"",""split_leg"":{""role"":""platform"",""leg_id"":""platform"",""pay_to"":""0x23e7c029a287a83d80b2e084e008211658dda11d"",""amount_raw"":""1145"",""amount_usdc"":""0.001145""},""accounting"":{""currency"":""USDC"",""amount_usdc"":""0.005726"",""creator_wallet"":""0xb40971a5d88f31c7b8d88bf93f7d044f1383bf01"",""settlement_mode"":""x402_direct_split"",""creator_share_bps"":8000,""platform_share_bps"":2000},""amount_raw"":""1145"",""buyer_type"":""agent"",""invoice_id"":""inv_21bddd629de5"",""query_hash"":""0e853363ec86b676c5c3c0c662acc22fe25a7e113a3ceb8b110b946d7dadbb19"",""settlement"":{""mode"":""x402_direct_split"",""rail"":""circle_gateway_x402"",""amount"":""0.005726"",""network"":""Arc Testnet"",""currency"":""USDC"",""decimals"":6,""token_address"":""0x3600000000000000000000000000000000000000"",""gateway_supported"":true},""amount_usdc"":""0.001145"",""provider_id"":""funding_memory"",""explorer_url"":null,""payer_address"":""0x65d923ba4917ef8523687609b3641f3a0cbc3971"",""resource_type"":""qma_signal_report"",""settlement_id"":""6a93aa96-13a1-42cd-884e-037d931675a8"",""gateway_status"":""received"",""seller_address"":""0x23e7c029a287a83d80b2e084e008211658dda11d"",""transaction_hash"":null,""provider_owner_wallet"":""0xb40971a5d88f31c7b8d88bf93f7d044f1383bf01""}",2026-07-07 16:56:30.699088+00,2026-07-07 16:56:30.699088+00
6adf8040-5260-4639-8fdd-fd15a7b4ee87,inv_8d1345d5cad2,6adf8040-5260-4639-8fdd-fd15a7b4ee87,0xbe6ee76916726d1d04155dde8923d58e720557a1,TAIKO,full,funding_memory,0.005,completed,0xb9e7cdf4e6b69ee6a6e8a5cf8989d763c67a95efd64e621845006cd94828636f,https://testnet.arcscan.app/tx/0xb9e7cdf4e6b69ee6a6e8a5cf8989d763c67a95efd64e621845006cd94828636f,1782184118.81212,"{""tier"":""full"",""query"":{""FDV"":10605000,""amount"":117296.5318,""symbol"":""TAIKO"",""fromATH"":-50,""circRatio"":0.666666666667,""marketCap"":7070000,""volume24h"":23459.306360000002,""fundingRate"":-0.00451},""symbol"":""TAIKO"",""paid_at"":1782184118.812119,""amount_raw"":""5000"",""buyer_type"":""human"",""invoice_id"":""inv_8d1345d5cad2"",""query_hash"":""a872b0b9fd6b95fad5b38fa483437c35d274443ff9f8dcb7bff7eab7e9288efe"",""amount_usdc"":0.005,""provider_id"":""funding_memory"",""explorer_url"":""https://testnet.arcscan.app/tx/0xb9e7cdf4e6b69ee6a6e8a5cf8989d763c67a95efd64e621845006cd94828636f"",""payer_address"":""0xbe6ee76916726d1d04155dde8923d58e720557a1"",""resource_type"":""qma_signal_report"",""settlement_id"":""6adf8040-5260-4639-8fdd-fd15a7b4ee87"",""gateway_status"":""completed"",""seller_address"":""0x23e7c029a287a83d80b2e084e008211658dda11d"",""transaction_hash"":""0xb9e7cdf4e6b69ee6a6e8a5cf8989d763c67a95efd64e621845006cd94828636f"",""provider_owner_wallet"":""0x23e7c029a287a83d80b2e084e008211658dda11d""}",2026-06-23 03:08:43.172909+00,2026-06-23 03:08:43.172909+00
6b01464b-dba3-4b08-8360-d3cea0454789,inv_ef89f2689447,6b01464b-dba3-4b08-8360-d3cea0454789,0x2c03cd73ad36230a3c5be43d51d72fdca32f53d4,PRL,legacy,funding_memory,0.05,completed,0x45117e4126b0c3d872cb2759778b22bf218082c21f49303ea69798c4d86652d0,https://testnet.arcscan.app/tx/0x45117e4126b0c3d872cb2759778b22bf218082c21f49303ea69798c4d86652d0,1781714559.05228,"{""tier"":""legacy"",""symbol"":""PRL"",""paid_at"":1781714559.0522828,""amount_raw"":""50000"",""invoice_id"":""inv_ef89f2689447"",""amount_usdc"":0.05,""explorer_url"":""https://testnet.arcscan.app/tx/0x45117e4126b0c3d872cb2759778b22bf218082c21f49303ea69798c4d86652d0"",""payer_address"":""0x2c03cd73ad36230a3c5be43d51d72fdca32f53d4"",""settlement_id"":""6b01464b-dba3-4b08-8360-d3cea0454789"",""gateway_status"":""completed"",""seller_address"":""0x23e7c029a287a83d80b2e084e008211658dda11d"",""transaction_hash"":""0x45117e4126b0c3d872cb2759778b22bf218082c21f49303ea69798c4d86652d0""}",2026-06-19 09:35:04.052192+00,2026-06-19 16:49:23.325599+00
6bc24491-ff1c-48f5-bb13-c2b6c601b2ed,inv_5f5b214d76cd,6bc24491-ff1c-48f5-bb13-c2b6c601b2ed,0xd14f332e28260eba4dfe9f9bdc5a0c8428b5947c,PRL,legacy,funding_memory,0.05,completed,0xc201d0e0b567563fcc89b832f55d215e0688aa9cfa173cfc1530beeeed6b24af,https://testnet.arcscan.app/tx/0xc201d0e0b567563fcc89b832f55d215e0688aa9cfa173cfc1530beeeed6b24af,1781717757.19278,"{""tier"":""legacy"",""symbol"":""PRL"",""paid_at"":1781717757.1927826,""amount_raw"":""50000"",""invoice_id"":""inv_5f5b214d76cd"",""amount_usdc"":0.05,""explorer_url"":""https://testnet.arcscan.app/tx/0xc201d0e0b567563fcc89b832f55d215e0688aa9cfa173cfc1530beeeed6b24af"",""payer_address"":""0xd14f332e28260eba4dfe9f9bdc5a0c8428b5947c"",""settlement_id"":""6bc24491-ff1c-48f5-bb13-c2b6c601b2ed"",""gateway_status"":""completed"",""seller_address"":""0x23e7c029a287a83d80b2e084e008211658dda11d"",""transaction_hash"":""0xc201d0e0b567563fcc89b832f55d215e0688aa9cfa173cfc1530beeeed6b24af""}",2026-06-19 09:35:04.052192+00,2026-06-19 16:49:23.325599+00
6c93df88-201a-453a-a15c-6ab01a56327e,inv_e6445f4ace3e,6c93df88-201a-453a-a15c-6ab01a56327e,0x6a4ac02680fa244e77c4791e12d20c9e40e7fe19,GWEI,preview,funding_memory,0.000223,completed,,,1783446970.80651,"{""tier"":""preview"",""query"":{""FDV"":15000000,""price"":0.1086,""amount"":1279731.54,""symbol"":""GWEI"",""fromATH"":-50,""circRatio"":0.65,""marketCap"":10000000,""volume24h"":1078171.47,""fundingRate"":-0.006029,""openInterest"":1279731.54,""longShortRatio"":null,""openInterestChange24h"":null},""symbol"":""GWEI"",""paid_at"":1783446970.8065147,""pricing"":{""amount_usdc"":""0.000223""},""event_id"":""inv_e6445f4ace3e:platform"",""split_leg"":{""role"":""platform"",""leg_id"":""platform"",""pay_to"":""0x23e7c029a287a83d80b2e084e008211658dda11d"",""amount_raw"":""223"",""amount_usdc"":""0.000223""},""accounting"":{""currency"":""USDC"",""amount_usdc"":""0.001117"",""creator_wallet"":""0xb40971a5d88f31c7b8d88bf93f7d044f1383bf01"",""settlement_mode"":""x402_direct_split"",""creator_share_bps"":8000,""platform_share_bps"":2000},""amount_raw"":""223"",""buyer_type"":""agent"",""invoice_id"":""inv_e6445f4ace3e"",""query_hash"":""5b8e9c2a158bd720c602bd09b5d0017f6b3f2a3c538a2194f7363817b8a7b41a"",""settlement"":{""mode"":""x402_direct_split"",""rail"":""circle_gateway_x402"",""amount"":""0.001117"",""network"":""Arc Testnet"",""currency"":""USDC"",""decimals"":6,""token_address"":""0x3600000000000000000000000000000000000000"",""gateway_supported"":true},""amount_usdc"":""0.000223"",""provider_id"":""funding_memory"",""explorer_url"":null,""payer_address"":""0x6a4ac02680fa244e77c4791e12d20c9e40e7fe19"",""resource_type"":""qma_signal_report"",""settlement_id"":""6c93df88-201a-453a-a15c-6ab01a56327e"",""gateway_status"":""completed"",""seller_address"":""0x23e7c029a287a83d80b2e084e008211658dda11d"",""transaction_hash"":null,""provider_owner_wallet"":""0xb40971a5d88f31c7b8d88bf93f7d044f1383bf01""}",2026-07-07 17:56:13.222449+00,2026-07-07 17:56:13.222449+00
6cc45778-2de0-4b46-b26a-9c9684499b15,inv_378937b06c19,6cc45778-2de0-4b46-b26a-9c9684499b15,0x9a6126cf24d565f6fd7ad3639f7bf11928c385df,APDSTOCK,full,oi_memory,0.00118,completed,,,1783591555.70223,"{""tier"":""full"",""query"":{""FDV"":15658362.193500001,""price"":297.18,""amount"":2087781.6258000003,""symbol"":""APDSTOCK"",""fromATH"":-50,""circRatio"":0.65,""marketCap"":10438908.129,""volume24h"":91439.6011,""fundingRate"":-0.010494,""openInterest"":2087781.6258000003,""longShortRatio"":null,""openInterestChange24h"":null},""symbol"":""APDSTOCK"",""paid_at"":1783591555.7022302,""pricing"":{""amount_usdc"":""0.00118""},""event_id"":""inv_378937b06c19:platform"",""split_leg"":{""role"":""platform"",""leg_id"":""platform"",""pay_to"":""0x23e7c029a287a83d80b2e084e008211658dda11d"",""amount_raw"":""1180"",""amount_usdc"":""0.00118""},""synthetic"":true,""accounting"":{""currency"":""USDC"",""amount_usdc"":""0.0059"",""creator_wallet"":""0x2222222222222222222222222222222222222222"",""settlement_mode"":""x402_direct_split"",""creator_share_bps"":8000,""platform_share_bps"":2000},""amount_raw"":""1180"",""buyer_type"":""agent"",""invoice_id"":""inv_378937b06c19"",""query_hash"":""e7e71fb9262e1e654993709c23076f84b5145edac94ae12bf296631ea04270e8"",""run_source"":null,""settlement"":{""mode"":""x402_direct_split"",""rail"":""circle_gateway_x402"",""amount"":""0.0059"",""network"":""Arc Testnet"",""currency"":""USDC"",""decimals"":6,""token_address"":""0x3600000000000000000000000000000000000000"",""gateway_supported"":true},""agent_label"":""copilot"",""amount_usdc"":""0.00118"",""provider_id"":""oi_memory"",""explorer_url"":null,""payer_address"":""0x9a6126cf24d565f6fd7ad3639f7bf11928c385df"",""resource_type"":""qma_signal_report"",""settlement_id"":""6cc45778-2de0-4b46-b26a-9c9684499b15"",""gateway_status"":""completed"",""seller_address"":""0x23e7c029a287a83d80b2e084e008211658dda11d"",""transaction_hash"":null,""provider_owner_wallet"":""0x2222222222222222222222222222222222222222""}",2026-07-09 10:05:59.207416+00,2026-07-09 10:05:59.207416+00
6d2dd932-a701-4226-9644-1f465ce8a237,inv_8bddb430c542,6d2dd932-a701-4226-9644-1f465ce8a237,0x2c03cd73ad36230a3c5be43d51d72fdca32f53d4,THE,preview,funding_memory,0.001094,completed,0x8dcb108b47a86666e4e3ae79c51192efa9f1d2d72ceeb04f76de61bd0d7da017,https://testnet.arcscan.app/tx/0x8dcb108b47a86666e4e3ae79c51192efa9f1d2d72ceeb04f76de61bd0d7da017,1784002808.36216,"{""tier"":""preview"",""query"":{""FDV"":9075000,""amount"":140258.84399999998,""symbol"":""THE"",""fromATH"":-50,""circRatio"":0.666666666667,""marketCap"":6050000,""volume24h"":28051.768799999998,""fundingRate"":-0.007041},""symbol"":""THE"",""paid_at"":1784002808.3621578,""amount_raw"":""1094"",""buyer_type"":""agent"",""invoice_id"":""inv_8bddb430c542"",""query_hash"":""644aea5424897b0a44e168a8d90218c3a80e85dfa28b0159ba25b9e544fe8555"",""amount_usdc"":0.001094,""provider_id"":""funding_memory"",""explorer_url"":""https://testnet.arcscan.app/tx/0x8dcb108b47a86666e4e3ae79c51192efa9f1d2d72ceeb04f76de61bd0d7da017"",""payer_address"":""0x2c03cd73ad36230a3c5be43d51d72fdca32f53d4"",""resource_type"":""qma_signal_report"",""settlement_id"":""6d2dd932-a701-4226-9644-1f465ce8a237"",""gateway_status"":""completed"",""seller_address"":""0x23e7c029a287a83d80b2e084e008211658dda11d"",""transaction_hash"":""0x8dcb108b47a86666e4e3ae79c51192efa9f1d2d72ceeb04f76de61bd0d7da017"",""provider_owner_wallet"":""0x23e7c029a287a83d80b2e084e008211658dda11d""}",2026-07-14 04:20:10.334964+00,2026-07-14 04:20:10.334964+00
6fa0d388-6891-4b37-a001-99d249fe5656,inv_9840d0c309cb,6fa0d388-6891-4b37-a001-99d249fe5656,0xf5987818ebbee812eb730b6a395d66e664412cf5,H,full,funding_memory,0.005,completed,0x37292b84fcf65812f044ce1c3526fdd0be2164f4e5d4d9503a3006fcf36977f7,https://testnet.arcscan.app/tx/0x37292b84fcf65812f044ce1c3526fdd0be2164f4e5d4d9503a3006fcf36977f7,1782114615.24945,"{""tier"":""full"",""query"":{""FDV"":24364500,""amount"":5770298.461759999,""symbol"":""H"",""fromATH"":-50,""circRatio"":0.666666666667,""marketCap"":16243000,""volume24h"":1154059.692352,""fundingRate"":-0.004423},""symbol"":""H"",""paid_at"":1782114615.2494504,""amount_raw"":""5000"",""buyer_type"":""agent"",""invoice_id"":""inv_9840d0c309cb"",""query_hash"":""e36b7db337ea874c1ca0a77310eadd86336dd82551c1e4b7bb407c4f7a4be025"",""amount_usdc"":0.005,""provider_id"":""funding_memory"",""explorer_url"":""https://testnet.arcscan.app/tx/0x37292b84fcf65812f044ce1c3526fdd0be2164f4e5d4d9503a3006fcf36977f7"",""payer_address"":""0xf5987818ebbee812eb730b6a395d66e664412cf5"",""resource_type"":""qma_signal_report"",""settlement_id"":""6fa0d388-6891-4b37-a001-99d249fe5656"",""gateway_status"":""completed"",""seller_address"":""0x23e7c029a287a83d80b2e084e008211658dda11d"",""transaction_hash"":""0x37292b84fcf65812f044ce1c3526fdd0be2164f4e5d4d9503a3006fcf36977f7"",""provider_owner_wallet"":""0x23e7c029a287a83d80b2e084e008211658dda11d""}",2026-06-22 07:50:17.670462+00,2026-06-22 07:50:17.670462+00
6fe65c99-4f4a-46d3-a90a-ecaa536a2211,inv_544318964431,6fe65c99-4f4a-46d3-a90a-ecaa536a2211,0x2c03cd73ad36230a3c5be43d51d72fdca32f53d4,H,preview,funding_memory,0.001,completed,0xc0abcd2c3ce5b3d809e64feb2e8c3956cff813467ab551e2e560b5fea0b3809a,https://testnet.arcscan.app/tx/0xc0abcd2c3ce5b3d809e64feb2e8c3956cff813467ab551e2e560b5fea0b3809a,1781919664.77206,"{""tier"":""preview"",""query"":{""FDV"":32481000,""amount"":null,""symbol"":""H"",""fromATH"":-50,""circRatio"":0.67,""marketCap"":21654000,""volume24h"":1853397,""fundingRate"":-0.0038},""symbol"":""H"",""paid_at"":1781919664.7720587,""amount_raw"":""1000"",""buyer_type"":""human"",""invoice_id"":""inv_544318964431"",""query_hash"":""56445f99beed097dccf4b08fedbfa1472d58fff0917de0a990e70ec64cb24fc2"",""amount_usdc"":0.001,""provider_id"":""funding_memory"",""explorer_url"":""https://testnet.arcscan.app/tx/0xc0abcd2c3ce5b3d809e64feb2e8c3956cff813467ab551e2e560b5fea0b3809a"",""payer_address"":""0x2c03cd73ad36230a3c5be43d51d72fdca32f53d4"",""resource_type"":""qma_signal_report"",""settlement_id"":""6fe65c99-4f4a-46d3-a90a-ecaa536a2211"",""gateway_status"":""completed"",""seller_address"":""0x23e7c029a287a83d80b2e084e008211658dda11d"",""transaction_hash"":""0xc0abcd2c3ce5b3d809e64feb2e8c3956cff813467ab551e2e560b5fea0b3809a"",""provider_owner_wallet"":""0x23e7c029a287a83d80b2e084e008211658dda11d""}",2026-06-20 01:41:06.321585+00,2026-06-20 01:41:06.321585+00
7617f685-f498-4fc1-be43-ba7898f75da2,inv_6576e2499c39,7617f685-f498-4fc1-be43-ba7898f75da2,0xa397a50ad5729878c160e84ca1d8fd41880788ff,ID,preview,funding_memory,0.001,completed,0x37292b84fcf65812f044ce1c3526fdd0be2164f4e5d4d9503a3006fcf36977f7,https://testnet.arcscan.app/tx/0x37292b84fcf65812f044ce1c3526fdd0be2164f4e5d4d9503a3006fcf36977f7,1782115129.11779,"{""tier"":""preview"",""query"":{""FDV"":5734500,""amount"":null,""symbol"":""ID"",""fromATH"":-50,""circRatio"":0.67,""marketCap"":3823000,""volume24h"":8388,""fundingRate"":-0.0053},""symbol"":""ID"",""paid_at"":1782115129.1177938,""amount_raw"":""1000"",""buyer_type"":""human"",""invoice_id"":""inv_6576e2499c39"",""query_hash"":""599992e0509e58254ff2f06c402f6082b1a94b03bea1d0e2d746a7d089d74982"",""amount_usdc"":0.001,""provider_id"":""funding_memory"",""explorer_url"":""https://testnet.arcscan.app/tx/0x37292b84fcf65812f044ce1c3526fdd0be2164f4e5d4d9503a3006fcf36977f7"",""payer_address"":""0xa397a50ad5729878c160e84ca1d8fd41880788ff"",""resource_type"":""qma_signal_report"",""settlement_id"":""7617f685-f498-4fc1-be43-ba7898f75da2"",""gateway_status"":""completed"",""seller_address"":""0x23e7c029a287a83d80b2e084e008211658dda11d"",""transaction_hash"":""0x37292b84fcf65812f044ce1c3526fdd0be2164f4e5d4d9503a3006fcf36977f7"",""provider_owner_wallet"":""0x23e7c029a287a83d80b2e084e008211658dda11d""}",2026-06-22 07:58:52.325681+00,2026-06-22 07:58:52.325681+00
77db17e0-7246-48bf-8497-c5baf22f0bd8,inv_d7a498cf1187,77db17e0-7246-48bf-8497-c5baf22f0bd8,0x45667a97bcdd1f190eda978b567e32a7a8234a95,GWEI,full,funding_memory,0.001117,received,,,1783446875.18399,"{""tier"":""full"",""query"":{""FDV"":15000000,""price"":0.1087,""amount"":1277648.9300000002,""symbol"":""GWEI"",""fromATH"":-50,""circRatio"":0.65,""marketCap"":10000000,""volume24h"":1076568.36,""fundingRate"":-0.006028,""openInterest"":1277648.9300000002,""longShortRatio"":null,""openInterestChange24h"":null},""symbol"":""GWEI"",""paid_at"":1783446875.183989,""pricing"":{""amount_usdc"":""0.001117""},""event_id"":""inv_d7a498cf1187:platform"",""split_leg"":{""role"":""platform"",""leg_id"":""platform"",""pay_to"":""0x23e7c029a287a83d80b2e084e008211658dda11d"",""amount_raw"":""1117"",""amount_usdc"":""0.001117""},""accounting"":{""currency"":""USDC"",""amount_usdc"":""0.005583"",""creator_wallet"":""0xb40971a5d88f31c7b8d88bf93f7d044f1383bf01"",""settlement_mode"":""x402_direct_split"",""creator_share_bps"":8000,""platform_share_bps"":2000},""amount_raw"":""1117"",""buyer_type"":""agent"",""invoice_id"":""inv_d7a498cf1187"",""query_hash"":""d8932075b4c4727adc81112bc8fc888a8c4b2a0f9b814fd3d3e7ca4916377874"",""settlement"":{""mode"":""x402_direct_split"",""rail"":""circle_gateway_x402"",""amount"":""0.005583"",""network"":""Arc Testnet"",""currency"":""USDC"",""decimals"":6,""token_address"":""0x3600000000000000000000000000000000000000"",""gateway_supported"":true},""amount_usdc"":""0.001117"",""provider_id"":""funding_memory"",""explorer_url"":null,""payer_address"":""0x45667a97bcdd1f190eda978b567e32a7a8234a95"",""resource_type"":""qma_signal_report"",""settlement_id"":""77db17e0-7246-48bf-8497-c5baf22f0bd8"",""gateway_status"":""received"",""seller_address"":""0x23e7c029a287a83d80b2e084e008211658dda11d"",""transaction_hash"":null,""provider_owner_wallet"":""0xb40971a5d88f31c7b8d88bf93f7d044f1383bf01""}",2026-07-07 17:54:37.52251+00,2026-07-07 17:54:37.52251+00
786fa3d5-568e-4bf8-836c-625ba3ecd6db,inv_71bd48306bcd,786fa3d5-568e-4bf8-836c-625ba3ecd6db,0x7a6f04c9ea0003d8fe010835975c499fdd8ea89c,GWEI,full,funding_memory,0.004467,completed,,,1783447202.75845,"{""tier"":""full"",""query"":{""FDV"":15000000,""price"":0.1087,""amount"":1292029.94,""symbol"":""GWEI"",""fromATH"":-50,""circRatio"":0.65,""marketCap"":10000000,""volume24h"":1081359.11,""fundingRate"":-0.006057,""openInterest"":1292029.94,""longShortRatio"":null,""openInterestChange24h"":null},""symbol"":""GWEI"",""paid_at"":1783447202.7584536,""pricing"":{""amount_usdc"":""0.004467""},""event_id"":""inv_71bd48306bcd:creator"",""split_leg"":{""role"":""creator"",""leg_id"":""creator"",""pay_to"":""0xb40971a5d88f31c7b8d88bf93f7d044f1383bf01"",""amount_raw"":""4467"",""amount_usdc"":""0.004467""},""accounting"":{""currency"":""USDC"",""amount_usdc"":""0.005584"",""creator_wallet"":""0xb40971a5d88f31c7b8d88bf93f7d044f1383bf01"",""settlement_mode"":""x402_direct_split"",""creator_share_bps"":8000,""platform_share_bps"":2000},""amount_raw"":""4467"",""buyer_type"":""agent"",""invoice_id"":""inv_71bd48306bcd"",""query_hash"":""2aeb997f5fba7f464a0090acdea5d98b3c3edef82b48e2ebd00c31ceed0d7d51"",""settlement"":{""mode"":""x402_direct_split"",""rail"":""circle_gateway_x402"",""amount"":""0.005584"",""network"":""Arc Testnet"",""currency"":""USDC"",""decimals"":6,""token_address"":""0x3600000000000000000000000000000000000000"",""gateway_supported"":true},""amount_usdc"":""0.004467"",""provider_id"":""funding_memory"",""explorer_url"":null,""payer_address"":""0x7a6f04c9ea0003d8fe010835975c499fdd8ea89c"",""resource_type"":""qma_signal_report"",""settlement_id"":""786fa3d5-568e-4bf8-836c-625ba3ecd6db"",""gateway_status"":""completed"",""seller_address"":""0xb40971a5d88f31c7b8d88bf93f7d044f1383bf01"",""transaction_hash"":null,""provider_owner_wallet"":""0xb40971a5d88f31c7b8d88bf93f7d044f1383bf01""}",2026-07-07 18:00:05.854131+00,2026-07-07 18:00:05.854131+00
7927832b-f8b6-4e2e-bdc5-ffdb7f5d13b1,inv_96651969e2db,7927832b-f8b6-4e2e-bdc5-ffdb7f5d13b1,0x9a6126cf24d565f6fd7ad3639f7bf11928c385df,RE,full,funding_memory,0.005,completed,0xfefda3503d5fdfad7a567a31181e5f8449789a3b8b2424a7078fd2d53aeb6896,https://testnet.arcscan.app/tx/0xfefda3503d5fdfad7a567a31181e5f8449789a3b8b2424a7078fd2d53aeb6896,1782727061.42024,"{""tier"":""full"",""query"":{""FDV"":97605000,""amount"":null,""symbol"":""RE"",""fromATH"":-50,""circRatio"":0.67,""marketCap"":65070000,""volume24h"":36486,""fundingRate"":-0.0054},""symbol"":""RE"",""paid_at"":1782727061.4202378,""amount_raw"":""5000"",""buyer_type"":""human"",""invoice_id"":""inv_96651969e2db"",""query_hash"":""3e0bc88c55d8e1ce572561433a94e1c21b7854235b12c4958bbdb0275d8de8e5"",""amount_usdc"":0.005,""provider_id"":""funding_memory"",""explorer_url"":""https://testnet.arcscan.app/tx/0xfefda3503d5fdfad7a567a31181e5f8449789a3b8b2424a7078fd2d53aeb6896"",""payer_address"":""0x9a6126cf24d565f6fd7ad3639f7bf11928c385df"",""resource_type"":""qma_signal_report"",""settlement_id"":""7927832b-f8b6-4e2e-bdc5-ffdb7f5d13b1"",""tier_category"":""full"",""gateway_status"":""completed"",""seller_address"":""0x23e7c029a287a83d80b2e084e008211658dda11d"",""transaction_hash"":""0xfefda3503d5fdfad7a567a31181e5f8449789a3b8b2424a7078fd2d53aeb6896"",""provider_owner_wallet"":""0x23e7c029a287a83d80b2e084e008211658dda11d""}",2026-06-29 09:57:45.023428+00,2026-06-29 09:57:45.023428+00
795b5427-0572-4b07-9dac-ad340b5fbe77,inv_d379504125d7,795b5427-0572-4b07-9dac-ad340b5fbe77,0xb40971a5d88f31c7b8d88bf93f7d044f1383bf01,VIC,full,funding_memory,0.005,completed,0x685c1389e8ce5b82012c8ae1cd42f4f30d9c3fa442a3eceaf46e750cc76e7019,https://testnet.arcscan.app/tx/0x685c1389e8ce5b82012c8ae1cd42f4f30d9c3fa442a3eceaf46e750cc76e7019,1782123384.463,"{""tier"":""full"",""query"":{""FDV"":6091500,""amount"":null,""symbol"":""VIC"",""fromATH"":-50,""circRatio"":0.67,""marketCap"":4061000,""volume24h"":3188,""fundingRate"":-0.0093},""symbol"":""VIC"",""paid_at"":1782123384.4630022,""amount_raw"":""5000"",""buyer_type"":""human"",""invoice_id"":""inv_d379504125d7"",""query_hash"":""2065302b628a06e8759df709138e1581618ffbf0866e0505eb8ed8a3c3b441b8"",""amount_usdc"":0.005,""provider_id"":""funding_memory"",""explorer_url"":""https://testnet.arcscan.app/tx/0x685c1389e8ce5b82012c8ae1cd42f4f30d9c3fa442a3eceaf46e750cc76e7019"",""payer_address"":""0xb40971a5d88f31c7b8d88bf93f7d044f1383bf01"",""resource_type"":""qma_signal_report"",""settlement_id"":""795b5427-0572-4b07-9dac-ad340b5fbe77"",""gateway_status"":""completed"",""seller_address"":""0x23e7c029a287a83d80b2e084e008211658dda11d"",""transaction_hash"":""0x685c1389e8ce5b82012c8ae1cd42f4f30d9c3fa442a3eceaf46e750cc76e7019"",""provider_owner_wallet"":""0x23e7c029a287a83d80b2e084e008211658dda11d""}",2026-06-22 10:16:27.651752+00,2026-06-22 10:16:27.651752+00
7a7aa46f-6bc9-4593-8a18-ed6b86d9cc28,inv_8edc08806150,7a7aa46f-6bc9-4593-8a18-ed6b86d9cc28,0x44e9e17293357e2c7cc995adfac376457a01ccc8,BLUR,preview,funding_memory,0.000238,received,,,1783438573.03909,"{""tier"":""preview"",""query"":{""FDV"":40585450.5885,""price"":0.02362,""amount"":1326648.7145999998,""symbol"":""BLUR"",""fromATH"":-50,""circRatio"":0.65,""marketCap"":27056967.059,""volume24h"":13528483.5295,""fundingRate"":-0.014317,""openInterest"":1326648.7145999998,""longShortRatio"":null,""openInterestChange24h"":null},""symbol"":""BLUR"",""paid_at"":1783438573.0390868,""pricing"":{""amount_usdc"":""0.000238""},""event_id"":""inv_8edc08806150:platform"",""split_leg"":{""role"":""platform"",""leg_id"":""platform"",""pay_to"":""0x23e7c029a287a83d80b2e084e008211658dda11d"",""amount_raw"":""238"",""amount_usdc"":""0.000238""},""accounting"":{""currency"":""USDC"",""amount_usdc"":""0.00119"",""creator_wallet"":""0xb40971a5d88f31c7b8d88bf93f7d044f1383bf01"",""settlement_mode"":""x402_direct_split"",""creator_share_bps"":8000,""platform_share_bps"":2000},""amount_raw"":""238"",""buyer_type"":""agent"",""invoice_id"":""inv_8edc08806150"",""query_hash"":""8f00ab3f6240bbe4043f8d9f7b6847f428dd7c549d68b8ced2840311b8ea7ff5"",""settlement"":{""mode"":""x402_direct_split"",""rail"":""circle_gateway_x402"",""amount"":""0.00119"",""network"":""Arc Testnet"",""currency"":""USDC"",""decimals"":6,""token_address"":""0x3600000000000000000000000000000000000000"",""gateway_supported"":true},""amount_usdc"":""0.000238"",""provider_id"":""funding_memory"",""explorer_url"":null,""payer_address"":""0x44e9e17293357e2c7cc995adfac376457a01ccc8"",""resource_type"":""qma_signal_report"",""settlement_id"":""7a7aa46f-6bc9-4593-8a18-ed6b86d9cc28"",""gateway_status"":""received"",""seller_address"":""0x23e7c029a287a83d80b2e084e008211658dda11d"",""transaction_hash"":null,""provider_owner_wallet"":""0xb40971a5d88f31c7b8d88bf93f7d044f1383bf01""}",2026-07-07 15:36:15.797006+00,2026-07-07 15:36:15.797006+00
7cab8522-fa08-474c-8f0f-94746069769d,inv_b662db375ad1,7cab8522-fa08-474c-8f0f-94746069769d,0xf9c43a6cd72f5b9d1443e3faa0fac022de0abb19,BLUR,preview,funding_memory,0.000237,received,,,1783441439.80693,"{""tier"":""preview"",""query"":{""FDV"":45261587.559599996,""price"":0.02187,""amount"":989037.7263,""symbol"":""BLUR"",""fromATH"":-50,""circRatio"":0.65,""marketCap"":30174391.7064,""volume24h"":15087195.8532,""fundingRate"":-0.013366,""openInterest"":989037.7263,""longShortRatio"":null,""openInterestChange24h"":null},""symbol"":""BLUR"",""paid_at"":1783441439.8069265,""pricing"":{""amount_usdc"":""0.000237""},""event_id"":""inv_b662db375ad1:platform"",""split_leg"":{""role"":""platform"",""leg_id"":""platform"",""pay_to"":""0x23e7c029a287a83d80b2e084e008211658dda11d"",""amount_raw"":""237"",""amount_usdc"":""0.000237""},""accounting"":{""currency"":""USDC"",""amount_usdc"":""0.001185"",""creator_wallet"":""0xb40971a5d88f31c7b8d88bf93f7d044f1383bf01"",""settlement_mode"":""x402_direct_split"",""creator_share_bps"":8000,""platform_share_bps"":2000},""amount_raw"":""237"",""buyer_type"":""agent"",""invoice_id"":""inv_b662db375ad1"",""query_hash"":""3270abd8fc8d324918aa5527fddd53a1a0e5dc0af5f12a51b40a985bfc330dac"",""settlement"":{""mode"":""x402_direct_split"",""rail"":""circle_gateway_x402"",""amount"":""0.001185"",""network"":""Arc Testnet"",""currency"":""USDC"",""decimals"":6,""token_address"":""0x3600000000000000000000000000000000000000"",""gateway_supported"":true},""amount_usdc"":""0.000237"",""provider_id"":""funding_memory"",""explorer_url"":null,""payer_address"":""0xf9c43a6cd72f5b9d1443e3faa0fac022de0abb19"",""resource_type"":""qma_signal_report"",""settlement_id"":""7cab8522-fa08-474c-8f0f-94746069769d"",""gateway_status"":""received"",""seller_address"":""0x23e7c029a287a83d80b2e084e008211658dda11d"",""transaction_hash"":null,""provider_owner_wallet"":""0xb40971a5d88f31c7b8d88bf93f7d044f1383bf01""}",2026-07-07 16:24:02.64426+00,2026-07-07 16:24:02.64426+00
7d343e94-dd56-49bd-b9eb-ba0d52208097,inv_cb9cad4a852c,7d343e94-dd56-49bd-b9eb-ba0d52208097,0x2c03cd73ad36230a3c5be43d51d72fdca32f53d4,ESPORTS,legacy,funding_memory,0.05,completed,0x9fff72584aafec03c12f3385ca05ec91dfec1336fee429822977320cda382185,https://testnet.arcscan.app/tx/0x9fff72584aafec03c12f3385ca05ec91dfec1336fee429822977320cda382185,1781767211.03079,"{""tier"":""legacy"",""symbol"":""ESPORTS"",""paid_at"":1781767211.0307906,""amount_raw"":""50000"",""invoice_id"":""inv_cb9cad4a852c"",""amount_usdc"":0.05,""explorer_url"":""https://testnet.arcscan.app/tx/0x9fff72584aafec03c12f3385ca05ec91dfec1336fee429822977320cda382185"",""payer_address"":""0x2c03cd73ad36230a3c5be43d51d72fdca32f53d4"",""settlement_id"":""7d343e94-dd56-49bd-b9eb-ba0d52208097"",""gateway_status"":""completed"",""seller_address"":""0x23e7c029a287a83d80b2e084e008211658dda11d"",""transaction_hash"":""0x9fff72584aafec03c12f3385ca05ec91dfec1336fee429822977320cda382185""}",2026-06-19 09:35:04.052192+00,2026-06-19 16:49:23.325599+00
7d36f32a-2b31-4a82-9bbd-02244bc171e6,inv_870027184b46,7d36f32a-2b31-4a82-9bbd-02244bc171e6,0x8b25339f488645dc01a5aacb1dd92d51dbff1bca,WAVES,full,funding_memory,0.005,completed,0x91e7be9ef63088a93c85f9e60275966629fa594b0cf188b1bf81c95183a86499,https://testnet.arcscan.app/tx/0x91e7be9ef63088a93c85f9e60275966629fa594b0cf188b1bf81c95183a86499,1782026783.40086,"{""tier"":""full"",""query"":{""FDV"":46920000,""amount"":null,""symbol"":""WAVES"",""fromATH"":-50,""circRatio"":0.67,""marketCap"":31280000,""volume24h"":462016,""fundingRate"":-0.0118},""symbol"":""WAVES"",""paid_at"":1782026783.4008589,""amount_raw"":""5000"",""buyer_type"":""human"",""invoice_id"":""inv_870027184b46"",""query_hash"":""b91a9a6881c8227ba9b574639da4d9095886ac238dddf24f8c1ffc66ec48d18e"",""amount_usdc"":0.005,""provider_id"":""funding_memory"",""explorer_url"":""https://testnet.arcscan.app/tx/0x91e7be9ef63088a93c85f9e60275966629fa594b0cf188b1bf81c95183a86499"",""payer_address"":""0x8b25339f488645dc01a5aacb1dd92d51dbff1bca"",""resource_type"":""qma_signal_report"",""settlement_id"":""7d36f32a-2b31-4a82-9bbd-02244bc171e6"",""gateway_status"":""completed"",""seller_address"":""0x23e7c029a287a83d80b2e084e008211658dda11d"",""transaction_hash"":""0x91e7be9ef63088a93c85f9e60275966629fa594b0cf188b1bf81c95183a86499"",""provider_owner_wallet"":""0x23e7c029a287a83d80b2e084e008211658dda11d""}",2026-06-21 07:26:25.595205+00,2026-06-21 07:26:25.595205+00
7dbdc375-8d7b-4c5c-a525-c492b0577365,inv_da7029f22faf,7dbdc375-8d7b-4c5c-a525-c492b0577365,0x2b63768f695cf4624a861cfed7d06219d1af2a8c,BLUR,preview,funding_memory,0.000237,received,,,1783439163.80553,"{""tier"":""preview"",""query"":{""FDV"":41363086.390200004,""price"":0.02409,""amount"":1281284.9478,""symbol"":""BLUR"",""fromATH"":-50,""circRatio"":0.65,""marketCap"":27575390.9268,""volume24h"":13787695.4634,""fundingRate"":-0.013828,""openInterest"":1281284.9478,""longShortRatio"":null,""openInterestChange24h"":null},""symbol"":""BLUR"",""paid_at"":1783439163.805531,""pricing"":{""amount_usdc"":""0.000237""},""event_id"":""inv_da7029f22faf:platform"",""split_leg"":{""role"":""platform"",""leg_id"":""platform"",""pay_to"":""0x23e7c029a287a83d80b2e084e008211658dda11d"",""amount_raw"":""237"",""amount_usdc"":""0.000237""},""accounting"":{""currency"":""USDC"",""amount_usdc"":""0.001187"",""creator_wallet"":""0xb40971a5d88f31c7b8d88bf93f7d044f1383bf01"",""settlement_mode"":""x402_direct_split"",""creator_share_bps"":8000,""platform_share_bps"":2000},""amount_raw"":""237"",""buyer_type"":""agent"",""invoice_id"":""inv_da7029f22faf"",""query_hash"":""186e43935c8a266474eee3619df3c11f162e38646276e082414467e2317ac14a"",""settlement"":{""mode"":""x402_direct_split"",""rail"":""circle_gateway_x402"",""amount"":""0.001187"",""network"":""Arc Testnet"",""currency"":""USDC"",""decimals"":6,""token_address"":""0x3600000000000000000000000000000000000000"",""gateway_supported"":true},""amount_usdc"":""0.000237"",""provider_id"":""funding_memory"",""explorer_url"":null,""payer_address"":""0x2b63768f695cf4624a861cfed7d06219d1af2a8c"",""resource_type"":""qma_signal_report"",""settlement_id"":""7dbdc375-8d7b-4c5c-a525-c492b0577365"",""gateway_status"":""received"",""seller_address"":""0x23e7c029a287a83d80b2e084e008211658dda11d"",""transaction_hash"":null,""provider_owner_wallet"":""0xb40971a5d88f31c7b8d88bf93f7d044f1383bf01""}",2026-07-07 15:46:06.352506+00,2026-07-07 15:46:06.352506+00
7e36fbc5-d6db-4c04-80b7-0773134bdb4e,inv_2c61d96eff96,7e36fbc5-d6db-4c04-80b7-0773134bdb4e,0x087448914bfaa7e8faabbd3290887380ec179f93,BICO,full,funding_memory,0.005,completed,0xb601128f01d271db15cf0f1a89cf9aac26c8555ee81411980f158d65b6598243,https://testnet.arcscan.app/tx/0xb601128f01d271db15cf0f1a89cf9aac26c8555ee81411980f158d65b6598243,1781889418.06706,"{""tier"":""full"",""query"":{""FDV"":5181000,""amount"":null,""symbol"":""BICO"",""fromATH"":-50,""circRatio"":0.67,""marketCap"":3454000,""volume24h"":260707,""fundingRate"":-0.0025},""symbol"":""BICO"",""paid_at"":1781889418.0670576,""amount_raw"":""5000"",""buyer_type"":""human"",""invoice_id"":""inv_2c61d96eff96"",""query_hash"":""486c593d8fcf6b67bba73982ea8793eb6fb41872ea9482b63d1214d426104b9f"",""amount_usdc"":0.005,""provider_id"":""funding_memory"",""explorer_url"":""https://testnet.arcscan.app/tx/0xb601128f01d271db15cf0f1a89cf9aac26c8555ee81411980f158d65b6598243"",""payer_address"":""0x087448914bfaa7e8faabbd3290887380ec179f93"",""resource_type"":""qma_signal_report"",""settlement_id"":""7e36fbc5-d6db-4c04-80b7-0773134bdb4e"",""tier_category"":""full"",""gateway_status"":""completed"",""seller_address"":""0x23e7c029a287a83d80b2e084e008211658dda11d"",""transaction_hash"":""0xb601128f01d271db15cf0f1a89cf9aac26c8555ee81411980f158d65b6598243"",""provider_owner_wallet"":""0x23e7c029a287a83d80b2e084e008211658dda11d""}",2026-06-19 17:16:59.730617+00,2026-06-19 17:16:59.730617+00
7f180847-8fb5-4ba5-ac74-6268903e90cc,inv_cd331843ea6a,7f180847-8fb5-4ba5-ac74-6268903e90cc,0x562c54bb3e6e7544761628ec9eb25b05566d296b,ONG,full,funding_memory,0.005,completed,0x7f571e4338ec76068ffdd1b36f1d0d1bbe2336c3393c083d4bc9547f2500c3c9,https://testnet.arcscan.app/tx/0x7f571e4338ec76068ffdd1b36f1d0d1bbe2336c3393c083d4bc9547f2500c3c9,1782892276.78615,"{""tier"":""full"",""query"":{""FDV"":6688500,""amount"":40918.19186,""symbol"":""ONG"",""fromATH"":-50,""circRatio"":0.666666666667,""marketCap"":4459000,""volume24h"":8183.638372,""fundingRate"":-0.004074},""symbol"":""ONG"",""paid_at"":1782892276.7861469,""amount_raw"":""5000"",""buyer_type"":""agent"",""invoice_id"":""inv_cd331843ea6a"",""query_hash"":""81873e54d8d8585c0114bcbc3a3aae6e0a9a18f5f63ac9c24c3d4e1fdd026c7f"",""amount_usdc"":0.005,""provider_id"":""funding_memory"",""explorer_url"":""https://testnet.arcscan.app/tx/0x7f571e4338ec76068ffdd1b36f1d0d1bbe2336c3393c083d4bc9547f2500c3c9"",""payer_address"":""0x562c54bb3e6e7544761628ec9eb25b05566d296b"",""resource_type"":""qma_signal_report"",""settlement_id"":""7f180847-8fb5-4ba5-ac74-6268903e90cc"",""gateway_status"":""completed"",""seller_address"":""0x23e7c029a287a83d80b2e084e008211658dda11d"",""transaction_hash"":""0x7f571e4338ec76068ffdd1b36f1d0d1bbe2336c3393c083d4bc9547f2500c3c9"",""provider_owner_wallet"":""0x23e7c029a287a83d80b2e084e008211658dda11d""}",2026-07-01 07:51:18.217071+00,2026-07-01 07:51:18.217071+00
7f189140-67cf-48f3-b6d2-b69acc8004cd,inv_4c1f210a7a05,7f189140-67cf-48f3-b6d2-b69acc8004cd,0xf5987818ebbee812eb730b6a395d66e664412cf5,H,full,funding_memory,0.005,completed,0xbef8821327a947ed937680597a1275f04b29a0c75ac5e16d36b91c453b25313c,https://testnet.arcscan.app/tx/0xbef8821327a947ed937680597a1275f04b29a0c75ac5e16d36b91c453b25313c,1782091560.25241,"{""tier"":""full"",""query"":{""FDV"":28024500,""amount"":6056557.41474,""symbol"":""H"",""fromATH"":-50,""circRatio"":0.666666666667,""marketCap"":18683000,""volume24h"":1211311.482948,""fundingRate"":-0.008042},""symbol"":""H"",""paid_at"":1782091560.2524102,""amount_raw"":""5000"",""buyer_type"":""agent"",""invoice_id"":""inv_4c1f210a7a05"",""query_hash"":""d62698f78d5007ada2853968a310573ee4e4b94ca7cbabbf73173116aa5553bf"",""amount_usdc"":0.005,""provider_id"":""funding_memory"",""explorer_url"":""https://testnet.arcscan.app/tx/0xbef8821327a947ed937680597a1275f04b29a0c75ac5e16d36b91c453b25313c"",""payer_address"":""0xf5987818ebbee812eb730b6a395d66e664412cf5"",""resource_type"":""qma_signal_report"",""settlement_id"":""7f189140-67cf-48f3-b6d2-b69acc8004cd"",""gateway_status"":""completed"",""seller_address"":""0x23e7c029a287a83d80b2e084e008211658dda11d"",""transaction_hash"":""0xbef8821327a947ed937680597a1275f04b29a0c75ac5e16d36b91c453b25313c"",""provider_owner_wallet"":""0x23e7c029a287a83d80b2e084e008211658dda11d""}",2026-06-22 01:26:01.89487+00,2026-06-22 01:26:01.89487+00
7f3fb8f0-d60e-42cf-aa27-e88f46168893,inv_b20085da3f42,7f3fb8f0-d60e-42cf-aa27-e88f46168893,0xd21c95dc4cc1b8f3c889c388b566a35941f5252b,LAB,preview,funding_memory,0.000238,received,,,1783444316.88861,"{""tier"":""preview"",""query"":{""FDV"":296879859,""price"":5.569,""amount"":4410091.1,""symbol"":""LAB"",""fromATH"":-50,""circRatio"":0.65,""marketCap"":197919906,""volume24h"":98959953,""fundingRate"":-0.014667,""openInterest"":4410091.1,""longShortRatio"":null,""openInterestChange24h"":null},""symbol"":""LAB"",""paid_at"":1783444316.8886096,""pricing"":{""amount_usdc"":""0.000238""},""event_id"":""inv_b20085da3f42:platform"",""split_leg"":{""role"":""platform"",""leg_id"":""platform"",""pay_to"":""0x23e7c029a287a83d80b2e084e008211658dda11d"",""amount_raw"":""238"",""amount_usdc"":""0.000238""},""accounting"":{""currency"":""USDC"",""amount_usdc"":""0.001191"",""creator_wallet"":""0xb40971a5d88f31c7b8d88bf93f7d044f1383bf01"",""settlement_mode"":""x402_direct_split"",""creator_share_bps"":8000,""platform_share_bps"":2000},""amount_raw"":""238"",""buyer_type"":""agent"",""invoice_id"":""inv_b20085da3f42"",""query_hash"":""b2a29924ddb7c17abc4cfad2e1ee82f415bfad9868ebd26ddcf5193c1e29db46"",""settlement"":{""mode"":""x402_direct_split"",""rail"":""circle_gateway_x402"",""amount"":""0.001191"",""network"":""Arc Testnet"",""currency"":""USDC"",""decimals"":6,""token_address"":""0x3600000000000000000000000000000000000000"",""gateway_supported"":true},""amount_usdc"":""0.000238"",""provider_id"":""funding_memory"",""explorer_url"":null,""payer_address"":""0xd21c95dc4cc1b8f3c889c388b566a35941f5252b"",""resource_type"":""qma_signal_report"",""settlement_id"":""7f3fb8f0-d60e-42cf-aa27-e88f46168893"",""gateway_status"":""received"",""seller_address"":""0x23e7c029a287a83d80b2e084e008211658dda11d"",""transaction_hash"":null,""provider_owner_wallet"":""0xb40971a5d88f31c7b8d88bf93f7d044f1383bf01""}",2026-07-07 17:11:59.345462+00,2026-07-07 17:11:59.345462+00
7f41a303-466a-49ef-b7ad-4438c7884838,inv_23ab1a80b771,7f41a303-466a-49ef-b7ad-4438c7884838,0x9a6126cf24d565f6fd7ad3639f7bf11928c385df,OGN,preview,funding_memory,0.001134,completed,0x6e09f9ba1e1a3029acf2a1abb0ba36b90012b80bbcd8a6a693b05f919a013bca,https://testnet.arcscan.app/tx/0x6e09f9ba1e1a3029acf2a1abb0ba36b90012b80bbcd8a6a693b05f919a013bca,1783172614.76749,"{""tier"":""preview"",""query"":{""FDV"":3202500,""amount"":1088015.1296,""symbol"":""OGN"",""fromATH"":-50,""circRatio"":0.666666666667,""marketCap"":2135000,""volume24h"":217603.02592000004,""fundingRate"":-0.010432},""symbol"":""OGN"",""paid_at"":1783172614.7674901,""amount_raw"":""1134"",""buyer_type"":""human"",""invoice_id"":""inv_23ab1a80b771"",""query_hash"":""e49a4687a343e54ba1d90fdcbd38e897d723e8db03f5c043255dd7242402c77d"",""amount_usdc"":0.001134,""provider_id"":""funding_memory"",""explorer_url"":""https://testnet.arcscan.app/tx/0x6e09f9ba1e1a3029acf2a1abb0ba36b90012b80bbcd8a6a693b05f919a013bca"",""payer_address"":""0x9a6126cf24d565f6fd7ad3639f7bf11928c385df"",""resource_type"":""qma_signal_report"",""settlement_id"":""7f41a303-466a-49ef-b7ad-4438c7884838"",""gateway_status"":""completed"",""seller_address"":""0x23e7c029a287a83d80b2e084e008211658dda11d"",""transaction_hash"":""0x6e09f9ba1e1a3029acf2a1abb0ba36b90012b80bbcd8a6a693b05f919a013bca"",""provider_owner_wallet"":""0x23e7c029a287a83d80b2e084e008211658dda11d""}",2026-07-04 13:43:36.493014+00,2026-07-04 13:43:36.493014+00
7fb32dfd-d860-443b-a363-330aab2f6872,inv_3f4f6aa7cf0f,7fb32dfd-d860-443b-a363-330aab2f6872,0xd21c95dc4cc1b8f3c889c388b566a35941f5252b,EPIC,full,funding_memory,0.001141,received,,,1783442796.43885,"{""tier"":""full"",""query"":{""FDV"":19398173.7561,""price"":0.3359,""amount"":231917.11649999997,""symbol"":""EPIC"",""fromATH"":-50,""circRatio"":0.65,""marketCap"":12932115.8374,""volume24h"":6466057.9187,""fundingRate"":-0.003693,""openInterest"":231917.11649999997,""longShortRatio"":null,""openInterestChange24h"":null},""symbol"":""EPIC"",""paid_at"":1783442796.4388516,""pricing"":{""amount_usdc"":""0.001141""},""event_id"":""inv_3f4f6aa7cf0f:platform"",""split_leg"":{""role"":""platform"",""leg_id"":""platform"",""pay_to"":""0x23e7c029a287a83d80b2e084e008211658dda11d"",""amount_raw"":""1141"",""amount_usdc"":""0.001141""},""accounting"":{""currency"":""USDC"",""amount_usdc"":""0.005707"",""creator_wallet"":""0xb40971a5d88f31c7b8d88bf93f7d044f1383bf01"",""settlement_mode"":""x402_direct_split"",""creator_share_bps"":8000,""platform_share_bps"":2000},""amount_raw"":""1141"",""buyer_type"":""agent"",""invoice_id"":""inv_3f4f6aa7cf0f"",""query_hash"":""63d5e19156582e5fdf7adb310f5432fccb84d516f516d7955a4a47cbb9e28aa2"",""settlement"":{""mode"":""x402_direct_split"",""rail"":""circle_gateway_x402"",""amount"":""0.005707"",""network"":""Arc Testnet"",""currency"":""USDC"",""decimals"":6,""token_address"":""0x3600000000000000000000000000000000000000"",""gateway_supported"":true},""amount_usdc"":""0.001141"",""provider_id"":""funding_memory"",""explorer_url"":null,""payer_address"":""0xd21c95dc4cc1b8f3c889c388b566a35941f5252b"",""resource_type"":""qma_signal_report"",""settlement_id"":""7fb32dfd-d860-443b-a363-330aab2f6872"",""gateway_status"":""received"",""seller_address"":""0x23e7c029a287a83d80b2e084e008211658dda11d"",""transaction_hash"":null,""provider_owner_wallet"":""0xb40971a5d88f31c7b8d88bf93f7d044f1383bf01""}",2026-07-07 16:46:39.04737+00,2026-07-07 16:46:39.04737+00
81e084b6-67e6-491f-8898-af26a13191f2,inv_9d78e1836c56,81e084b6-67e6-491f-8898-af26a13191f2,0xb40971a5d88f31c7b8d88bf93f7d044f1383bf01,SHLD,full,funding_memory,0.005,completed,0x685c1389e8ce5b82012c8ae1cd42f4f30d9c3fa442a3eceaf46e750cc76e7019,https://testnet.arcscan.app/tx/0x685c1389e8ce5b82012c8ae1cd42f4f30d9c3fa442a3eceaf46e750cc76e7019,1782124027.46241,"{""tier"":""full"",""query"":{""FDV"":9100500000,""amount"":null,""symbol"":""SHLD"",""fromATH"":-50,""circRatio"":0.67,""marketCap"":6067000000,""volume24h"":2778892,""fundingRate"":-0.0046},""symbol"":""SHLD"",""paid_at"":1782124027.462409,""amount_raw"":""5000"",""buyer_type"":""human"",""invoice_id"":""inv_9d78e1836c56"",""query_hash"":""37ab70ccdbd59cf3fdeb2c84059680d8ed5e84fb694e9967f18af2b23fd459e2"",""amount_usdc"":0.005,""provider_id"":""funding_memory"",""explorer_url"":""https://testnet.arcscan.app/tx/0x685c1389e8ce5b82012c8ae1cd42f4f30d9c3fa442a3eceaf46e750cc76e7019"",""payer_address"":""0xb40971a5d88f31c7b8d88bf93f7d044f1383bf01"",""resource_type"":""qma_signal_report"",""settlement_id"":""81e084b6-67e6-491f-8898-af26a13191f2"",""gateway_status"":""completed"",""seller_address"":""0x23e7c029a287a83d80b2e084e008211658dda11d"",""transaction_hash"":""0x685c1389e8ce5b82012c8ae1cd42f4f30d9c3fa442a3eceaf46e750cc76e7019"",""provider_owner_wallet"":""0x23e7c029a287a83d80b2e084e008211658dda11d""}",2026-06-22 10:27:10.56784+00,2026-06-22 10:27:10.56784+00
82cc6391-0ebd-4b62-a622-023b7ef85034,inv_eacb9bec391c,82cc6391-0ebd-4b62-a622-023b7ef85034,0xbfe354500fd7feb53a3ce9fbc0ee5078d295d23f,LAB,preview,funding_memory,0.000233,received,,,1783438039.764,"{""tier"":""preview"",""query"":{""FDV"":308634871.83,""price"":6.898,""amount"":4409477.52,""symbol"":""LAB"",""fromATH"":-50,""circRatio"":0.65,""marketCap"":205756581.22,""volume24h"":102878290.61,""fundingRate"":-0.009429,""openInterest"":4409477.52,""longShortRatio"":null,""openInterestChange24h"":null},""symbol"":""LAB"",""paid_at"":1783438039.7640011,""pricing"":{""amount_usdc"":""0.000233""},""event_id"":""inv_eacb9bec391c:platform"",""split_leg"":{""role"":""platform"",""leg_id"":""platform"",""pay_to"":""0x23e7c029a287a83d80b2e084e008211658dda11d"",""amount_raw"":""233"",""amount_usdc"":""0.000233""},""accounting"":{""currency"":""USDC"",""amount_usdc"":""0.001167"",""creator_wallet"":""0xb40971a5d88f31c7b8d88bf93f7d044f1383bf01"",""settlement_mode"":""x402_direct_split"",""creator_share_bps"":8000,""platform_share_bps"":2000},""amount_raw"":""233"",""buyer_type"":""agent"",""invoice_id"":""inv_eacb9bec391c"",""query_hash"":""085250ea5640e0f417b5f0a2039bed00c835ec2caa92f652d3ea7417dec2bd8b"",""settlement"":{""mode"":""x402_direct_split"",""rail"":""circle_gateway_x402"",""amount"":""0.001167"",""network"":""Arc Testnet"",""currency"":""USDC"",""decimals"":6,""token_address"":""0x3600000000000000000000000000000000000000"",""gateway_supported"":true},""amount_usdc"":""0.000233"",""provider_id"":""funding_memory"",""explorer_url"":null,""payer_address"":""0xbfe354500fd7feb53a3ce9fbc0ee5078d295d23f"",""resource_type"":""qma_signal_report"",""settlement_id"":""82cc6391-0ebd-4b62-a622-023b7ef85034"",""gateway_status"":""received"",""seller_address"":""0x23e7c029a287a83d80b2e084e008211658dda11d"",""transaction_hash"":null,""provider_owner_wallet"":""0xb40971a5d88f31c7b8d88bf93f7d044f1383bf01""}",2026-07-07 15:27:22.72526+00,2026-07-07 15:27:22.72526+00
832779af-35d7-4183-a6c8-b525bcb92e90,inv_12ffe48e9b4f,832779af-35d7-4183-a6c8-b525bcb92e90,0x8b25339f488645dc01a5aacb1dd92d51dbff1bca,RE,full,funding_memory,0.005,completed,0x91e7be9ef63088a93c85f9e60275966629fa594b0cf188b1bf81c95183a86499,https://testnet.arcscan.app/tx/0x91e7be9ef63088a93c85f9e60275966629fa594b0cf188b1bf81c95183a86499,1782026748.82944,"{""tier"":""full"",""query"":{""FDV"":140670000,""amount"":null,""symbol"":""RE"",""fromATH"":-50,""circRatio"":0.67,""marketCap"":93780000,""volume24h"":74931,""fundingRate"":-0.003},""symbol"":""RE"",""paid_at"":1782026748.8294373,""amount_raw"":""5000"",""buyer_type"":""human"",""invoice_id"":""inv_12ffe48e9b4f"",""query_hash"":""7f71ab4d714dff719f8f14d7cac3345763b061eec84068a5c74bafeb39871aba"",""amount_usdc"":0.005,""provider_id"":""funding_memory"",""explorer_url"":""https://testnet.arcscan.app/tx/0x91e7be9ef63088a93c85f9e60275966629fa594b0cf188b1bf81c95183a86499"",""payer_address"":""0x8b25339f488645dc01a5aacb1dd92d51dbff1bca"",""resource_type"":""qma_signal_report"",""settlement_id"":""832779af-35d7-4183-a6c8-b525bcb92e90"",""gateway_status"":""completed"",""seller_address"":""0x23e7c029a287a83d80b2e084e008211658dda11d"",""transaction_hash"":""0x91e7be9ef63088a93c85f9e60275966629fa594b0cf188b1bf81c95183a86499"",""provider_owner_wallet"":""0x23e7c029a287a83d80b2e084e008211658dda11d""}",2026-06-21 07:25:51.221207+00,2026-06-21 07:25:51.221207+00
83568881-aa6c-420a-bca0-4473b447953e,inv_9a1b16fbfda9,83568881-aa6c-420a-bca0-4473b447953e,0xb40971a5d88f31c7b8d88bf93f7d044f1383bf01,TNSR,preview,funding_memory,0.001,completed,0x685c1389e8ce5b82012c8ae1cd42f4f30d9c3fa442a3eceaf46e750cc76e7019,https://testnet.arcscan.app/tx/0x685c1389e8ce5b82012c8ae1cd42f4f30d9c3fa442a3eceaf46e750cc76e7019,1782123989.35103,"{""tier"":""preview"",""query"":{""FDV"":6316500,""amount"":null,""symbol"":""TNSR"",""fromATH"":-50,""circRatio"":0.67,""marketCap"":4211000,""volume24h"":132107,""fundingRate"":-0.0061},""symbol"":""TNSR"",""paid_at"":1782123989.3510282,""amount_raw"":""1000"",""buyer_type"":""human"",""invoice_id"":""inv_9a1b16fbfda9"",""query_hash"":""e80f90346d9b492bf040de3efbb15cfde7e8a2d0fc154c5802dcb51bd57ee32b"",""amount_usdc"":0.001,""provider_id"":""funding_memory"",""explorer_url"":""https://testnet.arcscan.app/tx/0x685c1389e8ce5b82012c8ae1cd42f4f30d9c3fa442a3eceaf46e750cc76e7019"",""payer_address"":""0xb40971a5d88f31c7b8d88bf93f7d044f1383bf01"",""resource_type"":""qma_signal_report"",""settlement_id"":""83568881-aa6c-420a-bca0-4473b447953e"",""gateway_status"":""completed"",""seller_address"":""0x23e7c029a287a83d80b2e084e008211658dda11d"",""transaction_hash"":""0x685c1389e8ce5b82012c8ae1cd42f4f30d9c3fa442a3eceaf46e750cc76e7019"",""provider_owner_wallet"":""0x23e7c029a287a83d80b2e084e008211658dda11d""}",2026-06-22 10:26:32.937948+00,2026-06-22 10:26:32.937948+00
837bee0e-3d53-4bdf-9cc6-66d8ca205063,inv_84a7dfa4f15e,837bee0e-3d53-4bdf-9cc6-66d8ca205063,0xb40971a5d88f31c7b8d88bf93f7d044f1383bf01,TAIKO,preview,funding_memory,0.001,completed,0x4bbd5402b232235f25f0058f390c41526c758a18233c2dc5de4a34ef8fe81a65,https://testnet.arcscan.app/tx/0x4bbd5402b232235f25f0058f390c41526c758a18233c2dc5de4a34ef8fe81a65,1782980347.90838,"{""tier"":""preview"",""query"":{""FDV"":37260000,""amount"":1680326.8884,""symbol"":""TAIKO"",""fromATH"":-50,""circRatio"":0.666666666667,""marketCap"":24840000,""volume24h"":336065.37768000003,""fundingRate"":-0.02},""symbol"":""TAIKO"",""paid_at"":1782980347.9083786,""amount_raw"":""1000"",""buyer_type"":""agent"",""invoice_id"":""inv_84a7dfa4f15e"",""query_hash"":""d23e929bbff0143fe58c301f1e5a422c77e30f7fad63e6ef606fecce4aba8ed1"",""amount_usdc"":0.001,""provider_id"":""funding_memory"",""explorer_url"":""https://testnet.arcscan.app/tx/0x4bbd5402b232235f25f0058f390c41526c758a18233c2dc5de4a34ef8fe81a65"",""payer_address"":""0xb40971a5d88f31c7b8d88bf93f7d044f1383bf01"",""resource_type"":""qma_signal_report"",""settlement_id"":""837bee0e-3d53-4bdf-9cc6-66d8ca205063"",""gateway_status"":""completed"",""seller_address"":""0x23e7c029a287a83d80b2e084e008211658dda11d"",""transaction_hash"":""0x4bbd5402b232235f25f0058f390c41526c758a18233c2dc5de4a34ef8fe81a65"",""provider_owner_wallet"":""0x23e7c029a287a83d80b2e084e008211658dda11d""}",2026-07-02 08:19:09.914975+00,2026-07-02 08:19:09.914975+00
83a33cd4-ec38-4450-86c0-65181e5a3ee5,inv_ae6c665a6dda,83a33cd4-ec38-4450-86c0-65181e5a3ee5,0xd14f332e28260eba4dfe9f9bdc5a0c8428b5947c,WAVES,legacy,funding_memory,0.05,completed,0xb0d88ae89c078af02a8690ac85a16622e75ba81630cc35854618b95792569ea1,https://testnet.arcscan.app/tx/0xb0d88ae89c078af02a8690ac85a16622e75ba81630cc35854618b95792569ea1,1781715355.14673,"{""tier"":""legacy"",""symbol"":""WAVES"",""paid_at"":1781715355.1467345,""amount_raw"":""50000"",""invoice_id"":""inv_ae6c665a6dda"",""amount_usdc"":0.05,""explorer_url"":""https://testnet.arcscan.app/tx/0xb0d88ae89c078af02a8690ac85a16622e75ba81630cc35854618b95792569ea1"",""payer_address"":""0xd14f332e28260eba4dfe9f9bdc5a0c8428b5947c"",""settlement_id"":""83a33cd4-ec38-4450-86c0-65181e5a3ee5"",""gateway_status"":""completed"",""seller_address"":""0x23e7c029a287a83d80b2e084e008211658dda11d"",""transaction_hash"":""0xb0d88ae89c078af02a8690ac85a16622e75ba81630cc35854618b95792569ea1""}",2026-06-19 09:35:04.052192+00,2026-06-19 16:49:23.325599+00
84726bec-bb5d-4289-81b7-5f1e5dd97b11,inv_b3d4ac1e51c6,84726bec-bb5d-4289-81b7-5f1e5dd97b11,0xd14f332e28260eba4dfe9f9bdc5a0c8428b5947c,TAIKO,full,funding_memory,0.005,completed,0x735c5af008c916cfc0b6bb59e5d33a0a7c547f6cb594bd84e8bce893a1e15ba2,https://testnet.arcscan.app/tx/0x735c5af008c916cfc0b6bb59e5d33a0a7c547f6cb594bd84e8bce893a1e15ba2,1782095677.26286,"{""tier"":""full"",""query"":{""FDV"":12765000,""amount"":null,""symbol"":""TAIKO"",""fromATH"":-50,""circRatio"":0.67,""marketCap"":8510000,""volume24h"":21889,""fundingRate"":-0.0059},""symbol"":""TAIKO"",""paid_at"":1782095677.26286,""amount_raw"":""5000"",""buyer_type"":""human"",""invoice_id"":""inv_b3d4ac1e51c6"",""query_hash"":""15ec8080760d4f53be5c779d0c6059e63d5547ee6226dacdcc4f001c449a2e27"",""amount_usdc"":0.005,""provider_id"":""funding_memory"",""explorer_url"":""https://testnet.arcscan.app/tx/0x735c5af008c916cfc0b6bb59e5d33a0a7c547f6cb594bd84e8bce893a1e15ba2"",""payer_address"":""0xd14f332e28260eba4dfe9f9bdc5a0c8428b5947c"",""resource_type"":""qma_signal_report"",""settlement_id"":""84726bec-bb5d-4289-81b7-5f1e5dd97b11"",""gateway_status"":""completed"",""seller_address"":""0x23e7c029a287a83d80b2e084e008211658dda11d"",""transaction_hash"":""0x735c5af008c916cfc0b6bb59e5d33a0a7c547f6cb594bd84e8bce893a1e15ba2"",""provider_owner_wallet"":""0x23e7c029a287a83d80b2e084e008211658dda11d""}",2026-06-22 02:34:38.97593+00,2026-06-22 02:34:38.97593+00
853e2b18-a6b0-4265-82de-9ae27ac8f800,inv_e9b062de4f49,853e2b18-a6b0-4265-82de-9ae27ac8f800,0x2c03cd73ad36230a3c5be43d51d72fdca32f53d4,RE,full,funding_memory,0.005,completed,0xf06ab624debd99a7c8bd259fae57d640bdc143c2321037ee05790e86a5cae83d,https://testnet.arcscan.app/tx/0xf06ab624debd99a7c8bd259fae57d640bdc143c2321037ee05790e86a5cae83d,1781878776.06098,"{""tier"":""full"",""query"":{""FDV"":108810000,""amount"":null,""symbol"":""RE"",""fromATH"":-50,""circRatio"":0.67,""marketCap"":72540000,""volume24h"":5812255,""fundingRate"":-0.0174},""symbol"":""RE"",""paid_at"":1781878776.0609813,""amount_raw"":""5000"",""buyer_type"":""human"",""invoice_id"":""inv_e9b062de4f49"",""query_hash"":""bcfe6e94c0aba507856b4efb3f46286de459937bc501b9b802f273f3f99cef19"",""amount_usdc"":0.005,""provider_id"":""funding_memory"",""explorer_url"":""https://testnet.arcscan.app/tx/0xf06ab624debd99a7c8bd259fae57d640bdc143c2321037ee05790e86a5cae83d"",""payer_address"":""0x2c03cd73ad36230a3c5be43d51d72fdca32f53d4"",""resource_type"":""qma_signal_report"",""settlement_id"":""853e2b18-a6b0-4265-82de-9ae27ac8f800"",""gateway_status"":""completed"",""seller_address"":""0x23e7c029a287a83d80b2e084e008211658dda11d"",""transaction_hash"":""0xf06ab624debd99a7c8bd259fae57d640bdc143c2321037ee05790e86a5cae83d"",""provider_owner_wallet"":""0x23e7c029a287a83d80b2e084e008211658dda11d""}",2026-06-19 14:19:37.373618+00,2026-06-19 14:19:37.373618+00
85427f9d-4844-49b6-ab4a-be4fecd9fbd8,inv_039691ecfa0c,85427f9d-4844-49b6-ab4a-be4fecd9fbd8,0x2c03cd73ad36230a3c5be43d51d72fdca32f53d4,PRL,legacy,funding_memory,0.05,completed,0x45117e4126b0c3d872cb2759778b22bf218082c21f49303ea69798c4d86652d0,https://testnet.arcscan.app/tx/0x45117e4126b0c3d872cb2759778b22bf218082c21f49303ea69798c4d86652d0,1781713846.46728,"{""tier"":""legacy"",""symbol"":""PRL"",""paid_at"":1781713846.4672837,""amount_raw"":""50000"",""invoice_id"":""inv_039691ecfa0c"",""amount_usdc"":0.05,""explorer_url"":""https://testnet.arcscan.app/tx/0x45117e4126b0c3d872cb2759778b22bf218082c21f49303ea69798c4d86652d0"",""payer_address"":""0x2c03cd73ad36230a3c5be43d51d72fdca32f53d4"",""settlement_id"":""85427f9d-4844-49b6-ab4a-be4fecd9fbd8"",""gateway_status"":""completed"",""seller_address"":""0x23e7c029a287a83d80b2e084e008211658dda11d"",""transaction_hash"":""0x45117e4126b0c3d872cb2759778b22bf218082c21f49303ea69798c4d86652d0""}",2026-06-19 09:35:04.052192+00,2026-06-19 16:49:23.325599+00
8670ee47-bc64-432c-a0c4-3a66c36c3db0,inv_e18ee8e27bd5,8670ee47-bc64-432c-a0c4-3a66c36c3db0,0xf9c43a6cd72f5b9d1443e3faa0fac022de0abb19,LAB,full,funding_memory,0.00459,completed,0x270551b69d3828164115463bd2046f258ac275494a327e52bc134c9992e1cfef,https://testnet.arcscan.app/tx/0x270551b69d3828164115463bd2046f258ac275494a327e52bc134c9992e1cfef,1783473371.80552,"{""tier"":""full"",""query"":{""FDV"":270686893.164,""price"":6.316,""amount"":4747358.24,""symbol"":""LAB"",""fromATH"":-50,""circRatio"":0.65,""marketCap"":180457928.776,""volume24h"":90228964.388,""fundingRate"":-0.00499,""openInterest"":4747358.24,""longShortRatio"":null,""openInterestChange24h"":null},""symbol"":""LAB"",""paid_at"":1783473371.8055236,""pricing"":{""amount_usdc"":""0.00459""},""event_id"":""inv_e18ee8e27bd5:creator"",""split_leg"":{""role"":""creator"",""leg_id"":""creator"",""pay_to"":""0xb40971a5d88f31c7b8d88bf93f7d044f1383bf01"",""amount_raw"":""4590"",""amount_usdc"":""0.00459""},""accounting"":{""currency"":""USDC"",""amount_usdc"":""0.005737"",""creator_wallet"":""0xb40971a5d88f31c7b8d88bf93f7d044f1383bf01"",""settlement_mode"":""x402_direct_split"",""creator_share_bps"":8000,""platform_share_bps"":2000},""amount_raw"":""4590"",""buyer_type"":""agent"",""invoice_id"":""inv_e18ee8e27bd5"",""query_hash"":""92d3ae72bd1c865c024cebe8b4e31c4667c45908748fe64b558b873d3b583f9a"",""settlement"":{""mode"":""x402_direct_split"",""rail"":""circle_gateway_x402"",""amount"":""0.005737"",""network"":""Arc Testnet"",""currency"":""USDC"",""decimals"":6,""token_address"":""0x3600000000000000000000000000000000000000"",""gateway_supported"":true},""amount_usdc"":""0.00459"",""provider_id"":""funding_memory"",""explorer_url"":""https://testnet.arcscan.app/tx/0x270551b69d3828164115463bd2046f258ac275494a327e52bc134c9992e1cfef"",""payer_address"":""0xf9c43a6cd72f5b9d1443e3faa0fac022de0abb19"",""resource_type"":""qma_signal_report"",""settlement_id"":""8670ee47-bc64-432c-a0c4-3a66c36c3db0"",""gateway_status"":""completed"",""seller_address"":""0xb40971a5d88f31c7b8d88bf93f7d044f1383bf01"",""transaction_hash"":""0x270551b69d3828164115463bd2046f258ac275494a327e52bc134c9992e1cfef"",""provider_owner_wallet"":""0xb40971a5d88f31c7b8d88bf93f7d044f1383bf01""}",2026-07-08 01:16:15.632234+00,2026-07-08 01:16:15.632234+00
86d13cab-2582-42cb-a647-8e0e3fc50258,inv_82914ea31a6a,86d13cab-2582-42cb-a647-8e0e3fc50258,0x9a6126cf24d565f6fd7ad3639f7bf11928c385df,LAB,full,funding_memory,0.005,completed,0xf380792d3c8a2da3956612c61a7074c8523f0ef136486f70a7eff0b6af4ce116,https://testnet.arcscan.app/tx/0xf380792d3c8a2da3956612c61a7074c8523f0ef136486f70a7eff0b6af4ce116,1782877095.19433,"{""tier"":""full"",""query"":{""FDV"":1799550000,""amount"":null,""symbol"":""LAB"",""fromATH"":-50,""circRatio"":0.67,""marketCap"":1199700000,""volume24h"":79804,""fundingRate"":-0.004},""symbol"":""LAB"",""paid_at"":1782877095.1943283,""amount_raw"":""5000"",""buyer_type"":""agent"",""invoice_id"":""inv_82914ea31a6a"",""query_hash"":""b53e7976556f944e849c20d80df4546c8409b149679a253b630b26f0d6744ca3"",""amount_usdc"":0.005,""provider_id"":""funding_memory"",""explorer_url"":""https://testnet.arcscan.app/tx/0xf380792d3c8a2da3956612c61a7074c8523f0ef136486f70a7eff0b6af4ce116"",""payer_address"":""0x9a6126cf24d565f6fd7ad3639f7bf11928c385df"",""resource_type"":""qma_signal_report"",""settlement_id"":""86d13cab-2582-42cb-a647-8e0e3fc50258"",""gateway_status"":""completed"",""seller_address"":""0x23e7c029a287a83d80b2e084e008211658dda11d"",""transaction_hash"":""0xf380792d3c8a2da3956612c61a7074c8523f0ef136486f70a7eff0b6af4ce116"",""provider_owner_wallet"":""0x23e7c029a287a83d80b2e084e008211658dda11d""}",2026-07-01 03:38:17.549218+00,2026-07-01 03:38:17.549218+00
87b9d933-6db9-4be6-8791-ef1196da455b,inv_52ec7979d587,87b9d933-6db9-4be6-8791-ef1196da455b,0x65d923ba4917ef8523687609b3641f3a0cbc3971,LAB,preview,funding_memory,0.000956,received,,,1783445112.2329,"{""tier"":""preview"",""query"":{""FDV"":297984033.65999997,""price"":5.404,""amount"":4322389.4,""symbol"":""LAB"",""fromATH"":-50,""circRatio"":0.65,""marketCap"":198656022.44,""volume24h"":99328011.22,""fundingRate"":-0.015605,""openInterest"":4322389.4,""longShortRatio"":null,""openInterestChange24h"":null},""symbol"":""LAB"",""paid_at"":1783445112.2328978,""pricing"":{""amount_usdc"":""0.000956""},""event_id"":""inv_52ec7979d587:creator"",""split_leg"":{""role"":""creator"",""leg_id"":""creator"",""pay_to"":""0xb40971a5d88f31c7b8d88bf93f7d044f1383bf01"",""amount_raw"":""956"",""amount_usdc"":""0.000956""},""accounting"":{""currency"":""USDC"",""amount_usdc"":""0.001195"",""creator_wallet"":""0xb40971a5d88f31c7b8d88bf93f7d044f1383bf01"",""settlement_mode"":""x402_direct_split"",""creator_share_bps"":8000,""platform_share_bps"":2000},""amount_raw"":""956"",""buyer_type"":""agent"",""invoice_id"":""inv_52ec7979d587"",""query_hash"":""7513ce0fdea1f130eca15245189dce3228d9daadac66c32bc107a21b94417c90"",""settlement"":{""mode"":""x402_direct_split"",""rail"":""circle_gateway_x402"",""amount"":""0.001195"",""network"":""Arc Testnet"",""currency"":""USDC"",""decimals"":6,""token_address"":""0x3600000000000000000000000000000000000000"",""gateway_supported"":true},""amount_usdc"":""0.000956"",""provider_id"":""funding_memory"",""explorer_url"":null,""payer_address"":""0x65d923ba4917ef8523687609b3641f3a0cbc3971"",""resource_type"":""qma_signal_report"",""settlement_id"":""87b9d933-6db9-4be6-8791-ef1196da455b"",""gateway_status"":""received"",""seller_address"":""0xb40971a5d88f31c7b8d88bf93f7d044f1383bf01"",""transaction_hash"":null,""provider_owner_wallet"":""0xb40971a5d88f31c7b8d88bf93f7d044f1383bf01""}",2026-07-07 17:25:15.848403+00,2026-07-07 17:25:15.848403+00
88362fde-062b-4a41-ab77-709af34159ec,inv_608ac5f98e2a,88362fde-062b-4a41-ab77-709af34159ec,0x2c03cd73ad36230a3c5be43d51d72fdca32f53d4,MIRA,preview,funding_memory,0.001103,completed,0x8db32b94bd8086c17310524f795cabf9c8c3514561f50cc965e2ec2220e6ed2e,https://testnet.arcscan.app/tx/0x8db32b94bd8086c17310524f795cabf9c8c3514561f50cc965e2ec2220e6ed2e,1783171817.44153,"{""tier"":""preview"",""query"":{""FDV"":8613000,""amount"":764772.8457599999,""symbol"":""MIRA"",""fromATH"":-50,""circRatio"":0.67,""marketCap"":5742000,""volume24h"":152955,""fundingRate"":-0.0078},""symbol"":""MIRA"",""paid_at"":1783171817.4415307,""amount_raw"":""1103"",""buyer_type"":""human"",""invoice_id"":""inv_608ac5f98e2a"",""query_hash"":""e16751735c8d7e2a3f9c77fc1286f5994a2485f8c6b42db26e3f08175dfc73ea"",""amount_usdc"":0.001103,""provider_id"":""funding_memory"",""explorer_url"":""https://testnet.arcscan.app/tx/0x8db32b94bd8086c17310524f795cabf9c8c3514561f50cc965e2ec2220e6ed2e"",""payer_address"":""0x2c03cd73ad36230a3c5be43d51d72fdca32f53d4"",""resource_type"":""qma_signal_report"",""settlement_id"":""88362fde-062b-4a41-ab77-709af34159ec"",""gateway_status"":""completed"",""seller_address"":""0x23e7c029a287a83d80b2e084e008211658dda11d"",""transaction_hash"":""0x8db32b94bd8086c17310524f795cabf9c8c3514561f50cc965e2ec2220e6ed2e"",""provider_owner_wallet"":""0x23e7c029a287a83d80b2e084e008211658dda11d""}",2026-07-04 13:30:20.361669+00,2026-07-04 13:30:20.361669+00
889d042f-712a-4153-b99b-0673dca7b7a3,inv_133fa07f57f9,889d042f-712a-4153-b99b-0673dca7b7a3,0x9a6126cf24d565f6fd7ad3639f7bf11928c385df,BEL,full,funding_memory,0.005551,completed,0x31130587dee59aeacdccfdab27deadddeaafe70d7bba282f07eddd699946ad12,https://testnet.arcscan.app/tx/0x31130587dee59aeacdccfdab27deadddeaafe70d7bba282f07eddd699946ad12,1783334868.35818,"{""tier"":""full"",""query"":{""FDV"":19519500,""amount"":276315.17913999996,""symbol"":""BEL"",""fromATH"":-50,""circRatio"":0.67,""marketCap"":13013000,""volume24h"":55263,""fundingRate"":-0.0106},""symbol"":""BEL"",""paid_at"":1783334868.3581843,""pricing"":{""amount_usdc"":""0.005551""},""accounting"":{""currency"":""USDC"",""amount_usdc"":""0.005551""},""amount_raw"":""5551"",""buyer_type"":""human"",""invoice_id"":""inv_133fa07f57f9"",""query_hash"":""d108ad94318a4a25235a3b523838d9d3691625effbeb584eb09b58c327496b44"",""settlement"":{""rail"":""circle_gateway_x402"",""amount"":""0.005551"",""network"":""Arc Testnet"",""currency"":""USDC"",""decimals"":6,""token_address"":""0x3600000000000000000000000000000000000000"",""gateway_supported"":true},""amount_usdc"":0.005551,""provider_id"":""funding_memory"",""explorer_url"":""https://testnet.arcscan.app/tx/0x31130587dee59aeacdccfdab27deadddeaafe70d7bba282f07eddd699946ad12"",""payer_address"":""0x9a6126cf24d565f6fd7ad3639f7bf11928c385df"",""resource_type"":""qma_signal_report"",""settlement_id"":""889d042f-712a-4153-b99b-0673dca7b7a3"",""gateway_status"":""completed"",""seller_address"":""0x23e7c029a287a83d80b2e084e008211658dda11d"",""transaction_hash"":""0x31130587dee59aeacdccfdab27deadddeaafe70d7bba282f07eddd699946ad12"",""provider_owner_wallet"":""0x23e7c029a287a83d80b2e084e008211658dda11d""}",2026-07-06 10:47:50.496647+00,2026-07-06 10:47:50.496647+00
88dcba56-e024-432f-ac9d-6b129f7aa808,inv_23467277ddfd,88dcba56-e024-432f-ac9d-6b129f7aa808,0x9a6126cf24d565f6fd7ad3639f7bf11928c385df,SPELL,full,funding_memory,0.001204,completed,0x6757d1a5761e1abf123051f39142a9b0c82a29f8a26f68fa8dcdba8b7e9d1022,https://testnet.arcscan.app/tx/0x6757d1a5761e1abf123051f39142a9b0c82a29f8a26f68fa8dcdba8b7e9d1022,1783484626.39839,"{""tier"":""full"",""query"":{""FDV"":20000000,""price"":0.000102,""amount"":309047.9844,""symbol"":""SPELL"",""fromATH"":-50,""circRatio"":0.65,""marketCap"":10000000,""volume24h"":3153443.09308,""fundingRate"":-0.017587,""openInterest"":309047.9844,""longShortRatio"":null,""openInterestChange24h"":null},""symbol"":""SPELL"",""paid_at"":1783484626.3983948,""pricing"":{""amount_usdc"":""0.001204""},""event_id"":""inv_23467277ddfd:platform"",""split_leg"":{""role"":""platform"",""leg_id"":""platform"",""pay_to"":""0x23e7c029a287a83d80b2e084e008211658dda11d"",""amount_raw"":""1204"",""amount_usdc"":""0.001204""},""synthetic"":false,""accounting"":{""currency"":""USDC"",""amount_usdc"":""0.006021"",""creator_wallet"":""0xb40971a5d88f31c7b8d88bf93f7d044f1383bf01"",""settlement_mode"":""x402_direct_split"",""creator_share_bps"":8000,""platform_share_bps"":2000},""amount_raw"":""1204"",""buyer_type"":""human"",""invoice_id"":""inv_23467277ddfd"",""query_hash"":""62761f864d1904e0ce2c327dff59f36287cbb57cd19283fdfdc47af9c645b85a"",""run_source"":null,""settlement"":{""mode"":""x402_direct_split"",""rail"":""circle_gateway_x402"",""amount"":""0.006021"",""network"":""Arc Testnet"",""currency"":""USDC"",""decimals"":6,""token_address"":""0x3600000000000000000000000000000000000000"",""gateway_supported"":true},""agent_label"":null,""amount_usdc"":""0.001204"",""provider_id"":""funding_memory"",""explorer_url"":""https://testnet.arcscan.app/tx/0x6757d1a5761e1abf123051f39142a9b0c82a29f8a26f68fa8dcdba8b7e9d1022"",""payer_address"":""0x9a6126cf24d565f6fd7ad3639f7bf11928c385df"",""resource_type"":""qma_signal_report"",""settlement_id"":""88dcba56-e024-432f-ac9d-6b129f7aa808"",""gateway_status"":""completed"",""seller_address"":""0x23e7c029a287a83d80b2e084e008211658dda11d"",""transaction_hash"":""0x6757d1a5761e1abf123051f39142a9b0c82a29f8a26f68fa8dcdba8b7e9d1022"",""provider_owner_wallet"":""0xb40971a5d88f31c7b8d88bf93f7d044f1383bf01""}",2026-07-08 04:23:49.638058+00,2026-07-08 04:23:49.638058+00
893181c3-f4bb-4c02-8fd6-15ecf0f05a03,inv_ca6464be8933,893181c3-f4bb-4c02-8fd6-15ecf0f05a03,0x91bf578f5d75c2d8e69dce61129042795e00bffa,BANANA,full,funding_memory,0.001117,received,,,1783445245.98657,"{""tier"":""full"",""query"":{""FDV"":15000000,""price"":3.384,""amount"":353964.36960000003,""symbol"":""BANANA"",""fromATH"":-50,""circRatio"":0.65,""marketCap"":10000000,""volume24h"":1510556.8311,""fundingRate"":-0.003709,""openInterest"":353964.36960000003,""longShortRatio"":null,""openInterestChange24h"":null},""symbol"":""BANANA"",""paid_at"":1783445245.9865677,""pricing"":{""amount_usdc"":""0.001117""},""event_id"":""inv_ca6464be8933:platform"",""split_leg"":{""role"":""platform"",""leg_id"":""platform"",""pay_to"":""0x23e7c029a287a83d80b2e084e008211658dda11d"",""amount_raw"":""1117"",""amount_usdc"":""0.001117""},""accounting"":{""currency"":""USDC"",""amount_usdc"":""0.005585"",""creator_wallet"":""0xb40971a5d88f31c7b8d88bf93f7d044f1383bf01"",""settlement_mode"":""x402_direct_split"",""creator_share_bps"":8000,""platform_share_bps"":2000},""amount_raw"":""1117"",""buyer_type"":""agent"",""invoice_id"":""inv_ca6464be8933"",""query_hash"":""3b7d0a4e32ace6f9536b838830b00b194020a14133ce14df58e90aaf4b2aaa2f"",""settlement"":{""mode"":""x402_direct_split"",""rail"":""circle_gateway_x402"",""amount"":""0.005585"",""network"":""Arc Testnet"",""currency"":""USDC"",""decimals"":6,""token_address"":""0x3600000000000000000000000000000000000000"",""gateway_supported"":true},""amount_usdc"":""0.001117"",""provider_id"":""funding_memory"",""explorer_url"":null,""payer_address"":""0x91bf578f5d75c2d8e69dce61129042795e00bffa"",""resource_type"":""qma_signal_report"",""settlement_id"":""893181c3-f4bb-4c02-8fd6-15ecf0f05a03"",""gateway_status"":""received"",""seller_address"":""0x23e7c029a287a83d80b2e084e008211658dda11d"",""transaction_hash"":null,""provider_owner_wallet"":""0xb40971a5d88f31c7b8d88bf93f7d044f1383bf01""}",2026-07-07 17:27:28.628314+00,2026-07-07 17:27:28.628314+00
89faff3c-819f-475c-88c5-80528fef3847,inv_02d9a860b6b9,89faff3c-819f-475c-88c5-80528fef3847,0x562c54bb3e6e7544761628ec9eb25b05566d296b,SHLD,full,funding_memory,0.005,completed,0xbef8821327a947ed937680597a1275f04b29a0c75ac5e16d36b91c453b25313c,https://testnet.arcscan.app/tx/0xbef8821327a947ed937680597a1275f04b29a0c75ac5e16d36b91c453b25313c,1782091881.04125,"{""tier"":""full"",""query"":{""FDV"":9156000000,""amount"":null,""symbol"":""SHLD"",""fromATH"":-50,""circRatio"":0.67,""marketCap"":6104000000,""volume24h"":2328884,""fundingRate"":-0.0032},""symbol"":""SHLD"",""paid_at"":1782091881.041249,""amount_raw"":""5000"",""buyer_type"":""human"",""invoice_id"":""inv_02d9a860b6b9"",""query_hash"":""95e9dfc2c90002d116844251ad62083a7596598f1c69ffea4bb64f98a8845190"",""amount_usdc"":0.005,""provider_id"":""funding_memory"",""explorer_url"":""https://testnet.arcscan.app/tx/0xbef8821327a947ed937680597a1275f04b29a0c75ac5e16d36b91c453b25313c"",""payer_address"":""0x562c54bb3e6e7544761628ec9eb25b05566d296b"",""resource_type"":""qma_signal_report"",""settlement_id"":""89faff3c-819f-475c-88c5-80528fef3847"",""gateway_status"":""completed"",""seller_address"":""0x23e7c029a287a83d80b2e084e008211658dda11d"",""transaction_hash"":""0xbef8821327a947ed937680597a1275f04b29a0c75ac5e16d36b91c453b25313c"",""provider_owner_wallet"":""0x23e7c029a287a83d80b2e084e008211658dda11d""}",2026-06-22 01:31:22.912884+00,2026-06-22 01:31:22.912884+00
8a86b6d1-bdf8-4cb7-9346-3b6726d28017,inv_5bae5274bf84,8a86b6d1-bdf8-4cb7-9346-3b6726d28017,0xd14f332e28260eba4dfe9f9bdc5a0c8428b5947c,HYPE,legacy,funding_memory,0.05,completed,0x7804cead4303e424bf3ff2ad38ac04896dae8c6acfcaa3ad371922cb2abf8046,https://testnet.arcscan.app/tx/0x7804cead4303e424bf3ff2ad38ac04896dae8c6acfcaa3ad371922cb2abf8046,1781717078.71505,"{""tier"":""legacy"",""symbol"":""HYPE"",""paid_at"":1781717078.7150462,""amount_raw"":""50000"",""invoice_id"":""inv_5bae5274bf84"",""amount_usdc"":0.05,""explorer_url"":""https://testnet.arcscan.app/tx/0x7804cead4303e424bf3ff2ad38ac04896dae8c6acfcaa3ad371922cb2abf8046"",""payer_address"":""0xd14f332e28260eba4dfe9f9bdc5a0c8428b5947c"",""settlement_id"":""8a86b6d1-bdf8-4cb7-9346-3b6726d28017"",""gateway_status"":""completed"",""seller_address"":""0x23e7c029a287a83d80b2e084e008211658dda11d"",""transaction_hash"":""0x7804cead4303e424bf3ff2ad38ac04896dae8c6acfcaa3ad371922cb2abf8046""}",2026-06-19 09:35:04.052192+00,2026-06-19 16:49:23.325599+00
8a9fd0b6-37de-454b-873f-14308cea8ded,inv_b371eebd5cde,8a9fd0b6-37de-454b-873f-14308cea8ded,0xa0bf98fdf36aca7fb06ecfbaaabbd744fe75269e,BLUR,preview,funding_memory,0.000237,received,,,1783440904.57935,"{""tier"":""preview"",""query"":{""FDV"":44714451.5952,""price"":0.02309,""amount"":1145874.7305,""symbol"":""BLUR"",""fromATH"":-50,""circRatio"":0.65,""marketCap"":29809634.3968,""volume24h"":14904817.1984,""fundingRate"":-0.013608,""openInterest"":1145874.7305,""longShortRatio"":null,""openInterestChange24h"":null},""symbol"":""BLUR"",""paid_at"":1783440904.5793517,""pricing"":{""amount_usdc"":""0.000237""},""event_id"":""inv_b371eebd5cde:platform"",""split_leg"":{""role"":""platform"",""leg_id"":""platform"",""pay_to"":""0x23e7c029a287a83d80b2e084e008211658dda11d"",""amount_raw"":""237"",""amount_usdc"":""0.000237""},""accounting"":{""currency"":""USDC"",""amount_usdc"":""0.001186"",""creator_wallet"":""0xb40971a5d88f31c7b8d88bf93f7d044f1383bf01"",""settlement_mode"":""x402_direct_split"",""creator_share_bps"":8000,""platform_share_bps"":2000},""amount_raw"":""237"",""buyer_type"":""agent"",""invoice_id"":""inv_b371eebd5cde"",""query_hash"":""329c6c87ae311a87ef19559c123960a875d1b305ec1670b7f0006eb4a26d3ce6"",""settlement"":{""mode"":""x402_direct_split"",""rail"":""circle_gateway_x402"",""amount"":""0.001186"",""network"":""Arc Testnet"",""currency"":""USDC"",""decimals"":6,""token_address"":""0x3600000000000000000000000000000000000000"",""gateway_supported"":true},""amount_usdc"":""0.000237"",""provider_id"":""funding_memory"",""explorer_url"":null,""payer_address"":""0xa0bf98fdf36aca7fb06ecfbaaabbd744fe75269e"",""resource_type"":""qma_signal_report"",""settlement_id"":""8a9fd0b6-37de-454b-873f-14308cea8ded"",""gateway_status"":""received"",""seller_address"":""0x23e7c029a287a83d80b2e084e008211658dda11d"",""transaction_hash"":null,""provider_owner_wallet"":""0xb40971a5d88f31c7b8d88bf93f7d044f1383bf01""}",2026-07-07 16:15:07.21645+00,2026-07-07 16:15:07.21645+00
8b6e454d-f806-4a95-b754-e46d72f78886,inv_eb5fa3870018,8b6e454d-f806-4a95-b754-e46d72f78886,0xa397a50ad5729878c160e84ca1d8fd41880788ff,ID,full,funding_memory,0.005,completed,0xe5c5b779c3f87a12397e71ae5abcb8dfbb01b25698bf910e280e6a9c1dd534f7,https://testnet.arcscan.app/tx/0xe5c5b779c3f87a12397e71ae5abcb8dfbb01b25698bf910e280e6a9c1dd534f7,1782123075.20231,"{""tier"":""full"",""query"":{""FDV"":7,""amount"":null,""symbol"":""ID"",""fromATH"":-50,""circRatio"":0.67,""marketCap"":3777000,""volume24h"":9615,""fundingRate"":-0.0048},""symbol"":""ID"",""paid_at"":1782123075.2023087,""amount_raw"":""5000"",""buyer_type"":""human"",""invoice_id"":""inv_eb5fa3870018"",""query_hash"":""3a81e86ba52fc2ecd0bd030e1f110bf52e1ee806ade32620df1927c438187f3e"",""amount_usdc"":0.005,""provider_id"":""funding_memory"",""explorer_url"":""https://testnet.arcscan.app/tx/0xe5c5b779c3f87a12397e71ae5abcb8dfbb01b25698bf910e280e6a9c1dd534f7"",""payer_address"":""0xa397a50ad5729878c160e84ca1d8fd41880788ff"",""resource_type"":""qma_signal_report"",""settlement_id"":""8b6e454d-f806-4a95-b754-e46d72f78886"",""gateway_status"":""completed"",""seller_address"":""0x23e7c029a287a83d80b2e084e008211658dda11d"",""transaction_hash"":""0xe5c5b779c3f87a12397e71ae5abcb8dfbb01b25698bf910e280e6a9c1dd534f7"",""provider_owner_wallet"":""0x23e7c029a287a83d80b2e084e008211658dda11d""}",2026-06-22 10:11:47.212307+00,2026-06-22 10:11:47.212307+00
8b958a7b-0904-402d-8ec0-964a4d97b6a0,inv_45fa3541d05c,8b958a7b-0904-402d-8ec0-964a4d97b6a0,0xd0d414146bbdb37f75e088a93fcbf036c9b188e3,WAVES,preview,funding_memory,0.001,completed,0x91e7be9ef63088a93c85f9e60275966629fa594b0cf188b1bf81c95183a86499,https://testnet.arcscan.app/tx/0x91e7be9ef63088a93c85f9e60275966629fa594b0cf188b1bf81c95183a86499,1782026884.78852,"{""tier"":""preview"",""query"":{""FDV"":46560000,""amount"":null,""symbol"":""WAVES"",""fromATH"":-50,""circRatio"":0.67,""marketCap"":31040000,""volume24h"":481358,""fundingRate"":-0.0118},""symbol"":""WAVES"",""paid_at"":1782026884.7885234,""amount_raw"":""1000"",""buyer_type"":""human"",""invoice_id"":""inv_45fa3541d05c"",""query_hash"":""6d2f7b6db919525837af5d15ec69b3cefde692de8f37612289994bcbf55f8cf6"",""amount_usdc"":0.001,""provider_id"":""funding_memory"",""explorer_url"":""https://testnet.arcscan.app/tx/0x91e7be9ef63088a93c85f9e60275966629fa594b0cf188b1bf81c95183a86499"",""payer_address"":""0xd0d414146bbdb37f75e088a93fcbf036c9b188e3"",""resource_type"":""qma_signal_report"",""settlement_id"":""8b958a7b-0904-402d-8ec0-964a4d97b6a0"",""gateway_status"":""completed"",""seller_address"":""0x23e7c029a287a83d80b2e084e008211658dda11d"",""transaction_hash"":""0x91e7be9ef63088a93c85f9e60275966629fa594b0cf188b1bf81c95183a86499"",""provider_owner_wallet"":""0x23e7c029a287a83d80b2e084e008211658dda11d""}",2026-06-21 07:28:06.413382+00,2026-06-21 07:28:06.413382+00
8bc89cd8-77fc-4140-b85e-1921f4ac3cbc,inv_76a7951360e0,8bc89cd8-77fc-4140-b85e-1921f4ac3cbc,0xa0bf98fdf36aca7fb06ecfbaaabbd744fe75269e,GWEI,full,funding_memory,0.004463,received,,,1783445903.51226,"{""tier"":""full"",""query"":{""FDV"":15000000,""price"":0.1085,""amount"":1251775.35,""symbol"":""GWEI"",""fromATH"":-50,""circRatio"":0.65,""marketCap"":10000000,""volume24h"":1061305.53,""fundingRate"":-0.005943,""openInterest"":1251775.35,""longShortRatio"":null,""openInterestChange24h"":null},""symbol"":""GWEI"",""paid_at"":1783445903.5122623,""pricing"":{""amount_usdc"":""0.004463""},""event_id"":""inv_76a7951360e0:creator"",""split_leg"":{""role"":""creator"",""leg_id"":""creator"",""pay_to"":""0xb40971a5d88f31c7b8d88bf93f7d044f1383bf01"",""amount_raw"":""4463"",""amount_usdc"":""0.004463""},""accounting"":{""currency"":""USDC"",""amount_usdc"":""0.005579"",""creator_wallet"":""0xb40971a5d88f31c7b8d88bf93f7d044f1383bf01"",""settlement_mode"":""x402_direct_split"",""creator_share_bps"":8000,""platform_share_bps"":2000},""amount_raw"":""4463"",""buyer_type"":""agent"",""invoice_id"":""inv_76a7951360e0"",""query_hash"":""b2c3bd42395b4db42af3ab8ad8dccd7dcbffa343b762d618ce64b944acc750b1"",""settlement"":{""mode"":""x402_direct_split"",""rail"":""circle_gateway_x402"",""amount"":""0.005579"",""network"":""Arc Testnet"",""currency"":""USDC"",""decimals"":6,""token_address"":""0x3600000000000000000000000000000000000000"",""gateway_supported"":true},""amount_usdc"":""0.004463"",""provider_id"":""funding_memory"",""explorer_url"":null,""payer_address"":""0xa0bf98fdf36aca7fb06ecfbaaabbd744fe75269e"",""resource_type"":""qma_signal_report"",""settlement_id"":""8bc89cd8-77fc-4140-b85e-1921f4ac3cbc"",""gateway_status"":""received"",""seller_address"":""0xb40971a5d88f31c7b8d88bf93f7d044f1383bf01"",""transaction_hash"":null,""provider_owner_wallet"":""0xb40971a5d88f31c7b8d88bf93f7d044f1383bf01""}",2026-07-07 17:38:26.973488+00,2026-07-07 17:38:26.973488+00
8d198211-5f82-4dc6-8a7e-537ad85aea98,inv_edfc049a6deb,8d198211-5f82-4dc6-8a7e-537ad85aea98,0x5e4cf60110565e2904a7321571d76282f0b930db,AKE,preview,funding_memory,0.001018,received,,,1789880690.31153,"{""tier"":""preview"",""query"":{""FDV"":203038080.423,""price"":0.065193,""amount"":23988546.666,""source"":""MEXC_FUTURES"",""symbol"":""AKE"",""fromATH"":-50,""exchange"":""MEXC"",""circRatio"":0.65,""marketCap"":135358720.282,""rawSymbol"":""AKE_USDT"",""volume24h"":67679360.141,""contractId"":1428,""fundingRate"":-0.003062,""candidate_id"":""QMA:FUNDING_MEMORY:AKE:5"",""contractSize"":1000,""openInterest"":23988546.666,""source_fields"":{""detailV2_cs"":1000,""ticker_holdVol"":367962,""ticker_amount24"":67679360.141,""ticker_volume24"":1075612},""longShortRatio"":null,""adapter_version"":""MEXC_FUTURES_V2"",""openInterestBase"":367962000,""openInterestMethod"":""HOLDVOL * DETAILV2.CS * LASTPRICE"",""expected_price_usdc"":0.001018,""openInterestChange24h"":null,""openInterestContracts"":367962,""openInterestEstimated"":false},""symbol"":""AKE"",""paid_at"":1789880690.3115287,""pricing"":{""amount_usdc"":""0.001018""},""synthetic"":false,""accounting"":{""currency"":""USDC"",""amount_usdc"":""0.001018"",""creator_wallet"":""0xb40971a5d88f31c7b8d88bf93f7d044f1383bf01"",""settlement_mode"":""seller_wallet"",""creator_share_bps"":8000,""platform_share_bps"":2000},""amount_raw"":""1018"",""buyer_type"":""agent"",""invoice_id"":""inv_edfc049a6deb"",""query_hash"":""522b7162027feb5c502b2b8ead604e183e28878492d10bc4f103bb6af8d7b74e"",""run_source"":""agent_session_9b8bb0ee-98f7-43f9-a7a5-0650ead6fe53"",""settlement"":{""mode"":""seller_wallet"",""rail"":""circle_gateway_x402"",""amount"":""0.001018"",""network"":""Arc Testnet"",""currency"":""USDC"",""decimals"":6,""token_address"":""0x3600000000000000000000000000000000000000"",""gateway_supported"":true},""agent_label"":""qma-hosted-worker"",""amount_usdc"":0.001018,""provider_id"":""funding_memory"",""explorer_url"":null,""payer_address"":""0x5e4cf60110565e2904a7321571d76282f0b930db"",""resource_type"":""qma_signal_report"",""settlement_id"":""8d198211-5f82-4dc6-8a7e-537ad85aea98"",""arc_settlement"":{""error"":""Circle treasury wallet address does not match the x402 seller"",""action"":""creator_payout"",""status"":""retryable"",""verdict"":""VALID"",""version"":1,""recipient"":""0xb40971a5d88f31c7b8d88bf93f7d044f1383bf01"",""created_at"":1789880726.8645225,""updated_at"":1789957502.452735,""operation_id"":""arc-verdict:inv_edfc049a6deb:creator_payout:v1"",""total_amount_raw"":""1018"",""treasury_address"":""0x23e7c029a287a83d80b2e084e008211658dda11d"",""creator_share_bps"":8000,""creator_amount_raw"":""814"",""platform_amount_raw"":""204"",""transfer_amount_raw"":""814"",""source_settlement_id"":""8d198211-5f82-4dc6-8a7e-537ad85aea98"",""source_gateway_status"":""received""},""gateway_status"":""received"",""seller_address"":""0x23e7c029a287a83d80b2e084e008211658dda11d"",""transaction_hash"":null,""buyer_wallet_address"":""0x2c03cd73ad36230a3c5be43d51d72fdca32f53d4"",""provider_owner_wallet"":""0xb40971a5d88f31c7b8d88bf93f7d044f1383bf01""}",2026-09-20 05:05:26.824878+00,2026-09-20 05:05:26.824878+00
8d772fd4-e774-427f-9c9f-b22eab802570,inv_9cf558ed51f7,8d772fd4-e774-427f-9c9f-b22eab802570,0x9a6126cf24d565f6fd7ad3639f7bf11928c385df,LAB,preview,funding_memory,0.001,completed,0xea989056e28037be44c4366ad46c19effdefb704ac8f44d3d3e6472eb9b88520,https://testnet.arcscan.app/tx/0xea989056e28037be44c4366ad46c19effdefb704ac8f44d3d3e6472eb9b88520,1782730756.88334,"{""tier"":""preview"",""query"":{""FDV"":2217450000,""amount"":null,""symbol"":""LAB"",""fromATH"":-50,""circRatio"":0.67,""marketCap"":1478300000,""volume24h"":90844,""fundingRate"":-0.0057},""symbol"":""LAB"",""paid_at"":1782730756.8833435,""amount_raw"":""1000"",""buyer_type"":""human"",""invoice_id"":""inv_9cf558ed51f7"",""query_hash"":""062e429ffa86bb5379eec0956bd27e101110baa455bbdcf4f4a8600134756055"",""amount_usdc"":0.001,""provider_id"":""funding_memory"",""explorer_url"":""https://testnet.arcscan.app/tx/0xea989056e28037be44c4366ad46c19effdefb704ac8f44d3d3e6472eb9b88520"",""payer_address"":""0x9a6126cf24d565f6fd7ad3639f7bf11928c385df"",""resource_type"":""qma_signal_report"",""settlement_id"":""8d772fd4-e774-427f-9c9f-b22eab802570"",""tier_category"":""preview"",""gateway_status"":""completed"",""seller_address"":""0x23e7c029a287a83d80b2e084e008211658dda11d"",""transaction_hash"":""0xea989056e28037be44c4366ad46c19effdefb704ac8f44d3d3e6472eb9b88520"",""provider_owner_wallet"":""0x23e7c029a287a83d80b2e084e008211658dda11d""}",2026-06-29 10:59:20.417984+00,2026-06-29 10:59:20.417984+00
8d7cac18-968d-4cb2-914f-80ba277654e9,inv_98adf05e06a1,8d7cac18-968d-4cb2-914f-80ba277654e9,0x2c03cd73ad36230a3c5be43d51d72fdca32f53d4,ACE,full,funding_memory,0.004574,completed,0xcdc6694b2f49fe19bd3ae8b0a2683e8395732f97da802212ba79687bcb6f4a76,https://testnet.arcscan.app/tx/0xcdc6694b2f49fe19bd3ae8b0a2683e8395732f97da802212ba79687bcb6f4a76,1784556504.30831,"{""tier"":""full"",""query"":{""FDV"":106451394.458204,""price"":0.12168,""amount"":6570078.332688,""symbol"":""ACE"",""fromATH"":-50,""circRatio"":0.65,""marketCap"":53225697.229102,""volume24h"":26612848.614551,""fundingRate"":-0.004138,""openInterest"":6570078.332688,""longShortRatio"":null,""openInterestChange24h"":null},""symbol"":""ACE"",""paid_at"":1784556504.3083112,""pricing"":{""amount_usdc"":""0.004574""},""event_id"":""inv_98adf05e06a1:creator"",""split_leg"":{""role"":""creator"",""leg_id"":""creator"",""pay_to"":""0xb40971a5d88f31c7b8d88bf93f7d044f1383bf01"",""amount_raw"":""4574"",""amount_usdc"":""0.004574""},""synthetic"":false,""accounting"":{""currency"":""USDC"",""amount_usdc"":""0.005717"",""creator_wallet"":""0xb40971a5d88f31c7b8d88bf93f7d044f1383bf01"",""settlement_mode"":""x402_direct_split"",""creator_share_bps"":8000,""platform_share_bps"":2000},""amount_raw"":""4574"",""buyer_type"":""human"",""invoice_id"":""inv_98adf05e06a1"",""query_hash"":""c20620c9e1c5da91a786d5491f541643aba7a66dc143612e3e32c9a1b6469a12"",""run_source"":null,""settlement"":{""mode"":""x402_direct_split"",""rail"":""circle_gateway_x402"",""amount"":""0.005717"",""network"":""Arc Testnet"",""currency"":""USDC"",""decimals"":6,""token_address"":""0x3600000000000000000000000000000000000000"",""gateway_supported"":true},""agent_label"":null,""amount_usdc"":""0.004574"",""provider_id"":""funding_memory"",""explorer_url"":""https://testnet.arcscan.app/tx/0xcdc6694b2f49fe19bd3ae8b0a2683e8395732f97da802212ba79687bcb6f4a76"",""payer_address"":""0x2c03cd73ad36230a3c5be43d51d72fdca32f53d4"",""resource_type"":""qma_signal_report"",""settlement_id"":""8d7cac18-968d-4cb2-914f-80ba277654e9"",""gateway_status"":""completed"",""seller_address"":""0xb40971a5d88f31c7b8d88bf93f7d044f1383bf01"",""transaction_hash"":""0xcdc6694b2f49fe19bd3ae8b0a2683e8395732f97da802212ba79687bcb6f4a76"",""buyer_wallet_address"":""0x2c03cd73ad36230a3c5be43d51d72fdca32f53d4"",""provider_owner_wallet"":""0xb40971a5d88f31c7b8d88bf93f7d044f1383bf01""}",2026-07-20 14:08:39.267035+00,2026-07-20 14:08:39.267035+00
8dca1b66-6e43-489c-9dd6-826ba3a8eab8,inv_e49d840a21da,8dca1b66-6e43-489c-9dd6-826ba3a8eab8,0xbe6ee76916726d1d04155dde8923d58e720557a1,ARX,preview,funding_memory,0.001,completed,0x7f256db87cfeaeb7e53ddd5337582fa3a97d63e903425d29ef6fa1a174136153,https://testnet.arcscan.app/tx/0x7f256db87cfeaeb7e53ddd5337582fa3a97d63e903425d29ef6fa1a174136153,1782204073.90061,"{""tier"":""preview"",""query"":{""FDV"":56730000,""amount"":1025166.3171999999,""symbol"":""ARX"",""fromATH"":-50,""circRatio"":0.67,""marketCap"":37820000,""volume24h"":205033,""fundingRate"":-0.0077},""symbol"":""ARX"",""paid_at"":1782204073.9006138,""amount_raw"":""1000"",""buyer_type"":""human"",""invoice_id"":""inv_e49d840a21da"",""query_hash"":""55d0cf8edd18e7d9a991fbf831b7d7ecf25ecefc541f75a3052af16409bec6d6"",""amount_usdc"":0.001,""provider_id"":""funding_memory"",""explorer_url"":""https://testnet.arcscan.app/tx/0x7f256db87cfeaeb7e53ddd5337582fa3a97d63e903425d29ef6fa1a174136153"",""payer_address"":""0xbe6ee76916726d1d04155dde8923d58e720557a1"",""resource_type"":""qma_signal_report"",""settlement_id"":""8dca1b66-6e43-489c-9dd6-826ba3a8eab8"",""gateway_status"":""completed"",""seller_address"":""0x23e7c029a287a83d80b2e084e008211658dda11d"",""transaction_hash"":""0x7f256db87cfeaeb7e53ddd5337582fa3a97d63e903425d29ef6fa1a174136153"",""provider_owner_wallet"":""0x23e7c029a287a83d80b2e084e008211658dda11d""}",2026-06-23 08:41:17.336004+00,2026-06-23 08:41:17.336004+00
8e2fd445-bef5-4cb3-8b82-e1863b1eb5e6,inv_dd7c8b322a39,8e2fd445-bef5-4cb3-8b82-e1863b1eb5e6,0xb40971a5d88f31c7b8d88bf93f7d044f1383bf01,SAHARA,full,funding_memory,0.005,completed,0x302dc9afa2ce2cb0eaaa18f36057ea53612220d88e579702ddba2aba34083831,https://testnet.arcscan.app/tx/0x302dc9afa2ce2cb0eaaa18f36057ea53612220d88e579702ddba2aba34083831,1781835159.50891,"{""tier"":""full"",""query"":{""FDV"":138400000,""amount"":null,""symbol"":""SAHARA"",""fromATH"":-91.52,""circRatio"":0.34,""marketCap"":47152592,""volume24h"":55986784,""fundingRate"":-0.0038},""symbol"":""SAHARA"",""paid_at"":1781835159.5089126,""amount_raw"":""5000"",""buyer_type"":""human"",""invoice_id"":""inv_dd7c8b322a39"",""query_hash"":""3a7d597722b336794a7da03b4eae3b471d4f3c1371dbd237d0b8f5f847db33c7"",""amount_usdc"":0.005,""provider_id"":""funding_memory"",""explorer_url"":""https://testnet.arcscan.app/tx/0x302dc9afa2ce2cb0eaaa18f36057ea53612220d88e579702ddba2aba34083831"",""payer_address"":""0xb40971a5d88f31c7b8d88bf93f7d044f1383bf01"",""resource_type"":""qma_signal_report"",""settlement_id"":""8e2fd445-bef5-4cb3-8b82-e1863b1eb5e6"",""gateway_status"":""completed"",""seller_address"":""0x23e7c029a287a83d80b2e084e008211658dda11d"",""transaction_hash"":""0x302dc9afa2ce2cb0eaaa18f36057ea53612220d88e579702ddba2aba34083831"",""provider_owner_wallet"":""0x23e7c029a287a83d80b2e084e008211658dda11d""}",2026-06-19 09:35:04.052192+00,2026-06-19 09:35:04.052192+00
8e3640d5-dd6d-421a-8823-62e7de02efca,inv_ddf7aa6ae80f,8e3640d5-dd6d-421a-8823-62e7de02efca,0xce05679737fbb009e0c9998e927364fb24bfc0e4,GWEI,full,funding_memory,0.004464,received,,,1783446178.61058,"{""tier"":""full"",""query"":{""FDV"":15000000,""price"":0.1098,""amount"":1268442.54,""symbol"":""GWEI"",""fromATH"":-50,""circRatio"":0.65,""marketCap"":10000000,""volume24h"":1066743.35,""fundingRate"":-0.005964,""openInterest"":1268442.54,""longShortRatio"":null,""openInterestChange24h"":null},""symbol"":""GWEI"",""paid_at"":1783446178.6105754,""pricing"":{""amount_usdc"":""0.004464""},""event_id"":""inv_ddf7aa6ae80f:creator"",""split_leg"":{""role"":""creator"",""leg_id"":""creator"",""pay_to"":""0xb40971a5d88f31c7b8d88bf93f7d044f1383bf01"",""amount_raw"":""4464"",""amount_usdc"":""0.004464""},""accounting"":{""currency"":""USDC"",""amount_usdc"":""0.00558"",""creator_wallet"":""0xb40971a5d88f31c7b8d88bf93f7d044f1383bf01"",""settlement_mode"":""x402_direct_split"",""creator_share_bps"":8000,""platform_share_bps"":2000},""amount_raw"":""4464"",""buyer_type"":""agent"",""invoice_id"":""inv_ddf7aa6ae80f"",""query_hash"":""99382f309bc8199a827fe6d2c546fade6dc7765618e6ededa87a1cc8a1f64cdc"",""settlement"":{""mode"":""x402_direct_split"",""rail"":""circle_gateway_x402"",""amount"":""0.00558"",""network"":""Arc Testnet"",""currency"":""USDC"",""decimals"":6,""token_address"":""0x3600000000000000000000000000000000000000"",""gateway_supported"":true},""amount_usdc"":""0.004464"",""provider_id"":""funding_memory"",""explorer_url"":null,""payer_address"":""0xce05679737fbb009e0c9998e927364fb24bfc0e4"",""resource_type"":""qma_signal_report"",""settlement_id"":""8e3640d5-dd6d-421a-8823-62e7de02efca"",""gateway_status"":""received"",""seller_address"":""0xb40971a5d88f31c7b8d88bf93f7d044f1383bf01"",""transaction_hash"":null,""provider_owner_wallet"":""0xb40971a5d88f31c7b8d88bf93f7d044f1383bf01""}",2026-07-07 17:43:01.843065+00,2026-07-07 17:43:01.843065+00
8eecddf4-afae-4b98-9a77-8ac43f55b09f,inv_b30f4bc6ce64,8eecddf4-afae-4b98-9a77-8ac43f55b09f,0xf5987818ebbee812eb730b6a395d66e664412cf5,SHLD,full,funding_memory,0.005,completed,0xfdd6ea947be064629d6b4c9dc922eb4283d881e8cdeccd60408435f8b62bd948,https://testnet.arcscan.app/tx/0xfdd6ea947be064629d6b4c9dc922eb4283d881e8cdeccd60408435f8b62bd948,1782121683.93365,"{""tier"":""full"",""query"":{""FDV"":9139500000,""amount"":null,""symbol"":""SHLD"",""fromATH"":-50,""circRatio"":0.67,""marketCap"":6093000000,""volume24h"":2799404,""fundingRate"":-0.0043},""symbol"":""SHLD"",""paid_at"":1782121683.9336512,""amount_raw"":""5000"",""buyer_type"":""human"",""invoice_id"":""inv_b30f4bc6ce64"",""query_hash"":""6f6c276c34d7fd8e0fc8d6f7f7829dea5539de8beaed543ec80eeebedca67611"",""amount_usdc"":0.005,""provider_id"":""funding_memory"",""explorer_url"":""https://testnet.arcscan.app/tx/0xfdd6ea947be064629d6b4c9dc922eb4283d881e8cdeccd60408435f8b62bd948"",""payer_address"":""0xf5987818ebbee812eb730b6a395d66e664412cf5"",""resource_type"":""qma_signal_report"",""settlement_id"":""8eecddf4-afae-4b98-9a77-8ac43f55b09f"",""gateway_status"":""completed"",""seller_address"":""0x23e7c029a287a83d80b2e084e008211658dda11d"",""transaction_hash"":""0xfdd6ea947be064629d6b4c9dc922eb4283d881e8cdeccd60408435f8b62bd948"",""provider_owner_wallet"":""0x23e7c029a287a83d80b2e084e008211658dda11d""}",2026-06-22 09:48:06.039107+00,2026-06-22 09:48:06.039107+00
8ef995a5-efac-471a-b9fc-1845c53dd992,inv_739dbf278121,8ef995a5-efac-471a-b9fc-1845c53dd992,0x087448914bfaa7e8faabbd3290887380ec179f93,ARX,full,funding_memory,0.005,completed,0x47feb69c6cb53b58657ca88898e13ca09d59ea1c19f775f69c5436b0871dd7f3,https://testnet.arcscan.app/tx/0x47feb69c6cb53b58657ca88898e13ca09d59ea1c19f775f69c5436b0871dd7f3,1782207554.44725,"{""tier"":""full"",""query"":{""FDV"":56625000,""amount"":1015393.46,""symbol"":""ARX"",""fromATH"":-50,""circRatio"":0.67,""marketCap"":37750000,""volume24h"":203079,""fundingRate"":-0.0103},""symbol"":""ARX"",""paid_at"":1782207554.4472528,""amount_raw"":""5000"",""buyer_type"":""human"",""invoice_id"":""inv_739dbf278121"",""query_hash"":""555fafa1936885e4142f7a2794ecc2d619c5724a000dda73ecae19f3d144e319"",""amount_usdc"":0.005,""provider_id"":""funding_memory"",""explorer_url"":""https://testnet.arcscan.app/tx/0x47feb69c6cb53b58657ca88898e13ca09d59ea1c19f775f69c5436b0871dd7f3"",""payer_address"":""0x087448914bfaa7e8faabbd3290887380ec179f93"",""resource_type"":""qma_signal_report"",""settlement_id"":""8ef995a5-efac-471a-b9fc-1845c53dd992"",""tier_category"":""full"",""gateway_status"":""completed"",""seller_address"":""0x23e7c029a287a83d80b2e084e008211658dda11d"",""transaction_hash"":""0x47feb69c6cb53b58657ca88898e13ca09d59ea1c19f775f69c5436b0871dd7f3"",""provider_owner_wallet"":""0x23e7c029a287a83d80b2e084e008211658dda11d""}",2026-06-23 09:39:17.537068+00,2026-06-23 09:39:17.537068+00
8f05b116-0274-4bd1-81be-f9e2c5694939,inv_eacb9bec391c,8f05b116-0274-4bd1-81be-f9e2c5694939,0xbfe354500fd7feb53a3ce9fbc0ee5078d295d23f,LAB,preview,funding_memory,0.000934,received,,,1783438039.02497,"{""tier"":""preview"",""query"":{""FDV"":308634871.83,""price"":6.898,""amount"":4409477.52,""symbol"":""LAB"",""fromATH"":-50,""circRatio"":0.65,""marketCap"":205756581.22,""volume24h"":102878290.61,""fundingRate"":-0.009429,""openInterest"":4409477.52,""longShortRatio"":null,""openInterestChange24h"":null},""symbol"":""LAB"",""paid_at"":1783438039.0249674,""pricing"":{""amount_usdc"":""0.000934""},""event_id"":""inv_eacb9bec391c:creator"",""split_leg"":{""role"":""creator"",""leg_id"":""creator"",""pay_to"":""0xb40971a5d88f31c7b8d88bf93f7d044f1383bf01"",""amount_raw"":""934"",""amount_usdc"":""0.000934""},""accounting"":{""currency"":""USDC"",""amount_usdc"":""0.001167"",""creator_wallet"":""0xb40971a5d88f31c7b8d88bf93f7d044f1383bf01"",""settlement_mode"":""x402_direct_split"",""creator_share_bps"":8000,""platform_share_bps"":2000},""amount_raw"":""934"",""buyer_type"":""agent"",""invoice_id"":""inv_eacb9bec391c"",""query_hash"":""085250ea5640e0f417b5f0a2039bed00c835ec2caa92f652d3ea7417dec2bd8b"",""settlement"":{""mode"":""x402_direct_split"",""rail"":""circle_gateway_x402"",""amount"":""0.001167"",""network"":""Arc Testnet"",""currency"":""USDC"",""decimals"":6,""token_address"":""0x3600000000000000000000000000000000000000"",""gateway_supported"":true},""amount_usdc"":""0.000934"",""provider_id"":""funding_memory"",""explorer_url"":null,""payer_address"":""0xbfe354500fd7feb53a3ce9fbc0ee5078d295d23f"",""resource_type"":""qma_signal_report"",""settlement_id"":""8f05b116-0274-4bd1-81be-f9e2c5694939"",""gateway_status"":""received"",""seller_address"":""0xb40971a5d88f31c7b8d88bf93f7d044f1383bf01"",""transaction_hash"":null,""provider_owner_wallet"":""0xb40971a5d88f31c7b8d88bf93f7d044f1383bf01""}",2026-07-07 15:27:22.72526+00,2026-07-07 15:27:22.72526+00
8f734c3e-5db3-4daf-91a8-fa29a24c2090,inv_26eda3db0391,8f734c3e-5db3-4daf-91a8-fa29a24c2090,0x2c03cd73ad36230a3c5be43d51d72fdca32f53d4,IOST,full,funding_memory,0.005088,completed,0xce780917a84e6923ddf5410477c7c78ccfb3c6596c9d117519122ff4eb8f2594,https://testnet.arcscan.app/tx/0xce780917a84e6923ddf5410477c7c78ccfb3c6596c9d117519122ff4eb8f2594,1789614324.16129,"{""tier"":""full"",""query"":{""FDV"":74795768.02224,""price"":0.0018079,""amount"":4716889.02049,""symbol"":""IOST"",""fromATH"":-50,""circRatio"":0.65,""marketCap"":37397884.01112,""volume24h"":18698942.00556,""fundingRate"":-0.00769,""openInterest"":4716889.02049,""longShortRatio"":null,""openInterestChange24h"":null},""symbol"":""IOST"",""paid_at"":1789614324.161287,""pricing"":{""amount_usdc"":""0.005088""},""synthetic"":false,""accounting"":{""currency"":""USDC"",""amount_usdc"":""0.005088"",""creator_wallet"":""0xb40971a5d88f31c7b8d88bf93f7d044f1383bf01"",""settlement_mode"":""seller_wallet"",""creator_share_bps"":8000,""platform_share_bps"":2000},""amount_raw"":""5088"",""buyer_type"":""human"",""invoice_id"":""inv_26eda3db0391"",""query_hash"":""cdccf12d6d2b4efdb4134a149900030855d9d0026585e1e8d774912e03ccab5c"",""run_source"":null,""settlement"":{""mode"":""seller_wallet"",""rail"":""circle_gateway_x402"",""amount"":""0.005088"",""network"":""Arc Testnet"",""currency"":""USDC"",""decimals"":6,""token_address"":""0x3600000000000000000000000000000000000000"",""gateway_supported"":true},""agent_label"":null,""amount_usdc"":0.005088,""provider_id"":""funding_memory"",""explorer_url"":""https://testnet.arcscan.app/tx/0xce780917a84e6923ddf5410477c7c78ccfb3c6596c9d117519122ff4eb8f2594"",""payer_address"":""0x2c03cd73ad36230a3c5be43d51d72fdca32f53d4"",""resource_type"":""qma_signal_report"",""settlement_id"":""8f734c3e-5db3-4daf-91a8-fa29a24c2090"",""arc_settlement"":{""error"":""Circle treasury wallet address does not match the x402 seller"",""action"":""creator_payout"",""status"":""retryable"",""verdict"":""VALID"",""version"":1,""recipient"":""0xb40971a5d88f31c7b8d88bf93f7d044f1383bf01"",""created_at"":1789614382.7950988,""updated_at"":1789879577.0389028,""operation_id"":""arc-verdict:inv_26eda3db0391:creator_payout:v1"",""total_amount_raw"":""5088"",""treasury_address"":""0x23e7c029a287a83d80b2e084e008211658dda11d"",""creator_share_bps"":8000,""creator_amount_raw"":""4070"",""platform_amount_raw"":""1018"",""transfer_amount_raw"":""4070"",""source_settlement_id"":""8f734c3e-5db3-4daf-91a8-fa29a24c2090"",""source_gateway_status"":""received""},""gateway_status"":""completed"",""seller_address"":""0x23e7c029a287a83d80b2e084e008211658dda11d"",""transaction_hash"":""0xce780917a84e6923ddf5410477c7c78ccfb3c6596c9d117519122ff4eb8f2594"",""buyer_wallet_address"":""0x2c03cd73ad36230a3c5be43d51d72fdca32f53d4"",""provider_owner_wallet"":""0xb40971a5d88f31c7b8d88bf93f7d044f1383bf01""}",2026-09-17 03:06:24.757573+00,2026-09-17 03:06:24.757573+00
8f907021-caaa-4932-84f8-de874ce4e9e6,inv_5eef8c5f0291,8f907021-caaa-4932-84f8-de874ce4e9e6,0x5e4cf60110565e2904a7321571d76282f0b930db,F,preview,oi_memory,0.00111,received,,,1789873515.67468,"{""tier"":""preview"",""query"":{""FDV"":15000000,""price"":0.003783,""amount"":618290.1153,""source"":""MEXC_FUTURES"",""symbol"":""F"",""fromATH"":-50,""exchange"":""MEXC"",""circRatio"":0.65,""marketCap"":10000000,""rawSymbol"":""F_USDT"",""volume24h"":1067970.72578,""contractId"":851,""fundingRate"":-0.004066,""candidate_id"":""QMA:OI_MEMORY:F:5"",""contractSize"":10,""openInterest"":618290.1153,""source_fields"":{""detailV2_cs"":10,""ticker_holdVol"":16343910,""ticker_amount24"":1067970.72578,""ticker_volume24"":25669832},""longShortRatio"":null,""adapter_version"":""MEXC_FUTURES_V2"",""openInterestBase"":163439100,""openInterestMethod"":""HOLDVOL * DETAILV2.CS * LASTPRICE"",""expected_price_usdc"":0.00111,""openInterestChange24h"":null,""openInterestContracts"":16343910,""openInterestEstimated"":false},""symbol"":""F"",""paid_at"":1789873515.6746788,""pricing"":{""amount_usdc"":""0.00111""},""synthetic"":false,""accounting"":{""currency"":""USDC"",""amount_usdc"":""0.00111"",""creator_wallet"":""0x2222222222222222222222222222222222222222"",""settlement_mode"":""seller_wallet"",""creator_share_bps"":8000,""platform_share_bps"":2000},""amount_raw"":""1110"",""buyer_type"":""agent"",""invoice_id"":""inv_5eef8c5f0291"",""query_hash"":""2e976af87f1d90c15201f76e3d6ab018ce3a69d47160ed9ed6956488fd14f090"",""run_source"":""agent_session_e7dd56f9-cf18-4965-b07e-2df87f28cd4c"",""settlement"":{""mode"":""seller_wallet"",""rail"":""circle_gateway_x402"",""amount"":""0.00111"",""network"":""Arc Testnet"",""currency"":""USDC"",""decimals"":6,""token_address"":""0x3600000000000000000000000000000000000000"",""gateway_supported"":true},""agent_label"":""qma-hosted-worker"",""amount_usdc"":0.00111,""provider_id"":""oi_memory"",""explorer_url"":null,""payer_address"":""0x5e4cf60110565e2904a7321571d76282f0b930db"",""resource_type"":""qma_signal_report"",""settlement_id"":""8f907021-caaa-4932-84f8-de874ce4e9e6"",""arc_settlement"":{""error"":""Circle treasury wallet address does not match the x402 seller"",""action"":""creator_payout"",""status"":""retryable"",""verdict"":""VALID"",""version"":1,""recipient"":""0x2222222222222222222222222222222222222222"",""created_at"":1789873547.817196,""updated_at"":1789957506.9709318,""operation_id"":""arc-verdict:inv_5eef8c5f0291:creator_payout:v1"",""total_amount_raw"":""1110"",""treasury_address"":""0x23e7c029a287a83d80b2e084e008211658dda11d"",""creator_share_bps"":8000,""creator_amount_raw"":""888"",""platform_amount_raw"":""222"",""transfer_amount_raw"":""888"",""source_settlement_id"":""8f907021-caaa-4932-84f8-de874ce4e9e6"",""source_gateway_status"":""received""},""gateway_status"":""received"",""seller_address"":""0x23e7c029a287a83d80b2e084e008211658dda11d"",""transaction_hash"":null,""buyer_wallet_address"":""0x2c03cd73ad36230a3c5be43d51d72fdca32f53d4"",""provider_owner_wallet"":""0x2222222222222222222222222222222222222222""}",2026-09-20 03:05:47.795061+00,2026-09-20 03:05:47.795061+00
8ffe7daa-9206-453b-8d77-b7965fe8e25a,inv_d264247fa2b0,8ffe7daa-9206-453b-8d77-b7965fe8e25a,0x44e9e17293357e2c7cc995adfac376457a01ccc8,LAB,full,funding_memory,0.004589,completed,0x80b6fb1e68f19a6e50a420569c2e4b846d7a53b4554e95bcb8378160bd70acfe,https://testnet.arcscan.app/tx/0x80b6fb1e68f19a6e50a420569c2e4b846d7a53b4554e95bcb8378160bd70acfe,1783473925.76541,"{""tier"":""full"",""query"":{""FDV"":271368605.121,""price"":5.96,""amount"":4409148.4,""symbol"":""LAB"",""fromATH"":-50,""circRatio"":0.65,""marketCap"":180912403.414,""volume24h"":90456201.707,""fundingRate"":-0.004922,""openInterest"":4409148.4,""longShortRatio"":null,""openInterestChange24h"":null},""symbol"":""LAB"",""paid_at"":1783473925.7654095,""pricing"":{""amount_usdc"":""0.004589""},""event_id"":""inv_d264247fa2b0:creator"",""split_leg"":{""role"":""creator"",""leg_id"":""creator"",""pay_to"":""0xb40971a5d88f31c7b8d88bf93f7d044f1383bf01"",""amount_raw"":""4589"",""amount_usdc"":""0.004589""},""accounting"":{""currency"":""USDC"",""amount_usdc"":""0.005736"",""creator_wallet"":""0xb40971a5d88f31c7b8d88bf93f7d044f1383bf01"",""settlement_mode"":""x402_direct_split"",""creator_share_bps"":8000,""platform_share_bps"":2000},""amount_raw"":""4589"",""buyer_type"":""agent"",""invoice_id"":""inv_d264247fa2b0"",""query_hash"":""9f9e351f06d67e84b1ba96964bd0f88f6411818ccd102fba723518cfdf7d6650"",""settlement"":{""mode"":""x402_direct_split"",""rail"":""circle_gateway_x402"",""amount"":""0.005736"",""network"":""Arc Testnet"",""currency"":""USDC"",""decimals"":6,""token_address"":""0x3600000000000000000000000000000000000000"",""gateway_supported"":true},""amount_usdc"":""0.004589"",""provider_id"":""funding_memory"",""explorer_url"":""https://testnet.arcscan.app/tx/0x80b6fb1e68f19a6e50a420569c2e4b846d7a53b4554e95bcb8378160bd70acfe"",""payer_address"":""0x44e9e17293357e2c7cc995adfac376457a01ccc8"",""resource_type"":""qma_signal_report"",""settlement_id"":""8ffe7daa-9206-453b-8d77-b7965fe8e25a"",""gateway_status"":""completed"",""seller_address"":""0xb40971a5d88f31c7b8d88bf93f7d044f1383bf01"",""transaction_hash"":""0x80b6fb1e68f19a6e50a420569c2e4b846d7a53b4554e95bcb8378160bd70acfe"",""provider_owner_wallet"":""0xb40971a5d88f31c7b8d88bf93f7d044f1383bf01""}",2026-07-08 01:25:28.820015+00,2026-07-08 01:25:28.820015+00
904cdca4-00a0-4a25-924f-f2835b92022e,inv_398f59cd540a,904cdca4-00a0-4a25-924f-f2835b92022e,0xd14f332e28260eba4dfe9f9bdc5a0c8428b5947c,PRL,legacy,funding_memory,0.05,completed,0xb0d88ae89c078af02a8690ac85a16622e75ba81630cc35854618b95792569ea1,https://testnet.arcscan.app/tx/0xb0d88ae89c078af02a8690ac85a16622e75ba81630cc35854618b95792569ea1,1781715217.63397,"{""tier"":""legacy"",""symbol"":""PRL"",""paid_at"":1781715217.6339679,""amount_raw"":""50000"",""invoice_id"":""inv_398f59cd540a"",""amount_usdc"":0.05,""explorer_url"":""https://testnet.arcscan.app/tx/0xb0d88ae89c078af02a8690ac85a16622e75ba81630cc35854618b95792569ea1"",""payer_address"":""0xd14f332e28260eba4dfe9f9bdc5a0c8428b5947c"",""settlement_id"":""904cdca4-00a0-4a25-924f-f2835b92022e"",""gateway_status"":""completed"",""seller_address"":""0x23e7c029a287a83d80b2e084e008211658dda11d"",""transaction_hash"":""0xb0d88ae89c078af02a8690ac85a16622e75ba81630cc35854618b95792569ea1""}",2026-06-19 09:35:04.052192+00,2026-06-19 16:49:23.325599+00
9079bbbc-1d14-4125-ad65-cce62dc63187,inv_c01e7ebbfd48,9079bbbc-1d14-4125-ad65-cce62dc63187,0xf5987818ebbee812eb730b6a395d66e664412cf5,H,full,funding_memory,0.005,completed,0x735c5af008c916cfc0b6bb59e5d33a0a7c547f6cb594bd84e8bce893a1e15ba2,https://testnet.arcscan.app/tx/0x735c5af008c916cfc0b6bb59e5d33a0a7c547f6cb594bd84e8bce893a1e15ba2,1782095623.4494,"{""tier"":""full"",""query"":{""FDV"":28095000,""amount"":6039730.117,""symbol"":""H"",""fromATH"":-50,""circRatio"":0.666666666667,""marketCap"":18730000,""volume24h"":1207946.0234,""fundingRate"":-0.00687},""symbol"":""H"",""paid_at"":1782095623.4494026,""amount_raw"":""5000"",""buyer_type"":""agent"",""invoice_id"":""inv_c01e7ebbfd48"",""query_hash"":""df9d731198b9ec2851c2b1f52f029b116b7786914071dba79766886a8469a4ab"",""amount_usdc"":0.005,""provider_id"":""funding_memory"",""explorer_url"":""https://testnet.arcscan.app/tx/0x735c5af008c916cfc0b6bb59e5d33a0a7c547f6cb594bd84e8bce893a1e15ba2"",""payer_address"":""0xf5987818ebbee812eb730b6a395d66e664412cf5"",""resource_type"":""qma_signal_report"",""settlement_id"":""9079bbbc-1d14-4125-ad65-cce62dc63187"",""gateway_status"":""completed"",""seller_address"":""0x23e7c029a287a83d80b2e084e008211658dda11d"",""transaction_hash"":""0x735c5af008c916cfc0b6bb59e5d33a0a7c547f6cb594bd84e8bce893a1e15ba2"",""provider_owner_wallet"":""0x23e7c029a287a83d80b2e084e008211658dda11d""}",2026-06-22 02:33:45.682577+00,2026-06-22 02:33:45.682577+00
9133a412-e3c2-494f-8790-9e75675c39fd,inv_a41d25aa0abe,9133a412-e3c2-494f-8790-9e75675c39fd,0x45667a97bcdd1f190eda978b567e32a7a8234a95,BLUR,preview,funding_memory,0.000237,received,,,1783439436.99146,"{""tier"":""preview"",""query"":{""FDV"":41363086.390200004,""price"":0.02409,""amount"":1281284.9478,""symbol"":""BLUR"",""fromATH"":-50,""circRatio"":0.65,""marketCap"":27575390.9268,""volume24h"":13787695.4634,""fundingRate"":-0.013828,""openInterest"":1281284.9478,""longShortRatio"":null,""openInterestChange24h"":null},""symbol"":""BLUR"",""paid_at"":1783439436.9914567,""pricing"":{""amount_usdc"":""0.000237""},""event_id"":""inv_a41d25aa0abe:platform"",""split_leg"":{""role"":""platform"",""leg_id"":""platform"",""pay_to"":""0x23e7c029a287a83d80b2e084e008211658dda11d"",""amount_raw"":""237"",""amount_usdc"":""0.000237""},""accounting"":{""currency"":""USDC"",""amount_usdc"":""0.001187"",""creator_wallet"":""0xb40971a5d88f31c7b8d88bf93f7d044f1383bf01"",""settlement_mode"":""x402_direct_split"",""creator_share_bps"":8000,""platform_share_bps"":2000},""amount_raw"":""237"",""buyer_type"":""agent"",""invoice_id"":""inv_a41d25aa0abe"",""query_hash"":""186e43935c8a266474eee3619df3c11f162e38646276e082414467e2317ac14a"",""settlement"":{""mode"":""x402_direct_split"",""rail"":""circle_gateway_x402"",""amount"":""0.001187"",""network"":""Arc Testnet"",""currency"":""USDC"",""decimals"":6,""token_address"":""0x3600000000000000000000000000000000000000"",""gateway_supported"":true},""amount_usdc"":""0.000237"",""provider_id"":""funding_memory"",""explorer_url"":null,""payer_address"":""0x45667a97bcdd1f190eda978b567e32a7a8234a95"",""resource_type"":""qma_signal_report"",""settlement_id"":""9133a412-e3c2-494f-8790-9e75675c39fd"",""gateway_status"":""received"",""seller_address"":""0x23e7c029a287a83d80b2e084e008211658dda11d"",""transaction_hash"":null,""provider_owner_wallet"":""0xb40971a5d88f31c7b8d88bf93f7d044f1383bf01""}",2026-07-07 15:50:39.534448+00,2026-07-07 15:50:39.534448+00
91a9069b-4d8c-419d-a5da-912d221d1d63,inv_a208e90db0b6,91a9069b-4d8c-419d-a5da-912d221d1d63,0xf5987818ebbee812eb730b6a395d66e664412cf5,H,preview,funding_memory,0.001,completed,0x735c5af008c916cfc0b6bb59e5d33a0a7c547f6cb594bd84e8bce893a1e15ba2,https://testnet.arcscan.app/tx/0x735c5af008c916cfc0b6bb59e5d33a0a7c547f6cb594bd84e8bce893a1e15ba2,1782095637.94568,"{""tier"":""preview"",""query"":{""FDV"":28095000,""amount"":6039730.117,""symbol"":""H"",""fromATH"":-50,""circRatio"":0.666666666667,""marketCap"":18730000,""volume24h"":1207946.0234,""fundingRate"":-0.00687},""symbol"":""H"",""paid_at"":1782095637.9456754,""amount_raw"":""1000"",""buyer_type"":""agent"",""invoice_id"":""inv_a208e90db0b6"",""query_hash"":""df9d731198b9ec2851c2b1f52f029b116b7786914071dba79766886a8469a4ab"",""amount_usdc"":0.001,""provider_id"":""funding_memory"",""explorer_url"":""https://testnet.arcscan.app/tx/0x735c5af008c916cfc0b6bb59e5d33a0a7c547f6cb594bd84e8bce893a1e15ba2"",""payer_address"":""0xf5987818ebbee812eb730b6a395d66e664412cf5"",""resource_type"":""qma_signal_report"",""settlement_id"":""91a9069b-4d8c-419d-a5da-912d221d1d63"",""gateway_status"":""completed"",""seller_address"":""0x23e7c029a287a83d80b2e084e008211658dda11d"",""transaction_hash"":""0x735c5af008c916cfc0b6bb59e5d33a0a7c547f6cb594bd84e8bce893a1e15ba2"",""provider_owner_wallet"":""0x23e7c029a287a83d80b2e084e008211658dda11d""}",2026-06-22 02:33:59.6956+00,2026-06-22 02:33:59.6956+00
921d34d4-35c5-4fd7-ad23-eb8cc7db9c10,inv_2e2a7c582268,921d34d4-35c5-4fd7-ad23-eb8cc7db9c10,0xf5fd2d051a2e966b2510f755272312ab92dd8ee4,BLUR,preview,funding_memory,0.000239,received,,,1783437060.78633,"{""tier"":""preview"",""query"":{""FDV"":39846345.3117,""price"":0.02319,""amount"":1236113.7306,""symbol"":""BLUR"",""fromATH"":-50,""circRatio"":0.65,""marketCap"":26564230.2078,""volume24h"":13282115.1039,""fundingRate"":-0.015879,""openInterest"":1236113.7306,""longShortRatio"":null,""openInterestChange24h"":null},""symbol"":""BLUR"",""paid_at"":1783437060.7863307,""pricing"":{""amount_usdc"":""0.000239""},""event_id"":""inv_2e2a7c582268:platform"",""split_leg"":{""role"":""platform"",""leg_id"":""platform"",""pay_to"":""0x23e7c029a287a83d80b2e084e008211658dda11d"",""amount_raw"":""239"",""amount_usdc"":""0.000239""},""accounting"":{""currency"":""USDC"",""amount_usdc"":""0.001196"",""creator_wallet"":""0xb40971a5d88f31c7b8d88bf93f7d044f1383bf01"",""settlement_mode"":""x402_direct_split"",""creator_share_bps"":8000,""platform_share_bps"":2000},""amount_raw"":""239"",""buyer_type"":""agent"",""invoice_id"":""inv_2e2a7c582268"",""query_hash"":""17730a4d7e7fa07aa36559a5785bdf96031d13c6fd8f631e231e46fcbad9aa50"",""settlement"":{""mode"":""x402_direct_split"",""rail"":""circle_gateway_x402"",""amount"":""0.001196"",""network"":""Arc Testnet"",""currency"":""USDC"",""decimals"":6,""token_address"":""0x3600000000000000000000000000000000000000"",""gateway_supported"":true},""amount_usdc"":""0.000239"",""provider_id"":""funding_memory"",""explorer_url"":null,""payer_address"":""0xf5fd2d051a2e966b2510f755272312ab92dd8ee4"",""resource_type"":""qma_signal_report"",""settlement_id"":""921d34d4-35c5-4fd7-ad23-eb8cc7db9c10"",""gateway_status"":""received"",""seller_address"":""0x23e7c029a287a83d80b2e084e008211658dda11d"",""transaction_hash"":null,""provider_owner_wallet"":""0xb40971a5d88f31c7b8d88bf93f7d044f1383bf01""}",2026-07-07 15:11:03.88198+00,2026-07-07 15:11:03.88198+00
9257784b-e2a0-4ac7-94c5-d7b86fa95cb6,inv_2ca5c09d7520,9257784b-e2a0-4ac7-94c5-d7b86fa95cb6,0xd14f332e28260eba4dfe9f9bdc5a0c8428b5947c,SAHARA_USDC,legacy,funding_memory,0.05,completed,0x928ad25f488b2e0b436be628dedaf6425e0abadcd315b0913229abdae2dca2ce,https://testnet.arcscan.app/tx/0x928ad25f488b2e0b436be628dedaf6425e0abadcd315b0913229abdae2dca2ce,1781749561.5834,"{""tier"":""legacy"",""symbol"":""SAHARA_USDC"",""paid_at"":1781749561.583396,""amount_raw"":""50000"",""invoice_id"":""inv_2ca5c09d7520"",""amount_usdc"":0.05,""explorer_url"":""https://testnet.arcscan.app/tx/0x928ad25f488b2e0b436be628dedaf6425e0abadcd315b0913229abdae2dca2ce"",""payer_address"":""0xd14f332e28260eba4dfe9f9bdc5a0c8428b5947c"",""settlement_id"":""9257784b-e2a0-4ac7-94c5-d7b86fa95cb6"",""gateway_status"":""completed"",""seller_address"":""0x23e7c029a287a83d80b2e084e008211658dda11d"",""transaction_hash"":""0x928ad25f488b2e0b436be628dedaf6425e0abadcd315b0913229abdae2dca2ce""}",2026-06-19 09:35:04.052192+00,2026-06-19 16:49:23.325599+00
92a2570b-1e02-48cc-99b9-234af90768e1,inv_a6f1bcb0e583,92a2570b-1e02-48cc-99b9-234af90768e1,0xf5987818ebbee812eb730b6a395d66e664412cf5,H,preview,funding_memory,0.001,completed,0xf6b40ab381b2a2c4e1a06ee0bddd7c9ad2f1e9e83e1626a2f9183f1f6bc4b631,https://testnet.arcscan.app/tx/0xf6b40ab381b2a2c4e1a06ee0bddd7c9ad2f1e9e83e1626a2f9183f1f6bc4b631,1782104067.77398,"{""tier"":""preview"",""query"":{""FDV"":26287500,""amount"":5702341.631499999,""symbol"":""H"",""fromATH"":-50,""circRatio"":0.666666666667,""marketCap"":17525000,""volume24h"":1140468.3262999998,""fundingRate"":-0.006579},""symbol"":""H"",""paid_at"":1782104067.7739778,""amount_raw"":""1000"",""buyer_type"":""agent"",""invoice_id"":""inv_a6f1bcb0e583"",""query_hash"":""0c9dbc73c5adc7dfee88f91c6ed550d819af2a7f8326c69375182da4ecb74f4a"",""amount_usdc"":0.001,""provider_id"":""funding_memory"",""explorer_url"":""https://testnet.arcscan.app/tx/0xf6b40ab381b2a2c4e1a06ee0bddd7c9ad2f1e9e83e1626a2f9183f1f6bc4b631"",""payer_address"":""0xf5987818ebbee812eb730b6a395d66e664412cf5"",""resource_type"":""qma_signal_report"",""settlement_id"":""92a2570b-1e02-48cc-99b9-234af90768e1"",""gateway_status"":""completed"",""seller_address"":""0x23e7c029a287a83d80b2e084e008211658dda11d"",""transaction_hash"":""0xf6b40ab381b2a2c4e1a06ee0bddd7c9ad2f1e9e83e1626a2f9183f1f6bc4b631"",""provider_owner_wallet"":""0x23e7c029a287a83d80b2e084e008211658dda11d""}",2026-06-22 04:54:30.137311+00,2026-06-22 04:54:30.137311+00
931f36de-b8c3-45d1-8cb2-49feac6f746e,inv_182da6f3237c,931f36de-b8c3-45d1-8cb2-49feac6f746e,0x2c03cd73ad36230a3c5be43d51d72fdca32f53d4,PRL,legacy,funding_memory,0.05,completed,0xb0d88ae89c078af02a8690ac85a16622e75ba81630cc35854618b95792569ea1,https://testnet.arcscan.app/tx/0xb0d88ae89c078af02a8690ac85a16622e75ba81630cc35854618b95792569ea1,1781715328.40992,"{""tier"":""legacy"",""symbol"":""PRL"",""paid_at"":1781715328.4099245,""amount_raw"":""50000"",""invoice_id"":""inv_182da6f3237c"",""amount_usdc"":0.05,""explorer_url"":""https://testnet.arcscan.app/tx/0xb0d88ae89c078af02a8690ac85a16622e75ba81630cc35854618b95792569ea1"",""payer_address"":""0x2c03cd73ad36230a3c5be43d51d72fdca32f53d4"",""settlement_id"":""931f36de-b8c3-45d1-8cb2-49feac6f746e"",""gateway_status"":""completed"",""seller_address"":""0x23e7c029a287a83d80b2e084e008211658dda11d"",""transaction_hash"":""0xb0d88ae89c078af02a8690ac85a16622e75ba81630cc35854618b95792569ea1""}",2026-06-19 09:35:04.052192+00,2026-06-19 16:49:23.325599+00
93897be7-e207-4d55-8697-311db84a077e,inv_a2db5c971eeb,93897be7-e207-4d55-8697-311db84a077e,0x2c03cd73ad36230a3c5be43d51d72fdca32f53d4,PRL,legacy,funding_memory,0.05,completed,0xc201d0e0b567563fcc89b832f55d215e0688aa9cfa173cfc1530beeeed6b24af,https://testnet.arcscan.app/tx/0xc201d0e0b567563fcc89b832f55d215e0688aa9cfa173cfc1530beeeed6b24af,1781717674.9808,"{""tier"":""legacy"",""symbol"":""PRL"",""paid_at"":1781717674.9807992,""amount_raw"":""50000"",""invoice_id"":""inv_a2db5c971eeb"",""amount_usdc"":0.05,""explorer_url"":""https://testnet.arcscan.app/tx/0xc201d0e0b567563fcc89b832f55d215e0688aa9cfa173cfc1530beeeed6b24af"",""payer_address"":""0x2c03cd73ad36230a3c5be43d51d72fdca32f53d4"",""settlement_id"":""93897be7-e207-4d55-8697-311db84a077e"",""gateway_status"":""completed"",""seller_address"":""0x23e7c029a287a83d80b2e084e008211658dda11d"",""transaction_hash"":""0xc201d0e0b567563fcc89b832f55d215e0688aa9cfa173cfc1530beeeed6b24af""}",2026-06-19 09:35:04.052192+00,2026-06-19 16:49:23.325599+00
93b146a9-8410-4674-ab48-1a45b16ae301,inv_219546f911e6,93b146a9-8410-4674-ab48-1a45b16ae301,0xf5987818ebbee812eb730b6a395d66e664412cf5,LASERTECSTOCK,preview,oi_memory,0.001172,completed,0x2c1d7839820046d5ecff88ec0bfb4cb66420a8ee9a26b2a669597665367b3d8b,https://testnet.arcscan.app/tx/0x2c1d7839820046d5ecff88ec0bfb4cb66420a8ee9a26b2a669597665367b3d8b,1789615886.02258,"{""tier"":""preview"",""query"":{""FDV"":15000000,""price"":226.26,""amount"":1876328.9279999998,""source"":""MEXC_FUTURES"",""symbol"":""LASERTECSTOCK"",""fromATH"":-50,""exchange"":""MEXC"",""circRatio"":0.65,""marketCap"":10000000,""rawSymbol"":""LASERTECSTOCK_USDT"",""volume24h"":127101.2935,""contractId"":2131,""fundingRate"":-0.004629,""contractSize"":0.01,""openInterest"":1876328.9279999998,""source_fields"":{""detailV2_cs"":0.01,""ticker_holdVol"":829280,""ticker_amount24"":127101.2935,""ticker_volume24"":55440},""longShortRatio"":null,""adapter_version"":""MEXC_FUTURES_V2"",""openInterestBase"":8292.8,""openInterestMethod"":""HOLDVOL * DETAILV2.CS * LASTPRICE"",""openInterestChange24h"":null,""openInterestContracts"":829280,""openInterestEstimated"":false},""symbol"":""LASERTECSTOCK"",""paid_at"":1789615886.02258,""pricing"":{""amount_usdc"":""0.001172""},""synthetic"":false,""accounting"":{""currency"":""USDC"",""amount_usdc"":""0.001172"",""creator_wallet"":""0x2222222222222222222222222222222222222222"",""settlement_mode"":""seller_wallet"",""creator_share_bps"":8000,""platform_share_bps"":2000},""amount_raw"":""1172"",""buyer_type"":""agent"",""invoice_id"":""inv_219546f911e6"",""query_hash"":""a76675178891a2acea7082da3531e6703a777a61eff2919e0a7c415674830d3c"",""run_source"":null,""settlement"":{""mode"":""seller_wallet"",""rail"":""circle_gateway_x402"",""amount"":""0.001172"",""network"":""Arc Testnet"",""currency"":""USDC"",""decimals"":6,""token_address"":""0x3600000000000000000000000000000000000000"",""gateway_supported"":true},""agent_label"":null,""amount_usdc"":0.001172,""provider_id"":""oi_memory"",""explorer_url"":""https://testnet.arcscan.app/tx/0x2c1d7839820046d5ecff88ec0bfb4cb66420a8ee9a26b2a669597665367b3d8b"",""payer_address"":""0xf5987818ebbee812eb730b6a395d66e664412cf5"",""resource_type"":""qma_signal_report"",""settlement_id"":""93b146a9-8410-4674-ab48-1a45b16ae301"",""arc_settlement"":{""error"":""Circle treasury wallet address does not match the x402 seller"",""action"":""creator_payout"",""status"":""retryable"",""verdict"":""VALID"",""version"":1,""recipient"":""0x2222222222222222222222222222222222222222"",""created_at"":1789615949.7963448,""updated_at"":1789888490.0590377,""operation_id"":""arc-verdict:inv_219546f911e6:creator_payout:v1"",""total_amount_raw"":""1172"",""treasury_address"":""0x23e7c029a287a83d80b2e084e008211658dda11d"",""creator_share_bps"":8000,""creator_amount_raw"":""937"",""platform_amount_raw"":""235"",""transfer_amount_raw"":""937"",""source_settlement_id"":""93b146a9-8410-4674-ab48-1a45b16ae301"",""source_gateway_status"":""received""},""gateway_status"":""completed"",""seller_address"":""0x23e7c029a287a83d80b2e084e008211658dda11d"",""transaction_hash"":""0x2c1d7839820046d5ecff88ec0bfb4cb66420a8ee9a26b2a669597665367b3d8b"",""buyer_wallet_address"":""0xf5987818ebbee812eb730b6a395d66e664412cf5"",""provider_owner_wallet"":""0x2222222222222222222222222222222222222222""}",2026-09-17 03:32:31.446491+00,2026-09-17 03:32:31.446491+00
93bc8d54-89d0-4aff-b9bb-dfa3ef6f44f2,inv_48f1f8a5869d,93bc8d54-89d0-4aff-b9bb-dfa3ef6f44f2,0xbe6ee76916726d1d04155dde8923d58e720557a1,ALICE,preview,funding_memory,0.001,completed,0x2e5ac0b245604c7050af9dcbcda33233255727001b5623a2ebdbea737e293366,https://testnet.arcscan.app/tx/0x2e5ac0b245604c7050af9dcbcda33233255727001b5623a2ebdbea737e293366,1782294787.36652,"{""tier"":""preview"",""query"":{""FDV"":21105000,""amount"":null,""symbol"":""ALICE"",""fromATH"":-50,""circRatio"":0.67,""marketCap"":14070000,""volume24h"":726748,""fundingRate"":-0.0077},""symbol"":""ALICE"",""paid_at"":1782294787.3665173,""amount_raw"":""1000"",""buyer_type"":""human"",""invoice_id"":""inv_48f1f8a5869d"",""query_hash"":""d599a7f1b555f0c41eecd1ef0a286183afdd6c108e0b61462d091ac208d5af86"",""amount_usdc"":0.001,""provider_id"":""funding_memory"",""explorer_url"":""https://testnet.arcscan.app/tx/0x2e5ac0b245604c7050af9dcbcda33233255727001b5623a2ebdbea737e293366"",""payer_address"":""0xbe6ee76916726d1d04155dde8923d58e720557a1"",""resource_type"":""qma_signal_report"",""settlement_id"":""93bc8d54-89d0-4aff-b9bb-dfa3ef6f44f2"",""gateway_status"":""completed"",""seller_address"":""0x23e7c029a287a83d80b2e084e008211658dda11d"",""transaction_hash"":""0x2e5ac0b245604c7050af9dcbcda33233255727001b5623a2ebdbea737e293366"",""provider_owner_wallet"":""0x23e7c029a287a83d80b2e084e008211658dda11d""}",2026-06-24 09:53:10.953749+00,2026-06-24 09:53:10.953749+00
95b98e56-8122-44ba-be34-8ba8e3ee9a13,inv_06fcb9949fbb,95b98e56-8122-44ba-be34-8ba8e3ee9a13,0x2c03cd73ad36230a3c5be43d51d72fdca32f53d4,1000BTT,full,funding_memory,0.005,completed,0x4bafeb1cf0cb7d13d6d8ed23cdfe5c16db950a53e146a4db419305740f3302f8,https://testnet.arcscan.app/tx/0x4bafeb1cf0cb7d13d6d8ed23cdfe5c16db950a53e146a4db419305740f3302f8,1781835048.83826,"{""tier"":""full"",""query"":{""FDV"":39405,""amount"":null,""symbol"":""1000BTT"",""fromATH"":-50,""circRatio"":0.67,""marketCap"":26270,""volume24h"":3,""fundingRate"":-0.0056},""symbol"":""1000BTT"",""paid_at"":1781835048.8382561,""amount_raw"":""5000"",""buyer_type"":""human"",""invoice_id"":""inv_06fcb9949fbb"",""query_hash"":""ac7bcea90bc0e61c7b0d673cdd3de1a7bb8a94311a73185205c4f0232cec6d69"",""amount_usdc"":0.005,""provider_id"":""funding_memory"",""explorer_url"":""https://testnet.arcscan.app/tx/0x4bafeb1cf0cb7d13d6d8ed23cdfe5c16db950a53e146a4db419305740f3302f8"",""payer_address"":""0x2c03cd73ad36230a3c5be43d51d72fdca32f53d4"",""resource_type"":""qma_signal_report"",""settlement_id"":""95b98e56-8122-44ba-be34-8ba8e3ee9a13"",""gateway_status"":""completed"",""seller_address"":""0x23e7c029a287a83d80b2e084e008211658dda11d"",""transaction_hash"":""0x4bafeb1cf0cb7d13d6d8ed23cdfe5c16db950a53e146a4db419305740f3302f8"",""provider_owner_wallet"":""0x23e7c029a287a83d80b2e084e008211658dda11d""}",2026-06-19 09:35:04.052192+00,2026-06-19 09:35:04.052192+00
96077ccc-2885-4e16-8e3b-b42788a34dcb,inv_4971235f5d75,96077ccc-2885-4e16-8e3b-b42788a34dcb,0x9a6126cf24d565f6fd7ad3639f7bf11928c385df,OGN,full,funding_memory,0.005671,completed,0x6e09f9ba1e1a3029acf2a1abb0ba36b90012b80bbcd8a6a693b05f919a013bca,https://testnet.arcscan.app/tx/0x6e09f9ba1e1a3029acf2a1abb0ba36b90012b80bbcd8a6a693b05f919a013bca,1783172653.86599,"{""tier"":""full"",""query"":{""FDV"":3195000,""amount"":null,""symbol"":""OGN"",""fromATH"":-50,""circRatio"":0.67,""marketCap"":2130000,""volume24h"":217124,""fundingRate"":-0.0105},""symbol"":""OGN"",""paid_at"":1783172653.8659918,""amount_raw"":""5671"",""buyer_type"":""agent"",""invoice_id"":""inv_4971235f5d75"",""query_hash"":""e20d9194d030d1a40d77045187d4fda497ca47837a8ecf9cf0a12f478acae9a2"",""amount_usdc"":0.005671,""provider_id"":""funding_memory"",""explorer_url"":""https://testnet.arcscan.app/tx/0x6e09f9ba1e1a3029acf2a1abb0ba36b90012b80bbcd8a6a693b05f919a013bca"",""payer_address"":""0x9a6126cf24d565f6fd7ad3639f7bf11928c385df"",""resource_type"":""qma_signal_report"",""settlement_id"":""96077ccc-2885-4e16-8e3b-b42788a34dcb"",""gateway_status"":""completed"",""seller_address"":""0x23e7c029a287a83d80b2e084e008211658dda11d"",""transaction_hash"":""0x6e09f9ba1e1a3029acf2a1abb0ba36b90012b80bbcd8a6a693b05f919a013bca"",""provider_owner_wallet"":""0x23e7c029a287a83d80b2e084e008211658dda11d""}",2026-07-04 13:44:15.245211+00,2026-07-04 13:44:15.245211+00
966de784-9583-4f2f-a41e-179488bec33b,inv_0a45b2b95ebd,966de784-9583-4f2f-a41e-179488bec33b,0x6a4ac02680fa244e77c4791e12d20c9e40e7fe19,EPIC,preview,funding_memory,0.000229,received,,,1783443272.08928,"{""tier"":""preview"",""query"":{""FDV"":19417505.0349,""price"":0.3369,""amount"":233760.7602,""symbol"":""EPIC"",""fromATH"":-50,""circRatio"":0.65,""marketCap"":12945003.3566,""volume24h"":6472501.6783,""fundingRate"":-0.004368,""openInterest"":233760.7602,""longShortRatio"":null,""openInterestChange24h"":null},""symbol"":""EPIC"",""paid_at"":1783443272.089276,""pricing"":{""amount_usdc"":""0.000229""},""event_id"":""inv_0a45b2b95ebd:platform"",""split_leg"":{""role"":""platform"",""leg_id"":""platform"",""pay_to"":""0x23e7c029a287a83d80b2e084e008211658dda11d"",""amount_raw"":""229"",""amount_usdc"":""0.000229""},""accounting"":{""currency"":""USDC"",""amount_usdc"":""0.001145"",""creator_wallet"":""0xb40971a5d88f31c7b8d88bf93f7d044f1383bf01"",""settlement_mode"":""x402_direct_split"",""creator_share_bps"":8000,""platform_share_bps"":2000},""amount_raw"":""229"",""buyer_type"":""agent"",""invoice_id"":""inv_0a45b2b95ebd"",""query_hash"":""fdfb9c8e06865aa9d00b1191fe6bce78243d105f1d49e2f9a2453bda9cff1efa"",""settlement"":{""mode"":""x402_direct_split"",""rail"":""circle_gateway_x402"",""amount"":""0.001145"",""network"":""Arc Testnet"",""currency"":""USDC"",""decimals"":6,""token_address"":""0x3600000000000000000000000000000000000000"",""gateway_supported"":true},""amount_usdc"":""0.000229"",""provider_id"":""funding_memory"",""explorer_url"":null,""payer_address"":""0x6a4ac02680fa244e77c4791e12d20c9e40e7fe19"",""resource_type"":""qma_signal_report"",""settlement_id"":""966de784-9583-4f2f-a41e-179488bec33b"",""gateway_status"":""received"",""seller_address"":""0x23e7c029a287a83d80b2e084e008211658dda11d"",""transaction_hash"":null,""provider_owner_wallet"":""0xb40971a5d88f31c7b8d88bf93f7d044f1383bf01""}",2026-07-07 16:54:34.786419+00,2026-07-07 16:54:34.786419+00
97a58c88-a490-437b-b1ed-89f90e580ff7,inv_384cdfe2ddc6,97a58c88-a490-437b-b1ed-89f90e580ff7,0xa397a50ad5729878c160e84ca1d8fd41880788ff,SYN,full,funding_memory,0.005,completed,0x106931f05408433a4a42ced0888562ac1e454843088a9e38fd5f8c0db1b80dba,https://testnet.arcscan.app/tx/0x106931f05408433a4a42ced0888562ac1e454843088a9e38fd5f8c0db1b80dba,1782117372.64719,"{""tier"":""full"",""query"":{""FDV"":38140500,""amount"":null,""symbol"":""SYN"",""fromATH"":-50,""circRatio"":0.67,""marketCap"":25427000,""volume24h"":562498,""fundingRate"":-0.0026},""symbol"":""SYN"",""paid_at"":1782117372.6471872,""amount_raw"":""5000"",""buyer_type"":""human"",""invoice_id"":""inv_384cdfe2ddc6"",""query_hash"":""b7689314e9f8a7fe6dcde92d4ec4a4415ff6506bb66560348aadcbca4d167cc3"",""amount_usdc"":0.005,""provider_id"":""funding_memory"",""explorer_url"":""https://testnet.arcscan.app/tx/0x106931f05408433a4a42ced0888562ac1e454843088a9e38fd5f8c0db1b80dba"",""payer_address"":""0xa397a50ad5729878c160e84ca1d8fd41880788ff"",""resource_type"":""qma_signal_report"",""settlement_id"":""97a58c88-a490-437b-b1ed-89f90e580ff7"",""gateway_status"":""completed"",""seller_address"":""0x23e7c029a287a83d80b2e084e008211658dda11d"",""transaction_hash"":""0x106931f05408433a4a42ced0888562ac1e454843088a9e38fd5f8c0db1b80dba"",""provider_owner_wallet"":""0x23e7c029a287a83d80b2e084e008211658dda11d""}",2026-06-22 08:36:15.297461+00,2026-06-22 08:36:15.297461+00
98548e04-749a-4aea-9b19-1730dc02d2cd,inv_319485c16408,98548e04-749a-4aea-9b19-1730dc02d2cd,0x45667a97bcdd1f190eda978b567e32a7a8234a95,EPIC,preview,funding_memory,0.00091,received,,,1783441731.30662,"{""tier"":""preview"",""query"":{""FDV"":18972497.6784,""price"":0.35,""amount"":260444.09999999998,""symbol"":""EPIC"",""fromATH"":-50,""circRatio"":0.65,""marketCap"":12648331.7856,""volume24h"":6324165.8928,""fundingRate"":-0.00281,""openInterest"":260444.09999999998,""longShortRatio"":null,""openInterestChange24h"":null},""symbol"":""EPIC"",""paid_at"":1783441731.306624,""pricing"":{""amount_usdc"":""0.00091""},""event_id"":""inv_319485c16408:creator"",""split_leg"":{""role"":""creator"",""leg_id"":""creator"",""pay_to"":""0xb40971a5d88f31c7b8d88bf93f7d044f1383bf01"",""amount_raw"":""910"",""amount_usdc"":""0.00091""},""accounting"":{""currency"":""USDC"",""amount_usdc"":""0.001138"",""creator_wallet"":""0xb40971a5d88f31c7b8d88bf93f7d044f1383bf01"",""settlement_mode"":""x402_direct_split"",""creator_share_bps"":8000,""platform_share_bps"":2000},""amount_raw"":""910"",""buyer_type"":""agent"",""invoice_id"":""inv_319485c16408"",""query_hash"":""1e3eab9fe36497d5aee774311e6d7708023f9cc268035cac7b0666dc52d1c451"",""settlement"":{""mode"":""x402_direct_split"",""rail"":""circle_gateway_x402"",""amount"":""0.001138"",""network"":""Arc Testnet"",""currency"":""USDC"",""decimals"":6,""token_address"":""0x3600000000000000000000000000000000000000"",""gateway_supported"":true},""amount_usdc"":""0.00091"",""provider_id"":""funding_memory"",""explorer_url"":null,""payer_address"":""0x45667a97bcdd1f190eda978b567e32a7a8234a95"",""resource_type"":""qma_signal_report"",""settlement_id"":""98548e04-749a-4aea-9b19-1730dc02d2cd"",""gateway_status"":""received"",""seller_address"":""0xb40971a5d88f31c7b8d88bf93f7d044f1383bf01"",""transaction_hash"":null,""provider_owner_wallet"":""0xb40971a5d88f31c7b8d88bf93f7d044f1383bf01""}",2026-07-07 16:28:54.371528+00,2026-07-07 16:28:54.371528+00
987137ff-cc97-494d-8b6a-e66053829462,inv_ab9d37fd2653,987137ff-cc97-494d-8b6a-e66053829462,0x65d923ba4917ef8523687609b3641f3a0cbc3971,BLUR,preview,funding_memory,0.000952,received,,,1783438294.73343,"{""tier"":""preview"",""query"":{""FDV"":40486168.402499996,""price"":0.02348,""amount"":1289807.8212000001,""symbol"":""BLUR"",""fromATH"":-50,""circRatio"":0.65,""marketCap"":26990778.935,""volume24h"":13495389.4675,""fundingRate"":-0.014497,""openInterest"":1289807.8212000001,""longShortRatio"":null,""openInterestChange24h"":null},""symbol"":""BLUR"",""paid_at"":1783438294.7334259,""pricing"":{""amount_usdc"":""0.000952""},""event_id"":""inv_ab9d37fd2653:creator"",""split_leg"":{""role"":""creator"",""leg_id"":""creator"",""pay_to"":""0xb40971a5d88f31c7b8d88bf93f7d044f1383bf01"",""amount_raw"":""952"",""amount_usdc"":""0.000952""},""accounting"":{""currency"":""USDC"",""amount_usdc"":""0.00119"",""creator_wallet"":""0xb40971a5d88f31c7b8d88bf93f7d044f1383bf01"",""settlement_mode"":""x402_direct_split"",""creator_share_bps"":8000,""platform_share_bps"":2000},""amount_raw"":""952"",""buyer_type"":""agent"",""invoice_id"":""inv_ab9d37fd2653"",""query_hash"":""e3b2d5d88f3bad73b02c35c15c73c774261f28cace57658f954688e564a2b85c"",""settlement"":{""mode"":""x402_direct_split"",""rail"":""circle_gateway_x402"",""amount"":""0.00119"",""network"":""Arc Testnet"",""currency"":""USDC"",""decimals"":6,""token_address"":""0x3600000000000000000000000000000000000000"",""gateway_supported"":true},""amount_usdc"":""0.000952"",""provider_id"":""funding_memory"",""explorer_url"":null,""payer_address"":""0x65d923ba4917ef8523687609b3641f3a0cbc3971"",""resource_type"":""qma_signal_report"",""settlement_id"":""987137ff-cc97-494d-8b6a-e66053829462"",""gateway_status"":""received"",""seller_address"":""0xb40971a5d88f31c7b8d88bf93f7d044f1383bf01"",""transaction_hash"":null,""provider_owner_wallet"":""0xb40971a5d88f31c7b8d88bf93f7d044f1383bf01""}",2026-07-07 15:31:37.851975+00,2026-07-07 15:31:37.851975+00
9a02ade8-60f6-46db-9a27-2fac816df519,inv_13d1fb0ddbcf,9a02ade8-60f6-46db-9a27-2fac816df519,0x98e2a5b68c1b785e2b90d68d73d7a678440a5a41,BLUR,preview,funding_memory,0.000948,received,,,1783441335.5096,"{""tier"":""preview"",""query"":{""FDV"":45170498.8749,""price"":0.02208,""amount"":992331.7248,""symbol"":""BLUR"",""fromATH"":-50,""circRatio"":0.65,""marketCap"":30113665.9166,""volume24h"":15056832.9583,""fundingRate"":-0.013425,""openInterest"":992331.7248,""longShortRatio"":null,""openInterestChange24h"":null},""symbol"":""BLUR"",""paid_at"":1783441335.5095978,""pricing"":{""amount_usdc"":""0.000948""},""event_id"":""inv_13d1fb0ddbcf:creator"",""split_leg"":{""role"":""creator"",""leg_id"":""creator"",""pay_to"":""0xb40971a5d88f31c7b8d88bf93f7d044f1383bf01"",""amount_raw"":""948"",""amount_usdc"":""0.000948""},""accounting"":{""currency"":""USDC"",""amount_usdc"":""0.001185"",""creator_wallet"":""0xb40971a5d88f31c7b8d88bf93f7d044f1383bf01"",""settlement_mode"":""x402_direct_split"",""creator_share_bps"":8000,""platform_share_bps"":2000},""amount_raw"":""948"",""buyer_type"":""agent"",""invoice_id"":""inv_13d1fb0ddbcf"",""query_hash"":""29e9a9f034f4562c5dc6e6d34a8ac44aff0959d4884ca5a3f02e41e919b96a2e"",""settlement"":{""mode"":""x402_direct_split"",""rail"":""circle_gateway_x402"",""amount"":""0.001185"",""network"":""Arc Testnet"",""currency"":""USDC"",""decimals"":6,""token_address"":""0x3600000000000000000000000000000000000000"",""gateway_supported"":true},""amount_usdc"":""0.000948"",""provider_id"":""funding_memory"",""explorer_url"":null,""payer_address"":""0x98e2a5b68c1b785e2b90d68d73d7a678440a5a41"",""resource_type"":""qma_signal_report"",""settlement_id"":""9a02ade8-60f6-46db-9a27-2fac816df519"",""gateway_status"":""received"",""seller_address"":""0xb40971a5d88f31c7b8d88bf93f7d044f1383bf01"",""transaction_hash"":null,""provider_owner_wallet"":""0xb40971a5d88f31c7b8d88bf93f7d044f1383bf01""}",2026-07-07 16:22:18.596755+00,2026-07-07 16:22:18.596755+00
9a616246-a6a6-43af-a4ad-04de0708acb6,inv_db96be26b888,9a616246-a6a6-43af-a4ad-04de0708acb6,0x2c03cd73ad36230a3c5be43d51d72fdca32f53d4,HYPE,full,funding_memory,0.001089,completed,0x97605c86141121d1613ce3a8500ee036b73206afb6e1318cc9aa9c4c95784828,https://testnet.arcscan.app/tx/0x97605c86141121d1613ce3a8500ee036b73206afb6e1318cc9aa9c4c95784828,1783744346.78816,"{""tier"":""full"",""query"":{""FDV"":500000000,""price"":null,""amount"":1500000,""symbol"":""HYPE"",""fromATH"":-35.2,""circRatio"":0.5,""marketCap"":250000000,""volume24h"":15000000,""fundingRate"":-0.005,""openInterest"":null,""longShortRatio"":null,""openInterestChange24h"":null},""symbol"":""HYPE"",""paid_at"":1783744346.788162,""pricing"":{""amount_usdc"":""0.001089""},""event_id"":""inv_db96be26b888:platform"",""split_leg"":{""role"":""platform"",""leg_id"":""platform"",""pay_to"":""0x23e7c029a287a83d80b2e084e008211658dda11d"",""amount_raw"":""1089"",""amount_usdc"":""0.001089""},""synthetic"":false,""accounting"":{""currency"":""USDC"",""amount_usdc"":""0.005444"",""creator_wallet"":""0xb40971a5d88f31c7b8d88bf93f7d044f1383bf01"",""settlement_mode"":""x402_direct_split"",""creator_share_bps"":8000,""platform_share_bps"":2000},""amount_raw"":""1089"",""buyer_type"":""human"",""invoice_id"":""inv_db96be26b888"",""query_hash"":""a7887f74a9ba0ac4d43c0c55fc5d62c2513d5020f2cdc2f98a7bb0bbd8f49ca9"",""run_source"":null,""settlement"":{""mode"":""x402_direct_split"",""rail"":""circle_gateway_x402"",""amount"":""0.005444"",""network"":""Arc Testnet"",""currency"":""USDC"",""decimals"":6,""token_address"":""0x3600000000000000000000000000000000000000"",""gateway_supported"":true},""agent_label"":null,""amount_usdc"":""0.001089"",""provider_id"":""funding_memory"",""explorer_url"":""https://testnet.arcscan.app/tx/0x97605c86141121d1613ce3a8500ee036b73206afb6e1318cc9aa9c4c95784828"",""payer_address"":""0x2c03cd73ad36230a3c5be43d51d72fdca32f53d4"",""resource_type"":""qma_signal_report"",""settlement_id"":""9a616246-a6a6-43af-a4ad-04de0708acb6"",""gateway_status"":""completed"",""seller_address"":""0x23e7c029a287a83d80b2e084e008211658dda11d"",""transaction_hash"":""0x97605c86141121d1613ce3a8500ee036b73206afb6e1318cc9aa9c4c95784828"",""provider_owner_wallet"":""0xb40971a5d88f31c7b8d88bf93f7d044f1383bf01""}",2026-07-11 04:36:31.958312+00,2026-07-11 04:36:31.958312+00
9b2832fd-bee8-4abb-9679-3bdf113dbd92,inv_bdb2837742f2,9b2832fd-bee8-4abb-9679-3bdf113dbd92,0x2c03cd73ad36230a3c5be43d51d72fdca32f53d4,BLAST,preview,funding_memory,0.001133,completed,0x71964973033cd2212e80b3192c8fbb55c984b3435976367f6ab4a98ab5ddedd4,https://testnet.arcscan.app/tx/0x71964973033cd2212e80b3192c8fbb55c984b3435976367f6ab4a98ab5ddedd4,1783129251.80035,"{""tier"":""preview"",""query"":{""FDV"":49679.99999999999,""amount"":1291.4468352,""symbol"":""BLAST"",""fromATH"":-50,""circRatio"":0.666666666667,""marketCap"":33120,""volume24h"":258.28936704,""fundingRate"":-0.01546},""symbol"":""BLAST"",""paid_at"":1783129251.800347,""amount_raw"":""1133"",""buyer_type"":""agent"",""invoice_id"":""inv_bdb2837742f2"",""query_hash"":""0e128902fe5752fae7e3921bd4c5fa96cd6fb5b389d5ed43cdc3c29603f0e6d3"",""amount_usdc"":0.001133,""provider_id"":""funding_memory"",""explorer_url"":""https://testnet.arcscan.app/tx/0x71964973033cd2212e80b3192c8fbb55c984b3435976367f6ab4a98ab5ddedd4"",""payer_address"":""0x2c03cd73ad36230a3c5be43d51d72fdca32f53d4"",""resource_type"":""qma_signal_report"",""settlement_id"":""9b2832fd-bee8-4abb-9679-3bdf113dbd92"",""gateway_status"":""completed"",""seller_address"":""0x23e7c029a287a83d80b2e084e008211658dda11d"",""transaction_hash"":""0x71964973033cd2212e80b3192c8fbb55c984b3435976367f6ab4a98ab5ddedd4"",""provider_owner_wallet"":""0x23e7c029a287a83d80b2e084e008211658dda11d""}",2026-07-04 01:40:54.097297+00,2026-07-04 01:40:54.097297+00
9b352357-25cc-49df-a0b1-1516d2a3b0d1,inv_cc0dbe9fe8cf,9b352357-25cc-49df-a0b1-1516d2a3b0d1,0x2c03cd73ad36230a3c5be43d51d72fdca32f53d4,MBOX,preview,funding_memory,0.001,completed,0x255565efac7c79be105c2a16ddd9bbd94b38934e7fe3def9e42f0e8798c8af28,https://testnet.arcscan.app/tx/0x255565efac7c79be105c2a16ddd9bbd94b38934e7fe3def9e42f0e8798c8af28,1781774289.39632,"{""tier"":""preview"",""query"":{""FDV"":1745073,""amount"":null,""symbol"":""MBOX"",""fromATH"":-99.98,""circRatio"":1,""marketCap"":1745073,""volume24h"":3473120,""fundingRate"":-0.0053},""symbol"":""MBOX"",""paid_at"":1781774289.3963203,""amount_raw"":""1000"",""invoice_id"":""inv_cc0dbe9fe8cf"",""query_hash"":""4c79259d7039bf5443d9d75fa119c2d9895ff23d4eb7f7b9aea0c13d5889a62c"",""amount_usdc"":0.001,""explorer_url"":""https://testnet.arcscan.app/tx/0x255565efac7c79be105c2a16ddd9bbd94b38934e7fe3def9e42f0e8798c8af28"",""payer_address"":""0x2c03cd73ad36230a3c5be43d51d72fdca32f53d4"",""resource_type"":""qma_signal_report"",""settlement_id"":""9b352357-25cc-49df-a0b1-1516d2a3b0d1"",""gateway_status"":""completed"",""seller_address"":""0x23e7c029a287a83d80b2e084e008211658dda11d"",""transaction_hash"":""0x255565efac7c79be105c2a16ddd9bbd94b38934e7fe3def9e42f0e8798c8af28""}",2026-06-19 09:35:04.052192+00,2026-06-19 09:35:04.052192+00
9c3de996-5bed-4416-a9cf-02f8e51035ef,inv_4ab9382b3655,9c3de996-5bed-4416-a9cf-02f8e51035ef,0x2c03cd73ad36230a3c5be43d51d72fdca32f53d4,SAHARA_USDC,preview,funding_memory,0.001,completed,0x4bafeb1cf0cb7d13d6d8ed23cdfe5c16db950a53e146a4db419305740f3302f8,https://testnet.arcscan.app/tx/0x4bafeb1cf0cb7d13d6d8ed23cdfe5c16db950a53e146a4db419305740f3302f8,1781834265.79968,"{""tier"":""preview"",""query"":{""FDV"":138500000,""amount"":null,""symbol"":""SAHARA_USDC"",""fromATH"":-91.51,""circRatio"":0.34,""marketCap"":47186661,""volume24h"":55986784,""fundingRate"":-0.0041},""symbol"":""SAHARA_USDC"",""paid_at"":1781834265.7996843,""amount_raw"":""1000"",""invoice_id"":""inv_4ab9382b3655"",""query_hash"":""eb1a6b477923d52596810265f72286472ff3f72919581585289a74e518b3e255"",""amount_usdc"":0.001,""explorer_url"":""https://testnet.arcscan.app/tx/0x4bafeb1cf0cb7d13d6d8ed23cdfe5c16db950a53e146a4db419305740f3302f8"",""payer_address"":""0x2c03cd73ad36230a3c5be43d51d72fdca32f53d4"",""resource_type"":""qma_signal_report"",""settlement_id"":""9c3de996-5bed-4416-a9cf-02f8e51035ef"",""gateway_status"":""completed"",""seller_address"":""0x23e7c029a287a83d80b2e084e008211658dda11d"",""transaction_hash"":""0x4bafeb1cf0cb7d13d6d8ed23cdfe5c16db950a53e146a4db419305740f3302f8""}",2026-06-19 09:35:04.052192+00,2026-06-19 09:35:04.052192+00
9d23397e-e98a-4180-aa7f-638996c81b49,inv_ba3005e18c20,9d23397e-e98a-4180-aa7f-638996c81b49,0x087448914bfaa7e8faabbd3290887380ec179f93,LAYER,full,funding_memory,0.005,completed,0xcaf9fe0a9a563792bc4fc76840af2884357c40f5ef1443c3ea04c9cef98e3d4a,https://testnet.arcscan.app/tx/0xcaf9fe0a9a563792bc4fc76840af2884357c40f5ef1443c3ea04c9cef98e3d4a,1782207976.82378,"{""tier"":""full"",""query"":{""FDV"":11986500,""amount"":622841.39426,""symbol"":""LAYER"",""fromATH"":-50,""circRatio"":0.67,""marketCap"":7991000,""volume24h"":124568,""fundingRate"":-0.0088},""symbol"":""LAYER"",""paid_at"":1782207976.8237836,""amount_raw"":""5000"",""buyer_type"":""human"",""invoice_id"":""inv_ba3005e18c20"",""query_hash"":""2ae67a7c4411a975856ff1f5d65badd6a11699adf4cc69b6fd62a40a4cc52e5b"",""amount_usdc"":0.005,""provider_id"":""funding_memory"",""explorer_url"":""https://testnet.arcscan.app/tx/0xcaf9fe0a9a563792bc4fc76840af2884357c40f5ef1443c3ea04c9cef98e3d4a"",""payer_address"":""0x087448914bfaa7e8faabbd3290887380ec179f93"",""resource_type"":""qma_signal_report"",""settlement_id"":""9d23397e-e98a-4180-aa7f-638996c81b49"",""gateway_status"":""completed"",""seller_address"":""0x23e7c029a287a83d80b2e084e008211658dda11d"",""transaction_hash"":""0xcaf9fe0a9a563792bc4fc76840af2884357c40f5ef1443c3ea04c9cef98e3d4a"",""provider_owner_wallet"":""0x23e7c029a287a83d80b2e084e008211658dda11d""}",2026-06-23 09:46:19.320245+00,2026-06-23 09:46:19.320245+00
9f3740c1-1d4d-4d43-9495-db87c06aa511,inv_00bf2747e68b,9f3740c1-1d4d-4d43-9495-db87c06aa511,0xf5987818ebbee812eb730b6a395d66e664412cf5,H,preview,funding_memory,0.001,completed,0x37292b84fcf65812f044ce1c3526fdd0be2164f4e5d4d9503a3006fcf36977f7,https://testnet.arcscan.app/tx/0x37292b84fcf65812f044ce1c3526fdd0be2164f4e5d4d9503a3006fcf36977f7,1782114649.51814,"{""tier"":""preview"",""query"":{""FDV"":24283500,""amount"":5766752.8170300005,""symbol"":""H"",""fromATH"":-50,""circRatio"":0.666666666667,""marketCap"":16189000,""volume24h"":1153350.5634060001,""fundingRate"":-0.004406},""symbol"":""H"",""paid_at"":1782114649.5181375,""amount_raw"":""1000"",""buyer_type"":""agent"",""invoice_id"":""inv_00bf2747e68b"",""query_hash"":""dbb876f7b29bfb285bbb21afc069230fcb0d282fe4af87e6aac2d7ef863eef3f"",""amount_usdc"":0.001,""provider_id"":""funding_memory"",""explorer_url"":""https://testnet.arcscan.app/tx/0x37292b84fcf65812f044ce1c3526fdd0be2164f4e5d4d9503a3006fcf36977f7"",""payer_address"":""0xf5987818ebbee812eb730b6a395d66e664412cf5"",""resource_type"":""qma_signal_report"",""settlement_id"":""9f3740c1-1d4d-4d43-9495-db87c06aa511"",""gateway_status"":""completed"",""seller_address"":""0x23e7c029a287a83d80b2e084e008211658dda11d"",""transaction_hash"":""0x37292b84fcf65812f044ce1c3526fdd0be2164f4e5d4d9503a3006fcf36977f7"",""provider_owner_wallet"":""0x23e7c029a287a83d80b2e084e008211658dda11d""}",2026-06-22 07:50:52.085637+00,2026-06-22 07:50:52.085637+00
9f378163-6e2b-4d46-ac5f-f961dbe49772,inv_cfc9bed0be62,9f378163-6e2b-4d46-ac5f-f961dbe49772,0xf5fd2d051a2e966b2510f755272312ab92dd8ee4,LAB,preview,funding_memory,0.000238,received,,,1783444537.34084,"{""tier"":""preview"",""query"":{""FDV"":297055861.77,""price"":5.412,""amount"":4280188.4399999995,""symbol"":""LAB"",""fromATH"":-50,""circRatio"":0.65,""marketCap"":198037241.18,""volume24h"":99018620.59,""fundingRate"":-0.015015,""openInterest"":4280188.4399999995,""longShortRatio"":null,""openInterestChange24h"":null},""symbol"":""LAB"",""paid_at"":1783444537.3408418,""pricing"":{""amount_usdc"":""0.000238""},""event_id"":""inv_cfc9bed0be62:platform"",""split_leg"":{""role"":""platform"",""leg_id"":""platform"",""pay_to"":""0x23e7c029a287a83d80b2e084e008211658dda11d"",""amount_raw"":""238"",""amount_usdc"":""0.000238""},""accounting"":{""currency"":""USDC"",""amount_usdc"":""0.001192"",""creator_wallet"":""0xb40971a5d88f31c7b8d88bf93f7d044f1383bf01"",""settlement_mode"":""x402_direct_split"",""creator_share_bps"":8000,""platform_share_bps"":2000},""amount_raw"":""238"",""buyer_type"":""agent"",""invoice_id"":""inv_cfc9bed0be62"",""query_hash"":""e9be77f86149d5851c25ae5e965b062b82559890f147d35d7ba12472fed35875"",""settlement"":{""mode"":""x402_direct_split"",""rail"":""circle_gateway_x402"",""amount"":""0.001192"",""network"":""Arc Testnet"",""currency"":""USDC"",""decimals"":6,""token_address"":""0x3600000000000000000000000000000000000000"",""gateway_supported"":true},""amount_usdc"":""0.000238"",""provider_id"":""funding_memory"",""explorer_url"":null,""payer_address"":""0xf5fd2d051a2e966b2510f755272312ab92dd8ee4"",""resource_type"":""qma_signal_report"",""settlement_id"":""9f378163-6e2b-4d46-ac5f-f961dbe49772"",""gateway_status"":""received"",""seller_address"":""0x23e7c029a287a83d80b2e084e008211658dda11d"",""transaction_hash"":null,""provider_owner_wallet"":""0xb40971a5d88f31c7b8d88bf93f7d044f1383bf01""}",2026-07-07 17:15:39.782268+00,2026-07-07 17:15:39.782268+00
a1d784a3-04ef-4397-ba46-7f84e088b9b2,inv_8589c0cf37ba,a1d784a3-04ef-4397-ba46-7f84e088b9b2,0x2c03cd73ad36230a3c5be43d51d72fdca32f53d4,SBUXSTOCK,full,funding_memory,0.005088,completed,0x02cce35151ca0a2aed1a7db6c8e592f9f83d936f4c0a47f974c0d417bf40553f,https://testnet.arcscan.app/tx/0x02cce35151ca0a2aed1a7db6c8e592f9f83d936f4c0a47f974c0d417bf40553f,1789613559.92499,"{""tier"":""full"",""query"":{""FDV"":20000000,""price"":97.3,""amount"":169671.74,""symbol"":""SBUXSTOCK"",""fromATH"":-50,""circRatio"":0.65,""marketCap"":10000000,""volume24h"":82383.944,""fundingRate"":-0.007153,""openInterest"":169671.74,""longShortRatio"":null,""openInterestChange24h"":null},""symbol"":""SBUXSTOCK"",""paid_at"":1789613559.9249856,""pricing"":{""amount_usdc"":""0.005088""},""synthetic"":false,""accounting"":{""currency"":""USDC"",""amount_usdc"":""0.005088"",""creator_wallet"":""0xb40971a5d88f31c7b8d88bf93f7d044f1383bf01"",""settlement_mode"":""seller_wallet"",""creator_share_bps"":8000,""platform_share_bps"":2000},""amount_raw"":""5088"",""buyer_type"":""human"",""invoice_id"":""inv_8589c0cf37ba"",""query_hash"":""272513a2c24116d38bd74fb76fac6ead59167d326ec51454d56aea2a1a138029"",""run_source"":null,""settlement"":{""mode"":""seller_wallet"",""rail"":""circle_gateway_x402"",""amount"":""0.005088"",""network"":""Arc Testnet"",""currency"":""USDC"",""decimals"":6,""token_address"":""0x3600000000000000000000000000000000000000"",""gateway_supported"":true},""agent_label"":null,""amount_usdc"":0.005088,""provider_id"":""funding_memory"",""explorer_url"":""https://testnet.arcscan.app/tx/0x02cce35151ca0a2aed1a7db6c8e592f9f83d936f4c0a47f974c0d417bf40553f"",""payer_address"":""0x2c03cd73ad36230a3c5be43d51d72fdca32f53d4"",""resource_type"":""qma_signal_report"",""settlement_id"":""a1d784a3-04ef-4397-ba46-7f84e088b9b2"",""arc_settlement"":{""error"":""Circle treasury wallet address does not match the x402 seller"",""action"":""creator_payout"",""status"":""retryable"",""verdict"":""VALID"",""version"":1,""recipient"":""0xb40971a5d88f31c7b8d88bf93f7d044f1383bf01"",""created_at"":1789613619.0204003,""updated_at"":1789875370.182347,""operation_id"":""arc-verdict:inv_8589c0cf37ba:creator_payout:v1"",""total_amount_raw"":""5088"",""treasury_address"":""0x23e7c029a287a83d80b2e084e008211658dda11d"",""creator_share_bps"":8000,""creator_amount_raw"":""4070"",""platform_amount_raw"":""1018"",""transfer_amount_raw"":""4070"",""source_settlement_id"":""a1d784a3-04ef-4397-ba46-7f84e088b9b2"",""source_gateway_status"":""received""},""gateway_status"":""completed"",""seller_address"":""0x23e7c029a287a83d80b2e084e008211658dda11d"",""transaction_hash"":""0x02cce35151ca0a2aed1a7db6c8e592f9f83d936f4c0a47f974c0d417bf40553f"",""buyer_wallet_address"":""0x2c03cd73ad36230a3c5be43d51d72fdca32f53d4"",""provider_owner_wallet"":""0xb40971a5d88f31c7b8d88bf93f7d044f1383bf01""}",2026-09-17 02:53:40.643975+00,2026-09-17 02:53:40.643975+00
a23652e4-2683-4009-9d16-aeb1be5611a9,inv_242d66a4b234,a23652e4-2683-4009-9d16-aeb1be5611a9,0x9a6126cf24d565f6fd7ad3639f7bf11928c385df,POWR,full,funding_memory,0.005,completed,0xd44bac9131104aad9ded7c33a41d9a12e4bc4a87a18e30fced0b56cb65337662,https://testnet.arcscan.app/tx/0xd44bac9131104aad9ded7c33a41d9a12e4bc4a87a18e30fced0b56cb65337662,1782780408.16515,"{""tier"":""full"",""query"":{""FDV"":8043000,""amount"":null,""symbol"":""POWR"",""fromATH"":-50,""circRatio"":0.67,""marketCap"":5362000,""volume24h"":8737,""fundingRate"":-0.008},""symbol"":""POWR"",""paid_at"":1782780408.1651506,""amount_raw"":""5000"",""buyer_type"":""agent"",""invoice_id"":""inv_242d66a4b234"",""query_hash"":""47f33de3308030c30830d5dba6ea9503d4a331cbeb0783d029981e4647de4b74"",""amount_usdc"":0.005,""provider_id"":""funding_memory"",""explorer_url"":""https://testnet.arcscan.app/tx/0xd44bac9131104aad9ded7c33a41d9a12e4bc4a87a18e30fced0b56cb65337662"",""payer_address"":""0x9a6126cf24d565f6fd7ad3639f7bf11928c385df"",""resource_type"":""qma_signal_report"",""settlement_id"":""a23652e4-2683-4009-9d16-aeb1be5611a9"",""tier_category"":""full"",""gateway_status"":""completed"",""seller_address"":""0x23e7c029a287a83d80b2e084e008211658dda11d"",""transaction_hash"":""0xd44bac9131104aad9ded7c33a41d9a12e4bc4a87a18e30fced0b56cb65337662"",""provider_owner_wallet"":""0x23e7c029a287a83d80b2e084e008211658dda11d""}",2026-06-30 00:46:52.228113+00,2026-06-30 00:46:52.228113+00
a2a79574-affb-489c-b072-60827d4e90d0,inv_0fed879788bb,a2a79574-affb-489c-b072-60827d4e90d0,0x5e4cf60110565e2904a7321571d76282f0b930db,ONG,preview,funding_memory,0.001018,received,,,1789873440.45855,"{""tier"":""preview"",""query"":{""FDV"":63899133.68175001,""price"":0.08443,""amount"":8519884.4909,""source"":""MEXC_FUTURES"",""symbol"":""ONG"",""fromATH"":-50,""exchange"":""MEXC"",""circRatio"":0.65,""marketCap"":42599422.454500005,""rawSymbol"":""ONG_USDT"",""volume24h"":304391.425,""contractId"":504,""fundingRate"":-0.012513,""candidate_id"":""QMA:FUNDING_MEMORY:ONG:5"",""contractSize"":10,""openInterest"":8519884.4909,""source_fields"":{""detailV2_cs"":10,""ticker_holdVol"":10091063,""ticker_amount24"":304391.425,""ticker_volume24"":370285},""longShortRatio"":null,""adapter_version"":""MEXC_FUTURES_V2"",""openInterestBase"":100910630,""openInterestMethod"":""HOLDVOL * DETAILV2.CS * LASTPRICE"",""expected_price_usdc"":0.001018,""openInterestChange24h"":null,""openInterestContracts"":10091063,""openInterestEstimated"":false},""symbol"":""ONG"",""paid_at"":1789873440.4585524,""pricing"":{""amount_usdc"":""0.001018""},""synthetic"":false,""accounting"":{""currency"":""USDC"",""amount_usdc"":""0.001018"",""creator_wallet"":""0xb40971a5d88f31c7b8d88bf93f7d044f1383bf01"",""settlement_mode"":""seller_wallet"",""creator_share_bps"":8000,""platform_share_bps"":2000},""amount_raw"":""1018"",""buyer_type"":""agent"",""invoice_id"":""inv_0fed879788bb"",""query_hash"":""d40427714c6d98df05107feef574ff4ba9dd3257b7c1207202a035e006659da1"",""run_source"":""agent_session_e7dd56f9-cf18-4965-b07e-2df87f28cd4c"",""settlement"":{""mode"":""seller_wallet"",""rail"":""circle_gateway_x402"",""amount"":""0.001018"",""network"":""Arc Testnet"",""currency"":""USDC"",""decimals"":6,""token_address"":""0x3600000000000000000000000000000000000000"",""gateway_supported"":true},""agent_label"":""qma-hosted-worker"",""amount_usdc"":0.001018,""provider_id"":""funding_memory"",""explorer_url"":null,""payer_address"":""0x5e4cf60110565e2904a7321571d76282f0b930db"",""resource_type"":""qma_signal_report"",""settlement_id"":""a2a79574-affb-489c-b072-60827d4e90d0"",""arc_settlement"":{""error"":""Circle treasury wallet address does not match the x402 seller"",""action"":""creator_payout"",""status"":""retryable"",""verdict"":""VALID"",""version"":1,""recipient"":""0xb40971a5d88f31c7b8d88bf93f7d044f1383bf01"",""created_at"":1789873473.23728,""updated_at"":1789957509.0844655,""operation_id"":""arc-verdict:inv_0fed879788bb:creator_payout:v1"",""total_amount_raw"":""1018"",""treasury_address"":""0x23e7c029a287a83d80b2e084e008211658dda11d"",""creator_share_bps"":8000,""creator_amount_raw"":""814"",""platform_amount_raw"":""204"",""transfer_amount_raw"":""814"",""source_settlement_id"":""a2a79574-affb-489c-b072-60827d4e90d0"",""source_gateway_status"":""received""},""gateway_status"":""received"",""seller_address"":""0x23e7c029a287a83d80b2e084e008211658dda11d"",""transaction_hash"":null,""buyer_wallet_address"":""0x2c03cd73ad36230a3c5be43d51d72fdca32f53d4"",""provider_owner_wallet"":""0xb40971a5d88f31c7b8d88bf93f7d044f1383bf01""}",2026-09-20 03:04:33.212519+00,2026-09-20 03:04:33.212519+00
a37ac918-0e0e-4a34-92d4-4f5ff8031d28,inv_b12e1ef767e2,a37ac918-0e0e-4a34-92d4-4f5ff8031d28,0x5e4cf60110565e2904a7321571d76282f0b930db,CVC,preview,oi_memory,0.001118,completed,0x25fc09d16b547bbc6e4e5e07ff61a0c19aa0af3055ea9a366f782ff5ffac0f03,https://testnet.arcscan.app/tx/0x25fc09d16b547bbc6e4e5e07ff61a0c19aa0af3055ea9a366f782ff5ffac0f03,1789616738.82175,"{""tier"":""preview"",""query"":{""FDV"":15000000,""price"":0.02611,""amount"":774259.8302600001,""source"":""MEXC_FUTURES"",""symbol"":""CVC"",""fromATH"":-50,""exchange"":""MEXC"",""circRatio"":0.65,""marketCap"":10000000,""rawSymbol"":""CVC_USDT"",""volume24h"":831020.35972,""contractId"":70,""fundingRate"":-0.004484,""candidate_id"":""QMA:OI_MEMORY:CVC:6"",""contractSize"":1,""openInterest"":774259.8302600001,""source_fields"":{""detailV2_cs"":1,""ticker_holdVol"":29653766,""ticker_amount24"":831020.35972,""ticker_volume24"":30873838},""longShortRatio"":null,""adapter_version"":""MEXC_FUTURES_V2"",""openInterestBase"":29653766,""openInterestMethod"":""HOLDVOL * DETAILV2.CS * LASTPRICE"",""expected_price_usdc"":0.001118,""openInterestChange24h"":null,""openInterestContracts"":29653766,""openInterestEstimated"":false},""symbol"":""CVC"",""paid_at"":1789616738.8217483,""pricing"":{""amount_usdc"":""0.001118""},""synthetic"":false,""accounting"":{""currency"":""USDC"",""amount_usdc"":""0.001118"",""creator_wallet"":""0x2222222222222222222222222222222222222222"",""settlement_mode"":""seller_wallet"",""creator_share_bps"":8000,""platform_share_bps"":2000},""amount_raw"":""1118"",""buyer_type"":""agent"",""invoice_id"":""inv_b12e1ef767e2"",""query_hash"":""5965aeb5375fe195539ecf5a1cc60142c02f79e61914ce97f3edd71b01a336c7"",""run_source"":""agent_session_dc97bb04-3d4b-45e4-a579-e7311bac9eb2"",""settlement"":{""mode"":""seller_wallet"",""rail"":""circle_gateway_x402"",""amount"":""0.001118"",""network"":""Arc Testnet"",""currency"":""USDC"",""decimals"":6,""token_address"":""0x3600000000000000000000000000000000000000"",""gateway_supported"":true},""agent_label"":""qma-hosted-worker"",""amount_usdc"":0.001118,""provider_id"":""oi_memory"",""explorer_url"":""https://testnet.arcscan.app/tx/0x25fc09d16b547bbc6e4e5e07ff61a0c19aa0af3055ea9a366f782ff5ffac0f03"",""payer_address"":""0x5e4cf60110565e2904a7321571d76282f0b930db"",""resource_type"":""qma_signal_report"",""settlement_id"":""a37ac918-0e0e-4a34-92d4-4f5ff8031d28"",""arc_settlement"":{""error"":""Circle treasury wallet address does not match the x402 seller"",""action"":""creator_payout"",""status"":""retryable"",""verdict"":""VALID"",""version"":1,""recipient"":""0x2222222222222222222222222222222222222222"",""created_at"":1789616801.0700634,""updated_at"":1789888484.6449683,""operation_id"":""arc-verdict:inv_b12e1ef767e2:creator_payout:v1"",""total_amount_raw"":""1118"",""treasury_address"":""0x23e7c029a287a83d80b2e084e008211658dda11d"",""creator_share_bps"":8000,""creator_amount_raw"":""894"",""platform_amount_raw"":""224"",""transfer_amount_raw"":""894"",""source_settlement_id"":""a37ac918-0e0e-4a34-92d4-4f5ff8031d28"",""source_gateway_status"":""received""},""gateway_status"":""completed"",""seller_address"":""0x23e7c029a287a83d80b2e084e008211658dda11d"",""transaction_hash"":""0x25fc09d16b547bbc6e4e5e07ff61a0c19aa0af3055ea9a366f782ff5ffac0f03"",""buyer_wallet_address"":""0x2c03cd73ad36230a3c5be43d51d72fdca32f53d4"",""provider_owner_wallet"":""0x2222222222222222222222222222222222222222""}",2026-09-17 03:46:42.55895+00,2026-09-17 03:46:42.55895+00
a5007066-3a4f-4744-b49a-6ec4ee808719,inv_95915c9f9de5,a5007066-3a4f-4744-b49a-6ec4ee808719,0xbe6ee76916726d1d04155dde8923d58e720557a1,H,full,funding_memory,0.005,completed,0x1ccd020ac202b346ed4ea823dabe3a3baf0efed65a4b7174271a99101854d080,https://testnet.arcscan.app/tx/0x1ccd020ac202b346ed4ea823dabe3a3baf0efed65a4b7174271a99101854d080,1782201239.09696,"{""tier"":""full"",""query"":{""FDV"":18082500,""amount"":8340107.3311,""symbol"":""H"",""fromATH"":-50,""circRatio"":0.67,""marketCap"":12055000,""volume24h"":1668021,""fundingRate"":-0.0032},""symbol"":""H"",""paid_at"":1782201239.0969582,""amount_raw"":""5000"",""buyer_type"":""human"",""invoice_id"":""inv_95915c9f9de5"",""query_hash"":""e4b4125b88bab7aafd515ab3ce691d83a7895f940c0ccbb811fc0b781aafdaa6"",""amount_usdc"":0.005,""provider_id"":""funding_memory"",""explorer_url"":""https://testnet.arcscan.app/tx/0x1ccd020ac202b346ed4ea823dabe3a3baf0efed65a4b7174271a99101854d080"",""payer_address"":""0xbe6ee76916726d1d04155dde8923d58e720557a1"",""resource_type"":""qma_signal_report"",""settlement_id"":""a5007066-3a4f-4744-b49a-6ec4ee808719"",""gateway_status"":""completed"",""seller_address"":""0x23e7c029a287a83d80b2e084e008211658dda11d"",""transaction_hash"":""0x1ccd020ac202b346ed4ea823dabe3a3baf0efed65a4b7174271a99101854d080"",""provider_owner_wallet"":""0x23e7c029a287a83d80b2e084e008211658dda11d""}",2026-06-23 07:54:02.651966+00,2026-06-23 07:54:02.651966+00
a5832526-ed5e-44a8-a35e-3b7a10bb0350,inv_a978bf7bd6fd,a5832526-ed5e-44a8-a35e-3b7a10bb0350,0x2c03cd73ad36230a3c5be43d51d72fdca32f53d4,HYPE,legacy,funding_memory,0.05,completed,0xe3bb1bb991d87bc0c95cc431beaf958e8ab1017b3c2137be9f721daa1c447de2,https://testnet.arcscan.app/tx/0xe3bb1bb991d87bc0c95cc431beaf958e8ab1017b3c2137be9f721daa1c447de2,1781744887.86654,"{""tier"":""legacy"",""symbol"":""HYPE"",""paid_at"":1781744887.8665442,""amount_raw"":""50000"",""invoice_id"":""inv_a978bf7bd6fd"",""amount_usdc"":0.05,""explorer_url"":""https://testnet.arcscan.app/tx/0xe3bb1bb991d87bc0c95cc431beaf958e8ab1017b3c2137be9f721daa1c447de2"",""payer_address"":""0x2c03cd73ad36230a3c5be43d51d72fdca32f53d4"",""settlement_id"":""a5832526-ed5e-44a8-a35e-3b7a10bb0350"",""gateway_status"":""completed"",""seller_address"":""0x23e7c029a287a83d80b2e084e008211658dda11d"",""transaction_hash"":""0xe3bb1bb991d87bc0c95cc431beaf958e8ab1017b3c2137be9f721daa1c447de2""}",2026-06-19 09:35:04.052192+00,2026-06-19 16:49:23.325599+00
a5884778-4d40-4c7f-b12e-9f0a6a9a2b9c,inv_9e56bf145a37,a5884778-4d40-4c7f-b12e-9f0a6a9a2b9c,0xbe6ee76916726d1d04155dde8923d58e720557a1,KORU,full,funding_memory,0.005,completed,0xad7976f4222e836ffff4b14d65972c8ebf8456b5bbd403f1947866bc5612b45d,https://testnet.arcscan.app/tx/0xad7976f4222e836ffff4b14d65972c8ebf8456b5bbd403f1947866bc5612b45d,1782203751.77512,"{""tier"":""full"",""query"":{""FDV"":110547000000,""amount"":608746953.96,""symbol"":""KORU"",""fromATH"":-50,""circRatio"":0.67,""marketCap"":73698000000,""volume24h"":121749391,""fundingRate"":-0.009},""symbol"":""KORU"",""paid_at"":1782203751.7751234,""amount_raw"":""5000"",""buyer_type"":""human"",""invoice_id"":""inv_9e56bf145a37"",""query_hash"":""bd19471965247d82bdff0150ced40ba7216a09e23f552dd71133f324bfa4d235"",""amount_usdc"":0.005,""provider_id"":""funding_memory"",""explorer_url"":""https://testnet.arcscan.app/tx/0xad7976f4222e836ffff4b14d65972c8ebf8456b5bbd403f1947866bc5612b45d"",""payer_address"":""0xbe6ee76916726d1d04155dde8923d58e720557a1"",""resource_type"":""qma_signal_report"",""settlement_id"":""a5884778-4d40-4c7f-b12e-9f0a6a9a2b9c"",""gateway_status"":""completed"",""seller_address"":""0x23e7c029a287a83d80b2e084e008211658dda11d"",""transaction_hash"":""0xad7976f4222e836ffff4b14d65972c8ebf8456b5bbd403f1947866bc5612b45d"",""provider_owner_wallet"":""0x23e7c029a287a83d80b2e084e008211658dda11d""}",2026-06-23 08:35:57.004688+00,2026-06-23 08:35:57.004688+00
a59850ab-67f4-4a34-a111-5327b2b4c7d7,inv_8be3a5510aee,a59850ab-67f4-4a34-a111-5327b2b4c7d7,0x562c54bb3e6e7544761628ec9eb25b05566d296b,ES,preview,funding_memory,0.001,completed,0xfa1dc02ca56d30645c6851a73d011ab672e5da70fef6a05b0f8d546f6cfc2a39,https://testnet.arcscan.app/tx/0xfa1dc02ca56d30645c6851a73d011ab672e5da70fef6a05b0f8d546f6cfc2a39,1782094484.33061,"{""tier"":""preview"",""query"":{""FDV"":2575500,""amount"":null,""symbol"":""ES"",""fromATH"":-50,""circRatio"":0.67,""marketCap"":1717000,""volume24h"":10240,""fundingRate"":-0.0055},""symbol"":""ES"",""paid_at"":1782094484.3306093,""amount_raw"":""1000"",""buyer_type"":""human"",""invoice_id"":""inv_8be3a5510aee"",""query_hash"":""ab8c1fce291b9304b14cd3f0ad4fedfc55cc80550be50c0ff89bfeb250bf6910"",""amount_usdc"":0.001,""provider_id"":""funding_memory"",""explorer_url"":""https://testnet.arcscan.app/tx/0xfa1dc02ca56d30645c6851a73d011ab672e5da70fef6a05b0f8d546f6cfc2a39"",""payer_address"":""0x562c54bb3e6e7544761628ec9eb25b05566d296b"",""resource_type"":""qma_signal_report"",""settlement_id"":""a59850ab-67f4-4a34-a111-5327b2b4c7d7"",""gateway_status"":""completed"",""seller_address"":""0x23e7c029a287a83d80b2e084e008211658dda11d"",""transaction_hash"":""0xfa1dc02ca56d30645c6851a73d011ab672e5da70fef6a05b0f8d546f6cfc2a39"",""provider_owner_wallet"":""0x23e7c029a287a83d80b2e084e008211658dda11d""}",2026-06-22 02:14:46.518162+00,2026-06-22 02:14:46.518162+00
a600f4cd-f7ea-4788-8639-b33050fa4a2c,inv_440f026c8ad9,a600f4cd-f7ea-4788-8639-b33050fa4a2c,0x562c54bb3e6e7544761628ec9eb25b05566d296b,SHLD,full,funding_memory,0.005,completed,0xfa1dc02ca56d30645c6851a73d011ab672e5da70fef6a05b0f8d546f6cfc2a39,https://testnet.arcscan.app/tx/0xfa1dc02ca56d30645c6851a73d011ab672e5da70fef6a05b0f8d546f6cfc2a39,1782094465.73186,"{""tier"":""full"",""query"":{""FDV"":9259500000,""amount"":null,""symbol"":""SHLD"",""fromATH"":-50,""circRatio"":0.67,""marketCap"":6173000000,""volume24h"":2534510,""fundingRate"":-0.0039},""symbol"":""SHLD"",""paid_at"":1782094465.7318585,""amount_raw"":""5000"",""buyer_type"":""human"",""invoice_id"":""inv_440f026c8ad9"",""query_hash"":""61afd33e45512237eb668a6976293d9171bbcfc008fb9125a9f942dba870fd55"",""amount_usdc"":0.005,""provider_id"":""funding_memory"",""explorer_url"":""https://testnet.arcscan.app/tx/0xfa1dc02ca56d30645c6851a73d011ab672e5da70fef6a05b0f8d546f6cfc2a39"",""payer_address"":""0x562c54bb3e6e7544761628ec9eb25b05566d296b"",""resource_type"":""qma_signal_report"",""settlement_id"":""a600f4cd-f7ea-4788-8639-b33050fa4a2c"",""gateway_status"":""completed"",""seller_address"":""0x23e7c029a287a83d80b2e084e008211658dda11d"",""transaction_hash"":""0xfa1dc02ca56d30645c6851a73d011ab672e5da70fef6a05b0f8d546f6cfc2a39"",""provider_owner_wallet"":""0x23e7c029a287a83d80b2e084e008211658dda11d""}",2026-06-22 02:14:27.948926+00,2026-06-22 02:14:27.948926+00
a9734f42-dd60-4d91-b906-d7996992adb3,inv_0fadf253923f,a9734f42-dd60-4d91-b906-d7996992adb3,0x2c03cd73ad36230a3c5be43d51d72fdca32f53d4,BREV,preview,funding_memory,0.001153,completed,0x33b16e266014abf87c5eab5c16025884d1b3f00cc716c437413420b060158817,https://testnet.arcscan.app/tx/0x33b16e266014abf87c5eab5c16025884d1b3f00cc716c437413420b060158817,1782984370.37723,"{""tier"":""preview"",""query"":{""FDV"":15477000,""amount"":300807.05116,""symbol"":""BREV"",""fromATH"":-50,""circRatio"":0.666666666667,""marketCap"":10318000,""volume24h"":60161.410231999995,""fundingRate"":-0.02},""symbol"":""BREV"",""paid_at"":1782984370.3772268,""amount_raw"":""1153"",""buyer_type"":""agent"",""invoice_id"":""inv_0fadf253923f"",""query_hash"":""625a160adaf4b5ab7fe4352d4283ca7f08953e523b36d13cdb5149b7227d8a68"",""amount_usdc"":0.001153,""provider_id"":""funding_memory"",""explorer_url"":""https://testnet.arcscan.app/tx/0x33b16e266014abf87c5eab5c16025884d1b3f00cc716c437413420b060158817"",""payer_address"":""0x2c03cd73ad36230a3c5be43d51d72fdca32f53d4"",""resource_type"":""qma_signal_report"",""settlement_id"":""a9734f42-dd60-4d91-b906-d7996992adb3"",""gateway_status"":""completed"",""seller_address"":""0x23e7c029a287a83d80b2e084e008211658dda11d"",""transaction_hash"":""0x33b16e266014abf87c5eab5c16025884d1b3f00cc716c437413420b060158817"",""provider_owner_wallet"":""0x23e7c029a287a83d80b2e084e008211658dda11d""}",2026-07-02 09:26:11.733674+00,2026-07-02 09:26:11.733674+00
a9924e0e-6e19-40e2-baec-e8d5366203c1,inv_585349ad0571,a9924e0e-6e19-40e2-baec-e8d5366203c1,0x2c03cd73ad36230a3c5be43d51d72fdca32f53d4,PUFFER,full,funding_memory,0.005088,completed,0xa77f85154f42ebbb31b3d04775de037b80339a0ba368fd5973a6a3b67b8e4f44,https://testnet.arcscan.app/tx/0xa77f85154f42ebbb31b3d04775de037b80339a0ba368fd5973a6a3b67b8e4f44,1789611785.46352,"{""tier"":""full"",""query"":{""FDV"":20000000,""price"":0.02376,""amount"":123822.6264,""symbol"":""PUFFER"",""fromATH"":-50,""circRatio"":0.65,""marketCap"":10000000,""volume24h"":269310.5776,""fundingRate"":-0.005769,""openInterest"":123822.6264,""longShortRatio"":null,""openInterestChange24h"":null},""symbol"":""PUFFER"",""paid_at"":1789611785.4635227,""pricing"":{""amount_usdc"":""0.005088""},""synthetic"":false,""accounting"":{""currency"":""USDC"",""amount_usdc"":""0.005088"",""creator_wallet"":""0xb40971a5d88f31c7b8d88bf93f7d044f1383bf01"",""settlement_mode"":""seller_wallet"",""creator_share_bps"":8000,""platform_share_bps"":2000},""amount_raw"":""5088"",""buyer_type"":""human"",""invoice_id"":""inv_585349ad0571"",""query_hash"":""128498b51b99ce116212f7c9daa39ec112aef48622c72772422af3bf75e6fa48"",""run_source"":null,""settlement"":{""mode"":""seller_wallet"",""rail"":""circle_gateway_x402"",""amount"":""0.005088"",""network"":""Arc Testnet"",""currency"":""USDC"",""decimals"":6,""token_address"":""0x3600000000000000000000000000000000000000"",""gateway_supported"":true},""agent_label"":null,""amount_usdc"":0.005088,""provider_id"":""funding_memory"",""explorer_url"":""https://testnet.arcscan.app/tx/0xa77f85154f42ebbb31b3d04775de037b80339a0ba368fd5973a6a3b67b8e4f44"",""payer_address"":""0x2c03cd73ad36230a3c5be43d51d72fdca32f53d4"",""resource_type"":""qma_signal_report"",""settlement_id"":""a9924e0e-6e19-40e2-baec-e8d5366203c1"",""arc_settlement"":{""error"":""Circle treasury wallet address does not match the x402 seller"",""action"":""creator_payout"",""status"":""retryable"",""verdict"":""VALID"",""version"":1,""recipient"":""0xb40971a5d88f31c7b8d88bf93f7d044f1383bf01"",""created_at"":1789657945.1944654,""updated_at"":1789781841.3056037,""operation_id"":""arc-verdict:inv_585349ad0571:creator_payout:v1"",""total_amount_raw"":""5088"",""treasury_address"":""0x23e7c029a287a83d80b2e084e008211658dda11d"",""creator_share_bps"":8000,""creator_amount_raw"":""4070"",""platform_amount_raw"":""1018"",""transfer_amount_raw"":""4070"",""source_settlement_id"":""a9924e0e-6e19-40e2-baec-e8d5366203c1"",""source_gateway_status"":""received""},""gateway_status"":""completed"",""seller_address"":""0x23e7c029a287a83d80b2e084e008211658dda11d"",""transaction_hash"":""0xa77f85154f42ebbb31b3d04775de037b80339a0ba368fd5973a6a3b67b8e4f44"",""buyer_wallet_address"":""0x2c03cd73ad36230a3c5be43d51d72fdca32f53d4"",""provider_owner_wallet"":""0xb40971a5d88f31c7b8d88bf93f7d044f1383bf01""}",2026-09-17 15:06:54.125744+00,2026-09-17 15:06:54.125744+00
a9ed4a6e-1cf2-4056-9c07-a6116e8ec0f9,inv_ba41a64aa316,a9ed4a6e-1cf2-4056-9c07-a6116e8ec0f9,0x2c03cd73ad36230a3c5be43d51d72fdca32f53d4,SPELL,full,funding_memory,0.00479,completed,0x80b6fb1e68f19a6e50a420569c2e4b846d7a53b4554e95bcb8378160bd70acfe,https://testnet.arcscan.app/tx/0x80b6fb1e68f19a6e50a420569c2e4b846d7a53b4554e95bcb8378160bd70acfe,1783473604.52233,"{""tier"":""full"",""query"":{""FDV"":15000000,""price"":0.0001096,""amount"":541372.2030399999,""symbol"":""SPELL"",""fromATH"":-50,""circRatio"":0.65,""marketCap"":10000000,""volume24h"":2948075,""fundingRate"":-0.0161,""openInterest"":541372.2030399999,""longShortRatio"":null,""openInterestChange24h"":null},""symbol"":""SPELL"",""paid_at"":1783473604.5223334,""pricing"":{""amount_usdc"":""0.00479""},""event_id"":""inv_ba41a64aa316:creator"",""split_leg"":{""role"":""creator"",""leg_id"":""creator"",""pay_to"":""0xb40971a5d88f31c7b8d88bf93f7d044f1383bf01"",""amount_raw"":""4790"",""amount_usdc"":""0.00479""},""accounting"":{""currency"":""USDC"",""amount_usdc"":""0.005987"",""creator_wallet"":""0xb40971a5d88f31c7b8d88bf93f7d044f1383bf01"",""settlement_mode"":""x402_direct_split"",""creator_share_bps"":8000,""platform_share_bps"":2000},""amount_raw"":""4790"",""buyer_type"":""human"",""invoice_id"":""inv_ba41a64aa316"",""query_hash"":""d3536d97d1d58291ffc79efb81c87de54c0728f360a9ea28b460e1ed5019aa68"",""settlement"":{""mode"":""x402_direct_split"",""rail"":""circle_gateway_x402"",""amount"":""0.005987"",""network"":""Arc Testnet"",""currency"":""USDC"",""decimals"":6,""token_address"":""0x3600000000000000000000000000000000000000"",""gateway_supported"":true},""amount_usdc"":""0.00479"",""provider_id"":""funding_memory"",""explorer_url"":""https://testnet.arcscan.app/tx/0x80b6fb1e68f19a6e50a420569c2e4b846d7a53b4554e95bcb8378160bd70acfe"",""payer_address"":""0x2c03cd73ad36230a3c5be43d51d72fdca32f53d4"",""resource_type"":""qma_signal_report"",""settlement_id"":""a9ed4a6e-1cf2-4056-9c07-a6116e8ec0f9"",""gateway_status"":""completed"",""seller_address"":""0xb40971a5d88f31c7b8d88bf93f7d044f1383bf01"",""transaction_hash"":""0x80b6fb1e68f19a6e50a420569c2e4b846d7a53b4554e95bcb8378160bd70acfe"",""provider_owner_wallet"":""0xb40971a5d88f31c7b8d88bf93f7d044f1383bf01""}",2026-07-08 01:20:08.472387+00,2026-07-08 01:20:08.472387+00
aa5dafff-39a7-4a08-827b-3315df35f9b0,inv_ec1b4d9b5fe9,aa5dafff-39a7-4a08-827b-3315df35f9b0,0x2c03cd73ad36230a3c5be43d51d72fdca32f53d4,PRL,legacy,funding_memory,0.05,completed,0x482d30db38445363cae58b674a76f9ae17b02a0e07e850059187aa82bad2d97b,https://testnet.arcscan.app/tx/0x482d30db38445363cae58b674a76f9ae17b02a0e07e850059187aa82bad2d97b,1781750573.15186,"{""tier"":""legacy"",""symbol"":""PRL"",""paid_at"":1781750573.151858,""amount_raw"":""50000"",""invoice_id"":""inv_ec1b4d9b5fe9"",""amount_usdc"":0.05,""explorer_url"":""https://testnet.arcscan.app/tx/0x482d30db38445363cae58b674a76f9ae17b02a0e07e850059187aa82bad2d97b"",""payer_address"":""0x2c03cd73ad36230a3c5be43d51d72fdca32f53d4"",""settlement_id"":""aa5dafff-39a7-4a08-827b-3315df35f9b0"",""gateway_status"":""completed"",""seller_address"":""0x23e7c029a287a83d80b2e084e008211658dda11d"",""transaction_hash"":""0x482d30db38445363cae58b674a76f9ae17b02a0e07e850059187aa82bad2d97b""}",2026-06-19 09:35:04.052192+00,2026-06-19 16:49:23.325599+00
ac28e87b-f378-42f2-a444-b698cfbe1d3b,inv_8dc147110ac0,ac28e87b-f378-42f2-a444-b698cfbe1d3b,0x9a6126cf24d565f6fd7ad3639f7bf11928c385df,POWR,full,funding_memory,0.005,completed,0x101fac6b9baf26bb295559a7d85d9e8a2d41a77986ef35a0307c5731fd1c12af,https://testnet.arcscan.app/tx/0x101fac6b9baf26bb295559a7d85d9e8a2d41a77986ef35a0307c5731fd1c12af,1782693887.39682,"{""tier"":""full"",""query"":{""FDV"":7473000.000000001,""amount"":54729.91046000001,""symbol"":""POWR"",""fromATH"":-50,""circRatio"":0.666666666667,""marketCap"":4982000,""volume24h"":10945.982092000002,""fundingRate"":-0.010042},""symbol"":""POWR"",""paid_at"":1782693887.3968165,""amount_raw"":""5000"",""buyer_type"":""human"",""invoice_id"":""inv_8dc147110ac0"",""query_hash"":""ea4ac3cdca499b11acb1f5e3515d6fd9904561ee6b73a931aa64cb73cd4680f9"",""amount_usdc"":0.005,""provider_id"":""funding_memory"",""explorer_url"":""https://testnet.arcscan.app/tx/0x101fac6b9baf26bb295559a7d85d9e8a2d41a77986ef35a0307c5731fd1c12af"",""payer_address"":""0x9a6126cf24d565f6fd7ad3639f7bf11928c385df"",""resource_type"":""qma_signal_report"",""settlement_id"":""ac28e87b-f378-42f2-a444-b698cfbe1d3b"",""tier_category"":""full"",""gateway_status"":""completed"",""seller_address"":""0x23e7c029a287a83d80b2e084e008211658dda11d"",""transaction_hash"":""0x101fac6b9baf26bb295559a7d85d9e8a2d41a77986ef35a0307c5731fd1c12af"",""provider_owner_wallet"":""0x23e7c029a287a83d80b2e084e008211658dda11d""}",2026-06-29 00:44:51.30359+00,2026-06-29 00:44:51.30359+00
ad364b4c-ccc7-43d8-b12c-1e8a00ecb95e,inv_affff67c39db,ad364b4c-ccc7-43d8-b12c-1e8a00ecb95e,0xd0d414146bbdb37f75e088a93fcbf036c9b188e3,1000BTT,full,funding_memory,0.005,completed,0x6313cfcd4e0ec9a1ac33cfbc435eae3006876c283d971d1337088eee9a34205a,https://testnet.arcscan.app/tx/0x6313cfcd4e0ec9a1ac33cfbc435eae3006876c283d971d1337088eee9a34205a,1782145699.24225,"{""tier"":""full"",""query"":{""FDV"":40635,""amount"":null,""symbol"":""1000BTT"",""fromATH"":-50,""circRatio"":0.67,""marketCap"":27090,""volume24h"":4,""fundingRate"":-0.0093},""symbol"":""1000BTT"",""paid_at"":1782145699.242247,""amount_raw"":""5000"",""buyer_type"":""human"",""invoice_id"":""inv_affff67c39db"",""query_hash"":""ba3ce3c6d64d2a7ed46864439df3209cc4a15bcc1710a2b8ecb00579fa84aa9d"",""amount_usdc"":0.005,""provider_id"":""funding_memory"",""explorer_url"":""https://testnet.arcscan.app/tx/0x6313cfcd4e0ec9a1ac33cfbc435eae3006876c283d971d1337088eee9a34205a"",""payer_address"":""0xd0d414146bbdb37f75e088a93fcbf036c9b188e3"",""resource_type"":""qma_signal_report"",""settlement_id"":""ad364b4c-ccc7-43d8-b12c-1e8a00ecb95e"",""gateway_status"":""completed"",""seller_address"":""0x23e7c029a287a83d80b2e084e008211658dda11d"",""transaction_hash"":""0x6313cfcd4e0ec9a1ac33cfbc435eae3006876c283d971d1337088eee9a34205a"",""provider_owner_wallet"":""0x23e7c029a287a83d80b2e084e008211658dda11d""}",2026-06-22 16:28:22.740816+00,2026-06-22 16:28:22.740816+00
ad62c254-2908-49bd-a102-158867862811,inv_9e98b432a33f,ad62c254-2908-49bd-a102-158867862811,0x562c54bb3e6e7544761628ec9eb25b05566d296b,ONG,preview,funding_memory,0.001,completed,0x7f571e4338ec76068ffdd1b36f1d0d1bbe2336c3393c083d4bc9547f2500c3c9,https://testnet.arcscan.app/tx/0x7f571e4338ec76068ffdd1b36f1d0d1bbe2336c3393c083d4bc9547f2500c3c9,1782892002.31873,"{""tier"":""preview"",""query"":{""FDV"":6687000,""amount"":40909.01532,""symbol"":""ONG"",""fromATH"":-50,""circRatio"":0.666666666667,""marketCap"":4458000,""volume24h"":8181.803064,""fundingRate"":-0.004074},""symbol"":""ONG"",""paid_at"":1782892002.3187315,""amount_raw"":""1000"",""buyer_type"":""agent"",""invoice_id"":""inv_9e98b432a33f"",""query_hash"":""0da3e84ba5a1ac81e1a13febe57e5fca8ca32972665e17e9186bc7b63ac86ad7"",""amount_usdc"":0.001,""provider_id"":""funding_memory"",""explorer_url"":""https://testnet.arcscan.app/tx/0x7f571e4338ec76068ffdd1b36f1d0d1bbe2336c3393c083d4bc9547f2500c3c9"",""payer_address"":""0x562c54bb3e6e7544761628ec9eb25b05566d296b"",""resource_type"":""qma_signal_report"",""settlement_id"":""ad62c254-2908-49bd-a102-158867862811"",""gateway_status"":""completed"",""seller_address"":""0x23e7c029a287a83d80b2e084e008211658dda11d"",""transaction_hash"":""0x7f571e4338ec76068ffdd1b36f1d0d1bbe2336c3393c083d4bc9547f2500c3c9"",""provider_owner_wallet"":""0x23e7c029a287a83d80b2e084e008211658dda11d""}",2026-07-01 07:46:43.68768+00,2026-07-01 07:46:43.68768+00
add692e9-eb67-4536-898c-aa019bc34840,inv_86a32fe56ddd,add692e9-eb67-4536-898c-aa019bc34840,0xd33682f74bb537f019ad4515cc5e93ae608b53f5,HYPE,legacy,funding_memory,0.05,completed,0x849d7a72761b2e578a702bdd2710043dbc618d29e2025de32eb20d8425de0921,https://testnet.arcscan.app/tx/0x849d7a72761b2e578a702bdd2710043dbc618d29e2025de32eb20d8425de0921,1781758374.41077,"{""tier"":""legacy"",""symbol"":""HYPE"",""paid_at"":1781758374.4107735,""amount_raw"":""50000"",""invoice_id"":""inv_86a32fe56ddd"",""amount_usdc"":0.05,""explorer_url"":""https://testnet.arcscan.app/tx/0x849d7a72761b2e578a702bdd2710043dbc618d29e2025de32eb20d8425de0921"",""payer_address"":""0xd33682f74bb537f019ad4515cc5e93ae608b53f5"",""settlement_id"":""add692e9-eb67-4536-898c-aa019bc34840"",""gateway_status"":""completed"",""seller_address"":""0x23e7c029a287a83d80b2e084e008211658dda11d"",""transaction_hash"":""0x849d7a72761b2e578a702bdd2710043dbc618d29e2025de32eb20d8425de0921""}",2026-06-19 09:35:04.052192+00,2026-06-19 16:49:23.325599+00
ade84661-74a6-4e38-99a0-2f0daa0f8761,inv_5635ad539bed,ade84661-74a6-4e38-99a0-2f0daa0f8761,0x8b25339f488645dc01a5aacb1dd92d51dbff1bca,ACE,full,funding_memory,0.005,completed,0x91e7be9ef63088a93c85f9e60275966629fa594b0cf188b1bf81c95183a86499,https://testnet.arcscan.app/tx/0x91e7be9ef63088a93c85f9e60275966629fa594b0cf188b1bf81c95183a86499,1782026640.98009,"{""tier"":""full"",""query"":{""FDV"":14479500,""amount"":null,""symbol"":""ACE"",""fromATH"":-50,""circRatio"":0.67,""marketCap"":9653000,""volume24h"":1272759,""fundingRate"":-0.0069},""symbol"":""ACE"",""paid_at"":1782026640.9800909,""amount_raw"":""5000"",""buyer_type"":""human"",""invoice_id"":""inv_5635ad539bed"",""query_hash"":""b2e01e89ce646019b6ebb181f04c021b6dbac20f74a9628747c066119c94e60b"",""amount_usdc"":0.005,""provider_id"":""funding_memory"",""explorer_url"":""https://testnet.arcscan.app/tx/0x91e7be9ef63088a93c85f9e60275966629fa594b0cf188b1bf81c95183a86499"",""payer_address"":""0x8b25339f488645dc01a5aacb1dd92d51dbff1bca"",""resource_type"":""qma_signal_report"",""settlement_id"":""ade84661-74a6-4e38-99a0-2f0daa0f8761"",""gateway_status"":""completed"",""seller_address"":""0x23e7c029a287a83d80b2e084e008211658dda11d"",""transaction_hash"":""0x91e7be9ef63088a93c85f9e60275966629fa594b0cf188b1bf81c95183a86499"",""provider_owner_wallet"":""0x23e7c029a287a83d80b2e084e008211658dda11d""}",2026-06-21 07:24:02.43077+00,2026-06-21 07:24:02.43077+00
ae2cdc80-11a7-4826-a280-22abf546f9ae,inv_e51d9299a881,ae2cdc80-11a7-4826-a280-22abf546f9ae,0xf988a9ac9c7de8df28dd188a2a85cf5cec673d1c,LAB,preview,funding_memory,0.000964,received,,,1783446473.10168,"{""tier"":""preview"",""query"":{""FDV"":304762443.531,""price"":4.079,""amount"":2860929.02,""symbol"":""LAB"",""fromATH"":-50,""circRatio"":0.65,""marketCap"":203174962.354,""volume24h"":101587481.177,""fundingRate"":-0.017741,""openInterest"":2860929.02,""longShortRatio"":null,""openInterestChange24h"":null},""symbol"":""LAB"",""paid_at"":1783446473.1016827,""pricing"":{""amount_usdc"":""0.000964""},""event_id"":""inv_e51d9299a881:creator"",""split_leg"":{""role"":""creator"",""leg_id"":""creator"",""pay_to"":""0xb40971a5d88f31c7b8d88bf93f7d044f1383bf01"",""amount_raw"":""964"",""amount_usdc"":""0.000964""},""accounting"":{""currency"":""USDC"",""amount_usdc"":""0.001205"",""creator_wallet"":""0xb40971a5d88f31c7b8d88bf93f7d044f1383bf01"",""settlement_mode"":""x402_direct_split"",""creator_share_bps"":8000,""platform_share_bps"":2000},""amount_raw"":""964"",""buyer_type"":""agent"",""invoice_id"":""inv_e51d9299a881"",""query_hash"":""891812a37b5a784c335372114c77ed43836971ddcf6cf7fe98f9092872cffab0"",""settlement"":{""mode"":""x402_direct_split"",""rail"":""circle_gateway_x402"",""amount"":""0.001205"",""network"":""Arc Testnet"",""currency"":""USDC"",""decimals"":6,""token_address"":""0x3600000000000000000000000000000000000000"",""gateway_supported"":true},""amount_usdc"":""0.000964"",""provider_id"":""funding_memory"",""explorer_url"":null,""payer_address"":""0xf988a9ac9c7de8df28dd188a2a85cf5cec673d1c"",""resource_type"":""qma_signal_report"",""settlement_id"":""ae2cdc80-11a7-4826-a280-22abf546f9ae"",""gateway_status"":""received"",""seller_address"":""0xb40971a5d88f31c7b8d88bf93f7d044f1383bf01"",""transaction_hash"":null,""provider_owner_wallet"":""0xb40971a5d88f31c7b8d88bf93f7d044f1383bf01""}",2026-07-07 17:47:56.196384+00,2026-07-07 17:47:56.196384+00
ae7eb152-53cf-433c-996e-64acb38d5623,inv_0cc2b8a66705,ae7eb152-53cf-433c-996e-64acb38d5623,0xf5987818ebbee812eb730b6a395d66e664412cf5,LAB,full,funding_memory,0.005759,completed,0xe2c94e8cb0aee5a3190778e9c32eba921a51e1fa3bf0ea1c2d59e5867092d75f,https://testnet.arcscan.app/tx/0xe2c94e8cb0aee5a3190778e9c32eba921a51e1fa3bf0ea1c2d59e5867092d75f,1783427908.0461,"{""tier"":""full"",""query"":{""FDV"":1191000000,""amount"":487357.2,""symbol"":""LAB"",""fromATH"":-50,""circRatio"":0.666666666667,""marketCap"":794000000,""volume24h"":97471.44,""fundingRate"":-0.02},""symbol"":""LAB"",""paid_at"":1783427908.046104,""amount_raw"":""5759"",""buyer_type"":""agent"",""invoice_id"":""inv_0cc2b8a66705"",""query_hash"":""0093f7865a5ef5dccb11ce602c1da2f47caa584fa52a2aa185afd88bf387d91b"",""amount_usdc"":0.005759,""provider_id"":""funding_memory"",""explorer_url"":""https://testnet.arcscan.app/tx/0xe2c94e8cb0aee5a3190778e9c32eba921a51e1fa3bf0ea1c2d59e5867092d75f"",""payer_address"":""0xf5987818ebbee812eb730b6a395d66e664412cf5"",""resource_type"":""qma_signal_report"",""settlement_id"":""ae7eb152-53cf-433c-996e-64acb38d5623"",""gateway_status"":""completed"",""seller_address"":""0x23e7c029a287a83d80b2e084e008211658dda11d"",""transaction_hash"":""0xe2c94e8cb0aee5a3190778e9c32eba921a51e1fa3bf0ea1c2d59e5867092d75f"",""provider_owner_wallet"":""0x23e7c029a287a83d80b2e084e008211658dda11d""}",2026-07-07 12:38:29.723285+00,2026-07-07 12:38:29.723285+00
aea1235f-d644-46d6-ae12-a9bb695ab779,inv_7045457ca73b,aea1235f-d644-46d6-ae12-a9bb695ab779,0x2c03cd73ad36230a3c5be43d51d72fdca32f53d4,OPG,preview,funding_memory,0.00023,completed,0x9d406ffc29f94ef48e016a407f4b6a8fdbcb33529ff974e7944dbbdbeb49f4d4,https://testnet.arcscan.app/tx/0x9d406ffc29f94ef48e016a407f4b6a8fdbcb33529ff974e7944dbbdbeb49f4d4,1783417947.37718,"{""tier"":""preview"",""query"":{""FDV"":15000000,""price"":null,""amount"":373501.5,""symbol"":""OPG"",""fromATH"":-50,""circRatio"":0.65,""marketCap"":10000000,""volume24h"":3735015,""fundingRate"":-0.0059,""openInterest"":null,""longShortRatio"":null,""openInterestChange24h"":null},""symbol"":""OPG"",""paid_at"":1783417947.3771799,""pricing"":{""amount_usdc"":""0.00023""},""event_id"":""inv_7045457ca73b:platform"",""split_leg"":{""role"":""platform"",""leg_id"":""platform"",""pay_to"":""0x23e7c029a287a83d80b2e084e008211658dda11d"",""amount_raw"":""230"",""amount_usdc"":""0.00023""},""accounting"":{""currency"":""USDC"",""amount_usdc"":""0.001151"",""creator_wallet"":""0xb40971a5d88f31c7b8d88bf93f7d044f1383bf01"",""settlement_mode"":""x402_direct_split"",""creator_share_bps"":8000,""platform_share_bps"":2000},""amount_raw"":""230"",""buyer_type"":""agent"",""invoice_id"":""inv_7045457ca73b"",""query_hash"":""000e495d94ec9e34dce30a5641a3d7a563e10e721dee2c2a2ae5c52f117a5707"",""settlement"":{""mode"":""x402_direct_split"",""rail"":""circle_gateway_x402"",""amount"":""0.001151"",""network"":""Arc Testnet"",""currency"":""USDC"",""decimals"":6,""token_address"":""0x3600000000000000000000000000000000000000"",""gateway_supported"":true},""amount_usdc"":""0.00023"",""provider_id"":""funding_memory"",""explorer_url"":""https://testnet.arcscan.app/tx/0x9d406ffc29f94ef48e016a407f4b6a8fdbcb33529ff974e7944dbbdbeb49f4d4"",""payer_address"":""0x2c03cd73ad36230a3c5be43d51d72fdca32f53d4"",""resource_type"":""qma_signal_report"",""settlement_id"":""aea1235f-d644-46d6-ae12-a9bb695ab779"",""gateway_status"":""completed"",""seller_address"":""0x23e7c029a287a83d80b2e084e008211658dda11d"",""transaction_hash"":""0x9d406ffc29f94ef48e016a407f4b6a8fdbcb33529ff974e7944dbbdbeb49f4d4"",""provider_owner_wallet"":""0xb40971a5d88f31c7b8d88bf93f7d044f1383bf01""}",2026-07-07 09:52:30.304387+00,2026-07-07 09:52:30.304387+00
aeebb12d-bdcd-446c-b474-d83eeb71dead,inv_5a3ae23a68a0,aeebb12d-bdcd-446c-b474-d83eeb71dead,0x087448914bfaa7e8faabbd3290887380ec179f93,FIDA,full,funding_memory,0.005,completed,0xcaf9fe0a9a563792bc4fc76840af2884357c40f5ef1443c3ea04c9cef98e3d4a,https://testnet.arcscan.app/tx/0xcaf9fe0a9a563792bc4fc76840af2884357c40f5ef1443c3ea04c9cef98e3d4a,1782208211.47223,"{""tier"":""full"",""query"":{""FDV"":3457500,""amount"":29989.663500000002,""symbol"":""FIDA"",""fromATH"":-50,""circRatio"":0.67,""marketCap"":2305000,""volume24h"":5998,""fundingRate"":-0.0069},""symbol"":""FIDA"",""paid_at"":1782208211.472233,""amount_raw"":""5000"",""buyer_type"":""human"",""invoice_id"":""inv_5a3ae23a68a0"",""query_hash"":""1950a7aedf53c2b652bb369f6ea5d997c1d228e3c59a7c1e2366450baa6fcdf6"",""amount_usdc"":0.005,""provider_id"":""funding_memory"",""explorer_url"":""https://testnet.arcscan.app/tx/0xcaf9fe0a9a563792bc4fc76840af2884357c40f5ef1443c3ea04c9cef98e3d4a"",""payer_address"":""0x087448914bfaa7e8faabbd3290887380ec179f93"",""resource_type"":""qma_signal_report"",""settlement_id"":""aeebb12d-bdcd-446c-b474-d83eeb71dead"",""gateway_status"":""completed"",""seller_address"":""0x23e7c029a287a83d80b2e084e008211658dda11d"",""transaction_hash"":""0xcaf9fe0a9a563792bc4fc76840af2884357c40f5ef1443c3ea04c9cef98e3d4a"",""provider_owner_wallet"":""0x23e7c029a287a83d80b2e084e008211658dda11d""}",2026-06-23 09:50:15.487813+00,2026-06-23 09:50:15.487813+00
af86342f-8f9e-41ad-90ab-73aa598dea3f,inv_92bd8e83e061,af86342f-8f9e-41ad-90ab-73aa598dea3f,0x087448914bfaa7e8faabbd3290887380ec179f93,NTAPSTOCK,full,funding_memory,0.005,completed,0xcaf9fe0a9a563792bc4fc76840af2884357c40f5ef1443c3ea04c9cef98e3d4a,https://testnet.arcscan.app/tx/0xcaf9fe0a9a563792bc4fc76840af2884357c40f5ef1443c3ea04c9cef98e3d4a,1782208375.0249,"{""tier"":""full"",""query"":{""FDV"":23250000000,""amount"":20475965,""symbol"":""NTAPSTOCK"",""fromATH"":-50,""circRatio"":0.67,""marketCap"":15500000000,""volume24h"":4095193,""fundingRate"":-0.0035},""symbol"":""NTAPSTOCK"",""paid_at"":1782208375.024905,""amount_raw"":""5000"",""buyer_type"":""human"",""invoice_id"":""inv_92bd8e83e061"",""query_hash"":""a3b28a3b8295c41fc91bf555b768430eff1053b3c6c714f2d17febca3d695329"",""amount_usdc"":0.005,""provider_id"":""funding_memory"",""explorer_url"":""https://testnet.arcscan.app/tx/0xcaf9fe0a9a563792bc4fc76840af2884357c40f5ef1443c3ea04c9cef98e3d4a"",""payer_address"":""0x087448914bfaa7e8faabbd3290887380ec179f93"",""resource_type"":""qma_signal_report"",""settlement_id"":""af86342f-8f9e-41ad-90ab-73aa598dea3f"",""gateway_status"":""completed"",""seller_address"":""0x23e7c029a287a83d80b2e084e008211658dda11d"",""transaction_hash"":""0xcaf9fe0a9a563792bc4fc76840af2884357c40f5ef1443c3ea04c9cef98e3d4a"",""provider_owner_wallet"":""0x23e7c029a287a83d80b2e084e008211658dda11d""}",2026-06-23 09:53:00.289653+00,2026-06-23 09:53:00.289653+00
b0d2e63b-170b-4156-b66a-744a743ea0f2,inv_939ff4689b93,b0d2e63b-170b-4156-b66a-744a743ea0f2,0xd9d0f678382a30cd3008b0839d22e7844553ccb7,SPELL,full,funding_memory,0.001145,received,,,1783442234.00925,"{""tier"":""full"",""query"":{""FDV"":15000000,""price"":0.0001126,""amount"":323293.21278,""symbol"":""SPELL"",""fromATH"":-50,""circRatio"":0.65,""marketCap"":10000000,""volume24h"":752129.55569,""fundingRate"":-0.014176,""openInterest"":323293.21278,""longShortRatio"":null,""openInterestChange24h"":null},""symbol"":""SPELL"",""paid_at"":1783442234.009246,""pricing"":{""amount_usdc"":""0.001145""},""event_id"":""inv_939ff4689b93:platform"",""split_leg"":{""role"":""platform"",""leg_id"":""platform"",""pay_to"":""0x23e7c029a287a83d80b2e084e008211658dda11d"",""amount_raw"":""1145"",""amount_usdc"":""0.001145""},""accounting"":{""currency"":""USDC"",""amount_usdc"":""0.005725"",""creator_wallet"":""0xb40971a5d88f31c7b8d88bf93f7d044f1383bf01"",""settlement_mode"":""x402_direct_split"",""creator_share_bps"":8000,""platform_share_bps"":2000},""amount_raw"":""1145"",""buyer_type"":""agent"",""invoice_id"":""inv_939ff4689b93"",""query_hash"":""336bbd885923ab0c2bf9aa6445f7d4f578bb22bb907dc36b98712da444320e7d"",""settlement"":{""mode"":""x402_direct_split"",""rail"":""circle_gateway_x402"",""amount"":""0.005725"",""network"":""Arc Testnet"",""currency"":""USDC"",""decimals"":6,""token_address"":""0x3600000000000000000000000000000000000000"",""gateway_supported"":true},""amount_usdc"":""0.001145"",""provider_id"":""funding_memory"",""explorer_url"":null,""payer_address"":""0xd9d0f678382a30cd3008b0839d22e7844553ccb7"",""resource_type"":""qma_signal_report"",""settlement_id"":""b0d2e63b-170b-4156-b66a-744a743ea0f2"",""gateway_status"":""received"",""seller_address"":""0x23e7c029a287a83d80b2e084e008211658dda11d"",""transaction_hash"":null,""provider_owner_wallet"":""0xb40971a5d88f31c7b8d88bf93f7d044f1383bf01""}",2026-07-07 16:37:16.41388+00,2026-07-07 16:37:16.41388+00
b103bdf5-e4f7-45fe-aae4-89469473c09d,inv_ed85ab9ab54b,b103bdf5-e4f7-45fe-aae4-89469473c09d,0xb40971a5d88f31c7b8d88bf93f7d044f1383bf01,H,full,funding_memory,0.005,completed,0x6972a03cf5c8353f1d6ad149fce584ac6af07c7bd577372b0582ee1fac68f868,https://testnet.arcscan.app/tx/0x6972a03cf5c8353f1d6ad149fce584ac6af07c7bd577372b0582ee1fac68f868,1782137269.19732,"{""tier"":""full"",""query"":{""FDV"":21348000,""amount"":null,""symbol"":""H"",""fromATH"":-50,""circRatio"":0.67,""marketCap"":14232000,""volume24h"":1568953,""fundingRate"":-0.0114},""symbol"":""H"",""paid_at"":1782137269.1973195,""amount_raw"":""5000"",""buyer_type"":""human"",""invoice_id"":""inv_ed85ab9ab54b"",""query_hash"":""9ab1ba4f4a8b8fab284d64db70c8d42aaea5870f501ce63a34a3e09d1235ca8a"",""amount_usdc"":0.005,""provider_id"":""funding_memory"",""explorer_url"":""https://testnet.arcscan.app/tx/0x6972a03cf5c8353f1d6ad149fce584ac6af07c7bd577372b0582ee1fac68f868"",""payer_address"":""0xb40971a5d88f31c7b8d88bf93f7d044f1383bf01"",""resource_type"":""qma_signal_report"",""settlement_id"":""b103bdf5-e4f7-45fe-aae4-89469473c09d"",""gateway_status"":""completed"",""seller_address"":""0x23e7c029a287a83d80b2e084e008211658dda11d"",""transaction_hash"":""0x6972a03cf5c8353f1d6ad149fce584ac6af07c7bd577372b0582ee1fac68f868"",""provider_owner_wallet"":""0x23e7c029a287a83d80b2e084e008211658dda11d""}",2026-06-22 14:07:52.623659+00,2026-06-22 14:07:52.623659+00
b3c613bb-ea01-4dad-80b6-cc28d75b91dd,inv_f1a4e73b32bc,b3c613bb-ea01-4dad-80b6-cc28d75b91dd,0x8b25339f488645dc01a5aacb1dd92d51dbff1bca,TNSR,full,funding_memory,0.005,completed,0x91e7be9ef63088a93c85f9e60275966629fa594b0cf188b1bf81c95183a86499,https://testnet.arcscan.app/tx/0x91e7be9ef63088a93c85f9e60275966629fa594b0cf188b1bf81c95183a86499,1782026697.32708,"{""tier"":""full"",""query"":{""FDV"":6922500,""amount"":null,""symbol"":""TNSR"",""fromATH"":-50,""circRatio"":0.67,""marketCap"":4615000,""volume24h"":136975,""fundingRate"":-0.0034},""symbol"":""TNSR"",""paid_at"":1782026697.3270817,""amount_raw"":""5000"",""buyer_type"":""human"",""invoice_id"":""inv_f1a4e73b32bc"",""query_hash"":""bba044c141df782d6f618ae0605f53bdcb2b0b38b5148fdda641b7d14cdd7457"",""amount_usdc"":0.005,""provider_id"":""funding_memory"",""explorer_url"":""https://testnet.arcscan.app/tx/0x91e7be9ef63088a93c85f9e60275966629fa594b0cf188b1bf81c95183a86499"",""payer_address"":""0x8b25339f488645dc01a5aacb1dd92d51dbff1bca"",""resource_type"":""qma_signal_report"",""settlement_id"":""b3c613bb-ea01-4dad-80b6-cc28d75b91dd"",""gateway_status"":""completed"",""seller_address"":""0x23e7c029a287a83d80b2e084e008211658dda11d"",""transaction_hash"":""0x91e7be9ef63088a93c85f9e60275966629fa594b0cf188b1bf81c95183a86499"",""provider_owner_wallet"":""0x23e7c029a287a83d80b2e084e008211658dda11d""}",2026-06-21 07:24:59.873891+00,2026-06-21 07:24:59.873891+00
b41b7a0a-a73b-46a6-a838-a27df9fb443f,inv_efe524e7e36d,b41b7a0a-a73b-46a6-a838-a27df9fb443f,0x9a6126cf24d565f6fd7ad3639f7bf11928c385df,APDSTOCK,full,oi_memory,0.004686,completed,0x2f7b0f3a407a23c2b161cd8a95a5a1670ce5643a80c40a2d4f4532b9a994c9fa,https://testnet.arcscan.app/tx/0x2f7b0f3a407a23c2b161cd8a95a5a1670ce5643a80c40a2d4f4532b9a994c9fa,1783482653.44546,"{""tier"":""full"",""query"":{""FDV"":15939148.445999999,""price"":302.64,""amount"":2125219.7928,""symbol"":""APDSTOCK"",""fromATH"":-50,""circRatio"":0.65,""marketCap"":10626098.964,""volume24h"":104162.3739,""fundingRate"":-0.004752,""openInterest"":2125219.7928,""longShortRatio"":null,""openInterestChange24h"":null},""symbol"":""APDSTOCK"",""paid_at"":1783482653.4454563,""pricing"":{""amount_usdc"":""0.004686""},""event_id"":""inv_efe524e7e36d:creator"",""split_leg"":{""role"":""creator"",""leg_id"":""creator"",""pay_to"":""0x2222222222222222222222222222222222222222"",""amount_raw"":""4686"",""amount_usdc"":""0.004686""},""synthetic"":false,""accounting"":{""currency"":""USDC"",""amount_usdc"":""0.005857"",""creator_wallet"":""0x2222222222222222222222222222222222222222"",""settlement_mode"":""x402_direct_split"",""creator_share_bps"":8000,""platform_share_bps"":2000},""amount_raw"":""4686"",""buyer_type"":""human"",""invoice_id"":""inv_efe524e7e36d"",""query_hash"":""7da040e9038f74701814dc6602f9ff4d83983a825fa7d6e2ab0ceb680b7100c3"",""run_source"":null,""settlement"":{""mode"":""x402_direct_split"",""rail"":""circle_gateway_x402"",""amount"":""0.005857"",""network"":""Arc Testnet"",""currency"":""USDC"",""decimals"":6,""token_address"":""0x3600000000000000000000000000000000000000"",""gateway_supported"":true},""agent_label"":null,""amount_usdc"":""0.004686"",""provider_id"":""oi_memory"",""explorer_url"":""https://testnet.arcscan.app/tx/0x2f7b0f3a407a23c2b161cd8a95a5a1670ce5643a80c40a2d4f4532b9a994c9fa"",""payer_address"":""0x9a6126cf24d565f6fd7ad3639f7bf11928c385df"",""resource_type"":""qma_signal_report"",""settlement_id"":""b41b7a0a-a73b-46a6-a838-a27df9fb443f"",""gateway_status"":""completed"",""seller_address"":""0x2222222222222222222222222222222222222222"",""transaction_hash"":""0x2f7b0f3a407a23c2b161cd8a95a5a1670ce5643a80c40a2d4f4532b9a994c9fa"",""provider_owner_wallet"":""0x2222222222222222222222222222222222222222""}",2026-07-08 03:50:57.181389+00,2026-07-08 03:50:57.181389+00
b41bce3b-01db-4d32-9ff3-974529ff1111,inv_7ed0e8b7775e,b41bce3b-01db-4d32-9ff3-974529ff1111,0xf5987818ebbee812eb730b6a395d66e664412cf5,H,preview,funding_memory,0.001,completed,0x57f0bb28e3996cfc6684995074409f8d05201d687002df172f91b8a5c84119dd,https://testnet.arcscan.app/tx/0x57f0bb28e3996cfc6684995074409f8d05201d687002df172f91b8a5c84119dd,1782099401.68419,"{""tier"":""preview"",""query"":{""FDV"":27717000,""amount"":5984517.16368,""symbol"":""H"",""fromATH"":-50,""circRatio"":0.666666666667,""marketCap"":18478000,""volume24h"":1196903.432736,""fundingRate"":-0.006783},""symbol"":""H"",""paid_at"":1782099401.6841912,""amount_raw"":""1000"",""buyer_type"":""agent"",""invoice_id"":""inv_7ed0e8b7775e"",""query_hash"":""4375ea60409ecbbaa452b5df8d60e52c5e588efe6d72102028d5722c5325b2e5"",""amount_usdc"":0.001,""provider_id"":""funding_memory"",""explorer_url"":""https://testnet.arcscan.app/tx/0x57f0bb28e3996cfc6684995074409f8d05201d687002df172f91b8a5c84119dd"",""payer_address"":""0xf5987818ebbee812eb730b6a395d66e664412cf5"",""resource_type"":""qma_signal_report"",""settlement_id"":""b41bce3b-01db-4d32-9ff3-974529ff1111"",""gateway_status"":""completed"",""seller_address"":""0x23e7c029a287a83d80b2e084e008211658dda11d"",""transaction_hash"":""0x57f0bb28e3996cfc6684995074409f8d05201d687002df172f91b8a5c84119dd"",""provider_owner_wallet"":""0x23e7c029a287a83d80b2e084e008211658dda11d""}",2026-06-22 03:36:44.787908+00,2026-06-22 03:36:44.787908+00
b593ceb9-172d-426e-b850-bc54a6cd1564,inv_628d775bd26c,b593ceb9-172d-426e-b850-bc54a6cd1564,0x9a6126cf24d565f6fd7ad3639f7bf11928c385df,APDSTOCK,preview,oi_memory,0.000236,completed,,,1783590463.79875,"{""tier"":""preview"",""query"":{""FDV"":15677857.42875,""price"":297.55,""amount"":2090380.9905000003,""symbol"":""APDSTOCK"",""fromATH"":-50,""circRatio"":0.65,""marketCap"":10451904.9525,""volume24h"":97825.7306,""fundingRate"":-0.01055,""openInterest"":2090380.9905000003,""longShortRatio"":null,""openInterestChange24h"":null},""symbol"":""APDSTOCK"",""paid_at"":1783590463.7987487,""pricing"":{""amount_usdc"":""0.000236""},""event_id"":""inv_628d775bd26c:platform"",""split_leg"":{""role"":""platform"",""leg_id"":""platform"",""pay_to"":""0x23e7c029a287a83d80b2e084e008211658dda11d"",""amount_raw"":""236"",""amount_usdc"":""0.000236""},""synthetic"":true,""accounting"":{""currency"":""USDC"",""amount_usdc"":""0.00118"",""creator_wallet"":""0x2222222222222222222222222222222222222222"",""settlement_mode"":""x402_direct_split"",""creator_share_bps"":8000,""platform_share_bps"":2000},""amount_raw"":""236"",""buyer_type"":""agent"",""invoice_id"":""inv_628d775bd26c"",""query_hash"":""b84ace31a2bdf8cec69e26c875ff32339e41782c42fa0159bf9a80a9cc79270c"",""run_source"":null,""settlement"":{""mode"":""x402_direct_split"",""rail"":""circle_gateway_x402"",""amount"":""0.00118"",""network"":""Arc Testnet"",""currency"":""USDC"",""decimals"":6,""token_address"":""0x3600000000000000000000000000000000000000"",""gateway_supported"":true},""agent_label"":""copilot"",""amount_usdc"":""0.000236"",""provider_id"":""oi_memory"",""explorer_url"":null,""payer_address"":""0x9a6126cf24d565f6fd7ad3639f7bf11928c385df"",""resource_type"":""qma_signal_report"",""settlement_id"":""b593ceb9-172d-426e-b850-bc54a6cd1564"",""gateway_status"":""completed"",""seller_address"":""0x23e7c029a287a83d80b2e084e008211658dda11d"",""transaction_hash"":null,""provider_owner_wallet"":""0x2222222222222222222222222222222222222222""}",2026-07-09 09:47:46.928449+00,2026-07-09 09:47:46.928449+00
b5b22929-42bc-47a0-92b1-90ba04a40baa,inv_bcac98189990,b5b22929-42bc-47a0-92b1-90ba04a40baa,0xf5987818ebbee812eb730b6a395d66e664412cf5,VIC,full,funding_memory,0.005,completed,0x8dc3123072b00737c598be9d6a5dc12887d8645919c5e180cb2a94fa37891daf,https://testnet.arcscan.app/tx/0x8dc3123072b00737c598be9d6a5dc12887d8645919c5e180cb2a94fa37891daf,1782120525.35955,"{""tier"":""full"",""query"":{""FDV"":6052500,""amount"":null,""symbol"":""VIC"",""fromATH"":-50,""circRatio"":0.67,""marketCap"":4035000,""volume24h"":2848,""fundingRate"":-0.0102},""symbol"":""VIC"",""paid_at"":1782120525.3595533,""amount_raw"":""5000"",""buyer_type"":""human"",""invoice_id"":""inv_bcac98189990"",""query_hash"":""ebd8a73944f2faee2c4e5e68fd11d8bc9263c1dad6ae859a9b5d5cea91f03293"",""amount_usdc"":0.005,""provider_id"":""funding_memory"",""explorer_url"":""https://testnet.arcscan.app/tx/0x8dc3123072b00737c598be9d6a5dc12887d8645919c5e180cb2a94fa37891daf"",""payer_address"":""0xf5987818ebbee812eb730b6a395d66e664412cf5"",""resource_type"":""qma_signal_report"",""settlement_id"":""b5b22929-42bc-47a0-92b1-90ba04a40baa"",""gateway_status"":""completed"",""seller_address"":""0x23e7c029a287a83d80b2e084e008211658dda11d"",""transaction_hash"":""0x8dc3123072b00737c598be9d6a5dc12887d8645919c5e180cb2a94fa37891daf"",""provider_owner_wallet"":""0x23e7c029a287a83d80b2e084e008211658dda11d""}",2026-06-22 09:28:47.923384+00,2026-06-22 09:28:47.923384+00
b5ff09f9-e495-4cb6-8696-700a6c9a196a,inv_debb035d1bf8,b5ff09f9-e495-4cb6-8696-700a6c9a196a,0x45667a97bcdd1f190eda978b567e32a7a8234a95,LAB,full,funding_memory,0.001152,received,,,1783439044.69534,"{""tier"":""full"",""query"":{""FDV"":310419003,""price"":6.933,""amount"":4653568.26,""symbol"":""LAB"",""fromATH"":-50,""circRatio"":0.65,""marketCap"":206946002,""volume24h"":103473001,""fundingRate"":-0.006043,""openInterest"":4653568.26,""longShortRatio"":null,""openInterestChange24h"":null},""symbol"":""LAB"",""paid_at"":1783439044.695337,""pricing"":{""amount_usdc"":""0.001152""},""event_id"":""inv_debb035d1bf8:platform"",""split_leg"":{""role"":""platform"",""leg_id"":""platform"",""pay_to"":""0x23e7c029a287a83d80b2e084e008211658dda11d"",""amount_raw"":""1152"",""amount_usdc"":""0.001152""},""accounting"":{""currency"":""USDC"",""amount_usdc"":""0.005761"",""creator_wallet"":""0xb40971a5d88f31c7b8d88bf93f7d044f1383bf01"",""settlement_mode"":""x402_direct_split"",""creator_share_bps"":8000,""platform_share_bps"":2000},""amount_raw"":""1152"",""buyer_type"":""agent"",""invoice_id"":""inv_debb035d1bf8"",""query_hash"":""6f1519d943c95f4a1f077a9e593ce86006471973180a81a5e4c1e8407ea5b646"",""settlement"":{""mode"":""x402_direct_split"",""rail"":""circle_gateway_x402"",""amount"":""0.005761"",""network"":""Arc Testnet"",""currency"":""USDC"",""decimals"":6,""token_address"":""0x3600000000000000000000000000000000000000"",""gateway_supported"":true},""amount_usdc"":""0.001152"",""provider_id"":""funding_memory"",""explorer_url"":null,""payer_address"":""0x45667a97bcdd1f190eda978b567e32a7a8234a95"",""resource_type"":""qma_signal_report"",""settlement_id"":""b5ff09f9-e495-4cb6-8696-700a6c9a196a"",""gateway_status"":""received"",""seller_address"":""0x23e7c029a287a83d80b2e084e008211658dda11d"",""transaction_hash"":null,""provider_owner_wallet"":""0xb40971a5d88f31c7b8d88bf93f7d044f1383bf01""}",2026-07-07 15:44:07.167577+00,2026-07-07 15:44:07.167577+00
b61032b5-e800-4be0-9e22-d1ccd3c7aaea,inv_9126a2b49866,b61032b5-e800-4be0-9e22-d1ccd3c7aaea,0x9a6126cf24d565f6fd7ad3639f7bf11928c385df,TAIKO,full,funding_memory,0.005,completed,0xbef8821327a947ed937680597a1275f04b29a0c75ac5e16d36b91c453b25313c,https://testnet.arcscan.app/tx/0xbef8821327a947ed937680597a1275f04b29a0c75ac5e16d36b91c453b25313c,1782091930.80327,"{""tier"":""full"",""query"":{""FDV"":13215000,""amount"":null,""symbol"":""TAIKO"",""fromATH"":-50,""circRatio"":0.67,""marketCap"":8810000,""volume24h"":17892,""fundingRate"":-0.0079},""symbol"":""TAIKO"",""paid_at"":1782091930.8032653,""amount_raw"":""5000"",""buyer_type"":""human"",""invoice_id"":""inv_9126a2b49866"",""query_hash"":""237def67cc2560825663b0044c3592dfc07e694f724e373db646be62e867a93a"",""amount_usdc"":0.005,""provider_id"":""funding_memory"",""explorer_url"":""https://testnet.arcscan.app/tx/0xbef8821327a947ed937680597a1275f04b29a0c75ac5e16d36b91c453b25313c"",""payer_address"":""0x9a6126cf24d565f6fd7ad3639f7bf11928c385df"",""resource_type"":""qma_signal_report"",""settlement_id"":""b61032b5-e800-4be0-9e22-d1ccd3c7aaea"",""tier_category"":""full"",""gateway_status"":""completed"",""seller_address"":""0x23e7c029a287a83d80b2e084e008211658dda11d"",""transaction_hash"":""0xbef8821327a947ed937680597a1275f04b29a0c75ac5e16d36b91c453b25313c"",""provider_owner_wallet"":""0x23e7c029a287a83d80b2e084e008211658dda11d""}",2026-06-22 01:32:14.117781+00,2026-06-22 01:32:14.117781+00
b9b3c368-44c7-49e9-915e-2c6670dfa7b7,inv_a47c4c807c77,b9b3c368-44c7-49e9-915e-2c6670dfa7b7,0xf5987818ebbee812eb730b6a395d66e664412cf5,IOST,preview,oi_memory,0.000903,completed,,,1789012494.70403,"{""tier"":""preview"",""query"":{""FDV"":144248087.6658,""price"":0.0011816,""amount"":1635289.3810400001,""source"":""MEXC_FUTURES"",""symbol"":""IOST"",""fromATH"":-50,""exchange"":""MEXC"",""circRatio"":0.65,""marketCap"":96165391.7772,""rawSymbol"":""IOST_USDT"",""volume24h"":48082695.8886,""contractId"":57,""fundingRate"":-0.019089,""contractSize"":100,""openInterest"":1635289.3810400001,""source_fields"":{""detailV2_cs"":100,""ticker_holdVol"":13839619,""ticker_amount24"":48082695.8886,""ticker_volume24"":293725544},""longShortRatio"":null,""adapter_version"":""MEXC_FUTURES_V2"",""openInterestBase"":1383961900,""openInterestMethod"":""HOLDVOL * DETAILV2.CS * LASTPRICE"",""openInterestChange24h"":null,""openInterestContracts"":13839619,""openInterestEstimated"":false},""symbol"":""IOST"",""paid_at"":1789012494.704034,""pricing"":{""amount_usdc"":""0.000903""},""event_id"":""inv_a47c4c807c77:creator"",""split_leg"":{""role"":""creator"",""leg_id"":""creator"",""pay_to"":""0x2222222222222222222222222222222222222222"",""amount_raw"":""903"",""amount_usdc"":""0.000903""},""synthetic"":false,""accounting"":{""currency"":""USDC"",""amount_usdc"":""0.001129"",""creator_wallet"":""0x2222222222222222222222222222222222222222"",""settlement_mode"":""x402_direct_split"",""creator_share_bps"":8000,""platform_share_bps"":2000},""amount_raw"":""903"",""buyer_type"":""agent"",""invoice_id"":""inv_a47c4c807c77"",""query_hash"":""1a75e8dc1f5f53f92f092b661e7118f0de92146bd9e6da2c74913e61bf61b9b8"",""run_source"":""agent_session_mtuzufxl"",""settlement"":{""mode"":""x402_direct_split"",""rail"":""circle_gateway_x402"",""amount"":""0.001129"",""network"":""Arc Testnet"",""currency"":""USDC"",""decimals"":6,""token_address"":""0x3600000000000000000000000000000000000000"",""gateway_supported"":true},""agent_label"":""autonomous-session"",""amount_usdc"":""0.000903"",""provider_id"":""oi_memory"",""explorer_url"":null,""payer_address"":""0xf5987818ebbee812eb730b6a395d66e664412cf5"",""resource_type"":""qma_signal_report"",""settlement_id"":""b9b3c368-44c7-49e9-915e-2c6670dfa7b7"",""gateway_status"":""completed"",""seller_address"":""0x2222222222222222222222222222222222222222"",""transaction_hash"":null,""buyer_wallet_address"":""0xf5987818ebbee812eb730b6a395d66e664412cf5"",""provider_owner_wallet"":""0x2222222222222222222222222222222222222222""}",2026-09-10 03:54:59.341323+00,2026-09-10 03:54:59.341323+00
b9cc4e39-b4de-4d26-aad2-017b8a01aa00,inv_399dade02641,b9cc4e39-b4de-4d26-aad2-017b8a01aa00,0x2c03cd73ad36230a3c5be43d51d72fdca32f53d4,WAVES,legacy,funding_memory,0.05,completed,0xb0d88ae89c078af02a8690ac85a16622e75ba81630cc35854618b95792569ea1,https://testnet.arcscan.app/tx/0xb0d88ae89c078af02a8690ac85a16622e75ba81630cc35854618b95792569ea1,1781715293.32952,"{""tier"":""legacy"",""symbol"":""WAVES"",""paid_at"":1781715293.329524,""amount_raw"":""50000"",""invoice_id"":""inv_399dade02641"",""amount_usdc"":0.05,""explorer_url"":""https://testnet.arcscan.app/tx/0xb0d88ae89c078af02a8690ac85a16622e75ba81630cc35854618b95792569ea1"",""payer_address"":""0x2c03cd73ad36230a3c5be43d51d72fdca32f53d4"",""settlement_id"":""b9cc4e39-b4de-4d26-aad2-017b8a01aa00"",""gateway_status"":""completed"",""seller_address"":""0x23e7c029a287a83d80b2e084e008211658dda11d"",""transaction_hash"":""0xb0d88ae89c078af02a8690ac85a16622e75ba81630cc35854618b95792569ea1""}",2026-06-19 09:35:04.052192+00,2026-06-19 16:49:23.325599+00
b9effdac-9dbc-4170-9750-95f9bd3c8cf7,inv_ae4330475de0,b9effdac-9dbc-4170-9750-95f9bd3c8cf7,0x9a6126cf24d565f6fd7ad3639f7bf11928c385df,LAB,full,funding_memory,0.005,completed,0xdd583b36e1cf3ba8f80d92fec9bfb166310bdc3235ad2b08761a72de30774183,https://testnet.arcscan.app/tx/0xdd583b36e1cf3ba8f80d92fec9bfb166310bdc3235ad2b08761a72de30774183,1782750920.94587,"{""tier"":""full"",""query"":{""FDV"":2207250000,""amount"":null,""symbol"":""LAB"",""fromATH"":-50,""circRatio"":0.67,""marketCap"":1471500000,""volume24h"":91209,""fundingRate"":-0.0042},""symbol"":""LAB"",""paid_at"":1782750920.9458668,""amount_raw"":""5000"",""buyer_type"":""human"",""invoice_id"":""inv_ae4330475de0"",""query_hash"":""a92524bb8dd454ab388e141149a9101a850f3113071b5a7f8ec9b5582e7c69bf"",""amount_usdc"":0.005,""provider_id"":""funding_memory"",""explorer_url"":""https://testnet.arcscan.app/tx/0xdd583b36e1cf3ba8f80d92fec9bfb166310bdc3235ad2b08761a72de30774183"",""payer_address"":""0x9a6126cf24d565f6fd7ad3639f7bf11928c385df"",""resource_type"":""qma_signal_report"",""settlement_id"":""b9effdac-9dbc-4170-9750-95f9bd3c8cf7"",""tier_category"":""full"",""gateway_status"":""completed"",""seller_address"":""0x23e7c029a287a83d80b2e084e008211658dda11d"",""transaction_hash"":""0xdd583b36e1cf3ba8f80d92fec9bfb166310bdc3235ad2b08761a72de30774183"",""provider_owner_wallet"":""0x23e7c029a287a83d80b2e084e008211658dda11d""}",2026-06-29 16:35:24.848144+00,2026-06-29 16:35:24.848144+00
bbb72fa8-bd77-4307-9cab-04aa76567eaa,inv_f7e48974eb65,bbb72fa8-bd77-4307-9cab-04aa76567eaa,0xa397a50ad5729878c160e84ca1d8fd41880788ff,TNSR,preview,funding_memory,0.001,completed,0xb2b0d12a840252115aa785eae9f8b72b3dfb7bd7b22c79a35ead66abb6249208,https://testnet.arcscan.app/tx/0xb2b0d12a840252115aa785eae9f8b72b3dfb7bd7b22c79a35ead66abb6249208,1782115863.65338,"{""tier"":""preview"",""query"":{""FDV"":6472500,""amount"":null,""symbol"":""TNSR"",""fromATH"":-50,""circRatio"":0.67,""marketCap"":4315000,""volume24h"":137868,""fundingRate"":-0.0052},""symbol"":""TNSR"",""paid_at"":1782115863.6533825,""amount_raw"":""1000"",""buyer_type"":""human"",""invoice_id"":""inv_f7e48974eb65"",""query_hash"":""1d9f26f9ff2132065704cd87cc87a138d6116ae83d516c859a6c8dd45d984ffc"",""amount_usdc"":0.001,""provider_id"":""funding_memory"",""explorer_url"":""https://testnet.arcscan.app/tx/0xb2b0d12a840252115aa785eae9f8b72b3dfb7bd7b22c79a35ead66abb6249208"",""payer_address"":""0xa397a50ad5729878c160e84ca1d8fd41880788ff"",""resource_type"":""qma_signal_report"",""settlement_id"":""bbb72fa8-bd77-4307-9cab-04aa76567eaa"",""gateway_status"":""completed"",""seller_address"":""0x23e7c029a287a83d80b2e084e008211658dda11d"",""transaction_hash"":""0xb2b0d12a840252115aa785eae9f8b72b3dfb7bd7b22c79a35ead66abb6249208"",""provider_owner_wallet"":""0x23e7c029a287a83d80b2e084e008211658dda11d""}",2026-06-22 08:11:06.394891+00,2026-06-22 08:11:06.394891+00
bc18f825-ee1e-4ec1-ad8a-7bac62521c4c,inv_67b834c8ab44,bc18f825-ee1e-4ec1-ad8a-7bac62521c4c,0x2c03cd73ad36230a3c5be43d51d72fdca32f53d4,IOST,full,funding_memory,0.005088,completed,0xdee49dd6c3e86931c6b8ebff59a1ad580c6980841f0dbc1a25b58febd1c2af6e,https://testnet.arcscan.app/tx/0xdee49dd6c3e86931c6b8ebff59a1ad580c6980841f0dbc1a25b58febd1c2af6e,1789610420.16586,"{""tier"":""full"",""query"":{""FDV"":74795768.02224,""price"":0.0018079,""amount"":4716889.02049,""symbol"":""IOST"",""fromATH"":-50,""circRatio"":0.65,""marketCap"":37397884.01112,""volume24h"":18698942.00556,""fundingRate"":-0.00769,""openInterest"":4716889.02049,""longShortRatio"":null,""openInterestChange24h"":null},""symbol"":""IOST"",""paid_at"":1789610420.1658633,""pricing"":{""amount_usdc"":""0.005088""},""synthetic"":false,""accounting"":{""currency"":""USDC"",""amount_usdc"":""0.005088"",""creator_wallet"":""0xb40971a5d88f31c7b8d88bf93f7d044f1383bf01"",""settlement_mode"":""seller_wallet"",""creator_share_bps"":8000,""platform_share_bps"":2000},""amount_raw"":""5088"",""buyer_type"":""human"",""invoice_id"":""inv_67b834c8ab44"",""query_hash"":""cdccf12d6d2b4efdb4134a149900030855d9d0026585e1e8d774912e03ccab5c"",""run_source"":null,""settlement"":{""mode"":""seller_wallet"",""rail"":""circle_gateway_x402"",""amount"":""0.005088"",""network"":""Arc Testnet"",""currency"":""USDC"",""decimals"":6,""token_address"":""0x3600000000000000000000000000000000000000"",""gateway_supported"":true},""agent_label"":null,""amount_usdc"":0.005088,""provider_id"":""funding_memory"",""explorer_url"":""https://testnet.arcscan.app/tx/0xdee49dd6c3e86931c6b8ebff59a1ad580c6980841f0dbc1a25b58febd1c2af6e"",""payer_address"":""0x2c03cd73ad36230a3c5be43d51d72fdca32f53d4"",""resource_type"":""qma_signal_report"",""settlement_id"":""bc18f825-ee1e-4ec1-ad8a-7bac62521c4c"",""arc_settlement"":{""error"":""Circle treasury wallet address does not match the x402 seller"",""action"":""creator_payout"",""status"":""retryable"",""verdict"":""VALID"",""version"":1,""recipient"":""0xb40971a5d88f31c7b8d88bf93f7d044f1383bf01"",""created_at"":1789657566.6112523,""updated_at"":1789781841.9971921,""operation_id"":""arc-verdict:inv_67b834c8ab44:creator_payout:v1"",""total_amount_raw"":""5088"",""treasury_address"":""0x23e7c029a287a83d80b2e084e008211658dda11d"",""creator_share_bps"":8000,""creator_amount_raw"":""4070"",""platform_amount_raw"":""1018"",""transfer_amount_raw"":""4070"",""source_settlement_id"":""bc18f825-ee1e-4ec1-ad8a-7bac62521c4c"",""source_gateway_status"":""received""},""gateway_status"":""completed"",""seller_address"":""0x23e7c029a287a83d80b2e084e008211658dda11d"",""transaction_hash"":""0xdee49dd6c3e86931c6b8ebff59a1ad580c6980841f0dbc1a25b58febd1c2af6e"",""buyer_wallet_address"":""0x2c03cd73ad36230a3c5be43d51d72fdca32f53d4"",""provider_owner_wallet"":""0xb40971a5d88f31c7b8d88bf93f7d044f1383bf01""}",2026-09-17 15:06:06.540323+00,2026-09-17 15:06:06.540323+00
bc3ec45e-5120-4e0e-875d-d72c2180ca48,inv_30f7f7de3f56,bc3ec45e-5120-4e0e-875d-d72c2180ca48,0xbe6ee76916726d1d04155dde8923d58e720557a1,ARX,full,funding_memory,0.005,completed,0x7f256db87cfeaeb7e53ddd5337582fa3a97d63e903425d29ef6fa1a174136153,https://testnet.arcscan.app/tx/0x7f256db87cfeaeb7e53ddd5337582fa3a97d63e903425d29ef6fa1a174136153,1782204110.4786,"{""tier"":""full"",""query"":{""FDV"":56730000,""amount"":1025166.3171999999,""symbol"":""ARX"",""fromATH"":-50,""circRatio"":0.67,""marketCap"":37820000,""volume24h"":205033,""fundingRate"":-0.0077},""symbol"":""ARX"",""paid_at"":1782204110.4786,""amount_raw"":""5000"",""buyer_type"":""human"",""invoice_id"":""inv_30f7f7de3f56"",""query_hash"":""55d0cf8edd18e7d9a991fbf831b7d7ecf25ecefc541f75a3052af16409bec6d6"",""amount_usdc"":0.005,""provider_id"":""funding_memory"",""explorer_url"":""https://testnet.arcscan.app/tx/0x7f256db87cfeaeb7e53ddd5337582fa3a97d63e903425d29ef6fa1a174136153"",""payer_address"":""0xbe6ee76916726d1d04155dde8923d58e720557a1"",""resource_type"":""qma_signal_report"",""settlement_id"":""bc3ec45e-5120-4e0e-875d-d72c2180ca48"",""gateway_status"":""completed"",""seller_address"":""0x23e7c029a287a83d80b2e084e008211658dda11d"",""transaction_hash"":""0x7f256db87cfeaeb7e53ddd5337582fa3a97d63e903425d29ef6fa1a174136153"",""provider_owner_wallet"":""0x23e7c029a287a83d80b2e084e008211658dda11d""}",2026-06-23 08:41:57.11235+00,2026-06-23 08:41:57.11235+00
bc421be8-b38d-467b-9503-5baa9261c1e5,inv_d264247fa2b0,bc421be8-b38d-467b-9503-5baa9261c1e5,0x44e9e17293357e2c7cc995adfac376457a01ccc8,LAB,full,funding_memory,0.001147,completed,0x80b6fb1e68f19a6e50a420569c2e4b846d7a53b4554e95bcb8378160bd70acfe,https://testnet.arcscan.app/tx/0x80b6fb1e68f19a6e50a420569c2e4b846d7a53b4554e95bcb8378160bd70acfe,1783473926.36137,"{""tier"":""full"",""query"":{""FDV"":271368605.121,""price"":5.96,""amount"":4409148.4,""symbol"":""LAB"",""fromATH"":-50,""circRatio"":0.65,""marketCap"":180912403.414,""volume24h"":90456201.707,""fundingRate"":-0.004922,""openInterest"":4409148.4,""longShortRatio"":null,""openInterestChange24h"":null},""symbol"":""LAB"",""paid_at"":1783473926.3613732,""pricing"":{""amount_usdc"":""0.001147""},""event_id"":""inv_d264247fa2b0:platform"",""split_leg"":{""role"":""platform"",""leg_id"":""platform"",""pay_to"":""0x23e7c029a287a83d80b2e084e008211658dda11d"",""amount_raw"":""1147"",""amount_usdc"":""0.001147""},""accounting"":{""currency"":""USDC"",""amount_usdc"":""0.005736"",""creator_wallet"":""0xb40971a5d88f31c7b8d88bf93f7d044f1383bf01"",""settlement_mode"":""x402_direct_split"",""creator_share_bps"":8000,""platform_share_bps"":2000},""amount_raw"":""1147"",""buyer_type"":""agent"",""invoice_id"":""inv_d264247fa2b0"",""query_hash"":""9f9e351f06d67e84b1ba96964bd0f88f6411818ccd102fba723518cfdf7d6650"",""settlement"":{""mode"":""x402_direct_split"",""rail"":""circle_gateway_x402"",""amount"":""0.005736"",""network"":""Arc Testnet"",""currency"":""USDC"",""decimals"":6,""token_address"":""0x3600000000000000000000000000000000000000"",""gateway_supported"":true},""amount_usdc"":""0.001147"",""provider_id"":""funding_memory"",""explorer_url"":""https://testnet.arcscan.app/tx/0x80b6fb1e68f19a6e50a420569c2e4b846d7a53b4554e95bcb8378160bd70acfe"",""payer_address"":""0x44e9e17293357e2c7cc995adfac376457a01ccc8"",""resource_type"":""qma_signal_report"",""settlement_id"":""bc421be8-b38d-467b-9503-5baa9261c1e5"",""gateway_status"":""completed"",""seller_address"":""0x23e7c029a287a83d80b2e084e008211658dda11d"",""transaction_hash"":""0x80b6fb1e68f19a6e50a420569c2e4b846d7a53b4554e95bcb8378160bd70acfe"",""provider_owner_wallet"":""0xb40971a5d88f31c7b8d88bf93f7d044f1383bf01""}",2026-07-08 01:25:28.820015+00,2026-07-08 01:25:28.820015+00
bc76e78b-72d8-4fc9-9f38-14011cc3c944,inv_90ead22607d2,bc76e78b-72d8-4fc9-9f38-14011cc3c944,0x2c03cd73ad36230a3c5be43d51d72fdca32f53d4,APDSTOCK,preview,funding_memory,0.001089,completed,0xfbf15ce2dc3978f3c1c9c4f3119856a73ab397d3395715864a6d9c14aa89b0d6,https://testnet.arcscan.app/tx/0xfbf15ce2dc3978f3c1c9c4f3119856a73ab397d3395715864a6d9c14aa89b0d6,1784191202.49228,"{""tier"":""preview"",""query"":{""FDV"":44029499999.99999,""amount"":194760090.29999998,""symbol"":""APDSTOCK"",""fromATH"":-50,""circRatio"":0.666666666667,""marketCap"":29352999999.999996,""volume24h"":38952018.059999995,""fundingRate"":-0.00594},""symbol"":""APDSTOCK"",""paid_at"":1784191202.4922783,""amount_raw"":""1089"",""buyer_type"":""agent"",""invoice_id"":""inv_90ead22607d2"",""query_hash"":""754160cdfdc57ce6899c84a40fe8563462c0fd6c54c4244d8377dcfc3f81aa6d"",""amount_usdc"":0.001089,""provider_id"":""funding_memory"",""explorer_url"":""https://testnet.arcscan.app/tx/0xfbf15ce2dc3978f3c1c9c4f3119856a73ab397d3395715864a6d9c14aa89b0d6"",""payer_address"":""0x2c03cd73ad36230a3c5be43d51d72fdca32f53d4"",""resource_type"":""qma_signal_report"",""settlement_id"":""bc76e78b-72d8-4fc9-9f38-14011cc3c944"",""gateway_status"":""completed"",""seller_address"":""0x23e7c029a287a83d80b2e084e008211658dda11d"",""transaction_hash"":""0xfbf15ce2dc3978f3c1c9c4f3119856a73ab397d3395715864a6d9c14aa89b0d6"",""provider_owner_wallet"":""0x23e7c029a287a83d80b2e084e008211658dda11d""}",2026-07-16 08:40:04.795+00,2026-07-16 08:40:04.795+00
bd0a03e9-5498-434e-a979-e57142cdb72d,inv_ab9d37fd2653,bd0a03e9-5498-434e-a979-e57142cdb72d,0x65d923ba4917ef8523687609b3641f3a0cbc3971,BLUR,preview,funding_memory,0.000238,received,,,1783438295.40252,"{""tier"":""preview"",""query"":{""FDV"":40486168.402499996,""price"":0.02348,""amount"":1289807.8212000001,""symbol"":""BLUR"",""fromATH"":-50,""circRatio"":0.65,""marketCap"":26990778.935,""volume24h"":13495389.4675,""fundingRate"":-0.014497,""openInterest"":1289807.8212000001,""longShortRatio"":null,""openInterestChange24h"":null},""symbol"":""BLUR"",""paid_at"":1783438295.4025216,""pricing"":{""amount_usdc"":""0.000238""},""event_id"":""inv_ab9d37fd2653:platform"",""split_leg"":{""role"":""platform"",""leg_id"":""platform"",""pay_to"":""0x23e7c029a287a83d80b2e084e008211658dda11d"",""amount_raw"":""238"",""amount_usdc"":""0.000238""},""accounting"":{""currency"":""USDC"",""amount_usdc"":""0.00119"",""creator_wallet"":""0xb40971a5d88f31c7b8d88bf93f7d044f1383bf01"",""settlement_mode"":""x402_direct_split"",""creator_share_bps"":8000,""platform_share_bps"":2000},""amount_raw"":""238"",""buyer_type"":""agent"",""invoice_id"":""inv_ab9d37fd2653"",""query_hash"":""e3b2d5d88f3bad73b02c35c15c73c774261f28cace57658f954688e564a2b85c"",""settlement"":{""mode"":""x402_direct_split"",""rail"":""circle_gateway_x402"",""amount"":""0.00119"",""network"":""Arc Testnet"",""currency"":""USDC"",""decimals"":6,""token_address"":""0x3600000000000000000000000000000000000000"",""gateway_supported"":true},""amount_usdc"":""0.000238"",""provider_id"":""funding_memory"",""explorer_url"":null,""payer_address"":""0x65d923ba4917ef8523687609b3641f3a0cbc3971"",""resource_type"":""qma_signal_report"",""settlement_id"":""bd0a03e9-5498-434e-a979-e57142cdb72d"",""gateway_status"":""received"",""seller_address"":""0x23e7c029a287a83d80b2e084e008211658dda11d"",""transaction_hash"":null,""provider_owner_wallet"":""0xb40971a5d88f31c7b8d88bf93f7d044f1383bf01""}",2026-07-07 15:31:37.851975+00,2026-07-07 15:31:37.851975+00
bfbaf28a-ed23-455b-897b-6a6666275fb1,inv_d8309b03c755,bfbaf28a-ed23-455b-897b-6a6666275fb1,0x8b25339f488645dc01a5aacb1dd92d51dbff1bca,WAVES,preview,funding_memory,0.001,completed,0x91e7be9ef63088a93c85f9e60275966629fa594b0cf188b1bf81c95183a86499,https://testnet.arcscan.app/tx/0x91e7be9ef63088a93c85f9e60275966629fa594b0cf188b1bf81c95183a86499,1782026768.83669,"{""tier"":""preview"",""query"":{""FDV"":46920000,""amount"":null,""symbol"":""WAVES"",""fromATH"":-50,""circRatio"":0.67,""marketCap"":31280000,""volume24h"":462016,""fundingRate"":-0.0118},""symbol"":""WAVES"",""paid_at"":1782026768.8366895,""amount_raw"":""1000"",""buyer_type"":""human"",""invoice_id"":""inv_d8309b03c755"",""query_hash"":""b91a9a6881c8227ba9b574639da4d9095886ac238dddf24f8c1ffc66ec48d18e"",""amount_usdc"":0.001,""provider_id"":""funding_memory"",""explorer_url"":""https://testnet.arcscan.app/tx/0x91e7be9ef63088a93c85f9e60275966629fa594b0cf188b1bf81c95183a86499"",""payer_address"":""0x8b25339f488645dc01a5aacb1dd92d51dbff1bca"",""resource_type"":""qma_signal_report"",""settlement_id"":""bfbaf28a-ed23-455b-897b-6a6666275fb1"",""gateway_status"":""completed"",""seller_address"":""0x23e7c029a287a83d80b2e084e008211658dda11d"",""transaction_hash"":""0x91e7be9ef63088a93c85f9e60275966629fa594b0cf188b1bf81c95183a86499"",""provider_owner_wallet"":""0x23e7c029a287a83d80b2e084e008211658dda11d""}",2026-06-21 07:26:10.899502+00,2026-06-21 07:26:10.899502+00
c0378931-f737-4bb3-8b1b-f0e2fc49befc,inv_a27150894727,c0378931-f737-4bb3-8b1b-f0e2fc49befc,0x4dbc321e301c82b8f8e6a5193e47c6eca656d514,LSK,full,funding_memory,0.005088,completed,0x6da964ad34debb1485b38fbcfe6b735806112d4a9cda90be12522fd09ffd1949,https://testnet.arcscan.app/tx/0x6da964ad34debb1485b38fbcfe6b735806112d4a9cda90be12522fd09ffd1949,1789657882.62026,"{""tier"":""full"",""query"":{""FDV"":129192498.15032999,""price"":0.4504,""amount"":14478367.4304,""source"":""MEXC_FUTURES"",""symbol"":""LSK"",""fromATH"":-50,""exchange"":""MEXC"",""circRatio"":0.65,""marketCap"":86128332.10022,""rawSymbol"":""LSK_USDT"",""volume24h"":43064166.05011,""contractId"":522,""fundingRate"":-0.005383,""contractSize"":1,""openInterest"":14478367.4304,""source_fields"":{""detailV2_cs"":1,""ticker_holdVol"":32145576,""ticker_amount24"":43064166.05011,""ticker_volume24"":73605256},""longShortRatio"":null,""adapter_version"":""MEXC_FUTURES_V2"",""openInterestBase"":32145576,""openInterestMethod"":""HOLDVOL * DETAILV2.CS * LASTPRICE"",""openInterestChange24h"":null,""openInterestContracts"":32145576,""openInterestEstimated"":false},""symbol"":""LSK"",""paid_at"":1789657882.6202614,""pricing"":{""amount_usdc"":""0.005088""},""synthetic"":false,""accounting"":{""currency"":""USDC"",""amount_usdc"":""0.005088"",""creator_wallet"":""0xb40971a5d88f31c7b8d88bf93f7d044f1383bf01"",""settlement_mode"":""seller_wallet"",""creator_share_bps"":8000,""platform_share_bps"":2000},""amount_raw"":""5088"",""buyer_type"":""agent"",""invoice_id"":""inv_a27150894727"",""query_hash"":""2b00c7112227376aa21c82831d29813abbe804d08a87a86c9abf86ae308f2a68"",""run_source"":null,""settlement"":{""mode"":""seller_wallet"",""rail"":""circle_gateway_x402"",""amount"":""0.005088"",""network"":""Arc Testnet"",""currency"":""USDC"",""decimals"":6,""token_address"":""0x3600000000000000000000000000000000000000"",""gateway_supported"":true},""agent_label"":null,""amount_usdc"":0.005088,""provider_id"":""funding_memory"",""explorer_url"":""https://testnet.arcscan.app/tx/0x6da964ad34debb1485b38fbcfe6b735806112d4a9cda90be12522fd09ffd1949"",""payer_address"":""0x4dbc321e301c82b8f8e6a5193e47c6eca656d514"",""resource_type"":""qma_signal_report"",""settlement_id"":""c0378931-f737-4bb3-8b1b-f0e2fc49befc"",""arc_settlement"":{""error"":""Circle treasury wallet address does not match the x402 seller"",""action"":""creator_payout"",""status"":""retryable"",""verdict"":""VALID"",""version"":1,""recipient"":""0xb40971a5d88f31c7b8d88bf93f7d044f1383bf01"",""created_at"":1789657922.5398653,""updated_at"":1789957515.7998445,""operation_id"":""arc-verdict:inv_a27150894727:creator_payout:v1"",""total_amount_raw"":""5088"",""treasury_address"":""0x23e7c029a287a83d80b2e084e008211658dda11d"",""creator_share_bps"":8000,""creator_amount_raw"":""4070"",""platform_amount_raw"":""1018"",""transfer_amount_raw"":""4070"",""source_settlement_id"":""c0378931-f737-4bb3-8b1b-f0e2fc49befc"",""source_gateway_status"":""received""},""gateway_status"":""completed"",""seller_address"":""0x23e7c029a287a83d80b2e084e008211658dda11d"",""transaction_hash"":""0x6da964ad34debb1485b38fbcfe6b735806112d4a9cda90be12522fd09ffd1949"",""buyer_wallet_address"":""0x4859d0d0babdcc8c4d8d2d116258fd0e5f7ff67d"",""provider_owner_wallet"":""0xb40971a5d88f31c7b8d88bf93f7d044f1383bf01""}",2026-09-17 15:12:02.363232+00,2026-09-17 15:12:02.363232+00
c0414a0a-2ab7-4316-b7b1-951c12592a24,inv_bbfef4d5b0a6,c0414a0a-2ab7-4316-b7b1-951c12592a24,0xf5987818ebbee812eb730b6a395d66e664412cf5,VIC,full,funding_memory,0.005,completed,0xe5c5b779c3f87a12397e71ae5abcb8dfbb01b25698bf910e280e6a9c1dd534f7,https://testnet.arcscan.app/tx/0xe5c5b779c3f87a12397e71ae5abcb8dfbb01b25698bf910e280e6a9c1dd534f7,1782122753.40349,"{""tier"":""full"",""query"":{""FDV"":6195000.000000001,""amount"":15844.084200000001,""symbol"":""VIC"",""fromATH"":-50,""circRatio"":0.666666666667,""marketCap"":4130000.0000000005,""volume24h"":3168.81684,""fundingRate"":-0.009614},""symbol"":""VIC"",""paid_at"":1782122753.4034934,""amount_raw"":""5000"",""buyer_type"":""agent"",""invoice_id"":""inv_bbfef4d5b0a6"",""query_hash"":""5b309bf87515c7300c216edfce39e6d969b67d352847ba8bbb05f29ac9555482"",""amount_usdc"":0.005,""provider_id"":""funding_memory"",""explorer_url"":""https://testnet.arcscan.app/tx/0xe5c5b779c3f87a12397e71ae5abcb8dfbb01b25698bf910e280e6a9c1dd534f7"",""payer_address"":""0xf5987818ebbee812eb730b6a395d66e664412cf5"",""resource_type"":""qma_signal_report"",""settlement_id"":""c0414a0a-2ab7-4316-b7b1-951c12592a24"",""gateway_status"":""completed"",""seller_address"":""0x23e7c029a287a83d80b2e084e008211658dda11d"",""transaction_hash"":""0xe5c5b779c3f87a12397e71ae5abcb8dfbb01b25698bf910e280e6a9c1dd534f7"",""provider_owner_wallet"":""0x23e7c029a287a83d80b2e084e008211658dda11d""}",2026-06-22 10:05:57.924035+00,2026-06-22 10:05:57.924035+00
c191937c-e3ca-4f30-b77c-ed74d22783b0,inv_9ad0aa2f229a,c191937c-e3ca-4f30-b77c-ed74d22783b0,0x2b63768f695cf4624a861cfed7d06219d1af2a8c,LAB,full,funding_memory,0.00116,received,,,1783441046.34675,"{""tier"":""full"",""query"":{""FDV"":308237747.90999997,""price"":5.998,""amount"":4131242.46,""symbol"":""LAB"",""fromATH"":-50,""circRatio"":0.65,""marketCap"":205491831.94,""volume24h"":102745915.97,""fundingRate"":-0.007721,""openInterest"":4131242.46,""longShortRatio"":null,""openInterestChange24h"":null},""symbol"":""LAB"",""paid_at"":1783441046.3467486,""pricing"":{""amount_usdc"":""0.00116""},""event_id"":""inv_9ad0aa2f229a:platform"",""split_leg"":{""role"":""platform"",""leg_id"":""platform"",""pay_to"":""0x23e7c029a287a83d80b2e084e008211658dda11d"",""amount_raw"":""1160"",""amount_usdc"":""0.00116""},""accounting"":{""currency"":""USDC"",""amount_usdc"":""0.005799"",""creator_wallet"":""0xb40971a5d88f31c7b8d88bf93f7d044f1383bf01"",""settlement_mode"":""x402_direct_split"",""creator_share_bps"":8000,""platform_share_bps"":2000},""amount_raw"":""1160"",""buyer_type"":""agent"",""invoice_id"":""inv_9ad0aa2f229a"",""query_hash"":""a3deb15ff7e2658c082debf1914c2c3b77bef96a136443e91d57e5611b2c53ca"",""settlement"":{""mode"":""x402_direct_split"",""rail"":""circle_gateway_x402"",""amount"":""0.005799"",""network"":""Arc Testnet"",""currency"":""USDC"",""decimals"":6,""token_address"":""0x3600000000000000000000000000000000000000"",""gateway_supported"":true},""amount_usdc"":""0.00116"",""provider_id"":""funding_memory"",""explorer_url"":null,""payer_address"":""0x2b63768f695cf4624a861cfed7d06219d1af2a8c"",""resource_type"":""qma_signal_report"",""settlement_id"":""c191937c-e3ca-4f30-b77c-ed74d22783b0"",""gateway_status"":""received"",""seller_address"":""0x23e7c029a287a83d80b2e084e008211658dda11d"",""transaction_hash"":null,""provider_owner_wallet"":""0xb40971a5d88f31c7b8d88bf93f7d044f1383bf01""}",2026-07-07 16:17:28.896887+00,2026-07-07 16:17:28.896887+00
c220b0b4-c3ba-479e-9152-2ee3fbb4caf0,inv_e205480d9ed9,c220b0b4-c3ba-479e-9152-2ee3fbb4caf0,0xb40971a5d88f31c7b8d88bf93f7d044f1383bf01,HOME,full,oi_memory,0.00485,completed,0x8a5e751d2261eb176b4d40711f028a0876fb1f87ffd9a0e1962ef37f3e8dc433,https://testnet.arcscan.app/tx/0x8a5e751d2261eb176b4d40711f028a0876fb1f87ffd9a0e1962ef37f3e8dc433,1784311503.84805,"{""tier"":""full"",""query"":{""FDV"":1.5,""price"":null,""amount"":1,""symbol"":""HOME"",""fromATH"":-50,""circRatio"":0.65,""marketCap"":1,""volume24h"":1,""fundingRate"":0,""openInterest"":1,""longShortRatio"":null,""openInterestChange24h"":null},""symbol"":""HOME"",""paid_at"":1784311503.8480484,""pricing"":{""amount_usdc"":""0.00485""},""event_id"":""inv_e205480d9ed9:creator"",""split_leg"":{""role"":""creator"",""leg_id"":""creator"",""pay_to"":""0x2ba9c54019bd221cbc218e49281a86e88d918bfb"",""amount_raw"":""4850"",""amount_usdc"":""0.00485""},""synthetic"":false,""accounting"":{""currency"":""USDC"",""amount_usdc"":""0.006062"",""creator_wallet"":""0x2ba9c54019bd221cbc218e49281a86e88d918bfb"",""settlement_mode"":""x402_direct_split"",""creator_share_bps"":8000,""platform_share_bps"":2000},""amount_raw"":""4850"",""buyer_type"":""human"",""invoice_id"":""inv_e205480d9ed9"",""query_hash"":""ee006642ccf49ed26e9de5e3970c4ee62cee956eacce4c9ec41bf39bd54c36e1"",""run_source"":null,""settlement"":{""mode"":""x402_direct_split"",""rail"":""circle_gateway_x402"",""amount"":""0.006062"",""network"":""Arc Testnet"",""currency"":""USDC"",""decimals"":6,""token_address"":""0x3600000000000000000000000000000000000000"",""gateway_supported"":true},""agent_label"":null,""amount_usdc"":""0.00485"",""provider_id"":""oi_memory"",""explorer_url"":""https://testnet.arcscan.app/tx/0x8a5e751d2261eb176b4d40711f028a0876fb1f87ffd9a0e1962ef37f3e8dc433"",""payer_address"":""0xb40971a5d88f31c7b8d88bf93f7d044f1383bf01"",""resource_type"":""qma_signal_report"",""settlement_id"":""c220b0b4-c3ba-479e-9152-2ee3fbb4caf0"",""gateway_status"":""completed"",""seller_address"":""0x2ba9c54019bd221cbc218e49281a86e88d918bfb"",""transaction_hash"":""0x8a5e751d2261eb176b4d40711f028a0876fb1f87ffd9a0e1962ef37f3e8dc433"",""buyer_wallet_address"":""0x2c03cd73ad36230a3c5be43d51d72fdca32f53d4"",""provider_owner_wallet"":""0x2ba9c54019bd221cbc218e49281a86e88d918bfb""}",2026-07-17 18:14:48.703745+00,2026-07-17 18:14:48.703745+00
c3968de9-2ff3-4bf0-a3d6-434b08b6eb3a,inv_0664eaf3f0c0,c3968de9-2ff3-4bf0-a3d6-434b08b6eb3a,0x2c03cd73ad36230a3c5be43d51d72fdca32f53d4,WAVES,legacy,funding_memory,0.05,completed,0x7804cead4303e424bf3ff2ad38ac04896dae8c6acfcaa3ad371922cb2abf8046,https://testnet.arcscan.app/tx/0x7804cead4303e424bf3ff2ad38ac04896dae8c6acfcaa3ad371922cb2abf8046,1781716052.43349,"{""tier"":""legacy"",""symbol"":""WAVES"",""paid_at"":1781716052.4334946,""amount_raw"":""50000"",""invoice_id"":""inv_0664eaf3f0c0"",""amount_usdc"":0.05,""explorer_url"":""https://testnet.arcscan.app/tx/0x7804cead4303e424bf3ff2ad38ac04896dae8c6acfcaa3ad371922cb2abf8046"",""payer_address"":""0x2c03cd73ad36230a3c5be43d51d72fdca32f53d4"",""settlement_id"":""c3968de9-2ff3-4bf0-a3d6-434b08b6eb3a"",""gateway_status"":""completed"",""seller_address"":""0x23e7c029a287a83d80b2e084e008211658dda11d"",""transaction_hash"":""0x7804cead4303e424bf3ff2ad38ac04896dae8c6acfcaa3ad371922cb2abf8046""}",2026-06-19 09:35:04.052192+00,2026-06-19 16:49:23.325599+00
c40eb917-43cb-4c28-8f46-06d4c0595cfc,inv_166c0f955931,c40eb917-43cb-4c28-8f46-06d4c0595cfc,0x2c03cd73ad36230a3c5be43d51d72fdca32f53d4,HYPE,legacy,funding_memory,0.05,completed,0x4a753576059667b86145131d24caf0ed2a593bbac8c64a01db062a83b3aa9f90,https://testnet.arcscan.app/tx/0x4a753576059667b86145131d24caf0ed2a593bbac8c64a01db062a83b3aa9f90,1781713174.84172,"{""tier"":""legacy"",""symbol"":""HYPE"",""paid_at"":1781713174.8417242,""amount_raw"":""50000"",""invoice_id"":""inv_166c0f955931"",""amount_usdc"":0.05,""explorer_url"":""https://testnet.arcscan.app/tx/0x4a753576059667b86145131d24caf0ed2a593bbac8c64a01db062a83b3aa9f90"",""payer_address"":""0x2c03cd73ad36230a3c5be43d51d72fdca32f53d4"",""settlement_id"":""c40eb917-43cb-4c28-8f46-06d4c0595cfc"",""gateway_status"":""completed"",""seller_address"":""0x23e7c029a287a83d80b2e084e008211658dda11d"",""transaction_hash"":""0x4a753576059667b86145131d24caf0ed2a593bbac8c64a01db062a83b3aa9f90""}",2026-06-19 09:35:04.052192+00,2026-06-19 16:49:23.325599+00
c4dc2ac3-b675-4d7f-84f0-cc4ee34df07c,inv_11883835a8f6,c4dc2ac3-b675-4d7f-84f0-cc4ee34df07c,0xbe6ee76916726d1d04155dde8923d58e720557a1,TAIKO,full,funding_memory,0.005,completed,0xad7976f4222e836ffff4b14d65972c8ebf8456b5bbd403f1947866bc5612b45d,https://testnet.arcscan.app/tx/0xad7976f4222e836ffff4b14d65972c8ebf8456b5bbd403f1947866bc5612b45d,1782203107.19313,"{""tier"":""full"",""query"":{""FDV"":10245000,""amount"":122237.0564,""symbol"":""TAIKO"",""fromATH"":-50,""circRatio"":0.666666666667,""marketCap"":6830000,""volume24h"":24447.41128,""fundingRate"":-0.003417},""symbol"":""TAIKO"",""paid_at"":1782203107.193129,""amount_raw"":""5000"",""buyer_type"":""human"",""invoice_id"":""inv_11883835a8f6"",""query_hash"":""658d1bffed1207428b9a61219a0ae02fd50629d7afeb3fa99f1a9060426407ad"",""amount_usdc"":0.005,""provider_id"":""funding_memory"",""explorer_url"":""https://testnet.arcscan.app/tx/0xad7976f4222e836ffff4b14d65972c8ebf8456b5bbd403f1947866bc5612b45d"",""payer_address"":""0xbe6ee76916726d1d04155dde8923d58e720557a1"",""resource_type"":""qma_signal_report"",""settlement_id"":""c4dc2ac3-b675-4d7f-84f0-cc4ee34df07c"",""gateway_status"":""completed"",""seller_address"":""0x23e7c029a287a83d80b2e084e008211658dda11d"",""transaction_hash"":""0xad7976f4222e836ffff4b14d65972c8ebf8456b5bbd403f1947866bc5612b45d"",""provider_owner_wallet"":""0x23e7c029a287a83d80b2e084e008211658dda11d""}",2026-06-23 08:25:10.483171+00,2026-06-23 08:25:10.483171+00
c6ed36b8-5d19-441e-a7d3-676159b2a55a,inv_6f08a519b6e9,c6ed36b8-5d19-441e-a7d3-676159b2a55a,0x4dbc321e301c82b8f8e6a5193e47c6eca656d514,LSK,preview,funding_memory,0.001018,completed,0x6da964ad34debb1485b38fbcfe6b735806112d4a9cda90be12522fd09ffd1949,https://testnet.arcscan.app/tx/0x6da964ad34debb1485b38fbcfe6b735806112d4a9cda90be12522fd09ffd1949,1789657709.84182,"{""tier"":""preview"",""query"":{""FDV"":129124963.0623,""price"":0.44883,""amount"":14369827.455360001,""source"":""MEXC_FUTURES"",""symbol"":""LSK"",""fromATH"":-50,""exchange"":""MEXC"",""circRatio"":0.65,""marketCap"":86083308.7082,""rawSymbol"":""LSK_USDT"",""volume24h"":43041654.3541,""contractId"":522,""fundingRate"":-0.00527,""contractSize"":1,""openInterest"":14369827.455360001,""source_fields"":{""detailV2_cs"":1,""ticker_holdVol"":32016192,""ticker_amount24"":43041654.3541,""ticker_volume24"":73555145},""longShortRatio"":null,""adapter_version"":""MEXC_FUTURES_V2"",""openInterestBase"":32016192,""openInterestMethod"":""HOLDVOL * DETAILV2.CS * LASTPRICE"",""openInterestChange24h"":null,""openInterestContracts"":32016192,""openInterestEstimated"":false},""symbol"":""LSK"",""paid_at"":1789657709.8418152,""pricing"":{""amount_usdc"":""0.001018""},""synthetic"":false,""accounting"":{""currency"":""USDC"",""amount_usdc"":""0.001018"",""creator_wallet"":""0xb40971a5d88f31c7b8d88bf93f7d044f1383bf01"",""settlement_mode"":""seller_wallet"",""creator_share_bps"":8000,""platform_share_bps"":2000},""amount_raw"":""1018"",""buyer_type"":""agent"",""invoice_id"":""inv_6f08a519b6e9"",""query_hash"":""53f5e8398b4648f7f0995c55595aa96dd399b6c1ac1aa37bfc26d697a5d2da5f"",""run_source"":null,""settlement"":{""mode"":""seller_wallet"",""rail"":""circle_gateway_x402"",""amount"":""0.001018"",""network"":""Arc Testnet"",""currency"":""USDC"",""decimals"":6,""token_address"":""0x3600000000000000000000000000000000000000"",""gateway_supported"":true},""agent_label"":null,""amount_usdc"":0.001018,""provider_id"":""funding_memory"",""explorer_url"":""https://testnet.arcscan.app/tx/0x6da964ad34debb1485b38fbcfe6b735806112d4a9cda90be12522fd09ffd1949"",""payer_address"":""0x4dbc321e301c82b8f8e6a5193e47c6eca656d514"",""resource_type"":""qma_signal_report"",""settlement_id"":""c6ed36b8-5d19-441e-a7d3-676159b2a55a"",""arc_settlement"":{""error"":""Circle treasury wallet address does not match the x402 seller"",""action"":""creator_payout"",""status"":""retryable"",""verdict"":""VALID"",""version"":1,""recipient"":""0xb40971a5d88f31c7b8d88bf93f7d044f1383bf01"",""created_at"":1789657835.5628805,""updated_at"":1789957517.923076,""operation_id"":""arc-verdict:inv_6f08a519b6e9:creator_payout:v1"",""total_amount_raw"":""1018"",""treasury_address"":""0x23e7c029a287a83d80b2e084e008211658dda11d"",""creator_share_bps"":8000,""creator_amount_raw"":""814"",""platform_amount_raw"":""204"",""transfer_amount_raw"":""814"",""source_settlement_id"":""c6ed36b8-5d19-441e-a7d3-676159b2a55a"",""source_gateway_status"":""received""},""gateway_status"":""completed"",""seller_address"":""0x23e7c029a287a83d80b2e084e008211658dda11d"",""transaction_hash"":""0x6da964ad34debb1485b38fbcfe6b735806112d4a9cda90be12522fd09ffd1949"",""buyer_wallet_address"":""0x4859d0d0babdcc8c4d8d2d116258fd0e5f7ff67d"",""provider_owner_wallet"":""0xb40971a5d88f31c7b8d88bf93f7d044f1383bf01""}",2026-09-17 15:10:35.484826+00,2026-09-17 15:10:35.484826+00
c6fe1c95-456b-4a63-9b83-fa2a7890e871,inv_b2f6e885a364,c6fe1c95-456b-4a63-9b83-fa2a7890e871,0xa397a50ad5729878c160e84ca1d8fd41880788ff,H,full,funding_memory,0.005,completed,0xced857b4e4090c3b8e181e08119b1332383235349b8d699e40ecbbc94649240e,https://testnet.arcscan.app/tx/0xced857b4e4090c3b8e181e08119b1332383235349b8d699e40ecbbc94649240e,1782119003.86097,"{""tier"":""full"",""query"":{""FDV"":23836500,""amount"":null,""symbol"":""H"",""fromATH"":-50,""circRatio"":0.67,""marketCap"":15891000,""volume24h"":1158192,""fundingRate"":-0.0041},""symbol"":""H"",""paid_at"":1782119003.8609717,""amount_raw"":""5000"",""buyer_type"":""human"",""invoice_id"":""inv_b2f6e885a364"",""query_hash"":""f385e022b07823c1ed944ed2d2779d1ce650fa4b25a1289749c00ebd0780571b"",""amount_usdc"":0.005,""provider_id"":""funding_memory"",""explorer_url"":""https://testnet.arcscan.app/tx/0xced857b4e4090c3b8e181e08119b1332383235349b8d699e40ecbbc94649240e"",""payer_address"":""0xa397a50ad5729878c160e84ca1d8fd41880788ff"",""resource_type"":""qma_signal_report"",""settlement_id"":""c6fe1c95-456b-4a63-9b83-fa2a7890e871"",""gateway_status"":""completed"",""seller_address"":""0x23e7c029a287a83d80b2e084e008211658dda11d"",""transaction_hash"":""0xced857b4e4090c3b8e181e08119b1332383235349b8d699e40ecbbc94649240e"",""provider_owner_wallet"":""0x23e7c029a287a83d80b2e084e008211658dda11d""}",2026-06-22 09:03:26.165228+00,2026-06-22 09:03:26.165228+00
c7c356bd-b699-433e-9623-851fb5719dc3,inv_ef3e9cbe8d56,c7c356bd-b699-433e-9623-851fb5719dc3,0x9a6126cf24d565f6fd7ad3639f7bf11928c385df,BEL,full,funding_memory,0.005556,completed,0x31811a9c304d45f96f4404bf06448516dfad29f353571506143832236d347d31,https://testnet.arcscan.app/tx/0x31811a9c304d45f96f4404bf06448516dfad29f353571506143832236d347d31,1783333442.67554,"{""tier"":""full"",""query"":{""FDV"":19620000,""amount"":null,""symbol"":""BEL"",""fromATH"":-50,""circRatio"":0.67,""marketCap"":13080000,""volume24h"":56539,""fundingRate"":-0.0108},""symbol"":""BEL"",""paid_at"":1783333442.6755395,""amount_raw"":""5556"",""buyer_type"":""human"",""invoice_id"":""inv_ef3e9cbe8d56"",""query_hash"":""196e50ae4c2b53fe14cc1bc90e533cfcf8968bc256c47f7686a1b5fd8caf5598"",""amount_usdc"":0.005556,""provider_id"":""funding_memory"",""explorer_url"":""https://testnet.arcscan.app/tx/0x31811a9c304d45f96f4404bf06448516dfad29f353571506143832236d347d31"",""payer_address"":""0x9a6126cf24d565f6fd7ad3639f7bf11928c385df"",""resource_type"":""qma_signal_report"",""settlement_id"":""c7c356bd-b699-433e-9623-851fb5719dc3"",""gateway_status"":""completed"",""seller_address"":""0x23e7c029a287a83d80b2e084e008211658dda11d"",""transaction_hash"":""0x31811a9c304d45f96f4404bf06448516dfad29f353571506143832236d347d31"",""provider_owner_wallet"":""0x23e7c029a287a83d80b2e084e008211658dda11d""}",2026-07-06 10:24:05.364147+00,2026-07-06 10:24:05.364147+00
c8301948-9ef0-47f6-8a3e-6a4c959eb2ea,inv_7aaf66adf58b,c8301948-9ef0-47f6-8a3e-6a4c959eb2ea,0x9a6126cf24d565f6fd7ad3639f7bf11928c385df,BEL,full,oi_memory,0.005533,completed,,,1783351822.17235,"{""tier"":""full"",""query"":{""FDV"":15000000,""price"":0.13647,""amount"":234213,""symbol"":""BEL"",""fromATH"":-50,""circRatio"":0.65,""marketCap"":10000000,""volume24h"":2312386,""fundingRate"":-0.0054,""openInterest"":234213,""longShortRatio"":1.25,""openInterestChange24h"":18},""symbol"":""BEL"",""paid_at"":1783351822.1723504,""pricing"":{""amount_usdc"":""0.005533""},""accounting"":{""currency"":""USDC"",""amount_usdc"":""0.005533""},""amount_raw"":""5533"",""buyer_type"":""human"",""invoice_id"":""inv_7aaf66adf58b"",""query_hash"":""c76ce8904a6965a5f6c2be540609939d5cda7da7a00ed05d8c1feb3eda052a25"",""settlement"":{""rail"":""circle_gateway_x402"",""amount"":""0.005533"",""network"":""Arc Testnet"",""currency"":""USDC"",""decimals"":6,""token_address"":""0x3600000000000000000000000000000000000000"",""gateway_supported"":true},""amount_usdc"":0.005533,""provider_id"":""oi_memory"",""explorer_url"":null,""payer_address"":""0x9a6126cf24d565f6fd7ad3639f7bf11928c385df"",""resource_type"":""qma_signal_report"",""settlement_id"":""c8301948-9ef0-47f6-8a3e-6a4c959eb2ea"",""gateway_status"":""completed"",""seller_address"":""0x23e7c029a287a83d80b2e084e008211658dda11d"",""transaction_hash"":null,""provider_owner_wallet"":""0x2222222222222222222222222222222222222222""}",2026-07-06 15:30:24.388937+00,2026-07-06 15:30:24.388937+00
c87e93ce-b719-4d1b-a023-a35c67b499e7,inv_3cb276725d16,c87e93ce-b719-4d1b-a023-a35c67b499e7,0xbe6ee76916726d1d04155dde8923d58e720557a1,1000BTT,full,funding_memory,0.005,completed,0xb0a20339942da7e824b66b6d3bffb80c0a12c68f65a103ebec71a39137c2d8f7,https://testnet.arcscan.app/tx/0xb0a20339942da7e824b66b6d3bffb80c0a12c68f65a103ebec71a39137c2d8f7,1782181515.88885,"{""tier"":""full"",""query"":{""FDV"":40770,""amount"":null,""symbol"":""1000BTT"",""fromATH"":-50,""circRatio"":0.67,""marketCap"":27180,""volume24h"":4,""fundingRate"":-0.0119},""symbol"":""1000BTT"",""paid_at"":1782181515.8888535,""amount_raw"":""5000"",""buyer_type"":""human"",""invoice_id"":""inv_3cb276725d16"",""query_hash"":""5d38bac302e59e4f51c4913a76e3b3bf10fa4a20d1136c84d93836f193bfda1a"",""amount_usdc"":0.005,""provider_id"":""funding_memory"",""explorer_url"":""https://testnet.arcscan.app/tx/0xb0a20339942da7e824b66b6d3bffb80c0a12c68f65a103ebec71a39137c2d8f7"",""payer_address"":""0xbe6ee76916726d1d04155dde8923d58e720557a1"",""resource_type"":""qma_signal_report"",""settlement_id"":""c87e93ce-b719-4d1b-a023-a35c67b499e7"",""gateway_status"":""completed"",""seller_address"":""0x23e7c029a287a83d80b2e084e008211658dda11d"",""transaction_hash"":""0xb0a20339942da7e824b66b6d3bffb80c0a12c68f65a103ebec71a39137c2d8f7"",""provider_owner_wallet"":""0x23e7c029a287a83d80b2e084e008211658dda11d""}",2026-06-23 02:25:20.347196+00,2026-06-23 02:25:20.347196+00
c8bff1c7-6cb3-42d1-be17-9484ecc1f137,inv_7f53248c9deb,c8bff1c7-6cb3-42d1-be17-9484ecc1f137,0xa397a50ad5729878c160e84ca1d8fd41880788ff,H_USDC,full,funding_memory,0.005,completed,0x849ce899f618cd357fb853431542a72fa25425fbf858ab0c07391fc7ae718365,https://testnet.arcscan.app/tx/0x849ce899f618cd357fb853431542a72fa25425fbf858ab0c07391fc7ae718365,1782117831.81861,"{""tier"":""full"",""query"":{""FDV"":23796000,""amount"":null,""symbol"":""H_USDC"",""fromATH"":-50,""circRatio"":0.67,""marketCap"":15864000,""volume24h"":39980,""fundingRate"":-0.0041},""symbol"":""H_USDC"",""paid_at"":1782117831.8186111,""amount_raw"":""5000"",""buyer_type"":""human"",""invoice_id"":""inv_7f53248c9deb"",""query_hash"":""ad685a408a3a4b565eb941cac2e319e8dd660af4ff81e91bc10e17f2f1e0d2d9"",""amount_usdc"":0.005,""provider_id"":""funding_memory"",""explorer_url"":""https://testnet.arcscan.app/tx/0x849ce899f618cd357fb853431542a72fa25425fbf858ab0c07391fc7ae718365"",""payer_address"":""0xa397a50ad5729878c160e84ca1d8fd41880788ff"",""resource_type"":""qma_signal_report"",""settlement_id"":""c8bff1c7-6cb3-42d1-be17-9484ecc1f137"",""gateway_status"":""completed"",""seller_address"":""0x23e7c029a287a83d80b2e084e008211658dda11d"",""transaction_hash"":""0x849ce899f618cd357fb853431542a72fa25425fbf858ab0c07391fc7ae718365"",""provider_owner_wallet"":""0x23e7c029a287a83d80b2e084e008211658dda11d""}",2026-06-22 08:43:57.490776+00,2026-06-22 08:43:57.490776+00
c96da301-2507-4c29-8b09-dd293c340566,inv_da02961dbdbc,c96da301-2507-4c29-8b09-dd293c340566,0x2c03cd73ad36230a3c5be43d51d72fdca32f53d4,TRUST,full,funding_memory,0.005,completed,0x4bafeb1cf0cb7d13d6d8ed23cdfe5c16db950a53e146a4db419305740f3302f8,https://testnet.arcscan.app/tx/0x4bafeb1cf0cb7d13d6d8ed23cdfe5c16db950a53e146a4db419305740f3302f8,1781834699.64898,"{""tier"":""full"",""query"":{""FDV"":53100000,""amount"":null,""symbol"":""TRUST"",""fromATH"":-50,""circRatio"":0.1,""marketCap"":5310000,""volume24h"":21168,""fundingRate"":-0.0057},""symbol"":""TRUST"",""paid_at"":1781834699.6489787,""amount_raw"":""5000"",""invoice_id"":""inv_da02961dbdbc"",""query_hash"":""28b09bb6e8266aaa9bfa08e5e3233e41e9e21f1b96173746ba992d3661888de7"",""amount_usdc"":0.005,""explorer_url"":""https://testnet.arcscan.app/tx/0x4bafeb1cf0cb7d13d6d8ed23cdfe5c16db950a53e146a4db419305740f3302f8"",""payer_address"":""0x2c03cd73ad36230a3c5be43d51d72fdca32f53d4"",""resource_type"":""qma_signal_report"",""settlement_id"":""c96da301-2507-4c29-8b09-dd293c340566"",""gateway_status"":""completed"",""seller_address"":""0x23e7c029a287a83d80b2e084e008211658dda11d"",""transaction_hash"":""0x4bafeb1cf0cb7d13d6d8ed23cdfe5c16db950a53e146a4db419305740f3302f8""}",2026-06-19 09:35:04.052192+00,2026-06-19 09:35:04.052192+00
c9d0d88f-dfcc-4ff0-a710-fad101cbdf20,inv_d9dfea16193c,c9d0d88f-dfcc-4ff0-a710-fad101cbdf20,0x65ffba942811cdb741583c9edcc178bb0f2a5a8d,BLUR,preview,funding_memory,0.000949,received,,,1783440593.45831,"{""tier"":""preview"",""query"":{""FDV"":44714451.5952,""price"":0.02309,""amount"":1145874.7305,""symbol"":""BLUR"",""fromATH"":-50,""circRatio"":0.65,""marketCap"":29809634.3968,""volume24h"":14904817.1984,""fundingRate"":-0.013608,""openInterest"":1145874.7305,""longShortRatio"":null,""openInterestChange24h"":null},""symbol"":""BLUR"",""paid_at"":1783440593.4583113,""pricing"":{""amount_usdc"":""0.000949""},""event_id"":""inv_d9dfea16193c:creator"",""split_leg"":{""role"":""creator"",""leg_id"":""creator"",""pay_to"":""0xb40971a5d88f31c7b8d88bf93f7d044f1383bf01"",""amount_raw"":""949"",""amount_usdc"":""0.000949""},""accounting"":{""currency"":""USDC"",""amount_usdc"":""0.001186"",""creator_wallet"":""0xb40971a5d88f31c7b8d88bf93f7d044f1383bf01"",""settlement_mode"":""x402_direct_split"",""creator_share_bps"":8000,""platform_share_bps"":2000},""amount_raw"":""949"",""buyer_type"":""agent"",""invoice_id"":""inv_d9dfea16193c"",""query_hash"":""329c6c87ae311a87ef19559c123960a875d1b305ec1670b7f0006eb4a26d3ce6"",""settlement"":{""mode"":""x402_direct_split"",""rail"":""circle_gateway_x402"",""amount"":""0.001186"",""network"":""Arc Testnet"",""currency"":""USDC"",""decimals"":6,""token_address"":""0x3600000000000000000000000000000000000000"",""gateway_supported"":true},""amount_usdc"":""0.000949"",""provider_id"":""funding_memory"",""explorer_url"":null,""payer_address"":""0x65ffba942811cdb741583c9edcc178bb0f2a5a8d"",""resource_type"":""qma_signal_report"",""settlement_id"":""c9d0d88f-dfcc-4ff0-a710-fad101cbdf20"",""gateway_status"":""received"",""seller_address"":""0xb40971a5d88f31c7b8d88bf93f7d044f1383bf01"",""transaction_hash"":null,""provider_owner_wallet"":""0xb40971a5d88f31c7b8d88bf93f7d044f1383bf01""}",2026-07-07 16:09:56.700768+00,2026-07-07 16:09:56.700768+00
ca062b74-1db7-4744-838f-7edb007290e5,inv_0a01b573449c,ca062b74-1db7-4744-838f-7edb007290e5,0xf5987818ebbee812eb730b6a395d66e664412cf5,BLUR,preview,oi_memory,0.000923,completed,0xe2c94e8cb0aee5a3190778e9c32eba921a51e1fa3bf0ea1c2d59e5867092d75f,https://testnet.arcscan.app/tx/0xe2c94e8cb0aee5a3190778e9c32eba921a51e1fa3bf0ea1c2d59e5867092d75f,1783428217.74232,"{""tier"":""preview"",""query"":{""FDV"":36114375.322799996,""price"":0.02398,""amount"":1201683.6018,""symbol"":""BLUR"",""fromATH"":-50,""circRatio"":0.65,""marketCap"":24076250.2152,""volume24h"":12038125.1076,""fundingRate"":-0.019028,""openInterest"":1201683.6018,""longShortRatio"":null,""openInterestChange24h"":null},""symbol"":""BLUR"",""paid_at"":1783428217.7423177,""pricing"":{""amount_usdc"":""0.000923""},""event_id"":""inv_0a01b573449c:creator"",""split_leg"":{""role"":""creator"",""leg_id"":""creator"",""pay_to"":""0x2222222222222222222222222222222222222222"",""amount_raw"":""923"",""amount_usdc"":""0.000923""},""accounting"":{""currency"":""USDC"",""amount_usdc"":""0.001154"",""creator_wallet"":""0x2222222222222222222222222222222222222222"",""settlement_mode"":""x402_direct_split"",""creator_share_bps"":8000,""platform_share_bps"":2000},""amount_raw"":""923"",""buyer_type"":""agent"",""invoice_id"":""inv_0a01b573449c"",""query_hash"":""68d260d61476b46e858312a52341899c266e97d8e99b5b24a18ac0edfa84f173"",""settlement"":{""mode"":""x402_direct_split"",""rail"":""circle_gateway_x402"",""amount"":""0.001154"",""network"":""Arc Testnet"",""currency"":""USDC"",""decimals"":6,""token_address"":""0x3600000000000000000000000000000000000000"",""gateway_supported"":true},""amount_usdc"":""0.000923"",""provider_id"":""oi_memory"",""explorer_url"":""https://testnet.arcscan.app/tx/0xe2c94e8cb0aee5a3190778e9c32eba921a51e1fa3bf0ea1c2d59e5867092d75f"",""payer_address"":""0xf5987818ebbee812eb730b6a395d66e664412cf5"",""resource_type"":""qma_signal_report"",""settlement_id"":""ca062b74-1db7-4744-838f-7edb007290e5"",""gateway_status"":""completed"",""seller_address"":""0x2222222222222222222222222222222222222222"",""transaction_hash"":""0xe2c94e8cb0aee5a3190778e9c32eba921a51e1fa3bf0ea1c2d59e5867092d75f"",""provider_owner_wallet"":""0x2222222222222222222222222222222222222222""}",2026-07-07 12:43:41.0022+00,2026-07-07 12:43:41.0022+00
cc42dd4b-c298-41d6-955a-cf01c85e59e7,inv_d467cf53127f,cc42dd4b-c298-41d6-955a-cf01c85e59e7,0x2c03cd73ad36230a3c5be43d51d72fdca32f53d4,WAVES,legacy,funding_memory,0.05,completed,0x4a753576059667b86145131d24caf0ed2a593bbac8c64a01db062a83b3aa9f90,https://testnet.arcscan.app/tx/0x4a753576059667b86145131d24caf0ed2a593bbac8c64a01db062a83b3aa9f90,1781713533.26035,"{""tier"":""legacy"",""symbol"":""WAVES"",""paid_at"":1781713533.2603502,""amount_raw"":""50000"",""invoice_id"":""inv_d467cf53127f"",""amount_usdc"":0.05,""explorer_url"":""https://testnet.arcscan.app/tx/0x4a753576059667b86145131d24caf0ed2a593bbac8c64a01db062a83b3aa9f90"",""payer_address"":""0x2c03cd73ad36230a3c5be43d51d72fdca32f53d4"",""settlement_id"":""cc42dd4b-c298-41d6-955a-cf01c85e59e7"",""gateway_status"":""completed"",""seller_address"":""0x23e7c029a287a83d80b2e084e008211658dda11d"",""transaction_hash"":""0x4a753576059667b86145131d24caf0ed2a593bbac8c64a01db062a83b3aa9f90""}",2026-06-19 09:35:04.052192+00,2026-06-19 16:49:23.325599+00
cca2cb27-a83f-4672-af6d-f247c4033f20,inv_a24faae5fcba,cca2cb27-a83f-4672-af6d-f247c4033f20,0xf5987818ebbee812eb730b6a395d66e664412cf5,ETH-USDT,preview,funding_memory,0.000204,completed,,,1789012463.69499,"{""tier"":""preview"",""query"":{""FDV"":null,""price"":null,""amount"":null,""symbol"":""ETH-USDT"",""fromATH"":null,""circRatio"":null,""marketCap"":null,""volume24h"":null,""fundingRate"":0,""openInterest"":null,""longShortRatio"":null,""openInterestChange24h"":null},""symbol"":""ETH-USDT"",""paid_at"":1789012463.6949918,""pricing"":{""amount_usdc"":""0.000204""},""event_id"":""inv_a24faae5fcba:platform"",""split_leg"":{""role"":""platform"",""leg_id"":""platform"",""pay_to"":""0x23e7c029a287a83d80b2e084e008211658dda11d"",""amount_raw"":""204"",""amount_usdc"":""0.000204""},""synthetic"":false,""accounting"":{""currency"":""USDC"",""amount_usdc"":""0.001018"",""creator_wallet"":""0xb40971a5d88f31c7b8d88bf93f7d044f1383bf01"",""settlement_mode"":""x402_direct_split"",""creator_share_bps"":8000,""platform_share_bps"":2000},""amount_raw"":""204"",""buyer_type"":""agent"",""invoice_id"":""inv_a24faae5fcba"",""query_hash"":""778d8c304a06b66ffad3920906f18613198402b729d1c5fee8d7d3ad555ac35a"",""run_source"":null,""settlement"":{""mode"":""x402_direct_split"",""rail"":""circle_gateway_x402"",""amount"":""0.001018"",""network"":""Arc Testnet"",""currency"":""USDC"",""decimals"":6,""token_address"":""0x3600000000000000000000000000000000000000"",""gateway_supported"":true},""agent_label"":null,""amount_usdc"":""0.000204"",""provider_id"":""funding_memory"",""explorer_url"":null,""payer_address"":""0xf5987818ebbee812eb730b6a395d66e664412cf5"",""resource_type"":""qma_signal_report"",""settlement_id"":""cca2cb27-a83f-4672-af6d-f247c4033f20"",""gateway_status"":""completed"",""seller_address"":""0x23e7c029a287a83d80b2e084e008211658dda11d"",""transaction_hash"":null,""buyer_wallet_address"":""0xf5987818ebbee812eb730b6a395d66e664412cf5"",""provider_owner_wallet"":""0xb40971a5d88f31c7b8d88bf93f7d044f1383bf01""}",2026-09-10 03:54:25.666588+00,2026-09-10 03:54:25.666588+00
cd10f284-6641-4758-9ae2-39f3af8c665e,inv_b1b4977efa3f,cd10f284-6641-4758-9ae2-39f3af8c665e,0x2c03cd73ad36230a3c5be43d51d72fdca32f53d4,BLEND,full,funding_memory,0.005,completed,0x4bafeb1cf0cb7d13d6d8ed23cdfe5c16db950a53e146a4db419305740f3302f8,https://testnet.arcscan.app/tx/0x4bafeb1cf0cb7d13d6d8ed23cdfe5c16db950a53e146a4db419305740f3302f8,1781834319.12678,"{""tier"":""full"",""query"":{""FDV"":61690000,""amount"":null,""symbol"":""BLEND"",""fromATH"":-75.49,""circRatio"":0.2,""marketCap"":12338000,""volume24h"":24124077,""fundingRate"":-0.0064},""symbol"":""BLEND"",""paid_at"":1781834319.126775,""amount_raw"":""5000"",""invoice_id"":""inv_b1b4977efa3f"",""query_hash"":""656e92aa5ddb1a72b2179a3f114de9bc4b2bb7dcc14ba6d3c7ea3f7f295689cf"",""amount_usdc"":0.005,""explorer_url"":""https://testnet.arcscan.app/tx/0x4bafeb1cf0cb7d13d6d8ed23cdfe5c16db950a53e146a4db419305740f3302f8"",""payer_address"":""0x2c03cd73ad36230a3c5be43d51d72fdca32f53d4"",""resource_type"":""qma_signal_report"",""settlement_id"":""cd10f284-6641-4758-9ae2-39f3af8c665e"",""gateway_status"":""completed"",""seller_address"":""0x23e7c029a287a83d80b2e084e008211658dda11d"",""transaction_hash"":""0x4bafeb1cf0cb7d13d6d8ed23cdfe5c16db950a53e146a4db419305740f3302f8""}",2026-06-19 09:35:04.052192+00,2026-06-19 09:35:04.052192+00
cd55d296-e98a-4c4a-8b22-b94503e4f080,inv_732e25fa9370,cd55d296-e98a-4c4a-8b22-b94503e4f080,0x2c03cd73ad36230a3c5be43d51d72fdca32f53d4,BLEND,legacy,funding_memory,0.05,completed,0xd7d900c8a33ee74b37cef3c895fef1f242d9b762328a1e21f3b590f756a890fc,https://testnet.arcscan.app/tx/0xd7d900c8a33ee74b37cef3c895fef1f242d9b762328a1e21f3b590f756a890fc,1781769519.01217,"{""tier"":""legacy"",""symbol"":""BLEND"",""paid_at"":1781769519.01217,""amount_raw"":""50000"",""invoice_id"":""inv_732e25fa9370"",""amount_usdc"":0.05,""explorer_url"":""https://testnet.arcscan.app/tx/0xd7d900c8a33ee74b37cef3c895fef1f242d9b762328a1e21f3b590f756a890fc"",""payer_address"":""0x2c03cd73ad36230a3c5be43d51d72fdca32f53d4"",""settlement_id"":""cd55d296-e98a-4c4a-8b22-b94503e4f080"",""gateway_status"":""completed"",""seller_address"":""0x23e7c029a287a83d80b2e084e008211658dda11d"",""transaction_hash"":""0xd7d900c8a33ee74b37cef3c895fef1f242d9b762328a1e21f3b590f756a890fc""}",2026-06-19 09:35:04.052192+00,2026-06-19 16:49:23.325599+00
cd98fdb7-da26-4b99-9ae8-430ed9141c51,inv_e51d9299a881,cd98fdb7-da26-4b99-9ae8-430ed9141c51,0xf988a9ac9c7de8df28dd188a2a85cf5cec673d1c,LAB,preview,funding_memory,0.000241,received,,,1783446473.73226,"{""tier"":""preview"",""query"":{""FDV"":304762443.531,""price"":4.079,""amount"":2860929.02,""symbol"":""LAB"",""fromATH"":-50,""circRatio"":0.65,""marketCap"":203174962.354,""volume24h"":101587481.177,""fundingRate"":-0.017741,""openInterest"":2860929.02,""longShortRatio"":null,""openInterestChange24h"":null},""symbol"":""LAB"",""paid_at"":1783446473.73226,""pricing"":{""amount_usdc"":""0.000241""},""event_id"":""inv_e51d9299a881:platform"",""split_leg"":{""role"":""platform"",""leg_id"":""platform"",""pay_to"":""0x23e7c029a287a83d80b2e084e008211658dda11d"",""amount_raw"":""241"",""amount_usdc"":""0.000241""},""accounting"":{""currency"":""USDC"",""amount_usdc"":""0.001205"",""creator_wallet"":""0xb40971a5d88f31c7b8d88bf93f7d044f1383bf01"",""settlement_mode"":""x402_direct_split"",""creator_share_bps"":8000,""platform_share_bps"":2000},""amount_raw"":""241"",""buyer_type"":""agent"",""invoice_id"":""inv_e51d9299a881"",""query_hash"":""891812a37b5a784c335372114c77ed43836971ddcf6cf7fe98f9092872cffab0"",""settlement"":{""mode"":""x402_direct_split"",""rail"":""circle_gateway_x402"",""amount"":""0.001205"",""network"":""Arc Testnet"",""currency"":""USDC"",""decimals"":6,""token_address"":""0x3600000000000000000000000000000000000000"",""gateway_supported"":true},""amount_usdc"":""0.000241"",""provider_id"":""funding_memory"",""explorer_url"":null,""payer_address"":""0xf988a9ac9c7de8df28dd188a2a85cf5cec673d1c"",""resource_type"":""qma_signal_report"",""settlement_id"":""cd98fdb7-da26-4b99-9ae8-430ed9141c51"",""gateway_status"":""received"",""seller_address"":""0x23e7c029a287a83d80b2e084e008211658dda11d"",""transaction_hash"":null,""provider_owner_wallet"":""0xb40971a5d88f31c7b8d88bf93f7d044f1383bf01""}",2026-07-07 17:47:56.196384+00,2026-07-07 17:47:56.196384+00
ce6dc7e3-a8c3-4130-a750-d5fb56c7da93,inv_e0611ec30ff6,ce6dc7e3-a8c3-4130-a750-d5fb56c7da93,0x9a6126cf24d565f6fd7ad3639f7bf11928c385df,BOBA,full,funding_memory,0.005,completed,0xaf37f4cd138ce0400779478866ff0cf05a8a052d5bb49f56cfa6f066f713f631,https://testnet.arcscan.app/tx/0xaf37f4cd138ce0400779478866ff0cf05a8a052d5bb49f56cfa6f066f713f631,1781973670.20326,"{""tier"":""full"",""query"":{""FDV"":3988500,""amount"":null,""symbol"":""BOBA"",""fromATH"":-50,""circRatio"":0.67,""marketCap"":2659000,""volume24h"":169614,""fundingRate"":-0.0342},""symbol"":""BOBA"",""paid_at"":1781973670.203256,""amount_raw"":""5000"",""buyer_type"":""human"",""invoice_id"":""inv_e0611ec30ff6"",""query_hash"":""051a27171993a38d4787073da1201135a671ba19bd9f381ba85ea616d5256501"",""amount_usdc"":0.005,""provider_id"":""funding_memory"",""explorer_url"":""https://testnet.arcscan.app/tx/0xaf37f4cd138ce0400779478866ff0cf05a8a052d5bb49f56cfa6f066f713f631"",""payer_address"":""0x9a6126cf24d565f6fd7ad3639f7bf11928c385df"",""resource_type"":""qma_signal_report"",""settlement_id"":""ce6dc7e3-a8c3-4130-a750-d5fb56c7da93"",""tier_category"":""full"",""gateway_status"":""completed"",""seller_address"":""0x23e7c029a287a83d80b2e084e008211658dda11d"",""transaction_hash"":""0xaf37f4cd138ce0400779478866ff0cf05a8a052d5bb49f56cfa6f066f713f631"",""provider_owner_wallet"":""0x23e7c029a287a83d80b2e084e008211658dda11d""}",2026-06-20 16:41:12.887933+00,2026-06-20 16:41:12.887933+00
cefd4173-3484-4530-83bc-2ffdd22a1af1,inv_da7029f22faf,cefd4173-3484-4530-83bc-2ffdd22a1af1,0x2b63768f695cf4624a861cfed7d06219d1af2a8c,BLUR,preview,funding_memory,0.00095,received,,,1783439163.11319,"{""tier"":""preview"",""query"":{""FDV"":41363086.390200004,""price"":0.02409,""amount"":1281284.9478,""symbol"":""BLUR"",""fromATH"":-50,""circRatio"":0.65,""marketCap"":27575390.9268,""volume24h"":13787695.4634,""fundingRate"":-0.013828,""openInterest"":1281284.9478,""longShortRatio"":null,""openInterestChange24h"":null},""symbol"":""BLUR"",""paid_at"":1783439163.1131935,""pricing"":{""amount_usdc"":""0.00095""},""event_id"":""inv_da7029f22faf:creator"",""split_leg"":{""role"":""creator"",""leg_id"":""creator"",""pay_to"":""0xb40971a5d88f31c7b8d88bf93f7d044f1383bf01"",""amount_raw"":""950"",""amount_usdc"":""0.00095""},""accounting"":{""currency"":""USDC"",""amount_usdc"":""0.001187"",""creator_wallet"":""0xb40971a5d88f31c7b8d88bf93f7d044f1383bf01"",""settlement_mode"":""x402_direct_split"",""creator_share_bps"":8000,""platform_share_bps"":2000},""amount_raw"":""950"",""buyer_type"":""agent"",""invoice_id"":""inv_da7029f22faf"",""query_hash"":""186e43935c8a266474eee3619df3c11f162e38646276e082414467e2317ac14a"",""settlement"":{""mode"":""x402_direct_split"",""rail"":""circle_gateway_x402"",""amount"":""0.001187"",""network"":""Arc Testnet"",""currency"":""USDC"",""decimals"":6,""token_address"":""0x3600000000000000000000000000000000000000"",""gateway_supported"":true},""amount_usdc"":""0.00095"",""provider_id"":""funding_memory"",""explorer_url"":null,""payer_address"":""0x2b63768f695cf4624a861cfed7d06219d1af2a8c"",""resource_type"":""qma_signal_report"",""settlement_id"":""cefd4173-3484-4530-83bc-2ffdd22a1af1"",""gateway_status"":""received"",""seller_address"":""0xb40971a5d88f31c7b8d88bf93f7d044f1383bf01"",""transaction_hash"":null,""provider_owner_wallet"":""0xb40971a5d88f31c7b8d88bf93f7d044f1383bf01""}",2026-07-07 15:46:06.352506+00,2026-07-07 15:46:06.352506+00
d03e63c1-9ad3-489e-9baf-c97c162e169d,inv_5a0023d23c24,d03e63c1-9ad3-489e-9baf-c97c162e169d,0x2b63768f695cf4624a861cfed7d06219d1af2a8c,GWEI,full,funding_memory,0.004467,completed,,,1783447080.48799,"{""tier"":""full"",""query"":{""FDV"":15000000,""price"":0.1087,""amount"":1292029.94,""symbol"":""GWEI"",""fromATH"":-50,""circRatio"":0.65,""marketCap"":10000000,""volume24h"":1081359.11,""fundingRate"":-0.006057,""openInterest"":1292029.94,""longShortRatio"":null,""openInterestChange24h"":null},""symbol"":""GWEI"",""paid_at"":1783447080.4879944,""pricing"":{""amount_usdc"":""0.004467""},""event_id"":""inv_5a0023d23c24:creator"",""split_leg"":{""role"":""creator"",""leg_id"":""creator"",""pay_to"":""0xb40971a5d88f31c7b8d88bf93f7d044f1383bf01"",""amount_raw"":""4467"",""amount_usdc"":""0.004467""},""accounting"":{""currency"":""USDC"",""amount_usdc"":""0.005584"",""creator_wallet"":""0xb40971a5d88f31c7b8d88bf93f7d044f1383bf01"",""settlement_mode"":""x402_direct_split"",""creator_share_bps"":8000,""platform_share_bps"":2000},""amount_raw"":""4467"",""buyer_type"":""agent"",""invoice_id"":""inv_5a0023d23c24"",""query_hash"":""2aeb997f5fba7f464a0090acdea5d98b3c3edef82b48e2ebd00c31ceed0d7d51"",""settlement"":{""mode"":""x402_direct_split"",""rail"":""circle_gateway_x402"",""amount"":""0.005584"",""network"":""Arc Testnet"",""currency"":""USDC"",""decimals"":6,""token_address"":""0x3600000000000000000000000000000000000000"",""gateway_supported"":true},""amount_usdc"":""0.004467"",""provider_id"":""funding_memory"",""explorer_url"":null,""payer_address"":""0x2b63768f695cf4624a861cfed7d06219d1af2a8c"",""resource_type"":""qma_signal_report"",""settlement_id"":""d03e63c1-9ad3-489e-9baf-c97c162e169d"",""gateway_status"":""completed"",""seller_address"":""0xb40971a5d88f31c7b8d88bf93f7d044f1383bf01"",""transaction_hash"":null,""provider_owner_wallet"":""0xb40971a5d88f31c7b8d88bf93f7d044f1383bf01""}",2026-07-07 17:58:03.673963+00,2026-07-07 17:58:03.673963+00
d0f9517f-0d8d-41ad-810e-b66ac3ecf797,inv_4ba453236716,d0f9517f-0d8d-41ad-810e-b66ac3ecf797,0x6a4ac02680fa244e77c4791e12d20c9e40e7fe19,BLUR,preview,funding_memory,0.000237,received,,,1783441153.30562,"{""tier"":""preview"",""query"":{""FDV"":45101134.3557,""price"":0.02208,""amount"":992620.3104,""symbol"":""BLUR"",""fromATH"":-50,""circRatio"":0.65,""marketCap"":30067422.9038,""volume24h"":15033711.4519,""fundingRate"":-0.013482,""openInterest"":992620.3104,""longShortRatio"":null,""openInterestChange24h"":null},""symbol"":""BLUR"",""paid_at"":1783441153.3056238,""pricing"":{""amount_usdc"":""0.000237""},""event_id"":""inv_4ba453236716:platform"",""split_leg"":{""role"":""platform"",""leg_id"":""platform"",""pay_to"":""0x23e7c029a287a83d80b2e084e008211658dda11d"",""amount_raw"":""237"",""amount_usdc"":""0.000237""},""accounting"":{""currency"":""USDC"",""amount_usdc"":""0.001186"",""creator_wallet"":""0xb40971a5d88f31c7b8d88bf93f7d044f1383bf01"",""settlement_mode"":""x402_direct_split"",""creator_share_bps"":8000,""platform_share_bps"":2000},""amount_raw"":""237"",""buyer_type"":""agent"",""invoice_id"":""inv_4ba453236716"",""query_hash"":""53e39b63c79d7587632f2b4f3858add348a7ac20e1e3796a5406a3accb3a44e2"",""settlement"":{""mode"":""x402_direct_split"",""rail"":""circle_gateway_x402"",""amount"":""0.001186"",""network"":""Arc Testnet"",""currency"":""USDC"",""decimals"":6,""token_address"":""0x3600000000000000000000000000000000000000"",""gateway_supported"":true},""amount_usdc"":""0.000237"",""provider_id"":""funding_memory"",""explorer_url"":null,""payer_address"":""0x6a4ac02680fa244e77c4791e12d20c9e40e7fe19"",""resource_type"":""qma_signal_report"",""settlement_id"":""d0f9517f-0d8d-41ad-810e-b66ac3ecf797"",""gateway_status"":""received"",""seller_address"":""0x23e7c029a287a83d80b2e084e008211658dda11d"",""transaction_hash"":null,""provider_owner_wallet"":""0xb40971a5d88f31c7b8d88bf93f7d044f1383bf01""}",2026-07-07 16:19:16.065776+00,2026-07-07 16:19:16.065776+00
d16a4691-00a8-4c5c-b71a-b90cc91a43d4,inv_81310469dadb,d16a4691-00a8-4c5c-b71a-b90cc91a43d4,0xb40971a5d88f31c7b8d88bf93f7d044f1383bf01,LAYER,preview,funding_memory,0.001,completed,0xc01724b6b0593db575598abc04c84ae61465edbe7360e59f1347a33d3677956a,https://testnet.arcscan.app/tx/0xc01724b6b0593db575598abc04c84ae61465edbe7360e59f1347a33d3677956a,1782137371.04756,"{""tier"":""preview"",""query"":{""FDV"":11650500,""amount"":null,""symbol"":""LAYER"",""fromATH"":-50,""circRatio"":0.67,""marketCap"":7767000,""volume24h"":86697,""fundingRate"":-0.0061},""symbol"":""LAYER"",""paid_at"":1782137371.0475564,""amount_raw"":""1000"",""buyer_type"":""human"",""invoice_id"":""inv_81310469dadb"",""query_hash"":""27b1a666358c5e39ded29b7a4bc071c05cc6507a0352cadc712f062313f60381"",""amount_usdc"":0.001,""provider_id"":""funding_memory"",""explorer_url"":""https://testnet.arcscan.app/tx/0xc01724b6b0593db575598abc04c84ae61465edbe7360e59f1347a33d3677956a"",""payer_address"":""0xb40971a5d88f31c7b8d88bf93f7d044f1383bf01"",""resource_type"":""qma_signal_report"",""settlement_id"":""d16a4691-00a8-4c5c-b71a-b90cc91a43d4"",""gateway_status"":""completed"",""seller_address"":""0x23e7c029a287a83d80b2e084e008211658dda11d"",""transaction_hash"":""0xc01724b6b0593db575598abc04c84ae61465edbe7360e59f1347a33d3677956a"",""provider_owner_wallet"":""0x23e7c029a287a83d80b2e084e008211658dda11d""}",2026-06-22 14:09:34.70926+00,2026-06-22 14:09:34.70926+00
d16b0388-7cec-45ff-92f2-86dbda3cb95b,inv_6ea3cefa706f,d16b0388-7cec-45ff-92f2-86dbda3cb95b,0xc7d5a0fca674bd416dd94391c91b0f9fa4fa8628,H,full,funding_memory,0.005,completed,0x735c5af008c916cfc0b6bb59e5d33a0a7c547f6cb594bd84e8bce893a1e15ba2,https://testnet.arcscan.app/tx/0x735c5af008c916cfc0b6bb59e5d33a0a7c547f6cb594bd84e8bce893a1e15ba2,1782095595.45049,"{""tier"":""full"",""query"":{""FDV"":28071000,""amount"":null,""symbol"":""H"",""fromATH"":-50,""circRatio"":0.67,""marketCap"":18714000,""volume24h"":1206972,""fundingRate"":-0.0069},""symbol"":""H"",""paid_at"":1782095595.4504914,""amount_raw"":""5000"",""buyer_type"":""human"",""invoice_id"":""inv_6ea3cefa706f"",""query_hash"":""ff07f81320375830ff2283a232edc781446e6962347242c9b4183d4c9926dcc1"",""amount_usdc"":0.005,""provider_id"":""funding_memory"",""explorer_url"":""https://testnet.arcscan.app/tx/0x735c5af008c916cfc0b6bb59e5d33a0a7c547f6cb594bd84e8bce893a1e15ba2"",""payer_address"":""0xc7d5a0fca674bd416dd94391c91b0f9fa4fa8628"",""resource_type"":""qma_signal_report"",""settlement_id"":""d16b0388-7cec-45ff-92f2-86dbda3cb95b"",""gateway_status"":""completed"",""seller_address"":""0x23e7c029a287a83d80b2e084e008211658dda11d"",""transaction_hash"":""0x735c5af008c916cfc0b6bb59e5d33a0a7c547f6cb594bd84e8bce893a1e15ba2"",""provider_owner_wallet"":""0x23e7c029a287a83d80b2e084e008211658dda11d""}",2026-06-22 02:33:17.174827+00,2026-06-22 02:33:17.174827+00
d1975c42-9483-41dd-a10f-8eff61b5f104,inv_592f6d044d9e,d1975c42-9483-41dd-a10f-8eff61b5f104,0x9a6126cf24d565f6fd7ad3639f7bf11928c385df,NKESTOCK,preview,funding_memory,0.001,completed,0x063ed4e4e8f64ad757553104bdb6010c11138da71be4240d12ba59b57c5bdd5a,https://testnet.arcscan.app/tx/0x063ed4e4e8f64ad757553104bdb6010c11138da71be4240d12ba59b57c5bdd5a,1782894487.663,"{""tier"":""preview"",""query"":{""FDV"":5953800000,""amount"":144936250.916,""symbol"":""NKESTOCK"",""fromATH"":-50,""circRatio"":0.666666666667,""marketCap"":3969200000,""volume24h"":28987250.1832,""fundingRate"":-0.005},""symbol"":""NKESTOCK"",""paid_at"":1782894487.663,""amount_raw"":""1000"",""buyer_type"":""agent"",""invoice_id"":""inv_592f6d044d9e"",""query_hash"":""53d0da0cb0ec97075c794d153784545b3e103d2856232621a4c6d35f4e7662e3"",""amount_usdc"":0.001,""provider_id"":""funding_memory"",""explorer_url"":""https://testnet.arcscan.app/tx/0x063ed4e4e8f64ad757553104bdb6010c11138da71be4240d12ba59b57c5bdd5a"",""payer_address"":""0x9a6126cf24d565f6fd7ad3639f7bf11928c385df"",""resource_type"":""qma_signal_report"",""settlement_id"":""d1975c42-9483-41dd-a10f-8eff61b5f104"",""gateway_status"":""completed"",""seller_address"":""0x23e7c029a287a83d80b2e084e008211658dda11d"",""transaction_hash"":""0x063ed4e4e8f64ad757553104bdb6010c11138da71be4240d12ba59b57c5bdd5a"",""provider_owner_wallet"":""0x23e7c029a287a83d80b2e084e008211658dda11d""}",2026-07-01 08:28:09.378088+00,2026-07-01 08:28:09.378088+00
d1dc1c66-5681-46bb-ae81-bab33702f638,inv_0a01b573449c,d1dc1c66-5681-46bb-ae81-bab33702f638,0xf5987818ebbee812eb730b6a395d66e664412cf5,BLUR,preview,oi_memory,0.000231,completed,0xe2c94e8cb0aee5a3190778e9c32eba921a51e1fa3bf0ea1c2d59e5867092d75f,https://testnet.arcscan.app/tx/0xe2c94e8cb0aee5a3190778e9c32eba921a51e1fa3bf0ea1c2d59e5867092d75f,1783428218.42992,"{""tier"":""preview"",""query"":{""FDV"":36114375.322799996,""price"":0.02398,""amount"":1201683.6018,""symbol"":""BLUR"",""fromATH"":-50,""circRatio"":0.65,""marketCap"":24076250.2152,""volume24h"":12038125.1076,""fundingRate"":-0.019028,""openInterest"":1201683.6018,""longShortRatio"":null,""openInterestChange24h"":null},""symbol"":""BLUR"",""paid_at"":1783428218.4299219,""pricing"":{""amount_usdc"":""0.000231""},""event_id"":""inv_0a01b573449c:platform"",""split_leg"":{""role"":""platform"",""leg_id"":""platform"",""pay_to"":""0x23e7c029a287a83d80b2e084e008211658dda11d"",""amount_raw"":""231"",""amount_usdc"":""0.000231""},""accounting"":{""currency"":""USDC"",""amount_usdc"":""0.001154"",""creator_wallet"":""0x2222222222222222222222222222222222222222"",""settlement_mode"":""x402_direct_split"",""creator_share_bps"":8000,""platform_share_bps"":2000},""amount_raw"":""231"",""buyer_type"":""agent"",""invoice_id"":""inv_0a01b573449c"",""query_hash"":""68d260d61476b46e858312a52341899c266e97d8e99b5b24a18ac0edfa84f173"",""settlement"":{""mode"":""x402_direct_split"",""rail"":""circle_gateway_x402"",""amount"":""0.001154"",""network"":""Arc Testnet"",""currency"":""USDC"",""decimals"":6,""token_address"":""0x3600000000000000000000000000000000000000"",""gateway_supported"":true},""amount_usdc"":""0.000231"",""provider_id"":""oi_memory"",""explorer_url"":""https://testnet.arcscan.app/tx/0xe2c94e8cb0aee5a3190778e9c32eba921a51e1fa3bf0ea1c2d59e5867092d75f"",""payer_address"":""0xf5987818ebbee812eb730b6a395d66e664412cf5"",""resource_type"":""qma_signal_report"",""settlement_id"":""d1dc1c66-5681-46bb-ae81-bab33702f638"",""gateway_status"":""completed"",""seller_address"":""0x23e7c029a287a83d80b2e084e008211658dda11d"",""transaction_hash"":""0xe2c94e8cb0aee5a3190778e9c32eba921a51e1fa3bf0ea1c2d59e5867092d75f"",""provider_owner_wallet"":""0x2222222222222222222222222222222222222222""}",2026-07-07 12:43:41.0022+00,2026-07-07 12:43:41.0022+00
d39ff2ae-ff67-4c12-b9b3-99999740a663,inv_913733aebe18,d39ff2ae-ff67-4c12-b9b3-99999740a663,0x91bf578f5d75c2d8e69dce61129042795e00bffa,SPELL,preview,funding_memory,0.000958,completed,0x80b6fb1e68f19a6e50a420569c2e4b846d7a53b4554e95bcb8378160bd70acfe,https://testnet.arcscan.app/tx/0x80b6fb1e68f19a6e50a420569c2e4b846d7a53b4554e95bcb8378160bd70acfe,1783474211.21516,"{""tier"":""preview"",""query"":{""FDV"":15000000,""price"":0.0001092,""amount"":503511.56856,""symbol"":""SPELL"",""fromATH"":-50,""circRatio"":0.65,""marketCap"":10000000,""volume24h"":2970379.31668,""fundingRate"":-0.016111,""openInterest"":503511.56856,""longShortRatio"":null,""openInterestChange24h"":null},""symbol"":""SPELL"",""paid_at"":1783474211.2151632,""pricing"":{""amount_usdc"":""0.000958""},""event_id"":""inv_913733aebe18:creator"",""split_leg"":{""role"":""creator"",""leg_id"":""creator"",""pay_to"":""0xb40971a5d88f31c7b8d88bf93f7d044f1383bf01"",""amount_raw"":""958"",""amount_usdc"":""0.000958""},""accounting"":{""currency"":""USDC"",""amount_usdc"":""0.001197"",""creator_wallet"":""0xb40971a5d88f31c7b8d88bf93f7d044f1383bf01"",""settlement_mode"":""x402_direct_split"",""creator_share_bps"":8000,""platform_share_bps"":2000},""amount_raw"":""958"",""buyer_type"":""agent"",""invoice_id"":""inv_913733aebe18"",""query_hash"":""00d5797a98e1ac19010620e77f7fe01440af684f1a42adb0eec67779f4b61b27"",""settlement"":{""mode"":""x402_direct_split"",""rail"":""circle_gateway_x402"",""amount"":""0.001197"",""network"":""Arc Testnet"",""currency"":""USDC"",""decimals"":6,""token_address"":""0x3600000000000000000000000000000000000000"",""gateway_supported"":true},""amount_usdc"":""0.000958"",""provider_id"":""funding_memory"",""explorer_url"":""https://testnet.arcscan.app/tx/0x80b6fb1e68f19a6e50a420569c2e4b846d7a53b4554e95bcb8378160bd70acfe"",""payer_address"":""0x91bf578f5d75c2d8e69dce61129042795e00bffa"",""resource_type"":""qma_signal_report"",""settlement_id"":""d39ff2ae-ff67-4c12-b9b3-99999740a663"",""gateway_status"":""completed"",""seller_address"":""0xb40971a5d88f31c7b8d88bf93f7d044f1383bf01"",""transaction_hash"":""0x80b6fb1e68f19a6e50a420569c2e4b846d7a53b4554e95bcb8378160bd70acfe"",""provider_owner_wallet"":""0xb40971a5d88f31c7b8d88bf93f7d044f1383bf01""}",2026-07-08 01:30:14.444394+00,2026-07-08 01:30:14.444394+00
d3fb1951-0f11-4e9a-9e08-d0f607a2c92d,inv_e6445f4ace3e,d3fb1951-0f11-4e9a-9e08-d0f607a2c92d,0x6a4ac02680fa244e77c4791e12d20c9e40e7fe19,GWEI,preview,funding_memory,0.000894,completed,,,1783446970.16376,"{""tier"":""preview"",""query"":{""FDV"":15000000,""price"":0.1086,""amount"":1279731.54,""symbol"":""GWEI"",""fromATH"":-50,""circRatio"":0.65,""marketCap"":10000000,""volume24h"":1078171.47,""fundingRate"":-0.006029,""openInterest"":1279731.54,""longShortRatio"":null,""openInterestChange24h"":null},""symbol"":""GWEI"",""paid_at"":1783446970.1637552,""pricing"":{""amount_usdc"":""0.000894""},""event_id"":""inv_e6445f4ace3e:creator"",""split_leg"":{""role"":""creator"",""leg_id"":""creator"",""pay_to"":""0xb40971a5d88f31c7b8d88bf93f7d044f1383bf01"",""amount_raw"":""894"",""amount_usdc"":""0.000894""},""accounting"":{""currency"":""USDC"",""amount_usdc"":""0.001117"",""creator_wallet"":""0xb40971a5d88f31c7b8d88bf93f7d044f1383bf01"",""settlement_mode"":""x402_direct_split"",""creator_share_bps"":8000,""platform_share_bps"":2000},""amount_raw"":""894"",""buyer_type"":""agent"",""invoice_id"":""inv_e6445f4ace3e"",""query_hash"":""5b8e9c2a158bd720c602bd09b5d0017f6b3f2a3c538a2194f7363817b8a7b41a"",""settlement"":{""mode"":""x402_direct_split"",""rail"":""circle_gateway_x402"",""amount"":""0.001117"",""network"":""Arc Testnet"",""currency"":""USDC"",""decimals"":6,""token_address"":""0x3600000000000000000000000000000000000000"",""gateway_supported"":true},""amount_usdc"":""0.000894"",""provider_id"":""funding_memory"",""explorer_url"":null,""payer_address"":""0x6a4ac02680fa244e77c4791e12d20c9e40e7fe19"",""resource_type"":""qma_signal_report"",""settlement_id"":""d3fb1951-0f11-4e9a-9e08-d0f607a2c92d"",""gateway_status"":""completed"",""seller_address"":""0xb40971a5d88f31c7b8d88bf93f7d044f1383bf01"",""transaction_hash"":null,""provider_owner_wallet"":""0xb40971a5d88f31c7b8d88bf93f7d044f1383bf01""}",2026-07-07 17:56:13.222449+00,2026-07-07 17:56:13.222449+00
d3fd6246-3b8f-4d91-8840-7744d9a66fe5,inv_dd42c89d8b43,d3fd6246-3b8f-4d91-8840-7744d9a66fe5,0x6a4ac02680fa244e77c4791e12d20c9e40e7fe19,SPELL,preview,funding_memory,0.000934,received,,,1783442970.73204,"{""tier"":""preview"",""query"":{""FDV"":15000000,""price"":0.0001094,""amount"":312696.89318,""symbol"":""SPELL"",""fromATH"":-50,""circRatio"":0.65,""marketCap"":10000000,""volume24h"":921355.14128,""fundingRate"":-0.018055,""openInterest"":312696.89318,""longShortRatio"":null,""openInterestChange24h"":null},""symbol"":""SPELL"",""paid_at"":1783442970.732041,""pricing"":{""amount_usdc"":""0.000934""},""event_id"":""inv_dd42c89d8b43:creator"",""split_leg"":{""role"":""creator"",""leg_id"":""creator"",""pay_to"":""0xb40971a5d88f31c7b8d88bf93f7d044f1383bf01"",""amount_raw"":""934"",""amount_usdc"":""0.000934""},""accounting"":{""currency"":""USDC"",""amount_usdc"":""0.001167"",""creator_wallet"":""0xb40971a5d88f31c7b8d88bf93f7d044f1383bf01"",""settlement_mode"":""x402_direct_split"",""creator_share_bps"":8000,""platform_share_bps"":2000},""amount_raw"":""934"",""buyer_type"":""agent"",""invoice_id"":""inv_dd42c89d8b43"",""query_hash"":""9502ded5e6e0c0da6e95b9e14114500e0bcebfecf746b320abb386d5dde83ff7"",""settlement"":{""mode"":""x402_direct_split"",""rail"":""circle_gateway_x402"",""amount"":""0.001167"",""network"":""Arc Testnet"",""currency"":""USDC"",""decimals"":6,""token_address"":""0x3600000000000000000000000000000000000000"",""gateway_supported"":true},""amount_usdc"":""0.000934"",""provider_id"":""funding_memory"",""explorer_url"":null,""payer_address"":""0x6a4ac02680fa244e77c4791e12d20c9e40e7fe19"",""resource_type"":""qma_signal_report"",""settlement_id"":""d3fd6246-3b8f-4d91-8840-7744d9a66fe5"",""gateway_status"":""received"",""seller_address"":""0xb40971a5d88f31c7b8d88bf93f7d044f1383bf01"",""transaction_hash"":null,""provider_owner_wallet"":""0xb40971a5d88f31c7b8d88bf93f7d044f1383bf01""}",2026-07-07 16:49:34.000643+00,2026-07-07 16:49:34.000643+00
d4812177-33b7-4dbb-ad0f-2340ab87fb04,inv_1f39f5834e6a,d4812177-33b7-4dbb-ad0f-2340ab87fb04,0x2c03cd73ad36230a3c5be43d51d72fdca32f53d4,OPG,full,funding_memory,0.004606,completed,0x9d406ffc29f94ef48e016a407f4b6a8fdbcb33529ff974e7944dbbdbeb49f4d4,https://testnet.arcscan.app/tx/0x9d406ffc29f94ef48e016a407f4b6a8fdbcb33529ff974e7944dbbdbeb49f4d4,1783418028.02708,"{""tier"":""full"",""query"":{""FDV"":15000000,""price"":null,""amount"":373501.5,""symbol"":""OPG"",""fromATH"":-50,""circRatio"":0.65,""marketCap"":10000000,""volume24h"":3735015,""fundingRate"":-0.0059,""openInterest"":null,""longShortRatio"":null,""openInterestChange24h"":null},""symbol"":""OPG"",""paid_at"":1783418028.0270848,""pricing"":{""amount_usdc"":""0.004606""},""event_id"":""inv_1f39f5834e6a:creator"",""split_leg"":{""role"":""creator"",""leg_id"":""creator"",""pay_to"":""0xb40971a5d88f31c7b8d88bf93f7d044f1383bf01"",""amount_raw"":""4606"",""amount_usdc"":""0.004606""},""accounting"":{""currency"":""USDC"",""amount_usdc"":""0.005757"",""creator_wallet"":""0xb40971a5d88f31c7b8d88bf93f7d044f1383bf01"",""settlement_mode"":""x402_direct_split"",""creator_share_bps"":8000,""platform_share_bps"":2000},""amount_raw"":""4606"",""buyer_type"":""human"",""invoice_id"":""inv_1f39f5834e6a"",""query_hash"":""000e495d94ec9e34dce30a5641a3d7a563e10e721dee2c2a2ae5c52f117a5707"",""settlement"":{""mode"":""x402_direct_split"",""rail"":""circle_gateway_x402"",""amount"":""0.005757"",""network"":""Arc Testnet"",""currency"":""USDC"",""decimals"":6,""token_address"":""0x3600000000000000000000000000000000000000"",""gateway_supported"":true},""amount_usdc"":""0.004606"",""provider_id"":""funding_memory"",""explorer_url"":""https://testnet.arcscan.app/tx/0x9d406ffc29f94ef48e016a407f4b6a8fdbcb33529ff974e7944dbbdbeb49f4d4"",""payer_address"":""0x2c03cd73ad36230a3c5be43d51d72fdca32f53d4"",""resource_type"":""qma_signal_report"",""settlement_id"":""d4812177-33b7-4dbb-ad0f-2340ab87fb04"",""gateway_status"":""completed"",""seller_address"":""0xb40971a5d88f31c7b8d88bf93f7d044f1383bf01"",""transaction_hash"":""0x9d406ffc29f94ef48e016a407f4b6a8fdbcb33529ff974e7944dbbdbeb49f4d4"",""provider_owner_wallet"":""0xb40971a5d88f31c7b8d88bf93f7d044f1383bf01""}",2026-07-07 09:53:51.532025+00,2026-07-07 09:53:51.532025+00
d51d3744-a794-49dc-9271-408f3503519e,inv_631c7f409261,d51d3744-a794-49dc-9271-408f3503519e,0x9a6126cf24d565f6fd7ad3639f7bf11928c385df,APDSTOCK,full,oi_memory,0.00118,completed,,,1783591103.72438,"{""tier"":""full"",""query"":{""FDV"":15666265.66725,""price"":297.33,""amount"":2088835.4223,""symbol"":""APDSTOCK"",""fromATH"":-50,""circRatio"":0.65,""marketCap"":10444177.1115,""volume24h"":98575.1998,""fundingRate"":-0.010426,""openInterest"":2088835.4223,""longShortRatio"":null,""openInterestChange24h"":null},""symbol"":""APDSTOCK"",""paid_at"":1783591103.7243752,""pricing"":{""amount_usdc"":""0.00118""},""event_id"":""inv_631c7f409261:platform"",""split_leg"":{""role"":""platform"",""leg_id"":""platform"",""pay_to"":""0x23e7c029a287a83d80b2e084e008211658dda11d"",""amount_raw"":""1180"",""amount_usdc"":""0.00118""},""synthetic"":true,""accounting"":{""currency"":""USDC"",""amount_usdc"":""0.0059"",""creator_wallet"":""0x2222222222222222222222222222222222222222"",""settlement_mode"":""x402_direct_split"",""creator_share_bps"":8000,""platform_share_bps"":2000},""amount_raw"":""1180"",""buyer_type"":""agent"",""invoice_id"":""inv_631c7f409261"",""query_hash"":""574a3fac451b132959d0fd6f18109f8d265596dfd81391b5aabf85e7458b6f3d"",""run_source"":null,""settlement"":{""mode"":""x402_direct_split"",""rail"":""circle_gateway_x402"",""amount"":""0.0059"",""network"":""Arc Testnet"",""currency"":""USDC"",""decimals"":6,""token_address"":""0x3600000000000000000000000000000000000000"",""gateway_supported"":true},""agent_label"":""copilot"",""amount_usdc"":""0.00118"",""provider_id"":""oi_memory"",""explorer_url"":null,""payer_address"":""0x9a6126cf24d565f6fd7ad3639f7bf11928c385df"",""resource_type"":""qma_signal_report"",""settlement_id"":""d51d3744-a794-49dc-9271-408f3503519e"",""gateway_status"":""completed"",""seller_address"":""0x23e7c029a287a83d80b2e084e008211658dda11d"",""transaction_hash"":null,""provider_owner_wallet"":""0x2222222222222222222222222222222222222222""}",2026-07-09 09:58:26.597191+00,2026-07-09 09:58:26.597191+00
d52546ee-0c03-43ec-9655-e8d21a8a3942,inv_ecd0584e7f52,d52546ee-0c03-43ec-9655-e8d21a8a3942,0x9a6126cf24d565f6fd7ad3639f7bf11928c385df,ONG,full,funding_memory,0.005,completed,0x7f571e4338ec76068ffdd1b36f1d0d1bbe2336c3393c083d4bc9547f2500c3c9,https://testnet.arcscan.app/tx/0x7f571e4338ec76068ffdd1b36f1d0d1bbe2336c3393c083d4bc9547f2500c3c9,1782891815.87909,"{""tier"":""full"",""query"":{""FDV"":6691499.999999999,""amount"":40936.54494,""symbol"":""ONG"",""fromATH"":-50,""circRatio"":0.666666666667,""marketCap"":4461000,""volume24h"":8187.308988000001,""fundingRate"":-0.004158},""symbol"":""ONG"",""paid_at"":1782891815.879086,""amount_raw"":""5000"",""buyer_type"":""agent"",""invoice_id"":""inv_ecd0584e7f52"",""query_hash"":""62bae0771bc56943cfd9ff84c423ddab584f4565f5015092d5ec0b1c2b621102"",""amount_usdc"":0.005,""provider_id"":""funding_memory"",""explorer_url"":""https://testnet.arcscan.app/tx/0x7f571e4338ec76068ffdd1b36f1d0d1bbe2336c3393c083d4bc9547f2500c3c9"",""payer_address"":""0x9a6126cf24d565f6fd7ad3639f7bf11928c385df"",""resource_type"":""qma_signal_report"",""settlement_id"":""d52546ee-0c03-43ec-9655-e8d21a8a3942"",""gateway_status"":""completed"",""seller_address"":""0x23e7c029a287a83d80b2e084e008211658dda11d"",""transaction_hash"":""0x7f571e4338ec76068ffdd1b36f1d0d1bbe2336c3393c083d4bc9547f2500c3c9"",""provider_owner_wallet"":""0x23e7c029a287a83d80b2e084e008211658dda11d""}",2026-07-01 07:43:37.52833+00,2026-07-01 07:43:37.52833+00
d5e8967b-84a3-4673-bf70-29ea7787aa21,inv_de3ab27cf512,d5e8967b-84a3-4673-bf70-29ea7787aa21,0xb40971a5d88f31c7b8d88bf93f7d044f1383bf01,PRL,legacy,funding_memory,0.05,completed,0x45117e4126b0c3d872cb2759778b22bf218082c21f49303ea69798c4d86652d0,https://testnet.arcscan.app/tx/0x45117e4126b0c3d872cb2759778b22bf218082c21f49303ea69798c4d86652d0,1781714079.00762,"{""tier"":""legacy"",""symbol"":""PRL"",""paid_at"":1781714079.0076191,""amount_raw"":""50000"",""invoice_id"":""inv_de3ab27cf512"",""amount_usdc"":0.05,""explorer_url"":""https://testnet.arcscan.app/tx/0x45117e4126b0c3d872cb2759778b22bf218082c21f49303ea69798c4d86652d0"",""payer_address"":""0xb40971a5d88f31c7b8d88bf93f7d044f1383bf01"",""settlement_id"":""d5e8967b-84a3-4673-bf70-29ea7787aa21"",""gateway_status"":""completed"",""seller_address"":""0x23e7c029a287a83d80b2e084e008211658dda11d"",""transaction_hash"":""0x45117e4126b0c3d872cb2759778b22bf218082c21f49303ea69798c4d86652d0""}",2026-06-19 09:35:04.052192+00,2026-06-19 16:49:23.325599+00
d5f045df-0422-49fa-bf91-b08b88b3711b,inv_5a0023d23c24,d5f045df-0422-49fa-bf91-b08b88b3711b,0x2b63768f695cf4624a861cfed7d06219d1af2a8c,GWEI,full,funding_memory,0.001117,completed,,,1783447081.10945,"{""tier"":""full"",""query"":{""FDV"":15000000,""price"":0.1087,""amount"":1292029.94,""symbol"":""GWEI"",""fromATH"":-50,""circRatio"":0.65,""marketCap"":10000000,""volume24h"":1081359.11,""fundingRate"":-0.006057,""openInterest"":1292029.94,""longShortRatio"":null,""openInterestChange24h"":null},""symbol"":""GWEI"",""paid_at"":1783447081.1094458,""pricing"":{""amount_usdc"":""0.001117""},""event_id"":""inv_5a0023d23c24:platform"",""split_leg"":{""role"":""platform"",""leg_id"":""platform"",""pay_to"":""0x23e7c029a287a83d80b2e084e008211658dda11d"",""amount_raw"":""1117"",""amount_usdc"":""0.001117""},""accounting"":{""currency"":""USDC"",""amount_usdc"":""0.005584"",""creator_wallet"":""0xb40971a5d88f31c7b8d88bf93f7d044f1383bf01"",""settlement_mode"":""x402_direct_split"",""creator_share_bps"":8000,""platform_share_bps"":2000},""amount_raw"":""1117"",""buyer_type"":""agent"",""invoice_id"":""inv_5a0023d23c24"",""query_hash"":""2aeb997f5fba7f464a0090acdea5d98b3c3edef82b48e2ebd00c31ceed0d7d51"",""settlement"":{""mode"":""x402_direct_split"",""rail"":""circle_gateway_x402"",""amount"":""0.005584"",""network"":""Arc Testnet"",""currency"":""USDC"",""decimals"":6,""token_address"":""0x3600000000000000000000000000000000000000"",""gateway_supported"":true},""amount_usdc"":""0.001117"",""provider_id"":""funding_memory"",""explorer_url"":null,""payer_address"":""0x2b63768f695cf4624a861cfed7d06219d1af2a8c"",""resource_type"":""qma_signal_report"",""settlement_id"":""d5f045df-0422-49fa-bf91-b08b88b3711b"",""gateway_status"":""completed"",""seller_address"":""0x23e7c029a287a83d80b2e084e008211658dda11d"",""transaction_hash"":null,""provider_owner_wallet"":""0xb40971a5d88f31c7b8d88bf93f7d044f1383bf01""}",2026-07-07 17:58:03.673963+00,2026-07-07 17:58:03.673963+00
d6042ce1-a054-4b4c-b1ce-0c1a88cc7512,inv_8a3d8848227b,d6042ce1-a054-4b4c-b1ce-0c1a88cc7512,0x2c03cd73ad36230a3c5be43d51d72fdca32f53d4,B3,preview,oi_memory,0.001093,completed,0xd030d0a17030656519fc071f7b65cdfa76d82ac3f75c975939dd756b3e84b05e,https://testnet.arcscan.app/tx/0xd030d0a17030656519fc071f7b65cdfa76d82ac3f75c975939dd756b3e84b05e,1783731074.51775,"{""tier"":""preview"",""query"":{""FDV"":79050,""amount"":409.71615,""symbol"":""B3"",""fromATH"":-50,""circRatio"":0.67,""marketCap"":52700,""volume24h"":82,""fundingRate"":-0.007},""symbol"":""B3"",""paid_at"":1783731074.5177534,""amount_raw"":""1093"",""buyer_type"":""human"",""invoice_id"":""inv_8a3d8848227b"",""query_hash"":""9202fc22805e69f76526a872a63bbd103f5a0891214bf3168798698bbda0b179"",""amount_usdc"":0.001093,""provider_id"":""oi_memory"",""explorer_url"":""https://testnet.arcscan.app/tx/0xd030d0a17030656519fc071f7b65cdfa76d82ac3f75c975939dd756b3e84b05e"",""payer_address"":""0x2c03cd73ad36230a3c5be43d51d72fdca32f53d4"",""resource_type"":""qma_signal_report"",""settlement_id"":""d6042ce1-a054-4b4c-b1ce-0c1a88cc7512"",""gateway_status"":""completed"",""seller_address"":""0x23e7c029a287a83d80b2e084e008211658dda11d"",""transaction_hash"":""0xd030d0a17030656519fc071f7b65cdfa76d82ac3f75c975939dd756b3e84b05e"",""provider_owner_wallet"":""0x23e7c029a287a83d80b2e084e008211658dda11d""}",2026-07-11 00:51:17.216005+00,2026-07-11 00:51:17.216005+00
d6ce6006-c93b-4b26-8948-4abb1e6c517f,inv_8240548c00b1,d6ce6006-c93b-4b26-8948-4abb1e6c517f,0x2c03cd73ad36230a3c5be43d51d72fdca32f53d4,OGN,full,funding_memory,0.005658,completed,0x8db32b94bd8086c17310524f795cabf9c8c3514561f50cc965e2ec2220e6ed2e,https://testnet.arcscan.app/tx/0x8db32b94bd8086c17310524f795cabf9c8c3514561f50cc965e2ec2220e6ed2e,1783171468.82965,"{""tier"":""full"",""query"":{""FDV"":3193500,""amount"":1094164.52795,""symbol"":""OGN"",""fromATH"":-50,""circRatio"":0.666666666667,""marketCap"":2129000,""volume24h"":218832.90559,""fundingRate"":-0.009818},""symbol"":""OGN"",""paid_at"":1783171468.8296494,""amount_raw"":""5658"",""buyer_type"":""agent"",""invoice_id"":""inv_8240548c00b1"",""query_hash"":""960b5ae204951ca1e48d95980d0f754b2bdd6925efe548d1ba7f2478c297b800"",""amount_usdc"":0.005658,""provider_id"":""funding_memory"",""explorer_url"":""https://testnet.arcscan.app/tx/0x8db32b94bd8086c17310524f795cabf9c8c3514561f50cc965e2ec2220e6ed2e"",""payer_address"":""0x2c03cd73ad36230a3c5be43d51d72fdca32f53d4"",""resource_type"":""qma_signal_report"",""settlement_id"":""d6ce6006-c93b-4b26-8948-4abb1e6c517f"",""gateway_status"":""completed"",""seller_address"":""0x23e7c029a287a83d80b2e084e008211658dda11d"",""transaction_hash"":""0x8db32b94bd8086c17310524f795cabf9c8c3514561f50cc965e2ec2220e6ed2e"",""provider_owner_wallet"":""0x23e7c029a287a83d80b2e084e008211658dda11d""}",2026-07-04 13:24:30.394324+00,2026-07-04 13:24:30.394324+00
d71fb045-bfe9-472e-ab90-a2cae66fd948,inv_2ac417b1db68,d71fb045-bfe9-472e-ab90-a2cae66fd948,0x65d923ba4917ef8523687609b3641f3a0cbc3971,BANANA,full,funding_memory,0.001116,received,,,1783445512.70808,"{""tier"":""full"",""query"":{""FDV"":15000000,""price"":3.344,""amount"":326713.4816,""symbol"":""BANANA"",""fromATH"":-50,""circRatio"":0.65,""marketCap"":10000000,""volume24h"":1523144.7954,""fundingRate"":-0.003476,""openInterest"":326713.4816,""longShortRatio"":null,""openInterestChange24h"":null},""symbol"":""BANANA"",""paid_at"":1783445512.708081,""pricing"":{""amount_usdc"":""0.001116""},""event_id"":""inv_2ac417b1db68:platform"",""split_leg"":{""role"":""platform"",""leg_id"":""platform"",""pay_to"":""0x23e7c029a287a83d80b2e084e008211658dda11d"",""amount_raw"":""1116"",""amount_usdc"":""0.001116""},""accounting"":{""currency"":""USDC"",""amount_usdc"":""0.005581"",""creator_wallet"":""0xb40971a5d88f31c7b8d88bf93f7d044f1383bf01"",""settlement_mode"":""x402_direct_split"",""creator_share_bps"":8000,""platform_share_bps"":2000},""amount_raw"":""1116"",""buyer_type"":""agent"",""invoice_id"":""inv_2ac417b1db68"",""query_hash"":""2aaa2b9f84467c9bf83abd3cbbe3ac72e5cb4c850c0f7ba4b572852e7623b550"",""settlement"":{""mode"":""x402_direct_split"",""rail"":""circle_gateway_x402"",""amount"":""0.005581"",""network"":""Arc Testnet"",""currency"":""USDC"",""decimals"":6,""token_address"":""0x3600000000000000000000000000000000000000"",""gateway_supported"":true},""amount_usdc"":""0.001116"",""provider_id"":""funding_memory"",""explorer_url"":null,""payer_address"":""0x65d923ba4917ef8523687609b3641f3a0cbc3971"",""resource_type"":""qma_signal_report"",""settlement_id"":""d71fb045-bfe9-472e-ab90-a2cae66fd948"",""gateway_status"":""received"",""seller_address"":""0x23e7c029a287a83d80b2e084e008211658dda11d"",""transaction_hash"":null,""provider_owner_wallet"":""0xb40971a5d88f31c7b8d88bf93f7d044f1383bf01""}",2026-07-07 17:31:55.314863+00,2026-07-07 17:31:55.314863+00
d86a52e2-a7ab-4734-b8da-a44a59d21d6f,inv_97b7967a588e,d86a52e2-a7ab-4734-b8da-a44a59d21d6f,0xf9c43a6cd72f5b9d1443e3faa0fac022de0abb19,EPIC,full,funding_memory,0.001146,received,,,1783443580.52824,"{""tier"":""full"",""query"":{""FDV"":19435706.0853,""price"":0.3342,""amount"":232271.00519999999,""symbol"":""EPIC"",""fromATH"":-50,""circRatio"":0.65,""marketCap"":12957137.3902,""volume24h"":6478568.6951,""fundingRate"":-0.004723,""openInterest"":232271.00519999999,""longShortRatio"":null,""openInterestChange24h"":null},""symbol"":""EPIC"",""paid_at"":1783443580.528244,""pricing"":{""amount_usdc"":""0.001146""},""event_id"":""inv_97b7967a588e:platform"",""split_leg"":{""role"":""platform"",""leg_id"":""platform"",""pay_to"":""0x23e7c029a287a83d80b2e084e008211658dda11d"",""amount_raw"":""1146"",""amount_usdc"":""0.001146""},""accounting"":{""currency"":""USDC"",""amount_usdc"":""0.005731"",""creator_wallet"":""0xb40971a5d88f31c7b8d88bf93f7d044f1383bf01"",""settlement_mode"":""x402_direct_split"",""creator_share_bps"":8000,""platform_share_bps"":2000},""amount_raw"":""1146"",""buyer_type"":""agent"",""invoice_id"":""inv_97b7967a588e"",""query_hash"":""244fe37d178a6fc9c603582b42f6fbe484b26d1177291a9f058ef9b1d75a9304"",""settlement"":{""mode"":""x402_direct_split"",""rail"":""circle_gateway_x402"",""amount"":""0.005731"",""network"":""Arc Testnet"",""currency"":""USDC"",""decimals"":6,""token_address"":""0x3600000000000000000000000000000000000000"",""gateway_supported"":true},""amount_usdc"":""0.001146"",""provider_id"":""funding_memory"",""explorer_url"":null,""payer_address"":""0xf9c43a6cd72f5b9d1443e3faa0fac022de0abb19"",""resource_type"":""qma_signal_report"",""settlement_id"":""d86a52e2-a7ab-4734-b8da-a44a59d21d6f"",""gateway_status"":""received"",""seller_address"":""0x23e7c029a287a83d80b2e084e008211658dda11d"",""transaction_hash"":null,""provider_owner_wallet"":""0xb40971a5d88f31c7b8d88bf93f7d044f1383bf01""}",2026-07-07 16:59:42.853718+00,2026-07-07 16:59:42.853718+00
d876af57-1fa7-40c9-8e5f-81c44499b527,,d876af57-1fa7-40c9-8e5f-81c44499b527,0x2c03cd73ad36230a3c5be43d51d72fdca32f53d4,PORTAL,full,funding_memory,0.005,completed,,,1781779866.64557,"{""tier"":""full"",""source"":""backfilled_from_paid_report"",""symbol"":""PORTAL"",""paid_at"":1781779866.64557,""amount_usdc"":0.005,""provider_id"":""funding_memory"",""payer_address"":""0x2c03cd73ad36230a3c5be43d51d72fdca32f53d4"",""settlement_id"":""d876af57-1fa7-40c9-8e5f-81c44499b527"",""gateway_status"":""completed""}",2026-06-22 09:18:43.201408+00,2026-06-22 09:18:43.201408+00
d8c3df64-976d-40ac-9818-4a1ea2a2c6e4,inv_b662db375ad1,d8c3df64-976d-40ac-9818-4a1ea2a2c6e4,0xf9c43a6cd72f5b9d1443e3faa0fac022de0abb19,BLUR,preview,funding_memory,0.000948,received,,,1783441439.1837,"{""tier"":""preview"",""query"":{""FDV"":45261587.559599996,""price"":0.02187,""amount"":989037.7263,""symbol"":""BLUR"",""fromATH"":-50,""circRatio"":0.65,""marketCap"":30174391.7064,""volume24h"":15087195.8532,""fundingRate"":-0.013366,""openInterest"":989037.7263,""longShortRatio"":null,""openInterestChange24h"":null},""symbol"":""BLUR"",""paid_at"":1783441439.183704,""pricing"":{""amount_usdc"":""0.000948""},""event_id"":""inv_b662db375ad1:creator"",""split_leg"":{""role"":""creator"",""leg_id"":""creator"",""pay_to"":""0xb40971a5d88f31c7b8d88bf93f7d044f1383bf01"",""amount_raw"":""948"",""amount_usdc"":""0.000948""},""accounting"":{""currency"":""USDC"",""amount_usdc"":""0.001185"",""creator_wallet"":""0xb40971a5d88f31c7b8d88bf93f7d044f1383bf01"",""settlement_mode"":""x402_direct_split"",""creator_share_bps"":8000,""platform_share_bps"":2000},""amount_raw"":""948"",""buyer_type"":""agent"",""invoice_id"":""inv_b662db375ad1"",""query_hash"":""3270abd8fc8d324918aa5527fddd53a1a0e5dc0af5f12a51b40a985bfc330dac"",""settlement"":{""mode"":""x402_direct_split"",""rail"":""circle_gateway_x402"",""amount"":""0.001185"",""network"":""Arc Testnet"",""currency"":""USDC"",""decimals"":6,""token_address"":""0x3600000000000000000000000000000000000000"",""gateway_supported"":true},""amount_usdc"":""0.000948"",""provider_id"":""funding_memory"",""explorer_url"":null,""payer_address"":""0xf9c43a6cd72f5b9d1443e3faa0fac022de0abb19"",""resource_type"":""qma_signal_report"",""settlement_id"":""d8c3df64-976d-40ac-9818-4a1ea2a2c6e4"",""gateway_status"":""received"",""seller_address"":""0xb40971a5d88f31c7b8d88bf93f7d044f1383bf01"",""transaction_hash"":null,""provider_owner_wallet"":""0xb40971a5d88f31c7b8d88bf93f7d044f1383bf01""}",2026-07-07 16:24:02.64426+00,2026-07-07 16:24:02.64426+00
d930b8b8-d134-401a-a6c5-ab9a9edaf5fa,inv_0740bc396644,d930b8b8-d134-401a-a6c5-ab9a9edaf5fa,0x2c03cd73ad36230a3c5be43d51d72fdca32f53d4,GIGA,legacy,funding_memory,0.05,completed,0x928ad25f488b2e0b436be628dedaf6425e0abadcd315b0913229abdae2dca2ce,https://testnet.arcscan.app/tx/0x928ad25f488b2e0b436be628dedaf6425e0abadcd315b0913229abdae2dca2ce,1781749836.34387,"{""tier"":""legacy"",""symbol"":""GIGA"",""paid_at"":1781749836.343871,""amount_raw"":""50000"",""invoice_id"":""inv_0740bc396644"",""amount_usdc"":0.05,""explorer_url"":""https://testnet.arcscan.app/tx/0x928ad25f488b2e0b436be628dedaf6425e0abadcd315b0913229abdae2dca2ce"",""payer_address"":""0x2c03cd73ad36230a3c5be43d51d72fdca32f53d4"",""settlement_id"":""d930b8b8-d134-401a-a6c5-ab9a9edaf5fa"",""gateway_status"":""completed"",""seller_address"":""0x23e7c029a287a83d80b2e084e008211658dda11d"",""transaction_hash"":""0x928ad25f488b2e0b436be628dedaf6425e0abadcd315b0913229abdae2dca2ce""}",2026-06-19 09:35:04.052192+00,2026-06-19 16:49:23.325599+00
da0c4e26-355b-42a3-af21-ac76905e6a3a,inv_1e52ab08649d,da0c4e26-355b-42a3-af21-ac76905e6a3a,0x9a6126cf24d565f6fd7ad3639f7bf11928c385df,LAB,full,funding_memory,0.005,completed,0x683960545b69c48786e29b6f2e8837519e28a33a92211ebc1e802f413d357375,https://testnet.arcscan.app/tx/0x683960545b69c48786e29b6f2e8837519e28a33a92211ebc1e802f413d357375,1782870276.24765,"{""tier"":""full"",""event"":{""tier"":""full"",""event"":{""tier"":""full"",""query"":{""FDV"":1926300000,""amount"":null,""symbol"":""LAB"",""fromATH"":-50,""circRatio"":0.67,""marketCap"":1284200000,""volume24h"":87747,""fundingRate"":-0.0056},""symbol"":""LAB"",""paid_at"":1782870276.247652,""amount_raw"":""5000"",""buyer_type"":""agent"",""invoice_id"":""inv_1e52ab08649d"",""query_hash"":""c2ac5e0e31a690d37a71a74c87f08d3fd748ff48cc51bea597dc15e954ddaad6"",""amount_usdc"":0.005,""provider_id"":""funding_memory"",""explorer_url"":null,""payer_address"":""0x9a6126cf24d565f6fd7ad3639f7bf11928c385df"",""resource_type"":""qma_signal_report"",""settlement_id"":""da0c4e26-355b-42a3-af21-ac76905e6a3a"",""gateway_status"":""received"",""seller_address"":""0x23e7c029a287a83d80b2e084e008211658dda11d"",""transaction_hash"":null,""provider_owner_wallet"":""0x23e7c029a287a83d80b2e084e008211658dda11d""},""query"":{""FDV"":1926300000,""amount"":null,""symbol"":""LAB"",""fromATH"":-50,""circRatio"":0.67,""marketCap"":1284200000,""volume24h"":87747,""fundingRate"":-0.0056},""symbol"":""LAB"",""paid_at"":1782870276.24765,""event_id"":""da0c4e26-355b-42a3-af21-ac76905e6a3a"",""amount_raw"":""5000"",""buyer_type"":""agent"",""invoice_id"":""inv_1e52ab08649d"",""query_hash"":""c2ac5e0e31a690d37a71a74c87f08d3fd748ff48cc51bea597dc15e954ddaad6"",""updated_at"":""2026-07-01T01:44:39.479869+00:00"",""amount_usdc"":0.005,""inserted_at"":""2026-07-01T01:44:39.479869+00:00"",""provider_id"":""funding_memory"",""payer_address"":""0x9a6126cf24d565f6fd7ad3639f7bf11928c385df"",""resource_type"":""qma_signal_report"",""settlement_id"":""da0c4e26-355b-42a3-af21-ac76905e6a3a"",""gateway_status"":""completed"",""seller_address"":""0x23e7c029a287a83d80b2e084e008211658dda11d"",""provider_owner_wallet"":""0x23e7c029a287a83d80b2e084e008211658dda11d""},""query"":{""FDV"":1926300000,""amount"":null,""symbol"":""LAB"",""fromATH"":-50,""circRatio"":0.67,""marketCap"":1284200000,""volume24h"":87747,""fundingRate"":-0.0056},""symbol"":""LAB"",""paid_at"":1782870276.24765,""event_id"":""da0c4e26-355b-42a3-af21-ac76905e6a3a"",""amount_raw"":""5000"",""buyer_type"":""agent"",""invoice_id"":""inv_1e52ab08649d"",""query_hash"":""c2ac5e0e31a690d37a71a74c87f08d3fd748ff48cc51bea597dc15e954ddaad6"",""updated_at"":""2026-07-01T01:44:39.479869+00:00"",""amount_usdc"":0.005,""inserted_at"":""2026-07-01T01:44:39.479869+00:00"",""provider_id"":""funding_memory"",""explorer_url"":""https://testnet.arcscan.app/tx/0x683960545b69c48786e29b6f2e8837519e28a33a92211ebc1e802f413d357375"",""payer_address"":""0x9a6126cf24d565f6fd7ad3639f7bf11928c385df"",""resource_type"":""qma_signal_report"",""settlement_id"":""da0c4e26-355b-42a3-af21-ac76905e6a3a"",""gateway_status"":""completed"",""seller_address"":""0x23e7c029a287a83d80b2e084e008211658dda11d"",""transaction_hash"":""0x683960545b69c48786e29b6f2e8837519e28a33a92211ebc1e802f413d357375"",""provider_owner_wallet"":""0x23e7c029a287a83d80b2e084e008211658dda11d""}",2026-07-01 01:44:39.479869+00,2026-07-01 01:44:39.479869+00
dad481b3-ca1c-4ff4-ba72-2fdfc4429b34,inv_506f53d6598a,dad481b3-ca1c-4ff4-ba72-2fdfc4429b34,0x9a6126cf24d565f6fd7ad3639f7bf11928c385df,SPELL,full,funding_memory,0.005773,completed,0xdf5ece19597f03692b2a9f4f3617774a06c5a9d2a52ed651b1c8735a40ff4f50,https://testnet.arcscan.app/tx/0xdf5ece19597f03692b2a9f4f3617774a06c5a9d2a52ed651b1c8735a40ff4f50,1783504822.52083,"{""tier"":""full"",""query"":{""FDV"":15150,""amount"":null,""symbol"":""SPELL"",""fromATH"":-50,""circRatio"":0.67,""marketCap"":10100,""volume24h"":1267,""fundingRate"":-0.0137},""symbol"":""SPELL"",""paid_at"":1783504822.520833,""amount_raw"":""5773"",""buyer_type"":""human"",""invoice_id"":""inv_506f53d6598a"",""query_hash"":""cfb55d225396876d0313a4b762219e430c01047a25f62fd5eb9f23c9449564c3"",""amount_usdc"":0.005773,""provider_id"":""funding_memory"",""explorer_url"":""https://testnet.arcscan.app/tx/0xdf5ece19597f03692b2a9f4f3617774a06c5a9d2a52ed651b1c8735a40ff4f50"",""payer_address"":""0x9a6126cf24d565f6fd7ad3639f7bf11928c385df"",""resource_type"":""qma_signal_report"",""settlement_id"":""dad481b3-ca1c-4ff4-ba72-2fdfc4429b34"",""gateway_status"":""completed"",""seller_address"":""0x23e7c029a287a83d80b2e084e008211658dda11d"",""transaction_hash"":""0xdf5ece19597f03692b2a9f4f3617774a06c5a9d2a52ed651b1c8735a40ff4f50"",""provider_owner_wallet"":""0xb40971a5d88f31c7b8d88bf93f7d044f1383bf01""}",2026-07-08 10:00:24.836978+00,2026-07-08 10:00:24.836978+00
db2ea783-f076-4a58-a6c1-8f41989bf2e2,inv_63652349a5ac,db2ea783-f076-4a58-a6c1-8f41989bf2e2,0x2c03cd73ad36230a3c5be43d51d72fdca32f53d4,HYPE,legacy,funding_memory,0.05,completed,0x7804cead4303e424bf3ff2ad38ac04896dae8c6acfcaa3ad371922cb2abf8046,https://testnet.arcscan.app/tx/0x7804cead4303e424bf3ff2ad38ac04896dae8c6acfcaa3ad371922cb2abf8046,1781715760.57653,"{""tier"":""legacy"",""symbol"":""HYPE"",""paid_at"":1781715760.5765302,""amount_raw"":""50000"",""invoice_id"":""inv_63652349a5ac"",""amount_usdc"":0.05,""explorer_url"":""https://testnet.arcscan.app/tx/0x7804cead4303e424bf3ff2ad38ac04896dae8c6acfcaa3ad371922cb2abf8046"",""payer_address"":""0x2c03cd73ad36230a3c5be43d51d72fdca32f53d4"",""settlement_id"":""db2ea783-f076-4a58-a6c1-8f41989bf2e2"",""gateway_status"":""completed"",""seller_address"":""0x23e7c029a287a83d80b2e084e008211658dda11d"",""transaction_hash"":""0x7804cead4303e424bf3ff2ad38ac04896dae8c6acfcaa3ad371922cb2abf8046""}",2026-06-19 09:35:04.052192+00,2026-06-19 16:49:23.325599+00
ddefbdde-8064-40ca-9b41-b2a864ac409d,inv_21bddd629de5,ddefbdde-8064-40ca-9b41-b2a864ac409d,0x65d923ba4917ef8523687609b3641f3a0cbc3971,EPIC,full,funding_memory,0.004581,received,,,1783443387.7467,"{""tier"":""full"",""query"":{""FDV"":19421343.2847,""price"":0.3353,""amount"":231888.1152,""symbol"":""EPIC"",""fromATH"":-50,""circRatio"":0.65,""marketCap"":12947562.1898,""volume24h"":6473781.0949,""fundingRate"":-0.004485,""openInterest"":231888.1152,""longShortRatio"":null,""openInterestChange24h"":null},""symbol"":""EPIC"",""paid_at"":1783443387.7467017,""pricing"":{""amount_usdc"":""0.004581""},""event_id"":""inv_21bddd629de5:creator"",""split_leg"":{""role"":""creator"",""leg_id"":""creator"",""pay_to"":""0xb40971a5d88f31c7b8d88bf93f7d044f1383bf01"",""amount_raw"":""4581"",""amount_usdc"":""0.004581""},""accounting"":{""currency"":""USDC"",""amount_usdc"":""0.005726"",""creator_wallet"":""0xb40971a5d88f31c7b8d88bf93f7d044f1383bf01"",""settlement_mode"":""x402_direct_split"",""creator_share_bps"":8000,""platform_share_bps"":2000},""amount_raw"":""4581"",""buyer_type"":""agent"",""invoice_id"":""inv_21bddd629de5"",""query_hash"":""0e853363ec86b676c5c3c0c662acc22fe25a7e113a3ceb8b110b946d7dadbb19"",""settlement"":{""mode"":""x402_direct_split"",""rail"":""circle_gateway_x402"",""amount"":""0.005726"",""network"":""Arc Testnet"",""currency"":""USDC"",""decimals"":6,""token_address"":""0x3600000000000000000000000000000000000000"",""gateway_supported"":true},""amount_usdc"":""0.004581"",""provider_id"":""funding_memory"",""explorer_url"":null,""payer_address"":""0x65d923ba4917ef8523687609b3641f3a0cbc3971"",""resource_type"":""qma_signal_report"",""settlement_id"":""ddefbdde-8064-40ca-9b41-b2a864ac409d"",""gateway_status"":""received"",""seller_address"":""0xb40971a5d88f31c7b8d88bf93f7d044f1383bf01"",""transaction_hash"":null,""provider_owner_wallet"":""0xb40971a5d88f31c7b8d88bf93f7d044f1383bf01""}",2026-07-07 16:56:30.699088+00,2026-07-07 16:56:30.699088+00
de7f7a9a-d938-44f7-bc30-27c7befb8664,inv_7c2fdeb54ab1,de7f7a9a-d938-44f7-bc30-27c7befb8664,0x2c03cd73ad36230a3c5be43d51d72fdca32f53d4,JMKESTOCK,full,funding_memory,0.005,completed,0x0d8e936c58729e898e00093c4d5ac793602ebf7d294f62876b3ad21ff45ea05a,https://testnet.arcscan.app/tx/0x0d8e936c58729e898e00093c4d5ac793602ebf7d294f62876b3ad21ff45ea05a,1789652053.68385,"{""tier"":""full"",""query"":{""FDV"":20000000,""price"":20.066,""amount"":19407.8352,""symbol"":""JMKESTOCK"",""fromATH"":-50,""circRatio"":0.65,""marketCap"":10000000,""volume24h"":81497.62,""fundingRate"":-0.006434,""openInterest"":19407.8352,""longShortRatio"":null,""openInterestChange24h"":null},""symbol"":""JMKESTOCK"",""paid_at"":1789652053.6838472,""pricing"":{""amount_usdc"":""0.005""},""synthetic"":false,""accounting"":{""currency"":""USDC"",""amount_usdc"":""0.005"",""creator_wallet"":""0xb40971a5d88f31c7b8d88bf93f7d044f1383bf01"",""settlement_mode"":""seller_wallet"",""creator_share_bps"":8000,""platform_share_bps"":2000},""amount_raw"":""5000"",""buyer_type"":""human"",""invoice_id"":""inv_7c2fdeb54ab1"",""query_hash"":""0ae92600058bc76eed5fc138c0d78c63d69dbf5c0d02c171e84eabc15e9cf678"",""run_source"":null,""settlement"":{""mode"":""seller_wallet"",""rail"":""circle_gateway_x402"",""amount"":""0.005"",""network"":""Arc Testnet"",""currency"":""USDC"",""decimals"":6,""token_address"":""0x3600000000000000000000000000000000000000"",""gateway_supported"":true},""agent_label"":null,""amount_usdc"":0.005,""provider_id"":""funding_memory"",""explorer_url"":""https://testnet.arcscan.app/tx/0x0d8e936c58729e898e00093c4d5ac793602ebf7d294f62876b3ad21ff45ea05a"",""payer_address"":""0x2c03cd73ad36230a3c5be43d51d72fdca32f53d4"",""resource_type"":""qma_signal_report"",""settlement_id"":""de7f7a9a-d938-44f7-bc30-27c7befb8664"",""arc_settlement"":{""error"":""Circle treasury wallet address does not match the x402 seller"",""action"":""creator_payout"",""status"":""retryable"",""verdict"":""VALID"",""version"":1,""recipient"":""0xb40971a5d88f31c7b8d88bf93f7d044f1383bf01"",""created_at"":1789652166.9901786,""updated_at"":1789957520.1656775,""operation_id"":""arc-verdict:inv_7c2fdeb54ab1:creator_payout:v1"",""total_amount_raw"":""5000"",""treasury_address"":""0x23e7c029a287a83d80b2e084e008211658dda11d"",""creator_share_bps"":8000,""creator_amount_raw"":""4000"",""platform_amount_raw"":""1000"",""transfer_amount_raw"":""4000"",""source_settlement_id"":""de7f7a9a-d938-44f7-bc30-27c7befb8664"",""source_gateway_status"":""received""},""gateway_status"":""completed"",""seller_address"":""0x23e7c029a287a83d80b2e084e008211658dda11d"",""transaction_hash"":""0x0d8e936c58729e898e00093c4d5ac793602ebf7d294f62876b3ad21ff45ea05a"",""buyer_wallet_address"":""0x2c03cd73ad36230a3c5be43d51d72fdca32f53d4"",""provider_owner_wallet"":""0xb40971a5d88f31c7b8d88bf93f7d044f1383bf01""}",2026-09-17 13:36:17.595086+00,2026-09-17 13:36:17.595086+00
df6d260d-e7fe-43d6-9461-2f6498d86af4,inv_33221617a808,df6d260d-e7fe-43d6-9461-2f6498d86af4,0x9a6126cf24d565f6fd7ad3639f7bf11928c385df,ONG,full,funding_memory,0.005,completed,0x5bd4dd2b17b01ae633db11921052c00d702099c62463e34f69bc6fc3ad10f1b4,https://testnet.arcscan.app/tx/0x5bd4dd2b17b01ae633db11921052c00d702099c62463e34f69bc6fc3ad10f1b4,1782877962.7733,"{""tier"":""full"",""query"":{""FDV"":6721500,""amount"":33423.19647,""symbol"":""ONG"",""fromATH"":-50,""circRatio"":0.666666666667,""marketCap"":4481000,""volume24h"":6684.639294000001,""fundingRate"":-0.006648},""symbol"":""ONG"",""paid_at"":1782877962.7732985,""amount_raw"":""5000"",""buyer_type"":""agent"",""invoice_id"":""inv_33221617a808"",""query_hash"":""d5b7d9380a3c9156731019663a4c6409efc039dc2b66fb0e7042921cb572fd4e"",""amount_usdc"":0.005,""provider_id"":""funding_memory"",""explorer_url"":""https://testnet.arcscan.app/tx/0x5bd4dd2b17b01ae633db11921052c00d702099c62463e34f69bc6fc3ad10f1b4"",""payer_address"":""0x9a6126cf24d565f6fd7ad3639f7bf11928c385df"",""resource_type"":""qma_signal_report"",""settlement_id"":""df6d260d-e7fe-43d6-9461-2f6498d86af4"",""gateway_status"":""completed"",""seller_address"":""0x23e7c029a287a83d80b2e084e008211658dda11d"",""transaction_hash"":""0x5bd4dd2b17b01ae633db11921052c00d702099c62463e34f69bc6fc3ad10f1b4"",""provider_owner_wallet"":""0x23e7c029a287a83d80b2e084e008211658dda11d""}",2026-07-01 03:52:44.94922+00,2026-07-01 03:52:44.94922+00
dfbdac5e-42a1-4c77-853d-dfd83c68d593,inv_c67a7e760c0f,dfbdac5e-42a1-4c77-853d-dfd83c68d593,0xf5987818ebbee812eb730b6a395d66e664412cf5,OGN,preview,funding_memory,0.001134,completed,0x6e09f9ba1e1a3029acf2a1abb0ba36b90012b80bbcd8a6a693b05f919a013bca,https://testnet.arcscan.app/tx/0x6e09f9ba1e1a3029acf2a1abb0ba36b90012b80bbcd8a6a693b05f919a013bca,1783171970.24096,"{""tier"":""preview"",""query"":{""FDV"":3240000,""amount"":1132349.2848,""symbol"":""OGN"",""fromATH"":-50,""circRatio"":0.666666666667,""marketCap"":2160000,""volume24h"":226469.85696,""fundingRate"":-0.010309},""symbol"":""OGN"",""paid_at"":1783171970.2409554,""amount_raw"":""1134"",""buyer_type"":""agent"",""invoice_id"":""inv_c67a7e760c0f"",""query_hash"":""25295b59cd547c939b84964ec586388bf6715e40c994b2c35701032475378e5b"",""amount_usdc"":0.001134,""provider_id"":""funding_memory"",""explorer_url"":""https://testnet.arcscan.app/tx/0x6e09f9ba1e1a3029acf2a1abb0ba36b90012b80bbcd8a6a693b05f919a013bca"",""payer_address"":""0xf5987818ebbee812eb730b6a395d66e664412cf5"",""resource_type"":""qma_signal_report"",""settlement_id"":""dfbdac5e-42a1-4c77-853d-dfd83c68d593"",""gateway_status"":""completed"",""seller_address"":""0x23e7c029a287a83d80b2e084e008211658dda11d"",""transaction_hash"":""0x6e09f9ba1e1a3029acf2a1abb0ba36b90012b80bbcd8a6a693b05f919a013bca"",""provider_owner_wallet"":""0x23e7c029a287a83d80b2e084e008211658dda11d""}",2026-07-04 13:32:51.645624+00,2026-07-04 13:32:51.645624+00
dfdd9676-5491-4f52-aad6-af8fbd810a1d,inv_8ba60f3dc667,dfdd9676-5491-4f52-aad6-af8fbd810a1d,0x2c03cd73ad36230a3c5be43d51d72fdca32f53d4,HYPE,legacy,funding_memory,0.05,completed,0x4a753576059667b86145131d24caf0ed2a593bbac8c64a01db062a83b3aa9f90,https://testnet.arcscan.app/tx/0x4a753576059667b86145131d24caf0ed2a593bbac8c64a01db062a83b3aa9f90,1781713356.05837,"{""tier"":""legacy"",""symbol"":""HYPE"",""paid_at"":1781713356.0583687,""amount_raw"":""50000"",""invoice_id"":""inv_8ba60f3dc667"",""amount_usdc"":0.05,""explorer_url"":""https://testnet.arcscan.app/tx/0x4a753576059667b86145131d24caf0ed2a593bbac8c64a01db062a83b3aa9f90"",""payer_address"":""0x2c03cd73ad36230a3c5be43d51d72fdca32f53d4"",""settlement_id"":""dfdd9676-5491-4f52-aad6-af8fbd810a1d"",""gateway_status"":""completed"",""seller_address"":""0x23e7c029a287a83d80b2e084e008211658dda11d"",""transaction_hash"":""0x4a753576059667b86145131d24caf0ed2a593bbac8c64a01db062a83b3aa9f90""}",2026-06-19 09:35:04.052192+00,2026-06-19 16:49:23.325599+00
e0f243eb-8e81-4a7d-b0b2-3c7859cf00bf,inv_e205480d9ed9,e0f243eb-8e81-4a7d-b0b2-3c7859cf00bf,0xb40971a5d88f31c7b8d88bf93f7d044f1383bf01,HOME,full,oi_memory,0.001212,completed,0x8a5e751d2261eb176b4d40711f028a0876fb1f87ffd9a0e1962ef37f3e8dc433,https://testnet.arcscan.app/tx/0x8a5e751d2261eb176b4d40711f028a0876fb1f87ffd9a0e1962ef37f3e8dc433,1784311505.34515,"{""tier"":""full"",""query"":{""FDV"":1.5,""price"":null,""amount"":1,""symbol"":""HOME"",""fromATH"":-50,""circRatio"":0.65,""marketCap"":1,""volume24h"":1,""fundingRate"":0,""openInterest"":1,""longShortRatio"":null,""openInterestChange24h"":null},""symbol"":""HOME"",""paid_at"":1784311505.3451495,""pricing"":{""amount_usdc"":""0.001212""},""event_id"":""inv_e205480d9ed9:platform"",""split_leg"":{""role"":""platform"",""leg_id"":""platform"",""pay_to"":""0x23e7c029a287a83d80b2e084e008211658dda11d"",""amount_raw"":""1212"",""amount_usdc"":""0.001212""},""synthetic"":false,""accounting"":{""currency"":""USDC"",""amount_usdc"":""0.006062"",""creator_wallet"":""0x2ba9c54019bd221cbc218e49281a86e88d918bfb"",""settlement_mode"":""x402_direct_split"",""creator_share_bps"":8000,""platform_share_bps"":2000},""amount_raw"":""1212"",""buyer_type"":""human"",""invoice_id"":""inv_e205480d9ed9"",""query_hash"":""ee006642ccf49ed26e9de5e3970c4ee62cee956eacce4c9ec41bf39bd54c36e1"",""run_source"":null,""settlement"":{""mode"":""x402_direct_split"",""rail"":""circle_gateway_x402"",""amount"":""0.006062"",""network"":""Arc Testnet"",""currency"":""USDC"",""decimals"":6,""token_address"":""0x3600000000000000000000000000000000000000"",""gateway_supported"":true},""agent_label"":null,""amount_usdc"":""0.001212"",""provider_id"":""oi_memory"",""explorer_url"":""https://testnet.arcscan.app/tx/0x8a5e751d2261eb176b4d40711f028a0876fb1f87ffd9a0e1962ef37f3e8dc433"",""payer_address"":""0xb40971a5d88f31c7b8d88bf93f7d044f1383bf01"",""resource_type"":""qma_signal_report"",""settlement_id"":""e0f243eb-8e81-4a7d-b0b2-3c7859cf00bf"",""gateway_status"":""completed"",""seller_address"":""0x23e7c029a287a83d80b2e084e008211658dda11d"",""transaction_hash"":""0x8a5e751d2261eb176b4d40711f028a0876fb1f87ffd9a0e1962ef37f3e8dc433"",""buyer_wallet_address"":""0x2c03cd73ad36230a3c5be43d51d72fdca32f53d4"",""provider_owner_wallet"":""0x2ba9c54019bd221cbc218e49281a86e88d918bfb""}",2026-07-17 18:14:48.703745+00,2026-07-17 18:14:48.703745+00
e11b3c63-e156-488f-9ff4-de12e840b74b,inv_2a7a91b120b9,e11b3c63-e156-488f-9ff4-de12e840b74b,0x9a6126cf24d565f6fd7ad3639f7bf11928c385df,LAB,preview,funding_memory,0.001,completed,0x2276074359e23588fcc9a13f1d056a482e05915a3af4d8d7f598024a6295d6a0,https://testnet.arcscan.app/tx/0x2276074359e23588fcc9a13f1d056a482e05915a3af4d8d7f598024a6295d6a0,1782755657.12866,"{""tier"":""preview"",""query"":{""FDV"":2241600000,""amount"":453520.51200000005,""symbol"":""LAB"",""fromATH"":-50,""circRatio"":0.666666666667,""marketCap"":1494400000,""volume24h"":90704.10240000002,""fundingRate"":-0.003522},""symbol"":""LAB"",""paid_at"":1782755657.1286564,""amount_raw"":""1000"",""buyer_type"":""agent"",""invoice_id"":""inv_2a7a91b120b9"",""query_hash"":""d91ec2c2290c3722cdb149ae6176e2e99d36c88821de6d464e25c22d40da5faf"",""amount_usdc"":0.001,""provider_id"":""funding_memory"",""explorer_url"":""https://testnet.arcscan.app/tx/0x2276074359e23588fcc9a13f1d056a482e05915a3af4d8d7f598024a6295d6a0"",""payer_address"":""0x9a6126cf24d565f6fd7ad3639f7bf11928c385df"",""resource_type"":""qma_signal_report"",""settlement_id"":""e11b3c63-e156-488f-9ff4-de12e840b74b"",""tier_category"":""preview"",""gateway_status"":""completed"",""seller_address"":""0x23e7c029a287a83d80b2e084e008211658dda11d"",""transaction_hash"":""0x2276074359e23588fcc9a13f1d056a482e05915a3af4d8d7f598024a6295d6a0"",""provider_owner_wallet"":""0x23e7c029a287a83d80b2e084e008211658dda11d""}",2026-06-29 17:54:20.645553+00,2026-06-29 17:54:20.645553+00
e12df46c-6164-4ea9-9e12-24b5fffb2c04,inv_a407e22e59c8,e12df46c-6164-4ea9-9e12-24b5fffb2c04,0xf5987818ebbee812eb730b6a395d66e664412cf5,H,preview,funding_memory,0.001,completed,0xbef8821327a947ed937680597a1275f04b29a0c75ac5e16d36b91c453b25313c,https://testnet.arcscan.app/tx/0xbef8821327a947ed937680597a1275f04b29a0c75ac5e16d36b91c453b25313c,1782091427.15672,"{""tier"":""preview"",""query"":{""FDV"":27798000.000000004,""amount"":6007529.5592,""symbol"":""H"",""fromATH"":-50,""circRatio"":0.666666666667,""marketCap"":18532000,""volume24h"":1201505.91184,""fundingRate"":-0.008086},""symbol"":""H"",""paid_at"":1782091427.156725,""amount_raw"":""1000"",""buyer_type"":""agent"",""invoice_id"":""inv_a407e22e59c8"",""query_hash"":""b3010393929ce52c3524ac90da7f6e49c4f7eb692cf03617a1455e262d8216c9"",""amount_usdc"":0.001,""provider_id"":""funding_memory"",""explorer_url"":""https://testnet.arcscan.app/tx/0xbef8821327a947ed937680597a1275f04b29a0c75ac5e16d36b91c453b25313c"",""payer_address"":""0xf5987818ebbee812eb730b6a395d66e664412cf5"",""resource_type"":""qma_signal_report"",""settlement_id"":""e12df46c-6164-4ea9-9e12-24b5fffb2c04"",""gateway_status"":""completed"",""seller_address"":""0x23e7c029a287a83d80b2e084e008211658dda11d"",""transaction_hash"":""0xbef8821327a947ed937680597a1275f04b29a0c75ac5e16d36b91c453b25313c"",""provider_owner_wallet"":""0x23e7c029a287a83d80b2e084e008211658dda11d""}",2026-06-22 01:23:49.099168+00,2026-06-22 01:23:49.099168+00
e164c3a1-04a9-4811-951e-e937e831e690,inv_f650a05d2437,e164c3a1-04a9-4811-951e-e937e831e690,0x2c03cd73ad36230a3c5be43d51d72fdca32f53d4,BLUR,full,funding_memory,0.005629,received,,,1783440130.35273,"{""tier"":""full"",""query"":{""FDV"":3466500,""amount"":null,""symbol"":""BLUR"",""fromATH"":-50,""circRatio"":0.67,""marketCap"":2311000,""volume24h"":28042,""fundingRate"":-0.0136},""symbol"":""BLUR"",""paid_at"":1783440130.3527315,""amount_raw"":""5629"",""buyer_type"":""human"",""invoice_id"":""inv_f650a05d2437"",""query_hash"":""2a979a0ca41eb1873a2e84f7aae5fea93ebd2935d71b8155cce444b4df2cc4d7"",""amount_usdc"":0.005629,""provider_id"":""funding_memory"",""explorer_url"":null,""payer_address"":""0x2c03cd73ad36230a3c5be43d51d72fdca32f53d4"",""resource_type"":""qma_signal_report"",""settlement_id"":""e164c3a1-04a9-4811-951e-e937e831e690"",""gateway_status"":""received"",""seller_address"":""0x23e7c029a287a83d80b2e084e008211658dda11d"",""transaction_hash"":null,""provider_owner_wallet"":""0x23e7c029a287a83d80b2e084e008211658dda11d""}",2026-07-07 16:02:12.292073+00,2026-07-07 16:02:12.292073+00
e193c788-b77e-4566-ace4-fdb369276173,inv_d7a498cf1187,e193c788-b77e-4566-ace4-fdb369276173,0x45667a97bcdd1f190eda978b567e32a7a8234a95,GWEI,full,funding_memory,0.004466,received,,,1783446874.56778,"{""tier"":""full"",""query"":{""FDV"":15000000,""price"":0.1087,""amount"":1277648.9300000002,""symbol"":""GWEI"",""fromATH"":-50,""circRatio"":0.65,""marketCap"":10000000,""volume24h"":1076568.36,""fundingRate"":-0.006028,""openInterest"":1277648.9300000002,""longShortRatio"":null,""openInterestChange24h"":null},""symbol"":""GWEI"",""paid_at"":1783446874.5677848,""pricing"":{""amount_usdc"":""0.004466""},""event_id"":""inv_d7a498cf1187:creator"",""split_leg"":{""role"":""creator"",""leg_id"":""creator"",""pay_to"":""0xb40971a5d88f31c7b8d88bf93f7d044f1383bf01"",""amount_raw"":""4466"",""amount_usdc"":""0.004466""},""accounting"":{""currency"":""USDC"",""amount_usdc"":""0.005583"",""creator_wallet"":""0xb40971a5d88f31c7b8d88bf93f7d044f1383bf01"",""settlement_mode"":""x402_direct_split"",""creator_share_bps"":8000,""platform_share_bps"":2000},""amount_raw"":""4466"",""buyer_type"":""agent"",""invoice_id"":""inv_d7a498cf1187"",""query_hash"":""d8932075b4c4727adc81112bc8fc888a8c4b2a0f9b814fd3d3e7ca4916377874"",""settlement"":{""mode"":""x402_direct_split"",""rail"":""circle_gateway_x402"",""amount"":""0.005583"",""network"":""Arc Testnet"",""currency"":""USDC"",""decimals"":6,""token_address"":""0x3600000000000000000000000000000000000000"",""gateway_supported"":true},""amount_usdc"":""0.004466"",""provider_id"":""funding_memory"",""explorer_url"":null,""payer_address"":""0x45667a97bcdd1f190eda978b567e32a7a8234a95"",""resource_type"":""qma_signal_report"",""settlement_id"":""e193c788-b77e-4566-ace4-fdb369276173"",""gateway_status"":""received"",""seller_address"":""0xb40971a5d88f31c7b8d88bf93f7d044f1383bf01"",""transaction_hash"":null,""provider_owner_wallet"":""0xb40971a5d88f31c7b8d88bf93f7d044f1383bf01""}",2026-07-07 17:54:37.52251+00,2026-07-07 17:54:37.52251+00
e1aa6a99-1fed-49e4-b9ed-d5f5c9400151,inv_233d3ab7beff,e1aa6a99-1fed-49e4-b9ed-d5f5c9400151,0xa0bf98fdf36aca7fb06ecfbaaabbd744fe75269e,EPIC,full,funding_memory,0.004575,received,,,1783443176.02658,"{""tier"":""full"",""query"":{""FDV"":19412829.2352,""price"":0.3374,""amount"":236348.69999999998,""symbol"":""EPIC"",""fromATH"":-50,""circRatio"":0.65,""marketCap"":12941886.1568,""volume24h"":6470943.0784,""fundingRate"":-0.004152,""openInterest"":236348.69999999998,""longShortRatio"":null,""openInterestChange24h"":null},""symbol"":""EPIC"",""paid_at"":1783443176.0265825,""pricing"":{""amount_usdc"":""0.004575""},""event_id"":""inv_233d3ab7beff:creator"",""split_leg"":{""role"":""creator"",""leg_id"":""creator"",""pay_to"":""0xb40971a5d88f31c7b8d88bf93f7d044f1383bf01"",""amount_raw"":""4575"",""amount_usdc"":""0.004575""},""accounting"":{""currency"":""USDC"",""amount_usdc"":""0.005719"",""creator_wallet"":""0xb40971a5d88f31c7b8d88bf93f7d044f1383bf01"",""settlement_mode"":""x402_direct_split"",""creator_share_bps"":8000,""platform_share_bps"":2000},""amount_raw"":""4575"",""buyer_type"":""agent"",""invoice_id"":""inv_233d3ab7beff"",""query_hash"":""01cd82245417ee6af55f4d9e04c4bef44dd640333382bf19d85fe73db56456b2"",""settlement"":{""mode"":""x402_direct_split"",""rail"":""circle_gateway_x402"",""amount"":""0.005719"",""network"":""Arc Testnet"",""currency"":""USDC"",""decimals"":6,""token_address"":""0x3600000000000000000000000000000000000000"",""gateway_supported"":true},""amount_usdc"":""0.004575"",""provider_id"":""funding_memory"",""explorer_url"":null,""payer_address"":""0xa0bf98fdf36aca7fb06ecfbaaabbd744fe75269e"",""resource_type"":""qma_signal_report"",""settlement_id"":""e1aa6a99-1fed-49e4-b9ed-d5f5c9400151"",""gateway_status"":""received"",""seller_address"":""0xb40971a5d88f31c7b8d88bf93f7d044f1383bf01"",""transaction_hash"":null,""provider_owner_wallet"":""0xb40971a5d88f31c7b8d88bf93f7d044f1383bf01""}",2026-07-07 16:52:59.135516+00,2026-07-07 16:52:59.135516+00
e24a5e06-44b9-481e-963c-d65d91bb085f,inv_10abfd4b7a22,e24a5e06-44b9-481e-963c-d65d91bb085f,0x2c03cd73ad36230a3c5be43d51d72fdca32f53d4,TAIKO,full,funding_memory,0.005775,completed,0x4394deff161fd187eeb8e4b6836613a3c8e36a69ea7c63ae44ea4b2a7a4c1eee,https://testnet.arcscan.app/tx/0x4394deff161fd187eeb8e4b6836613a3c8e36a69ea7c63ae44ea4b2a7a4c1eee,1782983097.5375,"{""tier"":""full"",""query"":{""FDV"":30525000,""amount"":1407627.815,""symbol"":""TAIKO"",""fromATH"":-50,""circRatio"":0.67,""marketCap"":20350000,""volume24h"":281526,""fundingRate"":-0.02},""symbol"":""TAIKO"",""paid_at"":1782983097.5375032,""amount_raw"":""5775"",""buyer_type"":""human"",""invoice_id"":""inv_10abfd4b7a22"",""query_hash"":""3f1ffea8916bf0de1e4d5291b76187ee731363f9319b1a3dbe1d89c47627c24a"",""amount_usdc"":0.005775,""provider_id"":""funding_memory"",""explorer_url"":""https://testnet.arcscan.app/tx/0x4394deff161fd187eeb8e4b6836613a3c8e36a69ea7c63ae44ea4b2a7a4c1eee"",""payer_address"":""0x2c03cd73ad36230a3c5be43d51d72fdca32f53d4"",""resource_type"":""qma_signal_report"",""settlement_id"":""e24a5e06-44b9-481e-963c-d65d91bb085f"",""gateway_status"":""completed"",""seller_address"":""0x23e7c029a287a83d80b2e084e008211658dda11d"",""transaction_hash"":""0x4394deff161fd187eeb8e4b6836613a3c8e36a69ea7c63ae44ea4b2a7a4c1eee"",""provider_owner_wallet"":""0x23e7c029a287a83d80b2e084e008211658dda11d""}",2026-07-02 09:04:59.488814+00,2026-07-02 09:04:59.488814+00
e26c73dd-5930-4a5f-9f9f-f8e1cf3c58cb,inv_1bc83065d842,e26c73dd-5930-4a5f-9f9f-f8e1cf3c58cb,0x2c03cd73ad36230a3c5be43d51d72fdca32f53d4,PRL,legacy,funding_memory,0.05,completed,0x6f9eb475b8b77bf5c4adc2751a5d3d023ee644e74bdfe6435273cec6a2de1ff1,https://testnet.arcscan.app/tx/0x6f9eb475b8b77bf5c4adc2751a5d3d023ee644e74bdfe6435273cec6a2de1ff1,1781746829.17225,"{""tier"":""legacy"",""symbol"":""PRL"",""paid_at"":1781746829.1722517,""amount_raw"":""50000"",""invoice_id"":""inv_1bc83065d842"",""amount_usdc"":0.05,""explorer_url"":""https://testnet.arcscan.app/tx/0x6f9eb475b8b77bf5c4adc2751a5d3d023ee644e74bdfe6435273cec6a2de1ff1"",""payer_address"":""0x2c03cd73ad36230a3c5be43d51d72fdca32f53d4"",""settlement_id"":""e26c73dd-5930-4a5f-9f9f-f8e1cf3c58cb"",""gateway_status"":""completed"",""seller_address"":""0x23e7c029a287a83d80b2e084e008211658dda11d"",""transaction_hash"":""0x6f9eb475b8b77bf5c4adc2751a5d3d023ee644e74bdfe6435273cec6a2de1ff1""}",2026-06-19 09:35:04.052192+00,2026-06-19 16:49:23.325599+00
e3558e4e-df74-487c-81ce-dfb0964ddf3c,inv_b371eebd5cde,e3558e4e-df74-487c-81ce-dfb0964ddf3c,0xa0bf98fdf36aca7fb06ecfbaaabbd744fe75269e,BLUR,preview,funding_memory,0.000949,received,,,1783440903.95489,"{""tier"":""preview"",""query"":{""FDV"":44714451.5952,""price"":0.02309,""amount"":1145874.7305,""symbol"":""BLUR"",""fromATH"":-50,""circRatio"":0.65,""marketCap"":29809634.3968,""volume24h"":14904817.1984,""fundingRate"":-0.013608,""openInterest"":1145874.7305,""longShortRatio"":null,""openInterestChange24h"":null},""symbol"":""BLUR"",""paid_at"":1783440903.9548914,""pricing"":{""amount_usdc"":""0.000949""},""event_id"":""inv_b371eebd5cde:creator"",""split_leg"":{""role"":""creator"",""leg_id"":""creator"",""pay_to"":""0xb40971a5d88f31c7b8d88bf93f7d044f1383bf01"",""amount_raw"":""949"",""amount_usdc"":""0.000949""},""accounting"":{""currency"":""USDC"",""amount_usdc"":""0.001186"",""creator_wallet"":""0xb40971a5d88f31c7b8d88bf93f7d044f1383bf01"",""settlement_mode"":""x402_direct_split"",""creator_share_bps"":8000,""platform_share_bps"":2000},""amount_raw"":""949"",""buyer_type"":""agent"",""invoice_id"":""inv_b371eebd5cde"",""query_hash"":""329c6c87ae311a87ef19559c123960a875d1b305ec1670b7f0006eb4a26d3ce6"",""settlement"":{""mode"":""x402_direct_split"",""rail"":""circle_gateway_x402"",""amount"":""0.001186"",""network"":""Arc Testnet"",""currency"":""USDC"",""decimals"":6,""token_address"":""0x3600000000000000000000000000000000000000"",""gateway_supported"":true},""amount_usdc"":""0.000949"",""provider_id"":""funding_memory"",""explorer_url"":null,""payer_address"":""0xa0bf98fdf36aca7fb06ecfbaaabbd744fe75269e"",""resource_type"":""qma_signal_report"",""settlement_id"":""e3558e4e-df74-487c-81ce-dfb0964ddf3c"",""gateway_status"":""received"",""seller_address"":""0xb40971a5d88f31c7b8d88bf93f7d044f1383bf01"",""transaction_hash"":null,""provider_owner_wallet"":""0xb40971a5d88f31c7b8d88bf93f7d044f1383bf01""}",2026-07-07 16:15:07.21645+00,2026-07-07 16:15:07.21645+00
e3d72b7c-9951-454c-90b6-4180c46851f3,inv_59c8b2ee5853,e3d72b7c-9951-454c-90b6-4180c46851f3,0x2c03cd73ad36230a3c5be43d51d72fdca32f53d4,PRL,legacy,funding_memory,0.05,completed,0xb7b9f72f8ddfd247f8c8b4cdcb309c9245fb605d55c0ff6273d96e34d58036bf,https://testnet.arcscan.app/tx/0xb7b9f72f8ddfd247f8c8b4cdcb309c9245fb605d55c0ff6273d96e34d58036bf,1781753505.34697,"{""tier"":""legacy"",""symbol"":""PRL"",""paid_at"":1781753505.346969,""amount_raw"":""50000"",""invoice_id"":""inv_59c8b2ee5853"",""amount_usdc"":0.05,""explorer_url"":""https://testnet.arcscan.app/tx/0xb7b9f72f8ddfd247f8c8b4cdcb309c9245fb605d55c0ff6273d96e34d58036bf"",""payer_address"":""0x2c03cd73ad36230a3c5be43d51d72fdca32f53d4"",""settlement_id"":""e3d72b7c-9951-454c-90b6-4180c46851f3"",""gateway_status"":""completed"",""seller_address"":""0x23e7c029a287a83d80b2e084e008211658dda11d"",""transaction_hash"":""0xb7b9f72f8ddfd247f8c8b4cdcb309c9245fb605d55c0ff6273d96e34d58036bf""}",2026-06-19 09:35:04.052192+00,2026-06-19 16:49:23.325599+00
e46a6fe7-8ada-4dde-a7f1-9c44ad8354a8,inv_e328573570ce,e46a6fe7-8ada-4dde-a7f1-9c44ad8354a8,0x65ffba942811cdb741583c9edcc178bb0f2a5a8d,BLUR,full,funding_memory,0.001145,completed,0x80b6fb1e68f19a6e50a420569c2e4b846d7a53b4554e95bcb8378160bd70acfe,https://testnet.arcscan.app/tx/0x80b6fb1e68f19a6e50a420569c2e4b846d7a53b4554e95bcb8378160bd70acfe,1783473537.45055,"{""tier"":""full"",""query"":{""FDV"":33849376.551300004,""price"":0.01961,""amount"":505597.96259999997,""symbol"":""BLUR"",""fromATH"":-50,""circRatio"":0.65,""marketCap"":22566251.0342,""volume24h"":11283125.5171,""fundingRate"":-0.004486,""openInterest"":505597.96259999997,""longShortRatio"":null,""openInterestChange24h"":null},""symbol"":""BLUR"",""paid_at"":1783473537.4505517,""pricing"":{""amount_usdc"":""0.001145""},""event_id"":""inv_e328573570ce:platform"",""split_leg"":{""role"":""platform"",""leg_id"":""platform"",""pay_to"":""0x23e7c029a287a83d80b2e084e008211658dda11d"",""amount_raw"":""1145"",""amount_usdc"":""0.001145""},""accounting"":{""currency"":""USDC"",""amount_usdc"":""0.005726"",""creator_wallet"":""0xb40971a5d88f31c7b8d88bf93f7d044f1383bf01"",""settlement_mode"":""x402_direct_split"",""creator_share_bps"":8000,""platform_share_bps"":2000},""amount_raw"":""1145"",""buyer_type"":""agent"",""invoice_id"":""inv_e328573570ce"",""query_hash"":""5d8b8065a736da92250d6d74def1472ad5dd94760c6fbc0d0d48a09cdc388bfc"",""settlement"":{""mode"":""x402_direct_split"",""rail"":""circle_gateway_x402"",""amount"":""0.005726"",""network"":""Arc Testnet"",""currency"":""USDC"",""decimals"":6,""token_address"":""0x3600000000000000000000000000000000000000"",""gateway_supported"":true},""amount_usdc"":""0.001145"",""provider_id"":""funding_memory"",""explorer_url"":""https://testnet.arcscan.app/tx/0x80b6fb1e68f19a6e50a420569c2e4b846d7a53b4554e95bcb8378160bd70acfe"",""payer_address"":""0x65ffba942811cdb741583c9edcc178bb0f2a5a8d"",""resource_type"":""qma_signal_report"",""settlement_id"":""e46a6fe7-8ada-4dde-a7f1-9c44ad8354a8"",""gateway_status"":""completed"",""seller_address"":""0x23e7c029a287a83d80b2e084e008211658dda11d"",""transaction_hash"":""0x80b6fb1e68f19a6e50a420569c2e4b846d7a53b4554e95bcb8378160bd70acfe"",""provider_owner_wallet"":""0xb40971a5d88f31c7b8d88bf93f7d044f1383bf01""}",2026-07-08 01:19:00.044666+00,2026-07-08 01:19:00.044666+00
e7d0c974-e6e8-4a5d-81c0-cd42509ce753,inv_2e2a7c582268,e7d0c974-e6e8-4a5d-81c0-cd42509ce753,0xf5fd2d051a2e966b2510f755272312ab92dd8ee4,BLUR,preview,funding_memory,0.000957,received,,,1783437060.1234,"{""tier"":""preview"",""query"":{""FDV"":39846345.3117,""price"":0.02319,""amount"":1236113.7306,""symbol"":""BLUR"",""fromATH"":-50,""circRatio"":0.65,""marketCap"":26564230.2078,""volume24h"":13282115.1039,""fundingRate"":-0.015879,""openInterest"":1236113.7306,""longShortRatio"":null,""openInterestChange24h"":null},""symbol"":""BLUR"",""paid_at"":1783437060.1234028,""pricing"":{""amount_usdc"":""0.000957""},""event_id"":""inv_2e2a7c582268:creator"",""split_leg"":{""role"":""creator"",""leg_id"":""creator"",""pay_to"":""0xb40971a5d88f31c7b8d88bf93f7d044f1383bf01"",""amount_raw"":""957"",""amount_usdc"":""0.000957""},""accounting"":{""currency"":""USDC"",""amount_usdc"":""0.001196"",""creator_wallet"":""0xb40971a5d88f31c7b8d88bf93f7d044f1383bf01"",""settlement_mode"":""x402_direct_split"",""creator_share_bps"":8000,""platform_share_bps"":2000},""amount_raw"":""957"",""buyer_type"":""agent"",""invoice_id"":""inv_2e2a7c582268"",""query_hash"":""17730a4d7e7fa07aa36559a5785bdf96031d13c6fd8f631e231e46fcbad9aa50"",""settlement"":{""mode"":""x402_direct_split"",""rail"":""circle_gateway_x402"",""amount"":""0.001196"",""network"":""Arc Testnet"",""currency"":""USDC"",""decimals"":6,""token_address"":""0x3600000000000000000000000000000000000000"",""gateway_supported"":true},""amount_usdc"":""0.000957"",""provider_id"":""funding_memory"",""explorer_url"":null,""payer_address"":""0xf5fd2d051a2e966b2510f755272312ab92dd8ee4"",""resource_type"":""qma_signal_report"",""settlement_id"":""e7d0c974-e6e8-4a5d-81c0-cd42509ce753"",""gateway_status"":""received"",""seller_address"":""0xb40971a5d88f31c7b8d88bf93f7d044f1383bf01"",""transaction_hash"":null,""provider_owner_wallet"":""0xb40971a5d88f31c7b8d88bf93f7d044f1383bf01""}",2026-07-07 15:11:03.88198+00,2026-07-07 15:11:03.88198+00
e81e4491-8346-4f89-89bf-f5bdae32005d,inv_69e5a43051cc,e81e4491-8346-4f89-89bf-f5bdae32005d,0x2c03cd73ad36230a3c5be43d51d72fdca32f53d4,H,full,funding_memory,0.005,completed,0x3f7969dc6ece042595ea3bd6685bd075764f00fff74332e3684a98d2d1d8cf23,https://testnet.arcscan.app/tx/0x3f7969dc6ece042595ea3bd6685bd075764f00fff74332e3684a98d2d1d8cf23,1781919680.57074,"{""tier"":""full"",""query"":{""FDV"":32481000,""amount"":null,""symbol"":""H"",""fromATH"":-50,""circRatio"":0.67,""marketCap"":21654000,""volume24h"":1853397,""fundingRate"":-0.0038},""symbol"":""H"",""paid_at"":1781919680.5707448,""amount_raw"":""5000"",""buyer_type"":""human"",""invoice_id"":""inv_69e5a43051cc"",""query_hash"":""56445f99beed097dccf4b08fedbfa1472d58fff0917de0a990e70ec64cb24fc2"",""amount_usdc"":0.005,""provider_id"":""funding_memory"",""explorer_url"":""https://testnet.arcscan.app/tx/0x3f7969dc6ece042595ea3bd6685bd075764f00fff74332e3684a98d2d1d8cf23"",""payer_address"":""0x2c03cd73ad36230a3c5be43d51d72fdca32f53d4"",""resource_type"":""qma_signal_report"",""settlement_id"":""e81e4491-8346-4f89-89bf-f5bdae32005d"",""gateway_status"":""completed"",""seller_address"":""0x23e7c029a287a83d80b2e084e008211658dda11d"",""transaction_hash"":""0x3f7969dc6ece042595ea3bd6685bd075764f00fff74332e3684a98d2d1d8cf23"",""provider_owner_wallet"":""0x23e7c029a287a83d80b2e084e008211658dda11d""}",2026-06-20 01:41:22.312963+00,2026-06-20 01:41:22.312963+00
e84bb7d1-79d7-466c-8beb-964beb68ddce,inv_31b62fa93efa,e84bb7d1-79d7-466c-8beb-964beb68ddce,0x2c03cd73ad36230a3c5be43d51d72fdca32f53d4,B3,preview,funding_memory,0.001,completed,0x813b4ab7ec64b099ad28a626895e7656e4d5c9385e1e6e8df9bcae499fd4234e,https://testnet.arcscan.app/tx/0x813b4ab7ec64b099ad28a626895e7656e4d5c9385e1e6e8df9bcae499fd4234e,1781831417.64677,"{""tier"":""preview"",""query"":{""FDV"":59570000,""amount"":null,""symbol"":""B3"",""fromATH"":-96.87,""circRatio"":0.46,""marketCap"":27659294,""volume24h"":28503360,""fundingRate"":-0.0031},""symbol"":""B3"",""paid_at"":1781831417.646774,""amount_raw"":""1000"",""invoice_id"":""inv_31b62fa93efa"",""query_hash"":""df7196b419d8f74447156db3b56154af5a5c3ca27cf8721b9a0aba863c0e4b1a"",""amount_usdc"":0.001,""explorer_url"":""https://testnet.arcscan.app/tx/0x813b4ab7ec64b099ad28a626895e7656e4d5c9385e1e6e8df9bcae499fd4234e"",""payer_address"":""0x2c03cd73ad36230a3c5be43d51d72fdca32f53d4"",""resource_type"":""qma_signal_report"",""settlement_id"":""e84bb7d1-79d7-466c-8beb-964beb68ddce"",""gateway_status"":""completed"",""seller_address"":""0x23e7c029a287a83d80b2e084e008211658dda11d"",""transaction_hash"":""0x813b4ab7ec64b099ad28a626895e7656e4d5c9385e1e6e8df9bcae499fd4234e""}",2026-06-19 09:35:04.052192+00,2026-06-19 09:35:04.052192+00
e915a9f8-ae87-4858-8876-f5589876b789,inv_fcfa5bd0f7ef,e915a9f8-ae87-4858-8876-f5589876b789,0x2c03cd73ad36230a3c5be43d51d72fdca32f53d4,MBOX,full,funding_memory,0.005,completed,0x5395907ed194bbe0959281921d9669eee0300dd41fd235057a8a04fdaa2f22d4,https://testnet.arcscan.app/tx/0x5395907ed194bbe0959281921d9669eee0300dd41fd235057a8a04fdaa2f22d4,1781774356.93125,"{""tier"":""full"",""query"":{""FDV"":1745073,""amount"":null,""symbol"":""MBOX"",""fromATH"":-99.98,""circRatio"":1,""marketCap"":1745073,""volume24h"":3473120,""fundingRate"":-0.0053},""symbol"":""MBOX"",""paid_at"":1781774356.9312458,""amount_raw"":""5000"",""invoice_id"":""inv_fcfa5bd0f7ef"",""query_hash"":""4c79259d7039bf5443d9d75fa119c2d9895ff23d4eb7f7b9aea0c13d5889a62c"",""amount_usdc"":0.005,""explorer_url"":""https://testnet.arcscan.app/tx/0x5395907ed194bbe0959281921d9669eee0300dd41fd235057a8a04fdaa2f22d4"",""payer_address"":""0x2c03cd73ad36230a3c5be43d51d72fdca32f53d4"",""resource_type"":""qma_signal_report"",""settlement_id"":""e915a9f8-ae87-4858-8876-f5589876b789"",""gateway_status"":""completed"",""seller_address"":""0x23e7c029a287a83d80b2e084e008211658dda11d"",""transaction_hash"":""0x5395907ed194bbe0959281921d9669eee0300dd41fd235057a8a04fdaa2f22d4""}",2026-06-19 09:35:04.052192+00,2026-06-19 09:35:04.052192+00
ea10ed52-6418-499d-b0cb-46400a829829,inv_183705d872f1,ea10ed52-6418-499d-b0cb-46400a829829,0x2c03cd73ad36230a3c5be43d51d72fdca32f53d4,JMKESTOCK,full,funding_memory,0.005,completed,0x260290ae626dd66cd68404ad216bb3734428fd0ca6e2d80d74b8a1b97913a12c,https://testnet.arcscan.app/tx/0x260290ae626dd66cd68404ad216bb3734428fd0ca6e2d80d74b8a1b97913a12c,1789651763.77411,"{""tier"":""full"",""query"":{""FDV"":20000000,""price"":20.035,""amount"":19377.852000000003,""symbol"":""JMKESTOCK"",""fromATH"":-50,""circRatio"":0.65,""marketCap"":10000000,""volume24h"":81257.0779,""fundingRate"":-0.006436,""openInterest"":19377.852000000003,""longShortRatio"":null,""openInterestChange24h"":null},""symbol"":""JMKESTOCK"",""paid_at"":1789651763.7741117,""pricing"":{""amount_usdc"":""0.005""},""synthetic"":false,""accounting"":{""currency"":""USDC"",""amount_usdc"":""0.005"",""creator_wallet"":""0xb40971a5d88f31c7b8d88bf93f7d044f1383bf01"",""settlement_mode"":""seller_wallet"",""creator_share_bps"":8000,""platform_share_bps"":2000},""amount_raw"":""5000"",""buyer_type"":""human"",""invoice_id"":""inv_183705d872f1"",""query_hash"":""6c2dce93c1a6708ede771c6495e9a7b3edfe79740de3a87b220e77131d9cf2c6"",""run_source"":null,""settlement"":{""mode"":""seller_wallet"",""rail"":""circle_gateway_x402"",""amount"":""0.005"",""network"":""Arc Testnet"",""currency"":""USDC"",""decimals"":6,""token_address"":""0x3600000000000000000000000000000000000000"",""gateway_supported"":true},""agent_label"":null,""amount_usdc"":0.005,""provider_id"":""funding_memory"",""explorer_url"":""https://testnet.arcscan.app/tx/0x260290ae626dd66cd68404ad216bb3734428fd0ca6e2d80d74b8a1b97913a12c"",""payer_address"":""0x2c03cd73ad36230a3c5be43d51d72fdca32f53d4"",""resource_type"":""qma_signal_report"",""settlement_id"":""ea10ed52-6418-499d-b0cb-46400a829829"",""arc_settlement"":{""error"":""Circle treasury wallet address does not match the x402 seller"",""action"":""creator_payout"",""status"":""retryable"",""verdict"":""VALID"",""version"":1,""recipient"":""0xb40971a5d88f31c7b8d88bf93f7d044f1383bf01"",""created_at"":1789657920.997072,""updated_at"":1789957522.2876186,""operation_id"":""arc-verdict:inv_183705d872f1:creator_payout:v1"",""total_amount_raw"":""5000"",""treasury_address"":""0x23e7c029a287a83d80b2e084e008211658dda11d"",""creator_share_bps"":8000,""creator_amount_raw"":""4000"",""platform_amount_raw"":""1000"",""transfer_amount_raw"":""4000"",""source_settlement_id"":""ea10ed52-6418-499d-b0cb-46400a829829"",""source_gateway_status"":""received""},""gateway_status"":""completed"",""seller_address"":""0x23e7c029a287a83d80b2e084e008211658dda11d"",""transaction_hash"":""0x260290ae626dd66cd68404ad216bb3734428fd0ca6e2d80d74b8a1b97913a12c"",""buyer_wallet_address"":""0x2c03cd73ad36230a3c5be43d51d72fdca32f53d4"",""provider_owner_wallet"":""0xb40971a5d88f31c7b8d88bf93f7d044f1383bf01""}",2026-09-17 15:00:13.639799+00,2026-09-17 15:00:13.639799+00
eb07b4ce-eff8-4e78-b493-c3f90231c988,inv_fa24e8c6e943,eb07b4ce-eff8-4e78-b493-c3f90231c988,0x2c03cd73ad36230a3c5be43d51d72fdca32f53d4,OGN,full,funding_memory,0.005669,completed,0x8db32b94bd8086c17310524f795cabf9c8c3514561f50cc965e2ec2220e6ed2e,https://testnet.arcscan.app/tx/0x8db32b94bd8086c17310524f795cabf9c8c3514561f50cc965e2ec2220e6ed2e,1783171871.1348,"{""tier"":""full"",""query"":{""FDV"":3210000,""amount"":1112558.9718,""symbol"":""OGN"",""fromATH"":-50,""circRatio"":0.666666666667,""marketCap"":2140000,""volume24h"":222511.79436,""fundingRate"":-0.01023},""symbol"":""OGN"",""paid_at"":1783171871.1348042,""amount_raw"":""5669"",""buyer_type"":""agent"",""invoice_id"":""inv_fa24e8c6e943"",""query_hash"":""719c80a357673b00e83ed0add80430d6482b94dd2cf5292c1f4ae1f792abb375"",""amount_usdc"":0.005669,""provider_id"":""funding_memory"",""explorer_url"":""https://testnet.arcscan.app/tx/0x8db32b94bd8086c17310524f795cabf9c8c3514561f50cc965e2ec2220e6ed2e"",""payer_address"":""0x2c03cd73ad36230a3c5be43d51d72fdca32f53d4"",""resource_type"":""qma_signal_report"",""settlement_id"":""eb07b4ce-eff8-4e78-b493-c3f90231c988"",""gateway_status"":""completed"",""seller_address"":""0x23e7c029a287a83d80b2e084e008211658dda11d"",""transaction_hash"":""0x8db32b94bd8086c17310524f795cabf9c8c3514561f50cc965e2ec2220e6ed2e"",""provider_owner_wallet"":""0x23e7c029a287a83d80b2e084e008211658dda11d""}",2026-07-04 13:31:12.684709+00,2026-07-04 13:31:12.684709+00
eb571f4b-4cea-45e7-8393-4ea642669c81,inv_39edeb144d38,eb571f4b-4cea-45e7-8393-4ea642669c81,0xf10240a13427c73f53d795f7d8d3c397f896d4ae,1000BTT,preview,funding_memory,0.001,completed,0x357f6a221fe6b2ce88a1efb6a0717fb7a9312c32cef6b85acdee40992dd02db4,https://testnet.arcscan.app/tx/0x357f6a221fe6b2ce88a1efb6a0717fb7a9312c32cef6b85acdee40992dd02db4,1782143649.01445,"{""tier"":""preview"",""query"":{""FDV"":40950,""amount"":null,""symbol"":""1000BTT"",""fromATH"":-50,""circRatio"":0.67,""marketCap"":27300,""volume24h"":5,""fundingRate"":-0.0043},""symbol"":""1000BTT"",""paid_at"":1782143649.0144491,""amount_raw"":""1000"",""buyer_type"":""human"",""invoice_id"":""inv_39edeb144d38"",""query_hash"":""9162aa141e88c6c6b4de627125a56bcf57fac1caaa4f4e22f98984f9fafcc753"",""amount_usdc"":0.001,""provider_id"":""funding_memory"",""explorer_url"":""https://testnet.arcscan.app/tx/0x357f6a221fe6b2ce88a1efb6a0717fb7a9312c32cef6b85acdee40992dd02db4"",""payer_address"":""0xf10240a13427c73f53d795f7d8d3c397f896d4ae"",""resource_type"":""qma_signal_report"",""settlement_id"":""eb571f4b-4cea-45e7-8393-4ea642669c81"",""gateway_status"":""completed"",""seller_address"":""0x23e7c029a287a83d80b2e084e008211658dda11d"",""transaction_hash"":""0x357f6a221fe6b2ce88a1efb6a0717fb7a9312c32cef6b85acdee40992dd02db4"",""provider_owner_wallet"":""0x23e7c029a287a83d80b2e084e008211658dda11d""}",2026-06-22 15:54:13.013119+00,2026-06-22 15:54:13.013119+00
ebad048d-6a8a-4825-829f-d1637d938b87,inv_cdba45ca7753,ebad048d-6a8a-4825-829f-d1637d938b87,0x562c54bb3e6e7544761628ec9eb25b05566d296b,H,full,funding_memory,0.005,completed,0xbef8821327a947ed937680597a1275f04b29a0c75ac5e16d36b91c453b25313c,https://testnet.arcscan.app/tx/0xbef8821327a947ed937680597a1275f04b29a0c75ac5e16d36b91c453b25313c,1782091395.94723,"{""tier"":""full"",""query"":{""FDV"":27796500,""amount"":null,""symbol"":""H"",""fromATH"":-50,""circRatio"":0.67,""marketCap"":18531000,""volume24h"":1201828,""fundingRate"":-0.0081},""symbol"":""H"",""paid_at"":1782091395.947229,""amount_raw"":""5000"",""buyer_type"":""human"",""invoice_id"":""inv_cdba45ca7753"",""query_hash"":""2114a2a308910b9e77e6350b2b81d4f55c585eaa5c48fbdbfb186b3273a838c2"",""amount_usdc"":0.005,""provider_id"":""funding_memory"",""explorer_url"":""https://testnet.arcscan.app/tx/0xbef8821327a947ed937680597a1275f04b29a0c75ac5e16d36b91c453b25313c"",""payer_address"":""0x562c54bb3e6e7544761628ec9eb25b05566d296b"",""resource_type"":""qma_signal_report"",""settlement_id"":""ebad048d-6a8a-4825-829f-d1637d938b87"",""gateway_status"":""completed"",""seller_address"":""0x23e7c029a287a83d80b2e084e008211658dda11d"",""transaction_hash"":""0xbef8821327a947ed937680597a1275f04b29a0c75ac5e16d36b91c453b25313c"",""provider_owner_wallet"":""0x23e7c029a287a83d80b2e084e008211658dda11d""}",2026-06-22 01:23:17.659995+00,2026-06-22 01:23:17.659995+00
ebbdf8a4-6d93-4d80-ba03-c19b9796e753,inv_a7fbfdb61f62,ebbdf8a4-6d93-4d80-ba03-c19b9796e753,0x2c03cd73ad36230a3c5be43d51d72fdca32f53d4,AVA,full,funding_memory,0.005088,completed,0xa7c63401433112339a3d33f37ad301187f0c698f6ca03eede50def72f787a558,https://testnet.arcscan.app/tx/0xa7c63401433112339a3d33f37ad301187f0c698f6ca03eede50def72f787a558,1789642694.69502,"{""tier"":""full"",""query"":{""FDV"":20000000,""price"":0.2834,""amount"":705147.3779999999,""symbol"":""AVA"",""fromATH"":-50,""circRatio"":0.65,""marketCap"":10000000,""volume24h"":2053820.7357,""fundingRate"":-0.009193,""openInterest"":705147.3779999999,""longShortRatio"":null,""openInterestChange24h"":null},""symbol"":""AVA"",""paid_at"":1789642694.6950195,""pricing"":{""amount_usdc"":""0.005088""},""synthetic"":false,""accounting"":{""currency"":""USDC"",""amount_usdc"":""0.005088"",""creator_wallet"":""0xb40971a5d88f31c7b8d88bf93f7d044f1383bf01"",""settlement_mode"":""seller_wallet"",""creator_share_bps"":8000,""platform_share_bps"":2000},""amount_raw"":""5088"",""buyer_type"":""human"",""invoice_id"":""inv_a7fbfdb61f62"",""query_hash"":""aa22503511bf42b8cfea495887fb89e4396f07b1e99b073f395a1d163d1bfbc3"",""run_source"":null,""settlement"":{""mode"":""seller_wallet"",""rail"":""circle_gateway_x402"",""amount"":""0.005088"",""network"":""Arc Testnet"",""currency"":""USDC"",""decimals"":6,""token_address"":""0x3600000000000000000000000000000000000000"",""gateway_supported"":true},""agent_label"":null,""amount_usdc"":0.005088,""provider_id"":""funding_memory"",""explorer_url"":""https://testnet.arcscan.app/tx/0xa7c63401433112339a3d33f37ad301187f0c698f6ca03eede50def72f787a558"",""payer_address"":""0x2c03cd73ad36230a3c5be43d51d72fdca32f53d4"",""resource_type"":""qma_signal_report"",""settlement_id"":""ebbdf8a4-6d93-4d80-ba03-c19b9796e753"",""arc_settlement"":{""error"":""Circle treasury wallet address does not match the x402 seller"",""action"":""creator_payout"",""status"":""retryable"",""verdict"":""VALID"",""version"":1,""recipient"":""0xb40971a5d88f31c7b8d88bf93f7d044f1383bf01"",""created_at"":1789657485.2697554,""updated_at"":1789957458.4342687,""operation_id"":""arc-verdict:inv_a7fbfdb61f62:creator_payout:v1"",""total_amount_raw"":""5088"",""treasury_address"":""0x23e7c029a287a83d80b2e084e008211658dda11d"",""creator_share_bps"":8000,""creator_amount_raw"":""4070"",""platform_amount_raw"":""1018"",""transfer_amount_raw"":""4070"",""source_settlement_id"":""ebbdf8a4-6d93-4d80-ba03-c19b9796e753"",""source_gateway_status"":""received""},""gateway_status"":""completed"",""seller_address"":""0x23e7c029a287a83d80b2e084e008211658dda11d"",""transaction_hash"":""0xa7c63401433112339a3d33f37ad301187f0c698f6ca03eede50def72f787a558"",""buyer_wallet_address"":""0x2c03cd73ad36230a3c5be43d51d72fdca32f53d4"",""provider_owner_wallet"":""0xb40971a5d88f31c7b8d88bf93f7d044f1383bf01""}",2026-09-17 15:00:53.270327+00,2026-09-17 15:00:53.270327+00
ede0e26f-7879-456d-a605-dbcb7e2fd234,inv_416de384e82b,ede0e26f-7879-456d-a605-dbcb7e2fd234,0x2c03cd73ad36230a3c5be43d51d72fdca32f53d4,AIOZ,full,funding_memory,0.005088,completed,0xef0000d844f07d0a754c1c40629968df9aded638c140a66a77c4d448b5206b96,https://testnet.arcscan.app/tx/0xef0000d844f07d0a754c1c40629968df9aded638c140a66a77c4d448b5206b96,1788975187.8124,"{""tier"":""full"",""query"":{""FDV"":44590147.218,""price"":0.07101,""amount"":4459014.7218,""symbol"":""AIOZ"",""fromATH"":-50,""circRatio"":0.65,""marketCap"":22295073.609,""volume24h"":677813.179,""fundingRate"":-0.003259,""openInterest"":4459014.7218,""longShortRatio"":null,""openInterestChange24h"":null},""symbol"":""AIOZ"",""paid_at"":1788975187.8124013,""pricing"":{""amount_usdc"":""0.005088""},""synthetic"":false,""accounting"":{""currency"":""USDC"",""amount_usdc"":""0.005088"",""creator_wallet"":""0xb40971a5d88f31c7b8d88bf93f7d044f1383bf01"",""settlement_mode"":""seller_wallet"",""creator_share_bps"":8000,""platform_share_bps"":2000},""amount_raw"":""5088"",""buyer_type"":""human"",""invoice_id"":""inv_416de384e82b"",""query_hash"":""046280b55c0aa0c07f94539f5701a3482f4edc230d450f3b1852aa239413f44e"",""run_source"":null,""settlement"":{""mode"":""seller_wallet"",""rail"":""circle_gateway_x402"",""amount"":""0.005088"",""network"":""Arc Testnet"",""currency"":""USDC"",""decimals"":6,""token_address"":""0x3600000000000000000000000000000000000000"",""gateway_supported"":true},""agent_label"":null,""amount_usdc"":0.005088,""provider_id"":""funding_memory"",""explorer_url"":""https://testnet.arcscan.app/tx/0xef0000d844f07d0a754c1c40629968df9aded638c140a66a77c4d448b5206b96"",""payer_address"":""0x2c03cd73ad36230a3c5be43d51d72fdca32f53d4"",""resource_type"":""qma_signal_report"",""settlement_id"":""ede0e26f-7879-456d-a605-dbcb7e2fd234"",""arc_settlement"":{""error"":""Expecting value: line 1 column 1 (char 0)"",""action"":""creator_payout"",""status"":""retryable"",""verdict"":""VALID"",""version"":1,""recipient"":""0xb40971a5d88f31c7b8d88bf93f7d044f1383bf01"",""created_at"":1789609671.236231,""updated_at"":1789696388.6189995,""operation_id"":""arc-verdict:inv_416de384e82b:creator_payout:v1"",""total_amount_raw"":""5088"",""treasury_address"":""0x23e7c029a287a83d80b2e084e008211658dda11d"",""creator_share_bps"":8000,""creator_amount_raw"":""4070"",""platform_amount_raw"":""1018"",""transfer_amount_raw"":""4070"",""source_settlement_id"":""ede0e26f-7879-456d-a605-dbcb7e2fd234"",""source_gateway_status"":""completed""},""gateway_status"":""completed"",""seller_address"":""0x23e7c029a287a83d80b2e084e008211658dda11d"",""transaction_hash"":""0xef0000d844f07d0a754c1c40629968df9aded638c140a66a77c4d448b5206b96"",""buyer_wallet_address"":""0x2c03cd73ad36230a3c5be43d51d72fdca32f53d4"",""provider_owner_wallet"":""0xb40971a5d88f31c7b8d88bf93f7d044f1383bf01""}",2026-09-09 17:33:11.832397+00,2026-09-09 17:33:11.832397+00
eeeb2c50-f9f9-4dbf-8340-00be0cd30609,inv_f4b80e9cd3f5,eeeb2c50-f9f9-4dbf-8340-00be0cd30609,0x2c03cd73ad36230a3c5be43d51d72fdca32f53d4,HYPE,legacy,funding_memory,0.05,completed,0xb0d88ae89c078af02a8690ac85a16622e75ba81630cc35854618b95792569ea1,https://testnet.arcscan.app/tx/0xb0d88ae89c078af02a8690ac85a16622e75ba81630cc35854618b95792569ea1,1781715090.83065,"{""tier"":""legacy"",""symbol"":""HYPE"",""paid_at"":1781715090.83065,""amount_raw"":""50000"",""invoice_id"":""inv_f4b80e9cd3f5"",""amount_usdc"":0.05,""explorer_url"":""https://testnet.arcscan.app/tx/0xb0d88ae89c078af02a8690ac85a16622e75ba81630cc35854618b95792569ea1"",""payer_address"":""0x2c03cd73ad36230a3c5be43d51d72fdca32f53d4"",""settlement_id"":""eeeb2c50-f9f9-4dbf-8340-00be0cd30609"",""gateway_status"":""completed"",""seller_address"":""0x23e7c029a287a83d80b2e084e008211658dda11d"",""transaction_hash"":""0xb0d88ae89c078af02a8690ac85a16622e75ba81630cc35854618b95792569ea1""}",2026-06-19 09:35:04.052192+00,2026-06-19 16:49:23.325599+00
ef8c9642-40fd-4fd3-a218-4bb223724972,inv_3315ecd0b662,ef8c9642-40fd-4fd3-a218-4bb223724972,0x5e4cf60110565e2904a7321571d76282f0b930db,FOXASTOCK,full,funding_memory,0.005088,completed,0xa1b3d1e16bdb822c53b156cec336634ff28363d80de6430beb369aacdc72048a,https://testnet.arcscan.app/tx/0xa1b3d1e16bdb822c53b156cec336634ff28363d80de6430beb369aacdc72048a,1789621351.57492,"{""tier"":""full"",""query"":{""FDV"":15000000,""price"":65.7,""amount"":281390.472,""source"":""MEXC_FUTURES"",""symbol"":""FOXASTOCK"",""fromATH"":-50,""exchange"":""MEXC"",""circRatio"":0.65,""marketCap"":10000000,""rawSymbol"":""FOXASTOCK_USDT"",""volume24h"":188489.8974,""contractId"":1986,""fundingRate"":-0.006168,""candidate_id"":""QMA:FUNDING_MEMORY:FOXASTOCK:9"",""contractSize"":0.01,""openInterest"":281390.472,""source_fields"":{""detailV2_cs"":0.01,""ticker_holdVol"":428296,""ticker_amount24"":188489.8974,""ticker_volume24"":282127},""longShortRatio"":null,""adapter_version"":""MEXC_FUTURES_V2"",""openInterestBase"":4282.96,""openInterestMethod"":""HOLDVOL * DETAILV2.CS * LASTPRICE"",""expected_price_usdc"":0.005088,""openInterestChange24h"":null,""openInterestContracts"":428296,""openInterestEstimated"":false},""symbol"":""FOXASTOCK"",""paid_at"":1789621351.5749226,""pricing"":{""amount_usdc"":""0.005088""},""synthetic"":false,""accounting"":{""currency"":""USDC"",""amount_usdc"":""0.005088"",""creator_wallet"":""0xb40971a5d88f31c7b8d88bf93f7d044f1383bf01"",""settlement_mode"":""seller_wallet"",""creator_share_bps"":8000,""platform_share_bps"":2000},""amount_raw"":""5088"",""buyer_type"":""agent"",""invoice_id"":""inv_3315ecd0b662"",""query_hash"":""564a87da939b2398a322ee029f28eed4a77b93bef00fdaa41ad476a5af7a2c8c"",""run_source"":""agent_session_f86fed99-c94c-4b8e-91d5-b3cede8ae3ad"",""settlement"":{""mode"":""seller_wallet"",""rail"":""circle_gateway_x402"",""amount"":""0.005088"",""network"":""Arc Testnet"",""currency"":""USDC"",""decimals"":6,""token_address"":""0x3600000000000000000000000000000000000000"",""gateway_supported"":true},""agent_label"":""qma-hosted-worker"",""amount_usdc"":0.005088,""provider_id"":""funding_memory"",""explorer_url"":""https://testnet.arcscan.app/tx/0xa1b3d1e16bdb822c53b156cec336634ff28363d80de6430beb369aacdc72048a"",""payer_address"":""0x5e4cf60110565e2904a7321571d76282f0b930db"",""resource_type"":""qma_signal_report"",""settlement_id"":""ef8c9642-40fd-4fd3-a218-4bb223724972"",""arc_settlement"":{""error"":""Circle treasury wallet address does not match the x402 seller"",""action"":""creator_payout"",""status"":""retryable"",""verdict"":""VALID"",""version"":1,""recipient"":""0xb40971a5d88f31c7b8d88bf93f7d044f1383bf01"",""created_at"":1789621412.1506867,""updated_at"":1789957460.6144586,""operation_id"":""arc-verdict:inv_3315ecd0b662:creator_payout:v1"",""total_amount_raw"":""5088"",""treasury_address"":""0x23e7c029a287a83d80b2e084e008211658dda11d"",""creator_share_bps"":8000,""creator_amount_raw"":""4070"",""platform_amount_raw"":""1018"",""transfer_amount_raw"":""4070"",""source_settlement_id"":""ef8c9642-40fd-4fd3-a218-4bb223724972"",""source_gateway_status"":""received""},""gateway_status"":""completed"",""seller_address"":""0x23e7c029a287a83d80b2e084e008211658dda11d"",""transaction_hash"":""0xa1b3d1e16bdb822c53b156cec336634ff28363d80de6430beb369aacdc72048a"",""buyer_wallet_address"":""0x2c03cd73ad36230a3c5be43d51d72fdca32f53d4"",""provider_owner_wallet"":""0xb40971a5d88f31c7b8d88bf93f7d044f1383bf01""}",2026-09-17 05:03:36.499711+00,2026-09-17 05:03:36.499711+00
f04df79e-623e-495b-990d-01bc62cf2b6c,inv_1f52c68ceade,f04df79e-623e-495b-990d-01bc62cf2b6c,0xa397a50ad5729878c160e84ca1d8fd41880788ff,SYN,preview,funding_memory,0.001,completed,0x849ce899f618cd357fb853431542a72fa25425fbf858ab0c07391fc7ae718365,https://testnet.arcscan.app/tx/0x849ce899f618cd357fb853431542a72fa25425fbf858ab0c07391fc7ae718365,1782117351.05195,"{""tier"":""preview"",""query"":{""FDV"":38140500,""amount"":null,""symbol"":""SYN"",""fromATH"":-50,""circRatio"":0.67,""marketCap"":25427000,""volume24h"":562498,""fundingRate"":-0.0026},""symbol"":""SYN"",""paid_at"":1782117351.0519454,""amount_raw"":""1000"",""buyer_type"":""human"",""invoice_id"":""inv_1f52c68ceade"",""query_hash"":""b7689314e9f8a7fe6dcde92d4ec4a4415ff6506bb66560348aadcbca4d167cc3"",""amount_usdc"":0.001,""provider_id"":""funding_memory"",""explorer_url"":""https://testnet.arcscan.app/tx/0x849ce899f618cd357fb853431542a72fa25425fbf858ab0c07391fc7ae718365"",""payer_address"":""0xa397a50ad5729878c160e84ca1d8fd41880788ff"",""resource_type"":""qma_signal_report"",""settlement_id"":""f04df79e-623e-495b-990d-01bc62cf2b6c"",""gateway_status"":""completed"",""seller_address"":""0x23e7c029a287a83d80b2e084e008211658dda11d"",""transaction_hash"":""0x849ce899f618cd357fb853431542a72fa25425fbf858ab0c07391fc7ae718365"",""provider_owner_wallet"":""0x23e7c029a287a83d80b2e084e008211658dda11d""}",2026-06-22 08:35:55.179686+00,2026-06-22 08:35:55.179686+00
f21d7bee-4798-4e76-8311-85d891be0466,inv_28a2c5faaf58,f21d7bee-4798-4e76-8311-85d891be0466,0x2c03cd73ad36230a3c5be43d51d72fdca32f53d4,PRL,legacy,funding_memory,0.05,completed,0x928ad25f488b2e0b436be628dedaf6425e0abadcd315b0913229abdae2dca2ce,https://testnet.arcscan.app/tx/0x928ad25f488b2e0b436be628dedaf6425e0abadcd315b0913229abdae2dca2ce,1781749539.21579,"{""tier"":""legacy"",""symbol"":""PRL"",""paid_at"":1781749539.2157865,""amount_raw"":""50000"",""invoice_id"":""inv_28a2c5faaf58"",""amount_usdc"":0.05,""explorer_url"":""https://testnet.arcscan.app/tx/0x928ad25f488b2e0b436be628dedaf6425e0abadcd315b0913229abdae2dca2ce"",""payer_address"":""0x2c03cd73ad36230a3c5be43d51d72fdca32f53d4"",""settlement_id"":""f21d7bee-4798-4e76-8311-85d891be0466"",""gateway_status"":""completed"",""seller_address"":""0x23e7c029a287a83d80b2e084e008211658dda11d"",""transaction_hash"":""0x928ad25f488b2e0b436be628dedaf6425e0abadcd315b0913229abdae2dca2ce""}",2026-06-19 09:35:04.052192+00,2026-06-19 16:49:23.325599+00
f3a95c6f-4d76-456f-af32-286217b480b4,inv_2f1933175f15,f3a95c6f-4d76-456f-af32-286217b480b4,0xd33682f74bb537f019ad4515cc5e93ae608b53f5,MBOX,legacy,funding_memory,0.05,completed,0xb9f3870510d7144506ac7c567b5e92fe6bab0a05dc14cb8d91d83a93bddbe1d8,https://testnet.arcscan.app/tx/0xb9f3870510d7144506ac7c567b5e92fe6bab0a05dc14cb8d91d83a93bddbe1d8,1781756298.48347,"{""tier"":""legacy"",""symbol"":""MBOX"",""paid_at"":1781756298.4834692,""amount_raw"":""50000"",""invoice_id"":""inv_2f1933175f15"",""amount_usdc"":0.05,""explorer_url"":""https://testnet.arcscan.app/tx/0xb9f3870510d7144506ac7c567b5e92fe6bab0a05dc14cb8d91d83a93bddbe1d8"",""payer_address"":""0xd33682f74bb537f019ad4515cc5e93ae608b53f5"",""settlement_id"":""f3a95c6f-4d76-456f-af32-286217b480b4"",""gateway_status"":""completed"",""seller_address"":""0x23e7c029a287a83d80b2e084e008211658dda11d"",""transaction_hash"":""0xb9f3870510d7144506ac7c567b5e92fe6bab0a05dc14cb8d91d83a93bddbe1d8""}",2026-06-19 09:35:04.052192+00,2026-06-19 16:49:23.325599+00
f4a0655c-e826-4c53-9403-15b28cfc3bad,inv_0703ded61b45,f4a0655c-e826-4c53-9403-15b28cfc3bad,0x9a6126cf24d565f6fd7ad3639f7bf11928c385df,IN,preview,funding_memory,0.001,completed,,,1782837638.06301,"{""tier"":""preview"",""event"":{""tier"":""preview"",""query"":{""FDV"":35853000,""amount"":null,""symbol"":""IN"",""fromATH"":-50,""circRatio"":0.67,""marketCap"":23902000,""volume24h"":118464,""fundingRate"":-0.02},""symbol"":""IN"",""paid_at"":1782837638.0630088,""amount_raw"":""1000"",""buyer_type"":""agent"",""invoice_id"":""inv_0703ded61b45"",""query_hash"":""c96eabba13a2dc595d45555d67e1e5b846d6504d184e21343190ed58e5270d41"",""amount_usdc"":0.001,""provider_id"":""funding_memory"",""explorer_url"":null,""payer_address"":""0x9a6126cf24d565f6fd7ad3639f7bf11928c385df"",""resource_type"":""qma_signal_report"",""settlement_id"":""f4a0655c-e826-4c53-9403-15b28cfc3bad"",""gateway_status"":""received"",""seller_address"":""0x23e7c029a287a83d80b2e084e008211658dda11d"",""transaction_hash"":null,""provider_owner_wallet"":""0x23e7c029a287a83d80b2e084e008211658dda11d""},""query"":{""FDV"":35853000,""amount"":null,""symbol"":""IN"",""fromATH"":-50,""circRatio"":0.67,""marketCap"":23902000,""volume24h"":118464,""fundingRate"":-0.02},""symbol"":""IN"",""paid_at"":1782837638.06301,""event_id"":""f4a0655c-e826-4c53-9403-15b28cfc3bad"",""amount_raw"":""1000"",""buyer_type"":""agent"",""invoice_id"":""inv_0703ded61b45"",""query_hash"":""c96eabba13a2dc595d45555d67e1e5b846d6504d184e21343190ed58e5270d41"",""updated_at"":""2026-06-30T16:40:41.317301+00:00"",""amount_usdc"":0.001,""inserted_at"":""2026-06-30T16:40:41.317301+00:00"",""provider_id"":""funding_memory"",""payer_address"":""0x9a6126cf24d565f6fd7ad3639f7bf11928c385df"",""resource_type"":""qma_signal_report"",""settlement_id"":""f4a0655c-e826-4c53-9403-15b28cfc3bad"",""gateway_status"":""completed"",""seller_address"":""0x23e7c029a287a83d80b2e084e008211658dda11d"",""provider_owner_wallet"":""0x23e7c029a287a83d80b2e084e008211658dda11d""}",2026-06-30 16:40:41.317301+00,2026-06-30 16:40:41.317301+00
f4caaeed-aff7-46b8-a419-2e0d15b2afee,inv_12a44be50504,f4caaeed-aff7-46b8-a419-2e0d15b2afee,0x9a6126cf24d565f6fd7ad3639f7bf11928c385df,LAB,preview,funding_memory,0.001,completed,0xd44bac9131104aad9ded7c33a41d9a12e4bc4a87a18e30fced0b56cb65337662,https://testnet.arcscan.app/tx/0xd44bac9131104aad9ded7c33a41d9a12e4bc4a87a18e30fced0b56cb65337662,1782779952.55107,"{""tier"":""preview"",""query"":{""FDV"":2100000000,""amount"":417508,""symbol"":""LAB"",""fromATH"":-50,""circRatio"":0.666666666667,""marketCap"":1400000000,""volume24h"":83501.6,""fundingRate"":-0.008171},""symbol"":""LAB"",""paid_at"":1782779952.5510743,""amount_raw"":""1000"",""buyer_type"":""agent"",""invoice_id"":""inv_12a44be50504"",""query_hash"":""57e10ebc76ac1e7d1336cdcad72c71600d7708aa8d787949422f1c769b6e5b4e"",""amount_usdc"":0.001,""provider_id"":""funding_memory"",""explorer_url"":""https://testnet.arcscan.app/tx/0xd44bac9131104aad9ded7c33a41d9a12e4bc4a87a18e30fced0b56cb65337662"",""payer_address"":""0x9a6126cf24d565f6fd7ad3639f7bf11928c385df"",""resource_type"":""qma_signal_report"",""settlement_id"":""f4caaeed-aff7-46b8-a419-2e0d15b2afee"",""tier_category"":""preview"",""gateway_status"":""completed"",""seller_address"":""0x23e7c029a287a83d80b2e084e008211658dda11d"",""transaction_hash"":""0xd44bac9131104aad9ded7c33a41d9a12e4bc4a87a18e30fced0b56cb65337662"",""provider_owner_wallet"":""0x23e7c029a287a83d80b2e084e008211658dda11d""}",2026-06-30 00:39:16.912988+00,2026-06-30 00:39:16.912988+00
f6ae252d-6bef-46a9-bb8e-1783c3ed06f1,inv_913733aebe18,f6ae252d-6bef-46a9-bb8e-1783c3ed06f1,0x91bf578f5d75c2d8e69dce61129042795e00bffa,SPELL,preview,funding_memory,0.000239,completed,0x80b6fb1e68f19a6e50a420569c2e4b846d7a53b4554e95bcb8378160bd70acfe,https://testnet.arcscan.app/tx/0x80b6fb1e68f19a6e50a420569c2e4b846d7a53b4554e95bcb8378160bd70acfe,1783474211.86613,"{""tier"":""preview"",""query"":{""FDV"":15000000,""price"":0.0001092,""amount"":503511.56856,""symbol"":""SPELL"",""fromATH"":-50,""circRatio"":0.65,""marketCap"":10000000,""volume24h"":2970379.31668,""fundingRate"":-0.016111,""openInterest"":503511.56856,""longShortRatio"":null,""openInterestChange24h"":null},""symbol"":""SPELL"",""paid_at"":1783474211.866135,""pricing"":{""amount_usdc"":""0.000239""},""event_id"":""inv_913733aebe18:platform"",""split_leg"":{""role"":""platform"",""leg_id"":""platform"",""pay_to"":""0x23e7c029a287a83d80b2e084e008211658dda11d"",""amount_raw"":""239"",""amount_usdc"":""0.000239""},""accounting"":{""currency"":""USDC"",""amount_usdc"":""0.001197"",""creator_wallet"":""0xb40971a5d88f31c7b8d88bf93f7d044f1383bf01"",""settlement_mode"":""x402_direct_split"",""creator_share_bps"":8000,""platform_share_bps"":2000},""amount_raw"":""239"",""buyer_type"":""agent"",""invoice_id"":""inv_913733aebe18"",""query_hash"":""00d5797a98e1ac19010620e77f7fe01440af684f1a42adb0eec67779f4b61b27"",""settlement"":{""mode"":""x402_direct_split"",""rail"":""circle_gateway_x402"",""amount"":""0.001197"",""network"":""Arc Testnet"",""currency"":""USDC"",""decimals"":6,""token_address"":""0x3600000000000000000000000000000000000000"",""gateway_supported"":true},""amount_usdc"":""0.000239"",""provider_id"":""funding_memory"",""explorer_url"":""https://testnet.arcscan.app/tx/0x80b6fb1e68f19a6e50a420569c2e4b846d7a53b4554e95bcb8378160bd70acfe"",""payer_address"":""0x91bf578f5d75c2d8e69dce61129042795e00bffa"",""resource_type"":""qma_signal_report"",""settlement_id"":""f6ae252d-6bef-46a9-bb8e-1783c3ed06f1"",""gateway_status"":""completed"",""seller_address"":""0x23e7c029a287a83d80b2e084e008211658dda11d"",""transaction_hash"":""0x80b6fb1e68f19a6e50a420569c2e4b846d7a53b4554e95bcb8378160bd70acfe"",""provider_owner_wallet"":""0xb40971a5d88f31c7b8d88bf93f7d044f1383bf01""}",2026-07-08 01:30:14.444394+00,2026-07-08 01:30:14.444394+00
f8394f52-db9c-41cc-ba0c-5bc3a9503962,inv_899580f8a7ba,f8394f52-db9c-41cc-ba0c-5bc3a9503962,0xa99b2a4dd131b0aead78ff1d23add2537354eede,LAB,preview,funding_memory,0.000956,received,,,1783444806.71231,"{""tier"":""preview"",""query"":{""FDV"":297375310.04999995,""price"":5.377,""amount"":4300793.45,""symbol"":""LAB"",""fromATH"":-50,""circRatio"":0.65,""marketCap"":198250206.7,""volume24h"":99125103.35,""fundingRate"":-0.015498,""openInterest"":4300793.45,""longShortRatio"":null,""openInterestChange24h"":null},""symbol"":""LAB"",""paid_at"":1783444806.7123117,""pricing"":{""amount_usdc"":""0.000956""},""event_id"":""inv_899580f8a7ba:creator"",""split_leg"":{""role"":""creator"",""leg_id"":""creator"",""pay_to"":""0xb40971a5d88f31c7b8d88bf93f7d044f1383bf01"",""amount_raw"":""956"",""amount_usdc"":""0.000956""},""accounting"":{""currency"":""USDC"",""amount_usdc"":""0.001195"",""creator_wallet"":""0xb40971a5d88f31c7b8d88bf93f7d044f1383bf01"",""settlement_mode"":""x402_direct_split"",""creator_share_bps"":8000,""platform_share_bps"":2000},""amount_raw"":""956"",""buyer_type"":""agent"",""invoice_id"":""inv_899580f8a7ba"",""query_hash"":""e1ef8bba0f1bcaf15584b922e268a0164c1e8043f32af3a3baffc3dd7ba179e7"",""settlement"":{""mode"":""x402_direct_split"",""rail"":""circle_gateway_x402"",""amount"":""0.001195"",""network"":""Arc Testnet"",""currency"":""USDC"",""decimals"":6,""token_address"":""0x3600000000000000000000000000000000000000"",""gateway_supported"":true},""amount_usdc"":""0.000956"",""provider_id"":""funding_memory"",""explorer_url"":null,""payer_address"":""0xa99b2a4dd131b0aead78ff1d23add2537354eede"",""resource_type"":""qma_signal_report"",""settlement_id"":""f8394f52-db9c-41cc-ba0c-5bc3a9503962"",""gateway_status"":""received"",""seller_address"":""0xb40971a5d88f31c7b8d88bf93f7d044f1383bf01"",""transaction_hash"":null,""provider_owner_wallet"":""0xb40971a5d88f31c7b8d88bf93f7d044f1383bf01""}",2026-07-07 17:20:09.733423+00,2026-07-07 17:20:09.733423+00
f8b735b5-dd89-4bf5-875d-57c1802883db,inv_070e94e12b62,f8b735b5-dd89-4bf5-875d-57c1802883db,0x2c03cd73ad36230a3c5be43d51d72fdca32f53d4,HPQSTOCK,full,funding_memory,0.005,completed,0x8a32827b30d15739f4a1bc796d5cf4b5f700d624a5778c7b7721603d069f34d7,https://testnet.arcscan.app/tx/0x8a32827b30d15739f4a1bc796d5cf4b5f700d624a5778c7b7721603d069f34d7,1789647900.37759,"{""tier"":""full"",""query"":{""FDV"":20596654.572,""price"":32.86,""amount"":2059665.4572,""symbol"":""HPQSTOCK"",""fromATH"":-50,""circRatio"":0.65,""marketCap"":10298327.286,""volume24h"":91084.4244,""fundingRate"":-0.007137,""openInterest"":2059665.4572,""longShortRatio"":null,""openInterestChange24h"":null},""symbol"":""HPQSTOCK"",""paid_at"":1789647900.3775904,""pricing"":{""amount_usdc"":""0.005""},""synthetic"":false,""accounting"":{""currency"":""USDC"",""amount_usdc"":""0.005"",""creator_wallet"":""0xb40971a5d88f31c7b8d88bf93f7d044f1383bf01"",""settlement_mode"":""seller_wallet"",""creator_share_bps"":8000,""platform_share_bps"":2000},""amount_raw"":""5000"",""buyer_type"":""human"",""invoice_id"":""inv_070e94e12b62"",""query_hash"":""28e6c43486e102774866b0f0d4af01b36f6041060c75bd91409630cf44fd5176"",""run_source"":null,""settlement"":{""mode"":""seller_wallet"",""rail"":""circle_gateway_x402"",""amount"":""0.005"",""network"":""Arc Testnet"",""currency"":""USDC"",""decimals"":6,""token_address"":""0x3600000000000000000000000000000000000000"",""gateway_supported"":true},""agent_label"":null,""amount_usdc"":0.005,""provider_id"":""funding_memory"",""explorer_url"":""https://testnet.arcscan.app/tx/0x8a32827b30d15739f4a1bc796d5cf4b5f700d624a5778c7b7721603d069f34d7"",""payer_address"":""0x2c03cd73ad36230a3c5be43d51d72fdca32f53d4"",""resource_type"":""qma_signal_report"",""settlement_id"":""f8b735b5-dd89-4bf5-875d-57c1802883db"",""arc_settlement"":{""error"":""Circle treasury wallet address does not match the x402 seller"",""action"":""creator_payout"",""status"":""retryable"",""verdict"":""VALID"",""version"":1,""recipient"":""0xb40971a5d88f31c7b8d88bf93f7d044f1383bf01"",""created_at"":1789647991.8652854,""updated_at"":1789957524.6150258,""operation_id"":""arc-verdict:inv_070e94e12b62:creator_payout:v1"",""total_amount_raw"":""5000"",""treasury_address"":""0x23e7c029a287a83d80b2e084e008211658dda11d"",""creator_share_bps"":8000,""creator_amount_raw"":""4000"",""platform_amount_raw"":""1000"",""transfer_amount_raw"":""4000"",""source_settlement_id"":""f8b735b5-dd89-4bf5-875d-57c1802883db"",""source_gateway_status"":""received""},""gateway_status"":""completed"",""seller_address"":""0x23e7c029a287a83d80b2e084e008211658dda11d"",""transaction_hash"":""0x8a32827b30d15739f4a1bc796d5cf4b5f700d624a5778c7b7721603d069f34d7"",""buyer_wallet_address"":""0x2c03cd73ad36230a3c5be43d51d72fdca32f53d4"",""provider_owner_wallet"":""0xb40971a5d88f31c7b8d88bf93f7d044f1383bf01""}",2026-09-17 12:26:36.434116+00,2026-09-17 12:26:36.434116+00
f945136e-55b1-456e-8b2f-3d9886b0287a,inv_332c49e916de,f945136e-55b1-456e-8b2f-3d9886b0287a,0xa10f99f38fbe038d8d06616f27c751329e8cd7fd,BLUR,preview,funding_memory,0.000237,received,,,1783440017.5812,"{""tier"":""preview"",""query"":{""FDV"":42925022.276999995,""price"":0.0234,""amount"":2110901.364,""symbol"":""BLUR"",""fromATH"":-50,""circRatio"":0.65,""marketCap"":28616681.518,""volume24h"":14308340.759,""fundingRate"":-0.013596,""openInterest"":2110901.364,""longShortRatio"":null,""openInterestChange24h"":null},""symbol"":""BLUR"",""paid_at"":1783440017.5812023,""pricing"":{""amount_usdc"":""0.000237""},""event_id"":""inv_332c49e916de:platform"",""split_leg"":{""role"":""platform"",""leg_id"":""platform"",""pay_to"":""0x23e7c029a287a83d80b2e084e008211658dda11d"",""amount_raw"":""237"",""amount_usdc"":""0.000237""},""accounting"":{""currency"":""USDC"",""amount_usdc"":""0.001186"",""creator_wallet"":""0xb40971a5d88f31c7b8d88bf93f7d044f1383bf01"",""settlement_mode"":""x402_direct_split"",""creator_share_bps"":8000,""platform_share_bps"":2000},""amount_raw"":""237"",""buyer_type"":""agent"",""invoice_id"":""inv_332c49e916de"",""query_hash"":""87422a051bce5bb51518b8863a88732e0933a196dc343ae25dd2c0ae7be35bca"",""settlement"":{""mode"":""x402_direct_split"",""rail"":""circle_gateway_x402"",""amount"":""0.001186"",""network"":""Arc Testnet"",""currency"":""USDC"",""decimals"":6,""token_address"":""0x3600000000000000000000000000000000000000"",""gateway_supported"":true},""amount_usdc"":""0.000237"",""provider_id"":""funding_memory"",""explorer_url"":null,""payer_address"":""0xa10f99f38fbe038d8d06616f27c751329e8cd7fd"",""resource_type"":""qma_signal_report"",""settlement_id"":""f945136e-55b1-456e-8b2f-3d9886b0287a"",""gateway_status"":""received"",""seller_address"":""0x23e7c029a287a83d80b2e084e008211658dda11d"",""transaction_hash"":null,""provider_owner_wallet"":""0xb40971a5d88f31c7b8d88bf93f7d044f1383bf01""}",2026-07-07 16:00:20.081103+00,2026-07-07 16:00:20.081103+00
fa1cc9de-93db-4067-a0da-c89d2fd7b93c,inv_9aaaf7401564,fa1cc9de-93db-4067-a0da-c89d2fd7b93c,0x9a6126cf24d565f6fd7ad3639f7bf11928c385df,IN,full,funding_memory,0.005,completed,,,1782838252.8163,"{""tier"":""full"",""event"":{""tier"":""full"",""query"":{""FDV"":29193000,""amount"":null,""symbol"":""IN"",""fromATH"":-50,""circRatio"":0.67,""marketCap"":19462000,""volume24h"":105001,""fundingRate"":-0.02},""symbol"":""IN"",""paid_at"":1782838252.8163006,""amount_raw"":""5000"",""buyer_type"":""agent"",""invoice_id"":""inv_9aaaf7401564"",""query_hash"":""d36b4cc769687911d3b5c698452c8cfbfa4f21bb4a206a591fe4210d215968b2"",""amount_usdc"":0.005,""provider_id"":""funding_memory"",""explorer_url"":null,""payer_address"":""0x9a6126cf24d565f6fd7ad3639f7bf11928c385df"",""resource_type"":""qma_signal_report"",""settlement_id"":""fa1cc9de-93db-4067-a0da-c89d2fd7b93c"",""gateway_status"":""received"",""seller_address"":""0x23e7c029a287a83d80b2e084e008211658dda11d"",""transaction_hash"":null,""provider_owner_wallet"":""0x23e7c029a287a83d80b2e084e008211658dda11d""},""query"":{""FDV"":29193000,""amount"":null,""symbol"":""IN"",""fromATH"":-50,""circRatio"":0.67,""marketCap"":19462000,""volume24h"":105001,""fundingRate"":-0.02},""symbol"":""IN"",""paid_at"":1782838252.8163,""event_id"":""fa1cc9de-93db-4067-a0da-c89d2fd7b93c"",""amount_raw"":""5000"",""buyer_type"":""agent"",""invoice_id"":""inv_9aaaf7401564"",""query_hash"":""d36b4cc769687911d3b5c698452c8cfbfa4f21bb4a206a591fe4210d215968b2"",""updated_at"":""2026-06-30T16:50:55.639893+00:00"",""amount_usdc"":0.005,""inserted_at"":""2026-06-30T16:50:55.639893+00:00"",""provider_id"":""funding_memory"",""payer_address"":""0x9a6126cf24d565f6fd7ad3639f7bf11928c385df"",""resource_type"":""qma_signal_report"",""settlement_id"":""fa1cc9de-93db-4067-a0da-c89d2fd7b93c"",""gateway_status"":""completed"",""seller_address"":""0x23e7c029a287a83d80b2e084e008211658dda11d"",""provider_owner_wallet"":""0x23e7c029a287a83d80b2e084e008211658dda11d""}",2026-06-30 16:50:55.639893+00,2026-06-30 16:50:55.639893+00
fabdc632-8b16-4841-880c-04498c6ad015,inv_da1188fd5c73,fabdc632-8b16-4841-880c-04498c6ad015,0x6a4ac02680fa244e77c4791e12d20c9e40e7fe19,TAC,full,funding_memory,0.001143,received,,,1783437727.99454,"{""tier"":""full"",""query"":{""FDV"":58993656.44646001,""price"":0.008755,""amount"":2017546.8505000002,""symbol"":""TAC"",""fromATH"":-50,""circRatio"":0.65,""marketCap"":39329104.29764,""volume24h"":19664552.14882,""fundingRate"":-0.004093,""openInterest"":2017546.8505000002,""longShortRatio"":null,""openInterestChange24h"":null},""symbol"":""TAC"",""paid_at"":1783437727.9945397,""pricing"":{""amount_usdc"":""0.001143""},""event_id"":""inv_da1188fd5c73:platform"",""split_leg"":{""role"":""platform"",""leg_id"":""platform"",""pay_to"":""0x23e7c029a287a83d80b2e084e008211658dda11d"",""amount_raw"":""1143"",""amount_usdc"":""0.001143""},""accounting"":{""currency"":""USDC"",""amount_usdc"":""0.005717"",""creator_wallet"":""0xb40971a5d88f31c7b8d88bf93f7d044f1383bf01"",""settlement_mode"":""x402_direct_split"",""creator_share_bps"":8000,""platform_share_bps"":2000},""amount_raw"":""1143"",""buyer_type"":""agent"",""invoice_id"":""inv_da1188fd5c73"",""query_hash"":""b22fb7297a39045596d6ea037d1a33ecf8b2c4ad640226ac1fe44f9cbb4d2c23"",""settlement"":{""mode"":""x402_direct_split"",""rail"":""circle_gateway_x402"",""amount"":""0.005717"",""network"":""Arc Testnet"",""currency"":""USDC"",""decimals"":6,""token_address"":""0x3600000000000000000000000000000000000000"",""gateway_supported"":true},""amount_usdc"":""0.001143"",""provider_id"":""funding_memory"",""explorer_url"":null,""payer_address"":""0x6a4ac02680fa244e77c4791e12d20c9e40e7fe19"",""resource_type"":""qma_signal_report"",""settlement_id"":""fabdc632-8b16-4841-880c-04498c6ad015"",""gateway_status"":""received"",""seller_address"":""0x23e7c029a287a83d80b2e084e008211658dda11d"",""transaction_hash"":null,""provider_owner_wallet"":""0xb40971a5d88f31c7b8d88bf93f7d044f1383bf01""}",2026-07-07 15:22:10.58506+00,2026-07-07 15:22:10.58506+00
fac7d494-0678-44c3-bdd2-63ebfb0738e2,inv_e18ee8e27bd5,fac7d494-0678-44c3-bdd2-63ebfb0738e2,0xf9c43a6cd72f5b9d1443e3faa0fac022de0abb19,LAB,full,funding_memory,0.001147,completed,0x270551b69d3828164115463bd2046f258ac275494a327e52bc134c9992e1cfef,https://testnet.arcscan.app/tx/0x270551b69d3828164115463bd2046f258ac275494a327e52bc134c9992e1cfef,1783473372.40268,"{""tier"":""full"",""query"":{""FDV"":270686893.164,""price"":6.316,""amount"":4747358.24,""symbol"":""LAB"",""fromATH"":-50,""circRatio"":0.65,""marketCap"":180457928.776,""volume24h"":90228964.388,""fundingRate"":-0.00499,""openInterest"":4747358.24,""longShortRatio"":null,""openInterestChange24h"":null},""symbol"":""LAB"",""paid_at"":1783473372.4026828,""pricing"":{""amount_usdc"":""0.001147""},""event_id"":""inv_e18ee8e27bd5:platform"",""split_leg"":{""role"":""platform"",""leg_id"":""platform"",""pay_to"":""0x23e7c029a287a83d80b2e084e008211658dda11d"",""amount_raw"":""1147"",""amount_usdc"":""0.001147""},""accounting"":{""currency"":""USDC"",""amount_usdc"":""0.005737"",""creator_wallet"":""0xb40971a5d88f31c7b8d88bf93f7d044f1383bf01"",""settlement_mode"":""x402_direct_split"",""creator_share_bps"":8000,""platform_share_bps"":2000},""amount_raw"":""1147"",""buyer_type"":""agent"",""invoice_id"":""inv_e18ee8e27bd5"",""query_hash"":""92d3ae72bd1c865c024cebe8b4e31c4667c45908748fe64b558b873d3b583f9a"",""settlement"":{""mode"":""x402_direct_split"",""rail"":""circle_gateway_x402"",""amount"":""0.005737"",""network"":""Arc Testnet"",""currency"":""USDC"",""decimals"":6,""token_address"":""0x3600000000000000000000000000000000000000"",""gateway_supported"":true},""amount_usdc"":""0.001147"",""provider_id"":""funding_memory"",""explorer_url"":""https://testnet.arcscan.app/tx/0x270551b69d3828164115463bd2046f258ac275494a327e52bc134c9992e1cfef"",""payer_address"":""0xf9c43a6cd72f5b9d1443e3faa0fac022de0abb19"",""resource_type"":""qma_signal_report"",""settlement_id"":""fac7d494-0678-44c3-bdd2-63ebfb0738e2"",""gateway_status"":""completed"",""seller_address"":""0x23e7c029a287a83d80b2e084e008211658dda11d"",""transaction_hash"":""0x270551b69d3828164115463bd2046f258ac275494a327e52bc134c9992e1cfef"",""provider_owner_wallet"":""0xb40971a5d88f31c7b8d88bf93f7d044f1383bf01""}",2026-07-08 01:16:15.632234+00,2026-07-08 01:16:15.632234+00
fb796af8-7648-438c-a445-e96943500e2d,inv_4fa94cb480a8,fb796af8-7648-438c-a445-e96943500e2d,0xd14f332e28260eba4dfe9f9bdc5a0c8428b5947c,SAHARA,legacy,funding_memory,0.05,completed,0x6f9eb475b8b77bf5c4adc2751a5d3d023ee644e74bdfe6435273cec6a2de1ff1,https://testnet.arcscan.app/tx/0x6f9eb475b8b77bf5c4adc2751a5d3d023ee644e74bdfe6435273cec6a2de1ff1,1781746528.2683,"{""tier"":""legacy"",""symbol"":""SAHARA"",""paid_at"":1781746528.2682958,""amount_raw"":""50000"",""invoice_id"":""inv_4fa94cb480a8"",""amount_usdc"":0.05,""explorer_url"":""https://testnet.arcscan.app/tx/0x6f9eb475b8b77bf5c4adc2751a5d3d023ee644e74bdfe6435273cec6a2de1ff1"",""payer_address"":""0xd14f332e28260eba4dfe9f9bdc5a0c8428b5947c"",""settlement_id"":""fb796af8-7648-438c-a445-e96943500e2d"",""gateway_status"":""completed"",""seller_address"":""0x23e7c029a287a83d80b2e084e008211658dda11d"",""transaction_hash"":""0x6f9eb475b8b77bf5c4adc2751a5d3d023ee644e74bdfe6435273cec6a2de1ff1""}",2026-06-19 09:35:04.052192+00,2026-06-19 16:49:23.325599+00
fbb6785b-8e5e-4b30-b9fb-76e4e840bceb,inv_7045457ca73b,fbb6785b-8e5e-4b30-b9fb-76e4e840bceb,0x2c03cd73ad36230a3c5be43d51d72fdca32f53d4,OPG,preview,funding_memory,0.000921,completed,0x9d406ffc29f94ef48e016a407f4b6a8fdbcb33529ff974e7944dbbdbeb49f4d4,https://testnet.arcscan.app/tx/0x9d406ffc29f94ef48e016a407f4b6a8fdbcb33529ff974e7944dbbdbeb49f4d4,1783417946.72641,"{""tier"":""preview"",""query"":{""FDV"":15000000,""price"":null,""amount"":373501.5,""symbol"":""OPG"",""fromATH"":-50,""circRatio"":0.65,""marketCap"":10000000,""volume24h"":3735015,""fundingRate"":-0.0059,""openInterest"":null,""longShortRatio"":null,""openInterestChange24h"":null},""symbol"":""OPG"",""paid_at"":1783417946.7264087,""pricing"":{""amount_usdc"":""0.000921""},""event_id"":""inv_7045457ca73b:creator"",""split_leg"":{""role"":""creator"",""leg_id"":""creator"",""pay_to"":""0xb40971a5d88f31c7b8d88bf93f7d044f1383bf01"",""amount_raw"":""921"",""amount_usdc"":""0.000921""},""accounting"":{""currency"":""USDC"",""amount_usdc"":""0.001151"",""creator_wallet"":""0xb40971a5d88f31c7b8d88bf93f7d044f1383bf01"",""settlement_mode"":""x402_direct_split"",""creator_share_bps"":8000,""platform_share_bps"":2000},""amount_raw"":""921"",""buyer_type"":""agent"",""invoice_id"":""inv_7045457ca73b"",""query_hash"":""000e495d94ec9e34dce30a5641a3d7a563e10e721dee2c2a2ae5c52f117a5707"",""settlement"":{""mode"":""x402_direct_split"",""rail"":""circle_gateway_x402"",""amount"":""0.001151"",""network"":""Arc Testnet"",""currency"":""USDC"",""decimals"":6,""token_address"":""0x3600000000000000000000000000000000000000"",""gateway_supported"":true},""amount_usdc"":""0.000921"",""provider_id"":""funding_memory"",""explorer_url"":""https://testnet.arcscan.app/tx/0x9d406ffc29f94ef48e016a407f4b6a8fdbcb33529ff974e7944dbbdbeb49f4d4"",""payer_address"":""0x2c03cd73ad36230a3c5be43d51d72fdca32f53d4"",""resource_type"":""qma_signal_report"",""settlement_id"":""fbb6785b-8e5e-4b30-b9fb-76e4e840bceb"",""gateway_status"":""completed"",""seller_address"":""0xb40971a5d88f31c7b8d88bf93f7d044f1383bf01"",""transaction_hash"":""0x9d406ffc29f94ef48e016a407f4b6a8fdbcb33529ff974e7944dbbdbeb49f4d4"",""provider_owner_wallet"":""0xb40971a5d88f31c7b8d88bf93f7d044f1383bf01""}",2026-07-07 09:52:30.304387+00,2026-07-07 09:52:30.304387+00
fc65a676-63c1-4e3f-abd4-3a96d80449f6,inv_364034b36336,fc65a676-63c1-4e3f-abd4-3a96d80449f6,0x2c03cd73ad36230a3c5be43d51d72fdca32f53d4,ETNSTOCK,full,funding_memory,0.005088,completed,0xf9b2f9150a1d8abbe0b84dfc7cc3edcdf0081c0f63c0dcf928a5c3777c3818e0,https://testnet.arcscan.app/tx/0xf9b2f9150a1d8abbe0b84dfc7cc3edcdf0081c0f63c0dcf928a5c3777c3818e0,1789739468.37215,"{""tier"":""full"",""query"":{""FDV"":20000000,""price"":416.29,""amount"":164105.68090000004,""symbol"":""ETNSTOCK"",""fromATH"":-50,""circRatio"":0.65,""marketCap"":10000000,""volume24h"":93256.4832,""fundingRate"":-0.003132,""openInterest"":164105.68090000004,""longShortRatio"":null,""openInterestChange24h"":null},""symbol"":""ETNSTOCK"",""paid_at"":1789739468.3721464,""pricing"":{""amount_usdc"":""0.005088""},""synthetic"":false,""accounting"":{""currency"":""USDC"",""amount_usdc"":""0.005088"",""creator_wallet"":""0xb40971a5d88f31c7b8d88bf93f7d044f1383bf01"",""settlement_mode"":""seller_wallet"",""creator_share_bps"":8000,""platform_share_bps"":2000},""amount_raw"":""5088"",""buyer_type"":""human"",""invoice_id"":""inv_364034b36336"",""query_hash"":""dc8d57e610972d4212ac0301d83e3818ed7c2d4991e35aa5771b2317294640aa"",""run_source"":null,""settlement"":{""mode"":""seller_wallet"",""rail"":""circle_gateway_x402"",""amount"":""0.005088"",""network"":""Arc Testnet"",""currency"":""USDC"",""decimals"":6,""token_address"":""0x3600000000000000000000000000000000000000"",""gateway_supported"":true},""agent_label"":null,""amount_usdc"":0.005088,""provider_id"":""funding_memory"",""explorer_url"":""https://testnet.arcscan.app/tx/0xf9b2f9150a1d8abbe0b84dfc7cc3edcdf0081c0f63c0dcf928a5c3777c3818e0"",""payer_address"":""0x2c03cd73ad36230a3c5be43d51d72fdca32f53d4"",""resource_type"":""qma_signal_report"",""settlement_id"":""fc65a676-63c1-4e3f-abd4-3a96d80449f6"",""arc_settlement"":{""error"":""Circle treasury wallet address does not match the x402 seller"",""action"":""creator_payout"",""status"":""retryable"",""verdict"":""VALID"",""version"":1,""recipient"":""0xb40971a5d88f31c7b8d88bf93f7d044f1383bf01"",""created_at"":1789739501.998858,""updated_at"":1789957511.2636013,""operation_id"":""arc-verdict:inv_364034b36336:creator_payout:v1"",""total_amount_raw"":""5088"",""treasury_address"":""0x23e7c029a287a83d80b2e084e008211658dda11d"",""creator_share_bps"":8000,""creator_amount_raw"":""4070"",""platform_amount_raw"":""1018"",""transfer_amount_raw"":""4070"",""source_settlement_id"":""fc65a676-63c1-4e3f-abd4-3a96d80449f6"",""source_gateway_status"":""received""},""gateway_status"":""completed"",""seller_address"":""0x23e7c029a287a83d80b2e084e008211658dda11d"",""transaction_hash"":""0xf9b2f9150a1d8abbe0b84dfc7cc3edcdf0081c0f63c0dcf928a5c3777c3818e0"",""buyer_wallet_address"":""0x2c03cd73ad36230a3c5be43d51d72fdca32f53d4"",""provider_owner_wallet"":""0xb40971a5d88f31c7b8d88bf93f7d044f1383bf01""}",2026-09-18 13:51:42.006036+00,2026-09-18 13:51:42.006036+00
fd07cd15-71a7-41d8-8dce-449f2c660576,inv_2da909ae93de,fd07cd15-71a7-41d8-8dce-449f2c660576,0xf5987818ebbee812eb730b6a395d66e664412cf5,ETH-USDT,preview,funding_memory,0.000204,completed,,,1789012331.6259,"{""tier"":""preview"",""query"":{""FDV"":null,""price"":null,""amount"":null,""symbol"":""ETH-USDT"",""fromATH"":null,""circRatio"":null,""marketCap"":null,""volume24h"":null,""fundingRate"":0,""openInterest"":null,""longShortRatio"":null,""openInterestChange24h"":null},""symbol"":""ETH-USDT"",""paid_at"":1789012331.6259007,""pricing"":{""amount_usdc"":""0.000204""},""event_id"":""inv_2da909ae93de:platform"",""split_leg"":{""role"":""platform"",""leg_id"":""platform"",""pay_to"":""0x23e7c029a287a83d80b2e084e008211658dda11d"",""amount_raw"":""204"",""amount_usdc"":""0.000204""},""synthetic"":false,""accounting"":{""currency"":""USDC"",""amount_usdc"":""0.001018"",""creator_wallet"":""0xb40971a5d88f31c7b8d88bf93f7d044f1383bf01"",""settlement_mode"":""x402_direct_split"",""creator_share_bps"":8000,""platform_share_bps"":2000},""amount_raw"":""204"",""buyer_type"":""agent"",""invoice_id"":""inv_2da909ae93de"",""query_hash"":""778d8c304a06b66ffad3920906f18613198402b729d1c5fee8d7d3ad555ac35a"",""run_source"":null,""settlement"":{""mode"":""x402_direct_split"",""rail"":""circle_gateway_x402"",""amount"":""0.001018"",""network"":""Arc Testnet"",""currency"":""USDC"",""decimals"":6,""token_address"":""0x3600000000000000000000000000000000000000"",""gateway_supported"":true},""agent_label"":null,""amount_usdc"":""0.000204"",""provider_id"":""funding_memory"",""explorer_url"":null,""payer_address"":""0xf5987818ebbee812eb730b6a395d66e664412cf5"",""resource_type"":""qma_signal_report"",""settlement_id"":""fd07cd15-71a7-41d8-8dce-449f2c660576"",""gateway_status"":""completed"",""seller_address"":""0x23e7c029a287a83d80b2e084e008211658dda11d"",""transaction_hash"":null,""buyer_wallet_address"":""0xf5987818ebbee812eb730b6a395d66e664412cf5"",""provider_owner_wallet"":""0xb40971a5d88f31c7b8d88bf93f7d044f1383bf01""}",2026-09-10 03:52:13.662081+00,2026-09-10 03:52:13.662081+00
fd906df1-4a4d-4f02-a135-ba0deea0112a,inv_defcb8167517,fd906df1-4a4d-4f02-a135-ba0deea0112a,0x9a6126cf24d565f6fd7ad3639f7bf11928c385df,BEL,preview,oi_memory,0.001107,completed,,,1783351773.33298,"{""tier"":""preview"",""query"":{""FDV"":15000000,""price"":0.13647,""amount"":234213,""symbol"":""BEL"",""fromATH"":-50,""circRatio"":0.65,""marketCap"":10000000,""volume24h"":2312386,""fundingRate"":-0.0054,""openInterest"":234213,""longShortRatio"":1.25,""openInterestChange24h"":18},""symbol"":""BEL"",""paid_at"":1783351773.332981,""pricing"":{""amount_usdc"":""0.001107""},""accounting"":{""currency"":""USDC"",""amount_usdc"":""0.001107""},""amount_raw"":""1107"",""buyer_type"":""human"",""invoice_id"":""inv_defcb8167517"",""query_hash"":""c76ce8904a6965a5f6c2be540609939d5cda7da7a00ed05d8c1feb3eda052a25"",""settlement"":{""rail"":""circle_gateway_x402"",""amount"":""0.001107"",""network"":""Arc Testnet"",""currency"":""USDC"",""decimals"":6,""token_address"":""0x3600000000000000000000000000000000000000"",""gateway_supported"":true},""amount_usdc"":0.001107,""provider_id"":""oi_memory"",""explorer_url"":null,""payer_address"":""0x9a6126cf24d565f6fd7ad3639f7bf11928c385df"",""resource_type"":""qma_signal_report"",""settlement_id"":""fd906df1-4a4d-4f02-a135-ba0deea0112a"",""gateway_status"":""completed"",""seller_address"":""0x23e7c029a287a83d80b2e084e008211658dda11d"",""transaction_hash"":null,""provider_owner_wallet"":""0x2222222222222222222222222222222222222222""}",2026-07-06 15:29:35.674933+00,2026-07-06 15:29:35.674933+00
fe1b0ea3-8503-4e81-a7fd-052e8d8297d5,inv_7ea51a978338,fe1b0ea3-8503-4e81-a7fd-052e8d8297d5,0x7e712e24f64a27f5f437c3b5caee43b82d30cab9,LAB,preview,funding_memory,0.000238,received,,,1783444087.12246,"{""tier"":""preview"",""query"":{""FDV"":296552860.32,""price"":5.626,""amount"":4391318.04,""symbol"":""LAB"",""fromATH"":-50,""circRatio"":0.65,""marketCap"":197701906.88,""volume24h"":98850953.44,""fundingRate"":-0.014219,""openInterest"":4391318.04,""longShortRatio"":null,""openInterestChange24h"":null},""symbol"":""LAB"",""paid_at"":1783444087.1224582,""pricing"":{""amount_usdc"":""0.000238""},""event_id"":""inv_7ea51a978338:platform"",""split_leg"":{""role"":""platform"",""leg_id"":""platform"",""pay_to"":""0x23e7c029a287a83d80b2e084e008211658dda11d"",""amount_raw"":""238"",""amount_usdc"":""0.000238""},""accounting"":{""currency"":""USDC"",""amount_usdc"":""0.001189"",""creator_wallet"":""0xb40971a5d88f31c7b8d88bf93f7d044f1383bf01"",""settlement_mode"":""x402_direct_split"",""creator_share_bps"":8000,""platform_share_bps"":2000},""amount_raw"":""238"",""buyer_type"":""agent"",""invoice_id"":""inv_7ea51a978338"",""query_hash"":""b8299397892cfbcbb5c8d9cb1a85a7ca944425b32174ea7a9fe0c2a298c13acc"",""settlement"":{""mode"":""x402_direct_split"",""rail"":""circle_gateway_x402"",""amount"":""0.001189"",""network"":""Arc Testnet"",""currency"":""USDC"",""decimals"":6,""token_address"":""0x3600000000000000000000000000000000000000"",""gateway_supported"":true},""amount_usdc"":""0.000238"",""provider_id"":""funding_memory"",""explorer_url"":null,""payer_address"":""0x7e712e24f64a27f5f437c3b5caee43b82d30cab9"",""resource_type"":""qma_signal_report"",""settlement_id"":""fe1b0ea3-8503-4e81-a7fd-052e8d8297d5"",""gateway_status"":""received"",""seller_address"":""0x23e7c029a287a83d80b2e084e008211658dda11d"",""transaction_hash"":null,""provider_owner_wallet"":""0xb40971a5d88f31c7b8d88bf93f7d044f1383bf01""}",2026-07-07 17:08:09.479515+00,2026-07-07 17:08:09.479515+00
fe4b7b43-1261-490d-9107-99fc9b0bef6b,inv_71601ef9d7d8,fe4b7b43-1261-490d-9107-99fc9b0bef6b,0x2c03cd73ad36230a3c5be43d51d72fdca32f53d4,PORTAL,preview,funding_memory,0.001,completed,,,1781779841.74824,"{""tier"":""preview"",""query"":{""FDV"":16970000,""amount"":null,""symbol"":""PORTAL"",""fromATH"":-99.62,""circRatio"":0.85,""marketCap"":14490620,""volume24h"":18097368,""fundingRate"":-0.0073},""symbol"":""PORTAL"",""paid_at"":1781779841.7482426,""amount_raw"":""1000"",""invoice_id"":""inv_71601ef9d7d8"",""query_hash"":""61c45a62bd7e277c594667674dfd5aefcaf7ade871b70ef5ac67b74aea025ce4"",""amount_usdc"":0.001,""explorer_url"":null,""payer_address"":""0x2c03cd73ad36230a3c5be43d51d72fdca32f53d4"",""resource_type"":""qma_signal_report"",""settlement_id"":""fe4b7b43-1261-490d-9107-99fc9b0bef6b"",""gateway_status"":""completed"",""seller_address"":""0x23e7c029a287a83d80b2e084e008211658dda11d"",""transaction_hash"":null}",2026-06-19 09:35:04.052192+00,2026-06-19 09:35:04.052192+00
fe8a1be8-d36a-4eee-bc32-da3169657d95,inv_a6ffd73e3b6c,fe8a1be8-d36a-4eee-bc32-da3169657d95,0x087448914bfaa7e8faabbd3290887380ec179f93,1000BTT,full,funding_memory,0.005,completed,0x47feb69c6cb53b58657ca88898e13ca09d59ea1c19f775f69c5436b0871dd7f3,https://testnet.arcscan.app/tx/0x47feb69c6cb53b58657ca88898e13ca09d59ea1c19f775f69c5436b0871dd7f3,1782207380.75902,"{""tier"":""full"",""query"":{""FDV"":41115,""amount"":16.651575,""symbol"":""1000BTT"",""fromATH"":-50,""circRatio"":0.666666666667,""marketCap"":27410,""volume24h"":3.330315,""fundingRate"":-0.011626},""symbol"":""1000BTT"",""paid_at"":1782207380.759019,""amount_raw"":""5000"",""buyer_type"":""human"",""invoice_id"":""inv_a6ffd73e3b6c"",""query_hash"":""6204a6d6daf07ba28fb85fccef358043472403d78c528155ede78957e2f3ca9f"",""amount_usdc"":0.005,""provider_id"":""funding_memory"",""explorer_url"":""https://testnet.arcscan.app/tx/0x47feb69c6cb53b58657ca88898e13ca09d59ea1c19f775f69c5436b0871dd7f3"",""payer_address"":""0x087448914bfaa7e8faabbd3290887380ec179f93"",""resource_type"":""qma_signal_report"",""settlement_id"":""fe8a1be8-d36a-4eee-bc32-da3169657d95"",""tier_category"":""full"",""gateway_status"":""completed"",""seller_address"":""0x23e7c029a287a83d80b2e084e008211658dda11d"",""transaction_hash"":""0x47feb69c6cb53b58657ca88898e13ca09d59ea1c19f775f69c5436b0871dd7f3"",""provider_owner_wallet"":""0x23e7c029a287a83d80b2e084e008211658dda11d""}",2026-06-23 09:36:23.491512+00,2026-06-23 09:36:23.491512+00
fff62f9e-d378-4102-8079-46ecb5f0c469,inv_eddfae5f5007,fff62f9e-d378-4102-8079-46ecb5f0c469,0x8b25339f488645dc01a5aacb1dd92d51dbff1bca,RE,preview,funding_memory,0.001,completed,0x91e7be9ef63088a93c85f9e60275966629fa594b0cf188b1bf81c95183a86499,https://testnet.arcscan.app/tx/0x91e7be9ef63088a93c85f9e60275966629fa594b0cf188b1bf81c95183a86499,1782026732.04212,"{""tier"":""preview"",""query"":{""FDV"":140670000,""amount"":null,""symbol"":""RE"",""fromATH"":-50,""circRatio"":0.67,""marketCap"":93780000,""volume24h"":74931,""fundingRate"":-0.003},""symbol"":""RE"",""paid_at"":1782026732.04212,""amount_raw"":""1000"",""buyer_type"":""human"",""invoice_id"":""inv_eddfae5f5007"",""query_hash"":""7f71ab4d714dff719f8f14d7cac3345763b061eec84068a5c74bafeb39871aba"",""amount_usdc"":0.001,""provider_id"":""funding_memory"",""explorer_url"":""https://testnet.arcscan.app/tx/0x91e7be9ef63088a93c85f9e60275966629fa594b0cf188b1bf81c95183a86499"",""payer_address"":""0x8b25339f488645dc01a5aacb1dd92d51dbff1bca"",""resource_type"":""qma_signal_report"",""settlement_id"":""fff62f9e-d378-4102-8079-46ecb5f0c469"",""gateway_status"":""completed"",""seller_address"":""0x23e7c029a287a83d80b2e084e008211658dda11d"",""transaction_hash"":""0x91e7be9ef63088a93c85f9e60275966629fa594b0cf188b1bf81c95183a86499"",""provider_owner_wallet"":""0x23e7c029a287a83d80b2e084e008211658dda11d""}",2026-06-21 07:25:33.709227+00,2026-06-21 07:25:33.709227+00
settle_creator,inv_recorded_first,settle_creator,0x1111111111111111111111111111111111111111,APDSTOCK,full,funding_memory,0.0008,received,,,1789958215.41866,"{""tier"":""full"",""query"":{""symbol"":""APDSTOCK""},""symbol"":""APDSTOCK"",""paid_at"":1789958215.418659,""pricing"":{""amount_usdc"":""0.0008""},""event_id"":""inv_recorded_first:creator"",""split_leg"":{""role"":""creator"",""leg_id"":""creator"",""pay_to"":""0x2222222222222222222222222222222222222222"",""amount_raw"":""800"",""amount_usdc"":""0.0008""},""synthetic"":false,""accounting"":{""settlement_mode"":""x402_direct_split""},""amount_raw"":""800"",""buyer_type"":""human"",""invoice_id"":""inv_recorded_first"",""query_hash"":""query_hash_state_test"",""run_source"":null,""settlement"":{""mode"":""x402_direct_split"",""currency"":""USDC"",""decimals"":6},""agent_label"":null,""amount_usdc"":""0.0008"",""provider_id"":""funding_memory"",""explorer_url"":null,""payer_address"":""0x1111111111111111111111111111111111111111"",""resource_type"":""qma_signal_report"",""settlement_id"":""settle_creator"",""gateway_status"":""received"",""seller_address"":""0x2222222222222222222222222222222222222222"",""transaction_hash"":null,""buyer_wallet_address"":null,""provider_owner_wallet"":""0x2222222222222222222222222222222222222222""}",2026-09-15 15:15:43.008511+00,2026-09-15 15:15:43.008511+00
settle_fast_123,inv_fast_verify,settle_fast_123,0x2222222222222222222222222222222222222222,ETH-USDT,full,funding_memory,0.005,confirmed,0xarc_batch,https://testnet.arcscan.io/tx/0xarc_batch,1789657956.15526,"{""tier"":""full"",""query"":{""symbol"":""ETH-USDT"",""fundingRate"":-0.01},""symbol"":""ETH-USDT"",""paid_at"":1789657956.1552582,""pricing"":{""amount_usdc"":""0.005""},""synthetic"":false,""accounting"":{""currency"":""USDC"",""amount_usdc"":""0.005""},""amount_raw"":5000,""buyer_type"":""human"",""invoice_id"":""inv_fast_verify"",""query_hash"":""query-hash"",""run_source"":null,""settlement"":{""rail"":""circle_gateway_x402"",""amount"":""0.005"",""network"":""Arc Testnet"",""currency"":""USDC"",""decimals"":6,""token_address"":""0x3600000000000000000000000000000000000000"",""gateway_supported"":true},""agent_label"":null,""amount_usdc"":0.005,""provider_id"":""funding_memory"",""explorer_url"":""https://testnet.arcscan.io/tx/0xarc_batch"",""payer_address"":""0x2222222222222222222222222222222222222222"",""resource_type"":""qma_signal_report"",""settlement_id"":""settle_fast_123"",""arc_settlement"":null,""gateway_status"":""confirmed"",""seller_address"":""0x23e7c029a287a83d80b2e084e008211658dda11d"",""transaction_hash"":""0xarc_batch"",""buyer_wallet_address"":null,""provider_owner_wallet"":""0xprovider""}",2026-09-17 15:12:42.254213+00,2026-09-17 15:12:42.254213+00
settle_platform,inv_recorded_first,settle_platform,0x1111111111111111111111111111111111111111,APDSTOCK,full,funding_memory,0.0002,received,,,1789958215.41866,"{""tier"":""full"",""query"":{""symbol"":""APDSTOCK""},""symbol"":""APDSTOCK"",""paid_at"":1789958215.418659,""pricing"":{""amount_usdc"":""0.0002""},""event_id"":""inv_recorded_first:platform"",""split_leg"":{""role"":""platform"",""leg_id"":""platform"",""pay_to"":""0x3333333333333333333333333333333333333333"",""amount_raw"":""200"",""amount_usdc"":""0.0002""},""synthetic"":false,""accounting"":{""settlement_mode"":""x402_direct_split""},""amount_raw"":""200"",""buyer_type"":""human"",""invoice_id"":""inv_recorded_first"",""query_hash"":""query_hash_state_test"",""run_source"":null,""settlement"":{""mode"":""x402_direct_split"",""currency"":""USDC"",""decimals"":6},""agent_label"":null,""amount_usdc"":""0.0002"",""provider_id"":""funding_memory"",""explorer_url"":null,""payer_address"":""0x1111111111111111111111111111111111111111"",""resource_type"":""qma_signal_report"",""settlement_id"":""settle_platform"",""gateway_status"":""received"",""seller_address"":""0x3333333333333333333333333333333333333333"",""transaction_hash"":null,""buyer_wallet_address"":null,""provider_owner_wallet"":""0x2222222222222222222222222222222222222222""}",2026-09-15 15:15:43.008511+00,2026-09-15 15:15:43.008511+00
settlement-real,inv_bound_report,settlement-real,0xbuyer,ETH-USDT,full,funding_memory,0.005,completed,,,1789656971.93656,"{""tier"":""full"",""query"":{""symbol"":""ETH-USDT"",""fundingRate"":-0.01},""symbol"":""ETH-USDT"",""paid_at"":1789656971.9365585,""pricing"":null,""synthetic"":false,""accounting"":null,""amount_raw"":null,""buyer_type"":""human"",""invoice_id"":""inv_bound_report"",""query_hash"":""query-hash"",""run_source"":null,""settlement"":null,""agent_label"":null,""amount_usdc"":0.005,""provider_id"":""funding_memory"",""explorer_url"":null,""payer_address"":""0xbuyer"",""resource_type"":""qma_signal_report"",""settlement_id"":""settlement-real"",""arc_settlement"":{""error"":""HTTPConnectionPool(host='127.0.0.1', port=3000): Max retries exceeded with url: /api/internal/verdict-settlements/inv_bound_report/execute (Caused by NewConnectionError('<urllib3.connection.HTTPConnection object at 0x00000205E3D73FB0>: Failed to establish a new connection: [WinError 10061] No connection could be made because the target machine actively refused it'))"",""action"":""creator_payout"",""status"":""retryable"",""verdict"":""VALID"",""version"":1,""recipient"":""0x1111111111111111111111111111111111111111"",""created_at"":1789958200.0294247,""updated_at"":1789958204.1486914,""operation_id"":""arc-verdict:inv_bound_report:creator_payout:v1"",""total_amount_raw"":""5000"",""treasury_address"":""0x3333333333333333333333333333333333333333"",""creator_share_bps"":8000,""creator_amount_raw"":""4000"",""platform_amount_raw"":""1000"",""transfer_amount_raw"":""4000"",""source_settlement_id"":""settlement-real"",""source_gateway_status"":""completed""},""gateway_status"":""completed"",""seller_address"":""0x23e7c029a287a83d80b2e084e008211658dda11d"",""transaction_hash"":null,""buyer_wallet_address"":null,""provider_owner_wallet"":""0xprovider""}",2026-09-17 14:56:40.67698+00,2026-09-17 14:56:40.67698+00